# Stream: FlexEEG (EEG) from DESKTOP-0N5AHDD,,,,,,,,,,
# Time range (requested): 1161s - 1171.908s,,,,,,,,,,
# Buffer range available: 0.0000s - 1190.5875s,,,,,,,,,,
timestamp,relative_time,Ch1,Ch2,Ch3,Ch4,Ch5,Ch6,Ch7,Ch8,Ch9
95480.09311,415.0039,325,430,1501,-39,-96,1,-58,105,0
95480.09437,415.0052,-237,190,4918,-30,-124,12,-30,133,0
95480.09581,415.0066,118,164,-344,-9,-138,41,-49,127,0
95480.12654,415.0374,122,648,7584,-20,-121,28,-59,169,0
95480.12856,415.0394,-124,234,1617,-32,-103,33,-99,148,0
95480.13059,415.0414,201,788,2800,-13,-94,42,-89,151,0
95480.13205,415.0429,-166,297,2656,-20,-83,21,-40,139,0
95480.13331,415.0441,66,93,-4347,-6,-102,13,-46,102,0
95480.13776,415.0486,48,329,2169,8,-61,7,-34,105,0
95480.15958,415.0704,-101,-298,-1472,21,-123,-19,-8,132,0
95480.16107,415.0719,252,192,2473,-21,-79,-22,21,148,0
95480.16231,415.0731,-338,-194,4026,-27,-42,-20,14,155,0
95480.16388,415.0747,-3,-364,-3178,-43,-49,-11,-40,134,0
95480.16517,415.076,38,-58,4947,-34,-28,-24,-48,153,0
95480.16644,415.0773,-217,-526,-3334,-3,-48,-35,-16,156,0
95480.19651,415.1073,1,140,-618,-9,-47,-80,1,118,0
95480.19778,415.1086,-326,-188,3182,-26,-34,-114,-20,110,0
95480.19921,415.11,-2,-48,-5259,-42,-53,-141,-17,105,0
95480.23101,415.1418,-88,339,12,-70,-15,-95,-33,100,0
95480.23249,415.1433,-60,-215,-3548,-60,9,-84,-57,135,0
95480.23382,415.1446,347,293,22,-10,24,-83,-40,186,0
95480.26181,415.1726,44,-98,2562,14,53,-102,-20,189,0
95480.2631,415.1739,143,-126,-2644,11,13,-105,-30,164,0
95480.2646,415.1754,184,292,2818,-5,22,-95,4,179,0
95480.26612,415.1769,121,-483,-2235,-33,11,-81,2,180,0
95480.26738,415.1782,464,140,412,-25,-9,-65,-7,204,0
95480.26867,415.1795,219,10,-839,-31,-23,-55,-51,191,0
95480.29658,415.2074,389,103,-5318,-21,-63,-58,-49,198,0
95480.29802,415.2088,184,627,1142,-44,-58,-21,-30,225,0
95480.29996,415.2108,-147,-130,-4839,-61,-84,-46,-18,230,0
95480.33001,415.2408,362,346,-827,-62,-130,-65,26,240,0
95480.33142,415.2422,-76,-91,195,-70,-83,-77,25,218,0
95480.33267,415.2435,102,-326,-7486,-53,-108,-70,6,156,0
95480.33807,415.2489,19,100,-1492,-28,-70,-94,-25,145,0
95480.33938,415.2502,-149,-422,-5554,-36,-32,-139,-6,132,0
95480.34078,415.2516,58,232,-2628,-5,-49,-163,-14,144,0
95480.39293,415.3038,-323,-118,2979,29,-11,-174,24,158,0
95480.39468,415.3055,-84,-285,-3113,75,-53,-231,11,157,0
95480.39637,415.3072,-123,56,84,88,-34,-242,25,146,0
95480.41822,415.329,-346,-491,-3526,93,-30,-236,9,161,0
95480.41961,415.3304,63,347,2108,104,-34,-255,3,156,0
95480.42096,415.3318,-588,81,804,70,-3,-251,34,173,0
95480.42257,415.3334,-43,-89,-5165,20,-17,-255,44,175,0
95480.42698,415.3378,67,251,3279,-7,1,-264,36,159,0
95480.42828,415.3391,-144,-393,-1741,9,-10,-235,15,171,0
95480.4541,415.3649,173,318,952,65,-7,-191,-8,179,0
95480.45557,415.3664,-13,284,2068,83,25,-205,-23,164,0
95480.45682,415.3676,349,71,-5520,66,-7,-200,-50,118,0
95480.48605,415.3969,284,533,3802,39,-8,-200,-8,130,0
95480.48745,415.3983,113,-115,-94,30,6,-178,9,130,0
95480.48884,415.3997,121,558,811,57,-21,-198,4,120,0
95480.49032,415.4011,-281,258,3542,105,-7,-213,30,132,0
95480.49158,415.4024,-68,-45,100,83,-8,-199,30,114,0
95480.49287,415.4037,-212,437,5752,38,51,-186,31,97,0
95480.52286,415.4337,-519,-105,1093,47,60,-177,39,100,0
95480.52432,415.4351,-260,390,3515,43,89,-200,24,103,0
95480.52563,415.4365,-748,-56,6464,58,105,-208,43,93,0
95480.55548,415.4663,-376,-70,1954,74,95,-225,39,99,0
95480.55697,415.4678,-327,448,7234,46,87,-238,51,122,0
95480.55828,415.4691,-527,-140,-361,64,89,-245,94,128,0
95480.56177,415.4726,-120,389,1926,45,77,-257,82,137,0
95480.56318,415.474,-531,89,3607,39,121,-241,32,129,0
95480.56447,415.4753,-73,61,-4727,50,90,-268,1,106,0
95480.59229,415.5031,-227,557,4501,57,71,-232,26,95,0
95480.59384,415.5047,-208,-171,-73,89,63,-219,25,85,0
95480.59521,415.506,97,342,2111,97,65,-175,63,71,0
95480.59682,415.5076,-504,10,3632,72,80,-198,89,48,0
95480.59808,415.5089,-118,-299,-719,50,63,-200,52,92,0
95480.59944,415.5103,-148,87,3740,45,79,-213,49,108,0
95480.62928,415.5401,-394,-545,-2069,26,60,-208,46,90,0
95480.63063,415.5415,-16,199,-1779,7,51,-211,64,74,0
95480.63185,415.5427,-256,-39,-1316,-5,76,-196,44,68,0
95480.66569,415.5765,-60,-215,-5700,9,40,-196,78,78,0
95480.66716,415.578,-385,224,1185,-39,62,-183,86,104,0
95480.66843,415.5793,-389,-377,-4797,-59,70,-164,66,90,0
95480.66987,415.5807,43,217,-2437,-37,89,-173,74,56,0
95480.67121,415.582,-157,-146,100,-31,133,-140,94,57,0
95480.67264,415.5835,29,-164,-6157,-33,76,-120,103,19,0
95480.70056,415.6114,47,352,1850,6,96,-115,81,9,0
95480.70496,415.6158,-124,-320,-2773,19,94,-83,80,26,0
95480.70639,415.6172,158,255,-2406,49,41,-62,50,48,0
95480.74815,415.659,-122,-10,2337,41,72,-35,6,49,0
95480.74952,415.6603,235,-137,-399,46,68,-28,-12,24,0
95480.75097,415.6618,203,253,5248,49,121,-28,-4,39,0
95480.75252,415.6633,-29,-417,-689,53,129,-37,-12,69,0
95480.75379,415.6646,378,330,1628,81,132,-32,-13,74,0
95480.75527,415.6661,-97,-3,2601,85,145,-8,-30,74,0
95480.78705,415.6979,22,-170,-3314,64,122,16,-31,34,0
95480.78844,415.6993,-110,385,4695,-1,132,14,-38,13,0
95480.78997,415.7008,-315,-200,-1900,-55,99,-2,-30,2,0
95480.79144,415.7023,157,344,1220,-34,93,-7,-33,14,0
95480.7928,415.7036,-431,99,5234,-59,141,-26,-45,37,0
95480.79414,415.705,-95,-11,-3871,-50,105,-27,-116,42,0
95480.83549,415.7463,38,427,4162,-85,91,-27,-88,30,0
95480.83691,415.7477,-243,-179,634,-74,100,-69,-112,43,0
95480.83814,415.749,87,443,1426,-102,81,-107,-108,39,0
95480.83954,415.7504,-62,185,6367,-115,107,-73,-115,67,0
95480.84079,415.7516,101,-30,986,-127,107,-93,-128,81,0
95480.84231,415.7531,-111,379,7627,-144,128,-82,-96,115,0
95480.8744,415.7852,-330,-294,3724,-142,118,-91,-81,122,0
95480.87574,415.7866,220,362,6050,-129,132,-93,-45,120,0
95480.87709,415.7879,-123,254,6068,-100,154,-72,-24,112,0
95480.90502,415.8158,178,60,1279,-96,169,-65,-45,128,0
95480.90644,415.8173,192,316,10140,-80,208,-51,-44,158,0
95480.90795,415.8188,-67,-331,4416,-108,158,-38,-51,197,0
95480.90964,415.8205,266,408,4533,-110,134,-23,-14,208,0
95480.91097,415.8218,-195,92,7308,-74,159,-17,-35,219,0
95480.91237,415.8232,37,-51,934,-72,115,-52,-23,241,0
95480.96873,415.8796,206,376,8110,-82,97,-19,-20,259,0
95480.97028,415.8811,26,-104,3804,-63,62,-2,-19,274,0
95480.97175,415.8826,393,637,2533,-74,55,-49,-19,264,0
95481.00177,415.9126,-198,373,1956,-98,52,-75,-57,253,0
95481.00338,415.9142,167,168,-3437,-71,40,-60,-69,256,0
95481.00483,415.9157,-15,746,4129,-56,77,-74,-70,304,0
95481.01237,415.9232,-261,102,-726,-122,73,-90,-60,286,0
95481.01385,415.9247,144,538,1137,-114,70,-103,-42,251,0
95481.01531,415.9261,-393,159,1247,-104,110,-71,-18,236,0
95481.0168,415.9276,-19,-10,-6830,-110,117,-80,15,253,0
95481.01821,415.929,17,449,-1066,-125,116,-83,-10,208,0
95481.01949,415.9303,-277,-129,-7873,-131,127,-93,-14,180,0
95481.04732,415.9581,163,323,-5183,-87,103,-84,14,170,0
95481.04871,415.9595,-192,263,-1053,-42,124,-106,37,145,0
95481.05039,415.9612,-204,93,-6029,3,141,-101,37,190,0
95481.08259,415.9934,-202,357,756,1,194,-83,43,219,0
95481.08407,415.9949,-429,-317,-5428,-5,207,-70,19,216,0
95481.08593,415.9968,-58,248,-5105,5,188,-79,-2,222,0
95481.08746,415.9983,-338,-7,-1094,9,214,-51,4,238,0
95481.08881,415.9996,-209,-304,-5837,43,166,-70,-13,226,0
95481.09027,416.0011,-493,-75,2757,77,232,-73,13,262,0
95481.14247,416.0533,-661,-587,-1253,73,226,-33,31,294,0
95481.14644,416.0573,-221,-10,1152,85,210,15,37,268,0
95481.14884,416.0597,-621,-300,2018,118,189,-13,50,210,0
95481.15267,416.0635,-105,-397,-4628,104,156,-15,24,183,0
95481.15416,416.065,-11,108,1912,89,148,-26,25,168,0
95481.15782,416.0686,-298,-388,-3340,89,133,-39,22,154,0
95481.16082,416.0716,144,240,-504,81,120,-62,-5,132,0
95481.16257,416.0734,-29,-135,2924,32,94,-87,-23,102,0
95481.16426,416.0751,190,-304,-1561,22,52,-67,-62,94,0
95481.19097,416.1018,-1,136,6198,21,75,-104,-81,111,0
95481.19232,416.1031,-170,-427,1284,21,103,-150,-61,92,0
95481.19374,416.1046,133,183,1134,22,70,-132,-65,103,0
95481.22163,416.1325,-172,-62,4173,81,139,-124,-92,127,0
95481.22309,416.1339,-85,-134,-1002,94,128,-96,-68,133,0
95481.22453,416.1354,-17,350,5177,88,139,-74,-35,155,0
95481.22825,416.1391,79,-350,-1419,92,146,-64,-43,156,0
95481.22964,416.1405,379,189,-1902,75,117,-38,-49,174,0
95481.23111,416.1419,64,-71,-36,45,141,4,-62,139,0
95481.26224,416.1731,219,-165,-4374,45,137,9,-67,99,0
95481.26365,416.1745,118,260,2168,17,141,-1,-62,97,0
95481.26819,416.179,-147,-187,-5120,-1,127,-7,-51,94,0
95481.29628,416.2071,439,425,-4505,0,101,-30,-49,92,0
95481.29769,416.2085,80,80,-1036,27,104,-35,-24,58,0
95481.29926,416.2101,318,-264,-6540,26,69,-61,-6,35,0
95481.32944,416.2403,93,3,-245,-5,90,-40,7,39,0
95481.33101,416.2418,-144,-676,-4469,-19,85,-22,10,71,0
95481.33241,416.2432,334,-257,-1415,-26,81,-43,22,81,0
95481.36879,416.2796,42,-442,1133,-13,73,-61,11,51,0
95481.37036,416.2812,257,-599,-2072,-31,105,-111,24,45,0
95481.37205,416.2829,256,-106,4896,-28,141,-90,59,51,0
95481.37357,416.2844,7,-817,-2167,-30,138,-90,40,20,0
95481.37505,416.2859,486,-211,-794,-35,112,-113,73,15,0
95481.37637,416.2872,-187,-559,920,-14,106,-127,97,-9,0
95481.37772,416.2885,-103,-648,-2799,-36,48,-113,109,45,0
95481.37902,416.2898,-219,109,4037,-71,93,-98,126,51,0
95481.38032,416.2911,-457,-414,-3719,-64,94,-120,80,40,0
95481.40617,416.317,-396,-14,-4263,-47,91,-141,60,28,0
95481.40753,416.3184,-743,-456,-306,-60,112,-157,62,9,0
95481.40887,416.3197,-302,-521,-6108,-67,73,-162,57,-19,0
95481.4104,416.3212,-371,55,1475,-84,93,-142,70,-41,0
95481.41181,416.3226,-859,-517,-3683,-78,74,-140,53,-21,0
95481.41315,416.324,-356,-11,-4527,-87,75,-99,24,-49,0
95481.44316,416.354,-271,-185,-3255,-80,80,-95,21,-57,0
95481.44461,416.3554,-129,-350,-8184,-34,45,-119,13,-103,0
95481.44593,416.3568,-31,1,-2802,-48,42,-143,23,-134,0
95481.47988,416.3907,-234,-693,-7835,-73,32,-133,-5,-123,0
95481.48122,416.392,32,-202,-4291,-52,10,-157,-37,-114,0
95481.48255,416.3934,-389,-240,-2067,-47,17,-132,-7,-145,0
95481.48419,416.395,-7,-200,-6571,-35,10,-111,-39,-165,0
95481.48576,416.3966,-52,340,955,-38,57,-78,-46,-140,0
95481.48712,416.3979,-177,-204,-5737,-14,28,-70,-65,-141,0
95481.52937,416.4402,97,374,-1878,-19,-11,-47,-94,-183,0
95481.53087,416.4417,-249,313,848,-5,13,-9,-123,-194,0
95481.53228,416.4431,-62,83,-6279,-18,-24,5,-134,-185,0
95481.53387,416.4447,71,380,978,-48,5,15,-136,-150,0
95481.5386,416.4494,22,-241,-2710,-11,50,-9,-113,-156,0
95481.5401,416.4509,194,410,-258,4,58,-24,-110,-162,0
95481.56838,416.4792,-170,272,4637,-6,108,-37,-81,-124,0
95481.56986,416.4807,16,24,1002,23,59,-64,-98,-88,0
95481.57121,416.482,-63,454,7347,22,34,-62,-71,-55,0
95481.63184,416.5427,-258,-7,862,53,23,-12,-84,-61,0
95481.63345,416.5443,180,382,1165,73,-4,26,-64,-34,0
95481.63483,416.5457,103,106,988,62,33,68,-63,-16,0
95481.63627,416.5471,427,-135,-2281,49,36,85,-67,-66,0
95481.63764,416.5485,402,267,4400,20,41,65,-56,-76,0
95481.63891,416.5497,80,-267,-1686,4,82,78,-43,-88,0
95481.64029,416.5511,427,227,-79,-1,93,97,-19,-115,0
95481.64184,416.5527,41,143,4284,-11,98,77,-15,-141,0
95481.64329,416.5541,173,-22,-3396,5,41,60,-24,-115,0
95481.67933,416.5902,136,438,3042,25,60,30,-51,-106,0
95481.68101,416.5918,-115,-152,-942,3,27,29,-82,-107,0
95481.68231,416.5931,197,440,-364,12,34,13,-118,-143,0
95481.68383,416.5947,-219,227,1112,-2,69,17,-123,-132,0
95481.68515,416.596,59,41,-5377,-11,82,26,-154,-115,0
95481.68643,416.5973,-165,523,-1457,-4,88,32,-158,-185,0
95481.7143,416.6251,-302,-249,-7477,2,81,-9,-176,-202,0
95481.71561,416.6264,94,136,-4988,30,83,-6,-193,-193,0
95481.71686,416.6277,-246,-61,-996,43,85,9,-194,-214,0
95481.74487,416.6557,27,-211,-4137,57,45,-28,-180,-196,0
95481.7463,416.6571,86,307,3128,76,67,-50,-178,-201,0
95481.74765,416.6585,-63,-431,-3147,97,46,-42,-162,-198,0
95481.74939,416.6602,432,161,1211,76,15,-13,-140,-182,0
95481.75091,416.6617,-112,-60,5695,48,36,-36,-121,-188,0
95481.75238,416.6632,29,-250,-1160,33,-15,-42,-133,-204,0
95481.78042,416.6912,-304,265,5435,13,12,-43,-88,-216,0
95481.78174,416.6926,-365,-127,-710,3,-4,-69,-75,-206,0
95481.78305,416.6939,64,541,1654,34,-4,-84,-76,-170,0
95481.80645,416.7173,-160,284,6872,72,30,-57,-93,-136,0
95481.80904,416.7199,43,15,407,70,-2,-78,-73,-151,0
95481.81057,416.7214,-58,511,4653,64,20,-71,-46,-108,0
95481.86166,416.7725,-209,-216,-1567,8,7,-61,-51,-102,0
95481.86311,416.7739,48,208,2038,-7,1,-31,-53,-73,0
95481.86467,416.7755,-438,2,2223,-27,-22,-17,-84,-91,0
95481.86606,416.7769,-227,-180,-3497,-10,-42,-31,-86,-92,0
95481.86733,416.7782,-281,404,4543,-9,3,-37,-64,-104,0
95481.86859,416.7794,-354,-204,-191,0,1,-63,-56,-58,0
95481.89822,416.809,30,270,-972,4,-7,-81,-104,-15,0
95481.8995,416.8103,-216,-33,3384,22,-6,-65,-114,-24,0
95481.90071,416.8115,103,-250,-3411,33,-10,-66,-103,-50,0
95481.90212,416.8129,215,105,1227,56,29,-48,-70,-70,0
95481.90352,416.8143,199,-554,-1697,59,15,-53,-61,-69,0
95481.90479,416.8156,352,7,-1210,55,31,-90,-52,-66,0
95481.93654,416.8474,-80,-135,774,71,78,-65,-37,-84,0
95481.93785,416.8487,100,-335,-3435,85,63,-78,-44,-143,0
95481.93912,416.8499,47,144,1607,86,78,-83,-10,-123,0
95481.94052,416.8513,-236,-501,-2589,136,67,-76,-6,-110,0
95481.94179,416.8526,-74,-37,-1377,180,61,-78,5,-128,0
95481.94304,416.8539,-565,-103,2695,169,119,-96,19,-96,0
95481.97431,416.8851,-262,-430,-1143,162,95,-71,-10,-123,0
95481.97558,416.8864,-229,28,6080,114,129,-30,7,-126,0
95481.977,416.8878,-274,-482,-89,127,132,13,27,-131,0
95482.01364,416.9245,110,66,3032,146,99,40,37,-118,0
95482.01518,416.926,-186,-238,7345,143,99,60,0,-80,0
95482.01671,416.9275,-136,-594,-689,142,98,55,9,-83,0
95482.01841,416.9292,-322,-19,6829,182,148,49,-13,-80,0
95482.01985,416.9307,-333,-498,2326,164,114,48,-69,-72,0
95482.02124,416.9321,157,70,3128,136,89,37,-42,-49,0
95482.07629,416.9871,-71,-63,5488,130,89,60,-55,-37,0
95482.07877,416.9896,-90,-299,-111,117,41,73,-66,-44,0
95482.08103,416.9919,-163,227,5513,116,40,117,-35,-34,0
95482.08293,416.9938,-336,-401,-1614,96,19,93,-53,-28,0
95482.08417,416.995,26,294,-1827,66,38,24,-78,-48,0
95482.08546,416.9963,-163,192,627,12,74,52,-73,-14,0
95482.11332,417.0241,99,45,-4157,7,45,52,-60,4,0
95482.11479,417.0256,46,585,3189,17,58,33,-28,24,0
95482.11936,417.0302,-301,27,-2279,31,45,32,-21,56,0
95482.12093,417.0318,98,499,-1700,37,29,1,-29,58,0
95482.12223,417.0331,-282,367,104,15,24,3,-51,39,0
95482.12345,417.0343,-58,18,-7114,39,-11,-12,-68,26,0
95482.14919,417.06,-147,503,1632,73,-40,-13,-61,-6,0
95482.15059,417.0614,-508,-100,-703,74,-44,-36,-65,-47,0
95482.15188,417.0627,-154,317,-834,68,-43,-40,-107,-40,0
95482.15318,417.064,-432,41,1391,22,-5,-45,-96,-17,0
95482.15439,417.0652,-380,-325,-3637,39,-9,-60,-42,-34,0
95482.15562,417.0664,-278,159,2726,49,28,-69,3,20,0
95482.21828,417.1291,-521,-355,-3175,35,32,-50,28,29,0
95482.2197,417.1305,-65,262,-2886,3,38,-68,51,-4,0
95482.22122,417.132,-483,218,-739,-17,32,-64,53,-34,0
95482.22269,417.1335,-263,94,-6210,0,46,-77,31,-23,0
95482.22398,417.1348,-100,521,128,-11,74,-93,16,-24,0
95482.2252,417.136,-356,-121,-6603,-19,80,-125,-13,-50,0
95482.227,417.1378,-55,328,-4814,-15,36,-134,-5,-77,0
95482.22843,417.1393,-316,257,-2004,-4,57,-158,18,-111,0
95482.2297,417.1405,-219,69,-8069,-29,22,-153,-3,-134,0
95482.26007,417.1709,-289,511,-1516,-33,44,-136,22,-129,0
95482.2614,417.1722,-517,-215,-5128,-40,32,-125,36,-129,0
95482.26266,417.1735,-240,244,-4626,-26,12,-77,36,-158,0
95482.27846,417.1893,-505,-68,-1083,-3,28,-56,0,-162,0
95482.27977,417.1906,-432,-255,-5621,7,23,-71,11,-145,0
95482.28131,417.1921,-555,245,2618,41,47,-66,31,-135,0
95482.30897,417.2198,-655,-263,-2994,65,83,-69,-10,-123,0
95482.31053,417.2214,-186,270,-2359,55,55,-49,-16,-142,0
95482.31184,417.2227,-432,128,2763,71,55,-68,19,-155,0
95482.31896,417.2298,-254,-61,-2026,59,28,-82,1,-152,0
95482.32027,417.2311,-547,294,6071,57,24,-84,-14,-162,0
95482.3217,417.2325,-860,-502,198,44,14,-83,-17,-123,0
95482.35157,417.2624,-622,164,1320,45,2,-65,-60,-104,0
95482.35285,417.2637,-759,166,5014,46,15,-50,-32,-111,0
95482.35411,417.2649,-493,-121,-3059,32,-6,-31,-36,-123,0
95482.38398,417.2948,-479,471,5282,27,-3,-40,6,-132,0
95482.38541,417.2962,-510,86,1982,13,11,-28,20,-117,0
95482.38972,417.3005,48,550,1019,-12,-30,-30,21,-120,0
95482.41966,417.3305,-317,396,3100,-18,-71,-40,3,-119,0
95482.42113,417.332,-33,198,-375,-20,-159,2,-6,-106,0
95482.42242,417.3332,-107,851,4844,7,-130,30,-32,-79,0
95482.42388,417.3347,-169,421,2042,17,-113,29,-52,-66,0
95482.42534,417.3362,-21,704,2456,17,-143,55,-46,-62,0
95482.42678,417.3376,-398,371,5087,23,-133,83,-25,-66,0
95482.47079,417.3816,-143,257,-589,33,-175,86,-15,-66,0
95482.47224,417.3831,-135,717,6397,10,-121,112,-3,-31,0
95482.47351,417.3843,-351,134,-1217,-2,-125,119,15,-36,0
95482.47494,417.3858,138,648,1555,-24,-130,110,4,-27,0
95482.47621,417.387,-173,422,4323,-10,-117,70,14,-5,0
95482.47747,417.3883,46,181,-3928,-16,-116,48,22,-75,0
95482.5094,417.4202,55,627,3537,-11,-106,24,23,-67,0
95482.51067,417.4215,-226,-13,-259,-1,-108,8,31,-40,0
95482.51197,417.4228,91,518,-2042,-11,-144,-16,26,-30,0
95482.54185,417.4527,-255,366,1936,48,-90,-34,44,-53,0
95482.54318,417.454,-17,145,-3010,51,-100,-7,36,-98,0
95482.5446,417.4554,-1,706,539,25,-81,-17,100,-80,0
95482.54615,417.457,-122,88,-4359,35,-76,-5,86,-102,0
95482.54745,417.4583,114,585,-957,35,-58,-19,76,-131,0
95482.54879,417.4596,-391,477,419,23,-56,-15,88,-167,0
95482.59283,417.5037,-246,155,-6449,38,-106,-12,53,-232,0
95482.59408,417.5049,-136,651,1761,22,-98,19,73,-257,0
95482.59537,417.5062,-452,-17,-1852,30,-128,55,64,-251,0
95482.59678,417.5076,55,662,607,19,-141,55,27,-223,0
95482.59806,417.5089,-316,546,4088,37,-88,41,31,-190,0
95482.59935,417.5102,-54,315,-751,66,-127,37,16,-134,0
95482.62919,417.54,-200,714,7818,81,-135,35,23,-128,0
95482.63062,417.5414,-513,72,2470,54,-118,28,32,-118,0
95482.63192,417.5427,-238,457,3722,52,-106,-6,57,-114,0
95482.66577,417.5766,-501,327,8892,29,-58,13,26,-86,0
95482.66715,417.578,-206,232,1280,51,-88,-22,17,-79,0
95482.6684,417.5792,-64,819,8231,51,-82,-26,30,-67,0
95482.67003,417.5809,-255,171,1159,42,-57,-26,11,-94,0
95482.67462,417.5854,73,497,2083,-3,-56,-19,38,-105,0
95482.67782,417.5886,-220,275,3750,-26,-45,-20,38,-119,0
95482.70051,417.6113,-172,14,-2792,-6,-73,-47,27,-122,0
95482.70193,417.6128,-29,618,2295,3,-60,-76,56,-110,0
95482.70347,417.6143,-225,139,-1587,14,-77,-129,20,-116,0
95482.70893,417.6198,142,583,2126,6,-125,-154,43,-65,0
95482.71037,417.6212,-405,180,6228,-2,-159,-170,50,-24,0
95482.71181,417.6226,-212,-166,-2645,-31,-203,-163,18,-48,0
95482.74181,417.6526,-190,413,2834,-24,-177,-163,31,-33,0
95482.74324,417.6541,-700,-66,1352,24,-154,-129,45,-30,0
95482.74462,417.6554,-239,484,3175,46,-149,-91,57,-13,0
95482.77657,417.6874,-572,303,6024,43,-103,-63,34,3,0
95482.77809,417.6889,-229,-40,-2593,75,-99,-57,5,17,0
95482.77967,417.6905,-48,524,1783,58,-46,-79,-15,29,0
95482.78125,417.6921,-425,-227,-987,38,-46,-96,13,22,0
95482.78252,417.6933,116,398,362,21,-63,-123,38,47,0
95482.78381,417.6946,-270,339,2859,13,-52,-118,2,76,0
95482.80565,417.7165,-206,91,-3753,9,-64,-103,-6,50,0
95482.80702,417.7178,-24,635,3582,23,-67,-66,-2,38,0
95482.80847,417.7193,-178,-149,-2886,30,-76,-65,-35,29,0
95482.84119,417.752,153,352,-1214,42,-97,-50,-31,-3,0
95482.84245,417.7533,-167,199,3014,30,-97,-51,-30,-35,0
95482.84372,417.7545,-17,-106,-2660,-3,-109,-44,-51,-23,0
95482.84513,417.756,1,313,5026,-36,-93,-34,-76,18,0
95482.84669,417.7575,-308,-378,1602,-63,-109,-28,-63,31,0
95482.84818,417.759,-23,193,719,-60,-147,-37,-51,27,0
95482.87624,417.7871,-294,-8,5357,-24,-120,-9,-65,41,0
95482.87764,417.7885,87,-202,-1391,-19,-134,1,-70,33,0
95482.87921,417.79,-30,378,5468,-20,-82,-45,-38,50,0
95482.9105,417.8213,-364,-441,1758,-12,-78,-74,-60,31,0
95482.91201,417.8228,-52,-29,3366,-22,-50,-68,-77,36,0
95482.91342,417.8242,-304,-165,5508,-11,-4,-49,-81,49,0
95482.94746,417.8583,-104,-431,-1198,1,-27,-69,-134,53,0
95482.94889,417.8597,-2,33,4906,1,-9,-70,-131,69,0
95482.9503,417.8611,-209,-288,992,-12,51,-31,-157,78,0
95482.98123,417.8921,143,215,1523,-18,55,-22,-118,66,0
95482.9825,417.8933,-258,55,5411,-22,60,-10,-134,25,0
95482.98371,417.8945,6,-128,-2304,-20,45,-81,-157,3,0
95483.00847,417.9193,64,411,6318,-1,84,-103,-92,14,0
95483.00978,417.9206,-198,-19,2471,-25,100,-87,-62,5,0
95483.01122,417.922,248,549,-1178,-37,55,-53,-50,5,0
95483.0129,417.9237,3,358,-19,-70,82,-38,-18,20,0
95483.01444,417.9253,187,0,-7545,-93,44,-40,3,45,0
95483.01583,417.9267,39,520,-2626,-77,86,-6,-18,40,0
95483.02175,417.9326,-450,-257,-3575,-48,97,-22,-77,45,0
95483.02313,417.9339,-447,-10,-2559,-35,85,-9,-130,51,0
95483.02441,417.9352,-669,-259,-1138,-25,97,-21,-87,56,0
95483.04986,417.9607,-420,-305,-7459,16,62,-43,-95,36,0
95483.05141,417.9622,-313,199,-1386,30,55,-68,-106,0,0
95483.05292,417.9637,-615,-236,-5425,38,49,-58,-72,-2,0
95483.09085,418.0017,-86,411,-2294,59,19,-49,-37,63,0
95483.09281,418.0036,-314,223,2495,65,19,-54,-28,93,0
95483.09427,418.0051,-275,-93,-5419,47,18,-46,-34,86,0
95483.09578,418.0066,-236,306,-1195,20,26,-44,-4,40,0
95483.09703,418.0079,-318,-374,-6250,-3,-7,-59,-5,-8,0
95483.0983,418.0091,90,-71,-5818,28,-24,-58,-14,-34,0
95483.12674,418.0376,-383,-380,-2915,52,-36,-22,-15,-52,0
95483.12803,418.0389,-247,-593,-9468,51,-76,-2,-53,-108,0
95483.12928,418.0401,-85,42,-2957,42,-67,15,-65,-98,0
95483.16148,418.0723,-383,-618,-6872,11,-76,33,-69,-95,0
95483.16288,418.0737,42,-191,-4572,3,-101,37,-63,-110,0
95483.16424,418.0751,-302,-269,840,23,-71,40,-26,-118,0
95483.16573,418.0766,-92,-523,-4544,18,-101,11,-40,-123,0
95483.16697,418.0778,-172,30,2677,-30,-98,1,-47,-143,0
95483.16821,418.079,-488,-511,-2280,-36,-116,-11,-25,-171,0
95483.19634,418.1072,-44,48,-2759,-23,-126,-19,-26,-165,0
95483.19767,418.1085,-96,105,2126,-15,-87,-16,12,-155,0
95483.19891,418.1097,13,-64,-3730,-1,-66,-16,-2,-177,0
95483.22675,418.1376,79,466,2486,-36,-41,-10,-27,-175,0
95483.22819,418.139,-251,-145,-1336,-50,-55,-17,-19,-186,0
95483.23273,418.1436,130,371,-4020,-36,-90,-37,13,-205,0
95483.26052,418.1713,-215,222,1090,10,-58,-33,64,-204,0
95483.26189,418.1727,-62,50,-1794,35,-46,-53,41,-198,0
95483.26312,418.1739,-214,642,4831,52,-24,-53,33,-160,0
95483.2932,418.204,-624,-111,-1377,90,-34,-80,21,-175,0
95483.29474,418.2056,-247,265,206,98,-51,-49,37,-155,0
95483.29624,418.2071,-347,18,2499,130,-35,-54,52,-112,0
95483.31821,418.229,-224,-302,-2630,158,-62,-51,40,-108,0
95483.31972,418.2305,-243,319,5818,163,-33,-28,57,-77,0
95483.32114,418.232,-472,-348,439,176,-27,-53,22,-110,0
95483.32252,418.2333,-46,97,-1369,135,-19,-78,17,-125,0
95483.32392,418.2347,-625,-109,1429,96,24,-107,24,-104,0
95483.32531,418.2361,-344,-286,-4439,95,-19,-74,53,-103,0
95483.35315,418.264,-235,372,2748,110,-10,-45,100,-88,0
95483.3547,418.2655,-296,-121,-1029,93,24,-60,122,-60,0
95483.35618,418.267,-33,295,-899,93,39,-85,87,-28,0
95483.38808,418.2989,-506,-1,4382,121,74,-63,76,-27,0
95483.38949,418.3003,-84,-370,-1321,124,56,-76,53,7,0
95483.39077,418.3016,37,166,4350,138,70,-82,25,25,0
95483.39214,418.303,-140,-258,1276,128,72,-105,13,21,0
95483.39348,418.3043,378,304,2192,109,59,-126,-2,32,0
95483.3948,418.3056,119,361,6524,91,88,-93,-2,56,0
95483.42693,418.3378,221,66,1509,110,95,-90,-33,117,0
95483.42838,418.3392,-26,545,8816,90,120,-81,-37,147,0
95483.42965,418.3405,-376,-165,149,39,99,-46,-62,155,0
95483.43504,418.3459,-80,387,572,0,59,-55,-108,148,0
95483.4366,418.3474,-425,237,3804,-6,82,-62,-112,165,0
95483.43796,418.3488,-42,-27,-4879,-16,47,-55,-147,176,0
95483.46794,418.3788,86,525,3123,16,104,-12,-124,185,0
95483.46954,418.3804,-204,-248,-401,29,79,2,-98,152,0
95483.47078,418.3816,-75,54,-513,1,67,44,-71,111,0
95483.50065,418.4115,-56,-44,4544,-35,132,46,-67,118,0
95483.50249,418.4133,146,-242,-2566,-45,137,40,-88,134,0
95483.50403,418.4149,21,230,2035,-46,125,58,-87,172,0
95483.50592,418.4167,-350,-369,-481,-70,111,74,-61,154,0
95483.51034,418.4212,-204,119,-2063,-60,95,76,-69,144,0
95483.51165,418.4225,-509,-40,-523,-74,109,104,-55,145,0
95483.53756,418.4484,-401,-230,-3900,-100,102,89,-73,139,0
95483.53909,418.4499,-234,484,4701,-96,99,58,-65,138,0
95483.54056,418.4514,-504,-221,-1849,-111,119,57,-101,120,0
95483.5703,418.4811,-19,102,-1524,-87,141,42,-92,102,0
95483.57173,418.4826,-233,-23,3596,-122,140,57,-117,85,0
95483.57318,418.484,-77,-200,-5414,-115,119,51,-158,65,0
95483.57669,418.4875,-2,352,2234,-115,99,95,-153,59,0
95483.57808,418.4889,-388,-93,173,-106,82,120,-138,75,0
95483.57954,418.4904,-87,273,-1251,-102,47,91,-152,91,0
95483.60551,418.5163,-366,252,3918,-102,69,78,-117,108,0
95483.60684,418.5177,-273,16,-3320,-92,60,69,-112,119,0
95483.60822,418.519,-146,434,2319,-99,48,61,-114,142,0
95483.62812,418.5389,-382,-222,-623,-72,40,23,-139,150,0
95483.62953,418.5404,-41,274,2069,-48,16,2,-97,153,0
95483.63104,418.5419,-608,258,3198,-28,58,15,-84,159,0
95483.66103,418.5719,-786,-116,-3656,-21,28,-10,-76,167,0
95483.66255,418.5734,-456,342,3277,-12,-16,-23,-38,145,0
95483.66398,418.5748,-552,-124,-2445,21,-5,-15,-30,182,0
95483.69208,418.6029,-162,382,-1610,51,-17,-56,-4,213,0
95483.69351,418.6043,-184,149,1871,42,29,-95,5,184,0
95483.69477,418.6056,-106,-142,-3465,44,10,-111,-11,155,0
95483.73575,418.6466,-95,315,2616,38,28,-119,-12,153,0
95483.73725,418.6481,-517,-490,-695,46,44,-138,21,130,0
95483.73861,418.6494,-392,-54,-1115,71,26,-120,27,156,0
95483.74009,418.6509,-744,-262,2523,72,58,-58,19,172,0
95483.74137,418.6522,-703,-470,-3056,57,2,-66,1,113,0
95483.74277,418.6536,-656,94,1540,29,34,-63,-6,107,0
95483.74437,418.6552,-651,-387,-3023,17,75,-43,-29,106,0
95483.74567,418.6565,14,113,-1986,20,88,-41,-42,87,0
95483.74705,418.6579,-419,-207,-306,4,122,-28,9,80,0
95483.77925,418.6901,-233,-428,-6208,19,140,-2,-12,96,0
95483.78064,418.6915,-129,208,2668,17,162,-8,-26,86,0
95483.7819,418.6927,-310,-286,-2959,12,175,22,-41,89,0
95483.7863,418.6971,113,324,-1580,39,169,31,-29,80,0
95483.78763,418.6985,-326,47,3608,30,193,11,-24,74,0
95483.78907,418.6999,-349,-361,-4777,15,158,10,-21,44,0
95483.805,418.7158,-113,393,3168,48,116,14,-6,32,0
95483.80627,418.7171,-209,-162,-1618,51,134,9,-16,10,0
95483.8075,418.7183,338,284,-2506,47,145,2,-43,7,0
95483.83857,418.7494,292,305,1812,38,159,-24,-47,9,0
95483.83995,418.7508,229,101,-5464,12,144,-47,-49,-17,0
95483.84123,418.7521,115,465,367,36,148,-71,-79,-44,0
95483.8771,418.7879,-307,-276,-2413,81,96,-55,-115,-51,0
95483.87839,418.7892,170,80,-421,98,72,-42,-95,-46,0
95483.87966,418.7905,-170,15,5111,94,68,-19,-86,-27,0
95483.90969,418.8205,82,-266,-284,96,53,-23,-88,-14,0
95483.91107,418.8219,110,257,4733,75,70,-63,-43,-10,0
95483.91236,418.8232,-132,-279,41,40,91,-75,-17,-57,0
95483.91398,418.8248,237,0,35,1,73,-79,-1,-51,0
95483.91536,418.8262,-114,-112,5045,-7,115,-51,-14,-27,0
95483.91664,418.8275,26,-535,-2053,-22,129,-45,-36,-3,0
95483.94669,418.8575,-65,48,5124,-15,151,-28,-31,27,0
95483.94842,418.8592,-564,-511,1682,-27,153,-16,-38,44,0
95483.94988,418.8607,-34,31,1066,-33,142,-17,-42,83,0
95483.95137,418.8622,-454,-72,4802,-61,157,-29,-23,60,0
95483.95268,418.8635,-337,-407,-1079,-51,123,-48,-14,28,0
95483.95402,418.8648,-305,134,3663,-30,128,-39,23,58,0
95484.01207,418.9229,-454,-539,-1420,-55,135,-38,41,68,0
95484.01351,418.9243,-150,-175,97,-90,130,-22,35,49,0
95484.01486,418.9257,-476,-78,3664,-110,174,-23,48,54,0
95484.01629,418.9271,-300,-446,-827,-120,161,-59,29,57,0
95484.01759,418.9284,-294,14,4755,-114,186,-74,44,66,0
95484.01886,418.9297,-488,-683,-2154,-113,150,-62,17,50,0
95484.04283,418.9537,-61,-445,-1959,-99,102,-42,-12,69,0
95484.04411,418.9549,-645,-661,1539,-92,122,-31,-5,83,0
95484.0454,418.9562,-451,-905,-4344,-77,90,-44,-7,88,0
95484.07541,418.9862,-39,-150,2684,-67,118,-55,0,118,0
95484.07689,418.9877,-491,-689,1082,-74,123,-61,-15,137,0
95484.0821,418.9929,-64,-359,2278,-93,134,-92,-50,119,0
95484.08992,419.0007,-473,-470,7871,-83,119,-154,-21,166,0
95484.0912,419.002,-351,-777,2878,-74,84,-153,29,152,0
95484.09248,419.0033,-331,-87,7538,-81,91,-148,8,149,0
95484.12047,419.0313,-317,-595,3691,-93,90,-154,2,136,0
95484.1221,419.0329,387,-199,5468,-93,101,-183,-6,139,0
95484.12345,419.0343,220,-263,9776,-124,120,-198,10,170,0
95484.12497,419.0358,325,-582,5575,-103,77,-238,6,193,0
95484.12644,419.0373,253,-2,11815,-101,78,-232,-22,201,0
95484.12786,419.0387,-147,-590,8125,-103,107,-218,-42,179,0
95484.15796,419.0688,523,-278,10635,-100,90,-211,-30,147,0
95484.1594,419.0702,102,-216,15440,-113,88,-208,-19,177,0
95484.16067,419.0715,150,-567,6118,-163,53,-195,-13,228,0
95484.19469,419.1055,93,-60,13800,-180,40,-150,17,259,0
95484.19622,419.107,-88,-556,9349,-178,33,-111,23,246,0
95484.19752,419.1083,226,-345,7944,-179,20,-124,52,204,0
95484.19902,419.1098,-169,-376,11970,-160,43,-112,59,197,0
95484.20033,419.1112,119,-748,5913,-138,10,-95,53,223,0
95484.20168,419.1125,222,-134,7616,-150,17,-83,98,257,0
95484.24183,419.1527,39,-676,880,-182,40,-36,102,265,0
95484.24321,419.154,472,93,-1202,-197,42,-76,132,268,0
95484.24465,419.1555,190,95,-1082,-194,57,-125,105,264,0
95484.24625,419.1571,281,-315,-8844,-163,10,-142,97,229,0
95484.2479,419.1587,218,144,-1481,-162,52,-167,86,220,0
95484.24934,419.1602,-274,-530,-5982,-140,61,-131,63,178,0
95484.28075,419.1916,52,-108,-3960,-106,51,-168,60,197,0
95484.28219,419.193,-178,-121,562,-110,46,-168,36,196,0
95484.28351,419.1943,100,-349,-6508,-114,-4,-184,23,203,0
95484.31549,419.2263,91,271,1857,-138,-3,-178,31,218,0
95484.31694,419.2278,-376,-347,-550,-159,9,-191,2,271,0
95484.31831,419.2291,47,17,-4587,-173,16,-211,22,261,0
95484.31986,419.2307,-146,-16,105,-160,42,-221,11,261,0
95484.32118,419.232,47,-209,-5680,-166,22,-198,-15,251,0
95484.3225,419.2333,197,343,283,-192,12,-198,30,238,0
95484.35727,419.2681,-67,-255,-4132,-194,29,-186,0,216,0
95484.35866,419.2695,231,-53,-3928,-169,34,-180,-16,226,0
95484.35997,419.2708,54,-47,-399,-185,51,-160,-26,217,0
95484.36194,419.2728,169,-316,-5011,-167,49,-206,-45,219,0
95484.36324,419.2741,221,154,1748,-154,83,-208,-35,235,0
95484.36467,419.2755,-173,-321,-3122,-167,93,-206,7,239,0
95484.41949,419.3303,37,-42,-2299,-174,83,-216,27,234,0
95484.42104,419.3319,-154,-256,1433,-171,109,-198,24,247,0
95484.42238,419.3332,84,-510,-6956,-147,55,-183,25,217,0
95484.42402,419.3348,143,94,-2095,-162,78,-172,26,211,0
95484.42541,419.3362,-209,-614,-4088,-156,86,-158,8,189,0
95484.42689,419.3377,22,-315,-3911,-118,72,-145,3,205,0
95484.45292,419.3637,-348,-458,1585,-133,56,-165,40,203,0
95484.45428,419.3651,-207,-667,-4186,-133,55,-186,44,191,0
95484.45576,419.3666,-181,20,-1152,-139,69,-200,53,181,0
95484.45732,419.3681,-415,-405,-3277,-127,58,-183,52,191,0
95484.45879,419.3696,-40,-75,-2947,-102,69,-156,51,186,0
95484.46029,419.3711,-238,-161,2264,-127,134,-161,94,170,0
95484.48812,419.3989,-91,-427,-4757,-115,107,-149,102,132,0
95484.4895,419.4003,162,13,1982,-102,114,-156,109,106,0
95484.49095,419.4018,-77,-496,-1326,-90,108,-142,103,122,0
95484.52496,419.4358,263,-150,609,-57,68,-152,82,143,0
95484.52638,419.4372,-109,-183,8121,-52,98,-155,74,175,0
95484.52785,419.4387,30,-427,2270,-18,66,-159,41,197,0
95484.52949,419.4403,100,282,9443,2,76,-159,66,171,0
95484.53076,419.4416,-272,-188,7520,-11,70,-162,67,150,0
95484.53203,419.4429,-93,250,7762,14,42,-154,60,192,0
95484.56241,419.4732,-559,140,12563,-15,87,-143,30,218,0
95484.56384,419.4747,-499,-207,6744,-4,61,-148,-13,233,0
95484.56521,419.476,-301,415,12280,-25,73,-149,2,258,0
95484.61516,419.526,-324,-181,8628,-12,86,-126,12,242,0
95484.61663,419.5275,-145,66,7938,5,89,-86,34,250,0
95484.61823,419.5291,-256,-67,12250,24,122,-44,36,289,0
95484.61994,419.5308,-375,-569,4203,11,96,-46,42,280,0
95484.62498,419.5358,-398,-172,9348,-20,148,-46,85,276,0
95484.62644,419.5373,-506,-729,3752,-10,164,-1,105,253,0
95484.62796,419.5388,13,-374,5277,-29,131,-27,169,238,0
95484.62938,419.5402,-112,-306,10479,-49,119,-28,238,223,0
95484.63075,419.5416,4,-626,2735,-32,79,-37,237,223,0
95484.65477,419.5656,227,12,7378,-61,113,0,230,238,0
95484.65619,419.567,-29,-462,1991,-82,108,-1,168,262,0
95484.65747,419.5683,221,-125,-2530,-104,102,-1,152,257,0
95484.70966,419.6205,-239,-107,1281,-105,141,-18,151,255,0
95484.71104,419.6219,-253,-437,-5665,-100,102,-30,154,274,0
95484.71235,419.6232,-120,251,-2494,-100,109,-52,166,263,0
95484.72011,419.6309,-504,-243,-7914,-79,103,-54,156,228,0
95484.72154,419.6324,-58,1,-8814,-68,109,-59,112,215,0
95484.72282,419.6336,-373,-13,-4089,-81,127,-71,117,255,0
95484.72718,419.638,-266,-241,-8448,-68,141,-83,116,256,0
95484.72854,419.6394,112,428,-2263,-74,152,-89,88,270,0
95484.72997,419.6408,-250,-218,-7841,-100,155,-108,90,227,0
95484.78626,419.6971,234,181,-7892,-104,159,-129,85,206,0
95484.78781,419.6986,-119,96,-3855,-116,160,-127,50,190,0
95484.78924,419.7001,-61,-297,-10881,-163,140,-145,9,158,0
95484.79783,419.7087,-45,241,-5596,-148,148,-164,14,159,0
95484.79931,419.7101,-540,-348,-9759,-165,141,-152,71,119,0
95484.80075,419.7116,-84,-52,-12330,-152,106,-156,81,83,0
95484.80243,419.7133,-374,-17,-8029,-167,96,-127,59,44,0
95484.80393,419.7148,-180,-217,-12550,-123,63,-125,29,30,0
95484.80532,419.7161,-6,367,-6132,-125,73,-160,49,22,0
95484.83314,419.744,-222,-271,-9830,-148,42,-160,79,-7,0
95484.83448,419.7453,178,42,-10057,-142,34,-158,102,-33,0
95484.83574,419.7466,-110,182,-6830,-117,7,-154,90,-18,0
95484.86778,419.7786,-54,-83,-13113,-90,-26,-152,68,-21,0
95484.86923,419.7801,-151,515,-5185,-82,-16,-132,83,-21,0
95484.87061,419.7814,-361,-141,-7627,-67,-30,-130,33,-30,0
95484.91668,419.8275,-211,230,-4920,-65,-21,-151,27,-10,0
95484.91812,419.8289,-502,254,520,-34,36,-151,37,18,0
95484.92245,419.8333,-15,167,-6722,-77,23,-138,-8,-11,0
95484.92808,419.8389,14,755,1480,-67,11,-94,-19,-15,0
95484.92938,419.8402,-331,133,-1361,-74,23,-82,-31,10,0
95484.93069,419.8415,3,297,-3952,-87,0,-80,-35,2,0
95484.93223,419.8431,-207,171,2045,-107,-10,-74,-23,24,0
95484.93412,419.8449,-74,-206,-3733,-154,-56,-93,-12,-2,0
95484.93546,419.8463,54,441,522,-176,-69,-79,-46,4,0
95484.96336,419.8742,-316,-73,-4355,-193,-67,-49,-25,-4,0
95484.96474,419.8756,-18,340,-5147,-203,-70,-23,-59,-28,0
95484.96606,419.8769,-639,472,856,-197,-59,-5,-67,-8,0
95484.96754,419.8784,-419,8,-3460,-145,-78,-14,-143,6,0
95484.96895,419.8798,12,426,3361,-163,-93,-27,-158,18,0
95484.97062,419.8814,-67,-7,902,-186,-94,-4,-140,30,0
95485.02583,419.9367,283,318,257,-175,-127,17,-149,15,0
95485.02725,419.9381,-407,405,4508,-123,-91,37,-141,5,0
95485.02864,419.9395,-282,-83,-4015,-77,-117,45,-179,40,0
95485.07064,419.9815,-183,281,1583,-95,-127,53,-188,41,0
95485.07195,419.9828,-788,-272,-2031,-81,-158,30,-188,21,0
95485.07322,419.984,-318,-35,-5919,-91,-181,9,-176,25,0
95485.07454,419.9854,-440,-69,-1374,-82,-103,11,-158,19,0
95485.07577,419.9866,-243,-476,-5566,-51,-101,0,-176,29,0
95485.07713,419.988,-144,100,-2110,-39,-90,-27,-150,25,0
95485.07879,419.9896,-453,-370,-5654,-34,-105,4,-156,-18,0
95485.08422,419.995,46,-20,-7102,-15,-112,16,-180,-58,0
95485.08572,419.9965,-144,-83,-1490,-16,-98,41,-143,-49,0
95485.15575,420.0666,-55,-282,-5879,-57,-136,52,-125,-26,0
95485.15713,420.068,22,507,219,-37,-96,62,-90,-24,0
95485.15855,420.0694,-303,-79,-4392,-19,-83,32,-97,-50,0
95485.15985,420.0707,-154,250,-2967,3,-76,58,-120,-94,0
95485.1611,420.0719,-250,341,2795,-18,-59,71,-130,-84,0
95485.16271,420.0735,-29,-34,-1609,6,-89,59,-117,-54,0
95485.16417,420.075,53,619,5804,36,-78,66,-114,-33,0
95485.1655,420.0763,-268,-92,1881,54,-77,86,-122,21,0
95485.16698,420.0778,50,240,-3103,5,-97,87,-93,3,0
95485.16846,420.0793,-231,188,2268,10,-83,96,-72,10,0
95485.17298,420.0838,-226,-196,-4507,2,-65,64,-107,23,0
95485.17425,420.0851,-55,550,71,-4,-50,117,-127,36,0
95485.20008,420.1109,-450,-24,-1314,18,-58,135,-123,39,0
95485.20132,420.1121,-193,293,-2857,29,-122,132,-152,55,0
95485.20262,420.1134,-361,332,910,43,-90,126,-141,71,0
95485.22649,420.1373,-286,-136,-6608,23,-98,97,-121,94,0
95485.22785,420.1387,-152,496,-653,4,-99,106,-71,81,0
95485.22913,420.14,-521,-93,-2030,23,-133,113,-74,73,0
95485.26305,420.1739,-181,348,-1868,40,-175,70,-86,79,0
95485.26441,420.1752,-390,468,3268,37,-171,55,-66,53,0
95485.26576,420.1766,-197,167,-4336,-1,-205,38,-97,5,0
95485.26921,420.18,-98,768,2250,-16,-184,22,-113,-35,0
95485.27057,420.1814,-323,107,2534,-13,-179,42,-115,-23,0
95485.27221,420.183,-111,349,372,-16,-151,32,-72,-15,0
95485.2736,420.1844,-447,193,3857,-20,-141,50,-46,5,0
95485.27489,420.1857,-107,-106,-2766,-15,-154,36,-49,19,0
95485.27615,420.187,-2,518,2763,-7,-137,60,-35,25,0
95485.3684,420.2792,-233,80,28,-10,-113,76,-34,75,0
95485.36993,420.2808,72,371,442,-31,-140,101,-28,88,0
95485.37142,420.2822,-332,408,3693,-38,-127,137,7,107,0
95485.37288,420.2837,-346,-60,-4279,-12,-130,161,-12,99,0
95485.3741,420.2849,-196,416,1926,27,-95,164,0,110,0
95485.3753,420.2861,-440,-100,-1226,36,-97,214,-39,136,0
95485.37688,420.2877,12,342,-1074,32,-104,229,-47,137,0
95485.37818,420.289,-184,333,3343,-10,-92,210,-45,112,0
95485.37948,420.2903,-24,-89,-2531,-54,-130,176,-52,98,0
95485.38096,420.2918,24,532,4019,-21,-108,136,-54,116,0
95485.38244,420.2933,-191,-138,660,-53,-103,166,-61,140,0
95485.3838,420.2946,41,60,-1830,-23,-131,181,-48,173,0
95485.41371,420.3245,-247,45,2906,-39,-110,175,-50,173,0
95485.41525,420.3261,-296,-381,-5098,-64,-127,152,-26,157,0
95485.41793,420.3288,-257,105,-2098,-15,-115,133,-36,127,0
95485.46398,420.3748,-634,-578,-3211,10,-87,84,-64,81,0
95485.46538,420.3762,-196,-130,-3760,43,-100,60,-59,74,0
95485.46961,420.3804,-338,132,1561,4,-27,64,-39,74,0
95485.47098,420.3818,-216,-172,-3096,12,-79,58,-26,79,0
95485.47245,420.3833,-114,574,491,34,-54,78,-28,86,0
95485.47375,420.3846,-489,-39,-3564,45,-71,98,-39,64,0
95485.47515,420.386,-84,123,-4494,51,-123,73,-47,54,0
95485.47638,420.3872,-523,-35,1787,69,-96,104,-53,50,0
95485.47765,420.3885,-379,-359,-5250,39,-98,119,-72,28,0
95485.50645,420.4173,-216,428,994,55,-59,126,-106,38,0
95485.5078,420.4186,-544,-36,-1363,47,-70,158,-96,69,0
95485.50906,420.4199,-274,142,-4082,58,-76,138,-103,54,0
95485.53478,420.4456,-238,389,103,58,-35,141,-108,40,0
95485.53615,420.447,-66,-40,-5901,32,-76,104,-130,16,0
95485.53742,420.4482,63,484,1894,20,-76,106,-104,29,0
95485.58535,420.4962,-316,-53,2317,2,-88,76,-121,26,0
95485.58676,420.4976,134,214,1915,10,-125,65,-114,14,0
95485.58803,420.4989,-11,369,5737,19,-79,88,-95,21,0
95485.59622,420.507,-210,-61,1728,7,-105,88,-112,33,0
95485.59765,420.5085,-121,408,8810,-3,-84,63,-121,63,0
95485.59891,420.5097,-366,-202,5374,19,-62,55,-95,67,0
95485.60058,420.5114,-90,-8,2338,28,-72,72,-115,84,0
95485.6019,420.5127,-369,85,5366,33,-17,111,-70,105,0
95485.60328,420.5141,-84,-108,-2330,39,9,130,-87,104,0
95485.65728,420.5681,123,642,2412,38,34,142,-44,65,0
95485.65888,420.5697,-552,-3,614,48,31,158,-25,78,0
95485.66024,420.5711,33,177,-1717,65,2,150,-17,96,0
95485.68557,420.5964,-575,176,4575,69,-25,162,13,99,0
95485.68701,420.5978,-304,-291,-1698,57,-37,145,6,72,0
95485.6883,420.5991,27,458,2763,67,17,172,43,34,0
95485.68976,420.6006,-442,-137,1990,50,19,150,31,6,0
95485.69115,420.602,-82,391,1036,55,13,118,62,25,0
95485.6925,420.6033,-370,533,6322,21,77,102,61,12,0
95485.69382,420.6046,-83,96,1401,-2,70,75,34,31,0
95485.69524,420.6061,50,688,6268,-20,58,46,63,69,0
95485.6966,420.6074,-379,178,-538,-44,31,55,71,61,0
95485.72467,420.6355,55,523,-3823,-52,-6,26,72,50,0
95485.72605,420.6369,-296,383,642,-57,20,29,24,71,0
95485.73038,420.6412,-259,-214,-7429,-38,10,45,10,65,0
95485.73191,420.6427,-384,370,-2175,-60,-18,26,21,77,0
95485.73316,420.644,-626,-130,-3308,-29,-33,27,46,49,0
95485.73445,420.6453,-418,277,-5970,-18,-44,35,25,57,0
95485.78061,420.6914,-505,394,2488,-31,12,53,40,59,0
95485.7821,420.6929,74,-39,-3661,-26,4,48,63,25,0
95485.78338,420.6942,235,671,-569,-28,3,29,34,0,0
95485.79444,420.7053,-26,147,-2639,-69,-24,23,32,17,0
95485.79574,420.7066,215,264,-4737,-62,-54,18,35,13,0
95485.79716,420.708,-153,128,-63,-45,-2,34,-6,1,0
95485.83321,420.744,-154,-314,-5469,-18,-24,13,-29,-15,0
95485.83468,420.7455,52,270,2339,11,-31,25,-45,-44,0
95485.83601,420.7468,-293,-317,-1167,11,-20,10,-66,-57,0
95485.90212,420.8129,132,-94,-2709,34,-51,-15,-77,-40,0
95485.90361,420.8144,-163,-98,3549,4,-40,-14,-67,-34,0
95485.90492,420.8157,-238,-482,-3847,-5,-58,3,-85,-44,0
95485.90646,420.8173,-141,265,4218,-9,-19,17,-94,-9,0
95485.90778,420.8186,-284,-162,2184,8,-23,16,-95,-24,0
95485.90913,420.82,204,137,261,2,-56,9,-82,-60,0
95485.91069,420.8215,-248,350,3471,-14,-27,3,-58,-51,0
95485.912,420.8228,35,-125,-498,-30,-63,2,-44,-40,0
95485.91336,420.8242,106,615,5314,0,-63,8,-33,-55,0
95485.91479,420.8256,-373,-21,4535,-12,-45,5,6,-53,0
95485.91624,420.8271,82,142,792,-29,-79,-2,18,-50,0
95485.9176,420.8284,-173,10,3962,-29,-61,0,34,-31,0
95485.99168,420.9025,-460,-422,-3803,-15,-62,-1,32,-22,0
95485.99311,420.9039,-86,172,2546,-17,-64,1,69,-27,0
95485.99437,420.9052,-152,-221,-2528,-18,-73,15,68,-20,0
95486.00209,420.9129,243,-40,-3734,-7,-102,10,58,-44,0
95486.00333,420.9142,8,-25,1255,-15,-63,-14,56,-29,0
95486.00454,420.9154,-10,-457,-5843,-20,-71,9,27,-58,0
95486.00586,420.9167,89,82,1832,5,-23,23,24,-27,0
95486.00708,420.9179,-212,-369,-681,34,-11,29,20,11,0
95486.00849,420.9193,115,14,-4034,52,-26,31,4,31,0
95486.00996,420.9208,-40,190,1844,36,8,61,-12,29,0
95486.01123,420.9221,-58,-254,-2628,44,5,57,-2,58,0
95486.01581,420.9266,347,315,4033,73,32,40,41,110,0
95486.04367,420.9545,-21,-209,4171,73,53,11,53,111,0
95486.04495,420.9558,338,108,3034,66,36,-16,70,115,0
95486.04619,420.957,152,354,4584,38,65,-14,76,128,0
95486.10816,421.019,118,-131,-1854,53,91,-52,86,123,0
95486.10968,421.0205,401,527,5642,85,102,-64,110,137,0
95486.11106,421.0219,-102,-125,3193,78,117,-59,79,161,0
95486.11269,421.0235,216,89,832,61,106,-73,39,142,0
95486.11411,421.0249,-44,221,6896,52,168,-72,24,129,0
95486.11537,421.0262,-130,-203,203,51,156,-105,17,141,0
95486.11668,421.0275,90,317,6363,8,173,-81,44,169,0
95486.11795,421.0288,-188,-221,5032,23,183,-72,26,130,0
95486.11922,421.03,132,-26,483,32,157,-91,-1,146,0
95486.12077,421.0316,-201,86,4070,24,167,-26,2,130,0
95486.12234,421.0332,-203,-314,-2232,-7,154,-40,29,126,0
95486.12378,421.0346,-166,232,1000,15,170,-50,59,125,0
95486.17459,421.0854,-403,-346,-3072,16,152,-47,55,133,0
95486.17623,421.0871,92,-96,-3758,37,99,-55,57,125,0
95486.17756,421.0884,-78,95,1250,34,131,-29,48,137,0
95486.22552,421.1363,43,-274,-4013,42,113,-49,39,129,0
95486.22693,421.1378,200,481,1358,59,89,-35,13,137,0
95486.22823,421.1391,-100,60,-3706,72,73,-33,-1,133,0
95486.26011,421.1709,288,334,-6130,112,58,-24,-13,131,0
95486.26164,421.1725,161,299,3239,119,92,-22,1,142,0
95486.26291,421.1737,-42,-228,-4272,94,70,3,-10,145,0
95486.26448,421.1753,70,375,1727,83,71,6,-5,144,0
95486.26581,421.1766,-191,-155,2227,75,46,-6,-14,151,0
95486.26705,421.1779,211,76,-1483,83,39,-29,-28,160,0
95486.26844,421.1793,-6,66,5113,60,81,-20,-22,153,0
95486.26969,421.1805,-112,-397,-1515,67,92,-37,-16,155,0
95486.27102,421.1818,62,318,3155,73,150,-24,-36,148,0
95486.27647,421.1873,-123,-352,3546,92,120,-11,-19,156,0
95486.27781,421.1886,338,-145,201,120,96,2,31,169,0
95486.27909,421.1899,-60,-181,2802,118,133,17,44,150,0
95486.29845,421.2093,-99,-667,-3590,95,95,16,46,127,0
95486.2999,421.2107,14,93,1371,50,125,-17,30,79,0
95486.30419,421.215,-241,-389,-2529,29,144,-17,30,52,0
95486.30553,421.2164,226,-147,-4694,17,87,-27,8,42,0
95486.30684,421.2177,124,-17,704,8,88,-7,18,37,0
95486.30822,421.219,94,-527,-5771,23,63,-28,-17,-4,0
95486.35623,421.2671,274,90,612,27,45,-54,-53,-1,0
95486.35768,421.2685,63,-375,356,48,33,-16,-63,-19,0
95486.35892,421.2697,465,-21,-4313,64,3,-20,-52,-44,0
95486.37923,421.2901,67,39,1864,81,-3,-2,-23,-55,0
95486.38074,421.2916,31,-415,-5364,85,-49,-25,-51,-52,0
95486.38226,421.2931,159,108,-1136,68,-51,-2,-40,-32,0
95486.38359,421.2944,-163,-408,-1983,57,-53,12,-7,-10,0
95486.38483,421.2957,111,-216,-4022,94,-60,-3,-13,-30,0
95486.38601,421.2968,-93,-69,396,121,-48,-48,-38,-37,0
95486.41169,421.3225,25,-410,-4074,123,-27,-78,-42,-49,0
95486.41305,421.3239,204,190,3709,127,-12,-100,-33,-39,0
95486.41443,421.3253,-233,-410,811,156,-24,-87,-35,-46,0
95486.44425,421.3551,32,-276,-486,142,-42,-118,-26,-62,0
95486.44574,421.3566,-318,-113,4648,135,-58,-78,-6,-43,0
95486.44702,421.3578,-223,-415,-4070,148,-73,-70,6,-39,0
95486.47903,421.3899,137,348,1808,144,-76,-63,28,-38,0
95486.48035,421.3912,-217,-106,1311,165,-64,-58,26,-18,0
95486.48164,421.3925,305,234,-1643,176,-87,-84,8,6,0
95486.48319,421.394,-40,359,4160,156,-89,-83,1,1,0
95486.48461,421.3954,-71,-102,-2125,138,-110,-60,19,17,0
95486.48587,421.3967,239,542,1909,110,-114,-61,30,66,0
95486.51575,421.4266,-196,-74,563,106,-103,-46,29,84,0
95486.51726,421.4281,175,54,-472,135,-145,-45,32,94,0
95486.51856,421.4294,33,150,5108,169,-129,-22,32,136,0
95486.58865,421.4995,49,-438,-795,123,-151,-24,-7,122,0
95486.59016,421.501,115,167,5124,124,-137,-16,-1,143,0
95486.59159,421.5024,-229,-262,977,134,-79,-16,37,141,0
95486.59305,421.5039,32,-85,-2000,88,-107,-28,24,116,0
95486.59454,421.5054,-19,-55,4590,77,-73,-22,-4,126,0
95486.59588,421.5067,83,-491,-2066,122,-74,-27,-8,166,0
95486.59747,421.5083,400,113,3169,106,-60,-30,-15,156,0
95486.59889,421.5097,-126,-423,-165,75,-57,-21,0,139,0
95486.60342,421.5142,144,-146,-6819,104,-103,-41,5,109,0
95486.60491,421.5157,-48,-201,-460,125,-62,-37,15,93,0
95486.60637,421.5172,67,-619,-6144,173,-71,-43,6,105,0
95486.60767,421.5185,347,204,-2283,158,-75,-54,-27,87,0
95486.63167,421.5425,-202,-305,-2789,135,-69,-30,-59,33,0
95486.63316,421.544,74,32,-4652,88,-73,-70,-38,14,0
95486.63474,421.5456,-131,-2,1216,68,-10,-66,-39,-1,0
95486.66056,421.5714,-58,-589,-2351,88,-50,-48,3,-10,0
95486.66194,421.5728,163,229,4977,136,-67,-61,44,-4,0
95486.66319,421.574,-219,-289,3422,149,-88,-77,61,7,0
95486.69923,421.6101,155,-17,-162,135,-107,-65,62,28,0
95486.70058,421.6114,-73,164,3968,127,-50,-51,64,51,0
95486.70246,421.6133,-171,-341,-6082,112,-94,-44,54,40,0
95486.70395,421.6148,-124,137,-833,100,-75,-51,45,13,0
95486.70519,421.616,-472,-609,-3136,101,-76,-79,25,4,0
95486.70649,421.6173,-102,-339,-8141,52,-102,-75,-19,-14,0
95486.73513,421.646,-187,-55,-1431,49,-101,-78,-13,-18,0
95486.73654,421.6474,-266,-447,-8454,72,-135,-75,-17,-66,0
95486.73788,421.6487,-41,278,-4334,80,-113,-92,-11,-119,0
95486.73928,421.6501,-284,-293,-2995,102,-92,-66,5,-101,0
95486.74055,421.6514,201,-137,-5701,84,-113,-66,12,-83,0
95486.74191,421.6527,-150,-30,-910,56,-137,-96,-7,-89,0
95486.79397,421.7048,-238,-487,-8004,21,-162,-124,-16,-119,0
95486.79541,421.7062,17,175,-2657,-7,-159,-117,2,-111,0
95486.79667,421.7075,-237,-193,-3104,14,-143,-59,36,-127,0
95486.82903,421.7399,298,61,-4423,46,-199,-38,31,-109,0
95486.8303,421.7411,-8,-29,4458,52,-175,-49,82,-98,0
95486.83153,421.7424,-231,-553,-2789,99,-188,-79,71,-112,0
95486.8328,421.7436,-120,77,4193,104,-166,-71,105,-84,0
95486.83408,421.7449,-405,-392,1487,120,-131,-31,88,-86,0
95486.83543,421.7462,45,-20,-2363,130,-139,-11,71,-110,0
95486.83683,421.7477,-85,78,5726,126,-88,-13,74,-85,0
95486.83822,421.749,-39,-533,865,108,-118,-4,65,-76,0
95486.83953,421.7504,66,126,2706,101,-115,-3,33,-64,0
95486.8758,421.7866,-191,-463,2725,110,-87,-6,19,-49,0
95486.87716,421.788,167,-170,388,99,-100,-21,-12,-24,0
95486.87845,421.7893,-239,5,6499,102,-44,-38,-42,7,0
95486.87993,421.7908,-336,-499,-924,141,-70,-69,-66,1,0
95486.88124,421.7921,-272,141,3233,111,-53,-71,-62,-27,0
95486.88255,421.7934,-547,-466,979,100,-27,-44,-50,-33,0
95486.90245,421.8133,-249,-241,-1395,131,-49,-67,-32,-21,0
95486.90381,421.8146,-310,-200,3834,140,-33,-73,-65,-42,0
95486.9052,421.816,-235,-658,-2341,130,-12,-56,-89,-23,0
95486.93865,421.8495,13,152,490,110,18,-28,-109,-31,0
95486.93989,421.8507,-284,-475,283,85,49,-37,-121,-12,0
95486.94133,421.8522,-7,-357,-1783,55,32,-50,-103,3,0
95486.96917,421.88,27,-26,4471,56,83,-44,-81,14,0
95486.97066,421.8815,160,-462,-2903,-28,47,-35,-93,-4,0
95486.97202,421.8828,330,150,811,-28,47,-76,-98,1,0
95487.01015,421.921,55,-340,-2637,-42,58,-59,-117,-4,0
95487.01156,421.9224,491,62,-4664,-37,73,-36,-94,-11,0
95487.01293,421.9238,299,234,1665,-17,100,-27,-76,11,0
95487.01443,421.9253,407,-79,-2902,-8,93,-18,-84,-3,0
95487.01582,421.9266,592,451,1966,-24,98,-49,-104,-16,0
95487.01734,421.9282,170,-313,-1795,-46,101,-69,-136,-4,0
95487.04925,421.9601,509,-61,-6054,-49,106,-73,-122,-64,0
95487.05078,421.9616,180,164,-577,-82,156,-59,-86,-106,0
95487.05218,421.963,221,-340,-5812,-108,110,-72,-114,-130,0
95487.0538,421.9646,410,304,1476,-110,109,-76,-123,-146,0
95487.05518,421.966,-151,-149,2082,-110,120,-63,-100,-92,0
95487.05655,421.9674,298,213,-4125,-80,98,-58,-100,-109,0
95487.10661,422.0174,278,379,3028,-74,154,-47,-68,-92,0
95487.10808,422.0189,231,-10,-2458,-70,140,-84,-53,-138,0
95487.1094,422.0202,285,684,631,-55,123,-97,-53,-99,0
95487.11908,422.0299,-119,142,-187,-66,98,-59,-64,-61,0
95487.12044,422.0313,366,455,-2810,-68,70,-56,-77,-72,0
95487.12188,422.0327,208,650,962,-41,93,-33,-57,-117,0
95487.12329,422.0341,17,64,-4959,-48,62,-40,-60,-117,0
95487.12455,422.0354,212,580,-30,-70,91,-33,-72,-105,0
95487.12882,422.0396,-317,-21,-3039,-42,115,-17,-81,-103,0
95487.15731,422.0681,8,143,-3002,5,80,-7,-118,-109,0
95487.15882,422.0696,-209,404,5633,36,89,-5,-136,-77,0
95487.16027,422.0711,-407,-97,-1537,45,65,9,-150,-59,0
95487.19415,422.105,-233,434,3155,25,92,-40,-140,-55,0
95487.19563,422.1065,-688,-33,1389,17,106,-53,-81,-34,0
95487.19698,422.1078,-555,24,-3560,18,98,-38,-135,-23,0
95487.22687,422.1377,-521,95,2069,17,128,-45,-130,-35,0
95487.22825,422.1391,-421,-283,-1447,54,78,-30,-86,-4,0
95487.22969,422.1405,-118,562,2524,61,64,-31,-70,4,0
95487.23127,422.1421,-448,-2,1977,82,61,3,-45,-21,0
95487.23253,422.1434,-312,226,-1388,82,49,11,-39,-17,0
95487.23376,422.1446,-363,310,1761,113,74,56,-49,-66,0
95487.26162,422.1724,-278,-88,-7052,119,38,23,-59,-84,0
95487.26299,422.1738,56,719,-1121,141,57,19,-32,-101,0
95487.26428,422.1751,-387,148,-4564,129,81,40,-32,-119,0
95487.26576,422.1766,124,421,-8314,151,62,41,-34,-126,0
95487.26709,422.1779,33,620,-140,153,95,53,-6,-138,0
95487.26852,422.1793,-90,152,-6353,168,35,87,19,-136,0
95487.3285,422.2393,90,911,272,152,10,102,8,-161,0
95487.32988,422.2407,-40,399,1131,176,-22,108,11,-172,0
95487.3318,422.2426,373,563,-3837,183,-58,80,28,-184,0
95487.33316,422.244,86,580,1458,159,-74,89,52,-192,0
95487.33453,422.2454,-51,-244,-4337,142,-98,66,56,-174,0
95487.33596,422.2468,197,303,-1138,135,-79,17,53,-183,0
95487.36577,422.2766,-125,-354,-1751,113,-74,24,58,-196,0
95487.36746,422.2783,217,-382,-5721,104,-111,13,15,-167,0
95487.36894,422.2798,-105,-244,-881,156,-101,13,-9,-170,0
95487.37046,422.2813,-68,-629,-7596,196,-138,-5,-33,-197,0
95487.3718,422.2826,189,303,-2422,219,-129,26,-18,-212,0
95487.37312,422.2839,-171,-34,-3322,198,-95,59,-45,-218,0
95487.45529,422.3661,270,167,-4750,185,-90,51,-69,-228,0
95487.4568,422.3676,-75,339,2679,229,-49,44,-39,-227,0
95487.45829,422.3691,-148,15,-6513,200,-41,20,-72,-233,0
95487.45979,422.3706,288,650,491,180,-62,19,-87,-254,0
95487.46418,422.375,25,302,3468,149,-38,30,-95,-211,0
95487.46543,422.3763,291,421,-1369,143,-29,4,-81,-203,0
95487.46697,422.3778,-34,374,5811,128,40,38,-76,-229,0
95487.46826,422.3791,-90,-217,1104,160,55,43,-98,-184,0
95487.46956,422.3804,22,555,4160,144,32,64,-84,-153,0
95487.47717,422.388,-312,105,3485,124,10,70,-70,-128,0
95487.47864,422.3895,-35,282,556,135,-47,60,-69,-134,0
95487.47991,422.3907,-264,400,6291,151,-12,49,-74,-116,0
95487.49568,422.4065,-278,-64,75,118,26,26,-70,-117,0
95487.49698,422.4078,-92,540,6211,127,52,20,-60,-118,0
95487.49836,422.4092,-415,24,4989,108,45,28,-38,-95,0
95487.49982,422.4106,-159,147,551,79,42,9,-27,-90,0
95487.50135,422.4122,-349,90,4225,65,63,9,12,-98,0
95487.50271,422.4135,-358,-520,-4698,29,68,-36,7,-128,0
95487.56275,422.4736,-41,232,-986,-7,120,-49,26,-155,0
95487.56439,422.4752,-320,-230,-567,-1,137,-60,34,-145,0
95487.56582,422.4766,98,-201,-3323,23,115,-63,10,-124,0
95487.56752,422.4783,62,169,4664,59,139,-52,12,-86,0
95487.56881,422.4796,-7,-114,-1281,58,95,-45,4,-94,0
95487.57009,422.4809,284,508,-792,32,68,-35,-3,-74,0
95487.60012,422.5109,91,-119,236,34,87,-35,-13,-47,0
95487.60167,422.5125,281,39,-901,59,76,-36,-26,-12,0
95487.60314,422.514,42,263,2202,40,101,-54,-39,3,0
95487.60455,422.5154,-139,-326,-3471,27,83,-50,-43,18,0
95487.60593,422.5168,29,145,1176,57,57,-48,-80,33,0
95487.60717,422.518,-267,-428,-1163,84,75,-71,-80,41,0
95487.63506,422.5459,-57,-243,-2881,71,49,-123,-54,48,0
95487.63672,422.5475,-308,56,3696,78,59,-84,-31,69,0
95487.63804,422.5489,-264,-454,-4601,103,41,-88,-20,64,0
95487.66795,422.5788,39,91,675,108,46,-99,3,64,0
95487.6694,422.5802,-427,-270,-533,97,32,-66,9,48,0
95487.67066,422.5815,-80,-48,-5093,99,29,-76,12,3,0
95487.67211,422.5829,-405,195,804,87,48,-85,-6,-12,0
95487.67364,422.5845,-354,-290,-4065,105,12,-93,-13,-20,0
95487.675,422.5858,62,210,50,110,43,-87,-18,-32,0
95487.73033,422.6412,-255,-265,-820,75,66,-33,-14,-64,0
95487.73166,422.6425,-55,-97,-1721,58,52,-7,-5,-60,0
95487.7331,422.6439,-153,249,5815,71,61,34,0,3,0
95487.74089,422.6517,-154,-272,-344,67,83,32,-41,11,0
95487.74216,422.653,27,315,6992,62,108,42,-24,29,0
95487.74337,422.6542,-624,-234,6193,76,102,38,1,46,0
95487.7447,422.6555,-52,-271,2861,86,70,49,-26,65,0
95487.74609,422.6569,-161,-87,6552,83,77,59,-2,51,0
95487.74741,422.6582,-128,-628,-1924,77,44,47,19,64,0
95487.77529,422.6861,4,-3,1704,71,32,7,15,67,0
95487.77667,422.6875,-366,-343,1242,96,58,-3,11,60,0
95487.7779,422.6887,-44,-301,-3473,105,23,-6,22,70,0
95487.80764,422.7185,-341,-209,2783,112,38,-17,2,104,0
95487.80913,422.72,28,-640,-3906,113,30,-39,-23,117,0
95487.81042,422.7212,183,-8,-413,121,11,-33,-25,102,0
95487.84452,422.7553,-249,-369,-353,129,14,-48,-26,87,0
95487.84593,422.7568,-38,-135,-6460,145,-42,-47,-37,63,0
95487.84723,422.7581,-220,79,-1787,143,-41,-81,-17,49,0
95487.84887,422.7597,-33,-287,-8605,127,-61,-113,-1,21,0
95487.85028,422.7611,294,437,-4007,108,-57,-84,6,-7,0
95487.85159,422.7624,-132,95,-5479,110,3,-61,-14,-71,0
95487.87764,422.7885,371,352,-5141,103,-10,-53,-28,-83,0
95487.87905,422.7899,273,612,2237,103,7,-37,4,-97,0
95487.88172,422.7925,263,92,-3024,118,-24,-65,0,-55,0
95487.90956,422.8204,412,735,1355,146,-30,-64,8,-53,0
95487.91111,422.8219,-210,188,-268,164,-51,-41,-31,-77,0
95487.91245,422.8233,164,268,-2622,155,-81,-27,-13,-54,0
95487.94445,422.8553,94,512,3734,143,-51,-1,27,-14,0
95487.94569,422.8565,3,-8,-4043,131,-96,9,4,-38,0
95487.94698,422.8578,144,699,-869,153,-110,9,-8,-29,0
95487.95056,422.8614,-193,38,-320,170,-79,12,-2,-45,0
95487.95183,422.8627,78,158,-4267,176,-102,13,-13,-58,0
95487.95333,422.8642,-17,508,1367,196,-43,36,24,-53,0
95487.98329,422.8941,-70,-133,-4975,201,2,17,35,-48,0
95487.98474,422.8956,271,353,-1303,161,35,20,-2,-36,0
95487.98601,422.8968,-288,-274,-3316,178,63,21,9,-12,0
95487.9905,422.9013,170,-190,-6598,160,32,1,-25,-6,0
95487.99184,422.9027,-178,97,537,163,61,-14,-44,-24,0
95487.99311,422.9039,-251,-350,-5521,174,8,-63,-57,-27,0
95488.04039,422.9512,47,444,780,204,24,-95,-68,-30,0
95488.04176,422.9526,-267,-94,1848,214,36,-78,-110,-45,0
95488.04304,422.9539,103,-6,-2793,236,21,-47,-153,-48,0
95488.0788,422.9896,-185,302,3977,238,81,-35,-98,-38,0
95488.08026,422.9911,8,-107,-1173,196,44,-44,-98,-43,0
95488.08191,422.9927,286,567,1886,210,27,-30,-114,-25,0
95488.08395,422.9948,-118,196,1553,238,39,-6,-146,-42,0
95488.08522,422.996,176,251,-476,229,12,-22,-143,-21,0
95488.08647,422.9973,-93,424,5277,201,8,0,-129,13,0
95488.08794,422.9988,-123,-36,-841,163,19,-13,-146,11,0
95488.08926,423.0001,0,578,3347,139,9,-17,-154,2,0
95488.09055,423.0014,-450,71,2323,139,7,-27,-156,0,0
95488.12061,423.0314,-289,119,-2433,149,-2,-38,-149,-2,0
95488.12198,423.0328,-539,357,3961,153,29,-9,-128,8,0
95488.12321,423.034,-481,-245,-2566,167,-8,11,-174,0,0
95488.15295,423.0638,-235,326,1983,200,1,0,-199,0,0
95488.15439,423.0652,-593,-91,3385,183,10,6,-223,16,0
95488.15565,423.0665,-251,231,304,216,17,-12,-247,55,0
95488.15727,423.0681,-218,502,8223,229,24,19,-225,73,0
95488.15857,423.0694,-133,-61,1628,223,2,8,-235,100,0
95488.1598,423.0706,16,556,2599,184,27,-36,-222,136,0
95488.19164,423.1025,-160,-20,3547,175,7,-60,-204,159,0
95488.19303,423.1039,177,125,1761,201,-24,-54,-175,118,0
95488.19441,423.1052,-50,444,6637,206,-17,-65,-139,130,0
95488.22418,423.135,-88,-46,1320,200,-32,-28,-125,146,0
95488.22568,423.1365,-53,422,5113,151,5,-23,-128,191,0
95488.22707,423.1379,-561,-221,4012,100,43,-10,-101,183,0
95488.25771,423.1685,-285,-90,-275,59,11,-11,-93,156,0
95488.25905,423.1699,-315,164,6203,61,7,15,-50,172,0
95488.26031,423.1711,-142,-243,-3213,77,-25,0,-48,166,0
95488.26189,423.1727,-8,497,2210,72,-32,-44,-44,192,0
95488.26338,423.1742,-631,70,1363,58,-2,-64,-17,208,0
95488.26468,423.1755,-221,240,-5293,65,2,-80,-17,197,0
95488.29613,423.2069,-323,390,2977,42,40,-110,-15,215,0
95488.29759,423.2084,-311,-141,-2135,38,70,-123,-36,252,0
95488.29888,423.2097,-89,420,1684,64,82,-103,-55,237,0
95488.30048,423.2113,-396,-18,2584,32,86,-74,-62,206,0
95488.30187,423.2127,-197,48,-2010,7,67,-105,-85,218,0
95488.30323,423.2141,-396,293,3361,-21,90,-93,-94,226,0
95488.35747,423.2683,-515,-387,-3710,-57,102,-113,-99,170,0
95488.35908,423.2699,-224,256,1031,-41,106,-132,-110,150,0
95488.36044,423.2713,-433,-123,732,-38,124,-102,-78,139,0
95488.36197,423.2728,-134,11,-1767,-49,114,-83,-49,131,0
95488.3633,423.2741,-348,304,4142,-92,147,-74,-81,155,0
95488.36455,423.2754,-359,-40,-2101,-58,135,-76,-95,173,0
95488.36607,423.2769,76,590,223,-50,181,-69,-123,171,0
95488.36734,423.2782,-316,151,384,-42,174,-63,-102,121,0
95488.36858,423.2794,-59,304,-4170,-21,142,-69,-93,100,0
95488.4008,423.3116,-269,402,4126,-20,172,-70,-83,129,0
95488.40213,423.313,-321,-184,-1497,-39,152,-71,-80,119,0
95488.4036,423.3144,-168,486,3342,-60,201,-64,-40,144,0
95488.42942,423.3402,-662,-67,5150,-41,212,-106,-18,176,0
95488.43096,423.3418,-378,-120,2226,-17,180,-106,-11,180,0
95488.43229,423.3431,-517,130,6181,-5,211,-97,26,186,0
95488.46141,423.3722,-469,-449,-1226,-8,190,-88,1,214,0
95488.46273,423.3736,-157,208,4586,29,203,-56,-3,231,0
95488.46403,423.3749,-503,-178,3901,50,218,-47,11,237,0
95488.49378,423.4046,-20,20,-669,62,203,-57,34,235,0
95488.49517,423.406,-161,359,8535,61,220,-48,62,255,0
95488.49647,423.4073,-313,-79,473,76,226,-75,62,278,0
95488.49811,423.4089,-131,527,3292,72,226,-96,91,264,0
95488.49939,423.4102,-622,-40,4654,82,196,-76,121,271,0
95488.50065,423.4115,-153,154,-2756,87,161,-66,128,245,0
95488.52861,423.4394,-218,351,2627,53,175,-40,124,208,0
95488.53007,423.4409,-250,-250,-2262,37,186,-49,95,217,0
95488.53133,423.4422,167,375,2833,50,184,-76,102,236,0
95488.5592,423.47,-270,-60,3130,56,215,-105,80,264,0
95488.56366,423.4745,-144,14,-917,66,183,-141,53,250,0
95488.5651,423.4759,-443,189,4687,55,191,-138,57,261,0
95488.56892,423.4797,-603,-464,-2070,37,190,-160,37,245,0
95488.57047,423.4813,-346,308,2521,41,169,-174,38,239,0
95488.57194,423.4828,-733,16,324,45,202,-188,30,221,0
95488.59381,423.5046,-373,-27,-1282,59,173,-209,21,198,0
95488.59511,423.5059,-517,135,6739,29,201,-198,48,184,0
95488.59648,423.5073,-521,-358,1126,53,191,-227,67,205,0
95488.62424,423.5351,-290,112,6791,66,174,-254,101,236,0
95488.62571,423.5365,-533,-156,7946,71,191,-226,91,264,0
95488.62704,423.5379,-116,-112,2290,60,184,-233,61,278,0
95488.66103,423.5719,-183,182,9782,50,219,-241,71,289,0
95488.66235,423.5732,131,-187,2521,81,217,-263,43,255,0
95488.66375,423.5746,506,470,2807,84,207,-259,40,239,0
95488.66538,423.5762,-2,-146,4740,45,175,-213,48,259,0
95488.6667,423.5775,279,-275,2712,17,159,-221,47,296,0
95488.66803,423.5789,26,-209,8249,-11,222,-226,36,304,0
95488.69405,423.6049,-152,-731,-1629,-60,188,-243,34,283,0
95488.69543,423.6063,143,-86,2011,-107,193,-235,66,289,0
95488.69672,423.6075,-284,-549,750,-156,171,-234,103,280,0
95488.72461,423.6354,-22,-470,-4823,-171,177,-229,96,269,0
95488.72612,423.6369,-177,-107,-65,-171,188,-199,103,235,0
95488.72758,423.6384,-145,-522,-7611,-145,146,-195,60,176,0
95488.78212,423.6929,106,241,-613,-135,156,-192,47,162,0
95488.78368,423.6945,-202,-169,2034,-153,144,-185,54,185,0
95488.78566,423.6965,106,-51,-2622,-151,124,-181,52,219,0
95488.78698,423.6978,103,187,5896,-145,119,-191,57,221,0
95488.78819,423.699,-134,-371,-3174,-156,76,-168,40,194,0
95488.78944,423.7003,230,331,-304,-155,82,-167,21,203,0
95488.79081,423.7016,-125,-134,985,-119,85,-163,32,230,0
95488.79217,423.703,259,19,-3327,-97,54,-181,-17,211,0
95488.79346,423.7043,89,241,122,-120,112,-160,1,193,0
95488.80536,423.7162,-163,-406,-5777,-73,91,-138,-11,211,0
95488.80676,423.7176,166,196,-193,-42,85,-102,-31,238,0
95488.81129,423.7221,-207,-282,-453,-61,88,-80,-65,221,0
95488.86359,423.7744,75,-286,-3898,-54,89,-115,-72,204,0
95488.8651,423.7759,-24,-120,3890,-59,135,-118,-43,189,0
95488.86664,423.7775,-182,-687,-2464,-47,135,-85,-49,219,0
95488.8844,423.7952,-1,-193,-1365,-60,165,-50,-30,236,0
95488.88571,423.7965,-476,-528,-2749,-73,166,-40,-54,248,0
95488.88697,423.7978,-104,-416,-8945,-61,124,-17,-57,181,0
95488.88854,423.7994,-366,-92,-3550,-66,112,-16,-71,154,0
95488.88987,423.8007,-504,-664,-10153,-84,62,-4,-65,173,0
95488.89115,423.802,-112,50,-7437,-65,39,8,-61,146,0
95488.92122,423.832,-339,-225,-5820,-42,61,16,-105,136,0
95488.92249,423.8333,-23,-173,-9671,-60,9,21,-139,103,0
95488.92376,423.8346,-23,72,-681,-32,28,32,-139,96,0
95488.92542,423.8362,-258,-514,-5677,-24,8,43,-145,79,0
95488.92685,423.8377,139,123,1205,-26,-11,91,-163,86,0
95488.9281,423.8389,-247,-358,1193,-50,0,131,-154,93,0
95488.99383,423.9047,-15,-291,-3215,-2,-5,97,-194,95,0
95488.99542,423.9062,-218,-15,2992,55,14,65,-147,123,0
95488.99787,423.9087,-341,-644,-3719,43,8,51,-147,132,0
95488.99928,423.9101,-165,-7,425,52,18,18,-167,96,0
95489.00074,423.9116,-489,-427,1596,65,23,27,-149,93,0
95489.00206,423.9129,-254,-163,-4163,70,7,9,-135,110,0
95489.00343,423.9143,-417,321,2499,94,56,26,-75,108,0
95489.00493,423.9158,-421,-302,-1411,66,50,28,-66,127,0
95489.00637,423.9172,-14,354,903,44,77,-1,-76,147,0
95489.03425,423.9451,-355,167,2429,39,111,-14,-55,173,0
95489.03596,423.9468,29,377,-2864,64,86,-11,-70,174,0
95489.03731,423.9481,-204,689,3774,56,88,9,-101,178,0
95489.03882,423.9496,-320,-13,-4177,49,53,6,-105,171,0
95489.04011,423.9509,124,582,-94,54,82,12,-123,154,0
95489.0414,423.9522,-283,160,697,105,83,-9,-122,170,0
95370.0948,305.0056,-147,1,1513,-94,150,18,34,215,0
95370.09632,305.0071,-209,-450,-3745,-124,124,35,38,216,0
95370.09759,305.0084,40,206,1100,-150,130,45,50,211,0
95370.13146,305.0423,-293,-227,-356,-182,142,32,39,168,0
95370.1347,305.0455,128,179,-786,-160,104,0,54,194,0
95370.1361,305.0469,-221,233,3022,-120,102,-4,69,175,0
95370.13762,305.0484,-119,-70,-4962,-114,93,-27,35,139,0
95370.13893,305.0498,123,628,785,-117,23,-39,56,120,0
95370.14022,305.051,-377,197,-2895,-126,16,-45,37,129,0
95370.17214,305.083,-14,517,-5215,-139,31,-46,-19,128,0
95370.17359,305.0844,-143,413,1491,-138,39,-37,-27,121,0
95370.17498,305.0858,-221,77,-8248,-115,31,-83,-34,127,0
95370.19277,305.1036,-18,775,-3970,-66,22,-102,-42,89,0
95370.19424,305.1051,-271,240,-4080,-44,17,-75,-65,55,0
95370.19553,305.1064,-27,603,-5003,-37,9,-90,-50,63,0
95370.23991,305.1507,-276,764,1984,-67,27,-107,-48,34,0
95370.24133,305.1522,-129,434,-5055,-83,-11,-95,-52,2,0
95370.24516,305.156,-102,922,1013,-63,-3,-81,-60,-15,0
95370.24655,305.1574,-625,332,-507,-42,2,-62,-71,8,0
95370.24788,305.1587,-94,720,-3357,-29,-11,-55,-57,9,0
95370.24936,305.1602,-166,695,2568,-60,33,-78,-41,35,0
95370.27322,305.184,-41,313,-2249,-48,14,-108,-41,18,0
95370.2746,305.1854,59,784,3712,-45,5,-106,-15,51,0
95370.27592,305.1867,-349,182,-1554,-37,46,-96,-9,43,0
95370.27728,305.1881,-94,636,-2510,-14,32,-95,-35,64,0
95370.27854,305.1894,-459,695,1863,-14,100,-90,-40,31,0
95370.28463,305.1955,-266,365,-6089,-9,80,-76,-32,16,0
95370.32659,305.2374,-87,1041,1354,-32,27,-42,0,-2,0
95370.32818,305.239,-149,354,-52,-17,51,-52,-31,27,0
95370.32957,305.2404,7,434,-5590,-16,50,-23,-9,56,0
95370.36184,305.2727,-163,450,-179,-44,49,-18,11,42,0
95370.3633,305.2741,71,168,-5102,-56,21,-39,42,42,0
95370.36466,305.2755,259,767,-537,-70,62,-25,59,65,0
95370.36616,305.277,-182,245,-511,-62,75,-53,29,97,0
95370.36742,305.2782,154,628,-2945,-52,57,-100,35,119,0
95370.36875,305.2796,-180,671,317,-47,47,-91,41,139,0
95370.37337,305.2842,-107,349,-7763,-33,19,-80,53,112,0
95370.37468,305.2855,231,1038,-552,-29,49,-85,70,113,0
95370.37601,305.2868,-19,503,-1896,-27,64,-117,53,128,0
95370.42191,305.3327,266,741,-1803,1,17,-136,70,166,0
95370.42336,305.3342,-61,888,2862,17,44,-132,84,161,0
95370.42458,305.3354,76,412,-4938,-16,53,-108,81,144,0
95370.43838,305.3492,221,890,906,-5,49,-106,67,148,0
95370.43976,305.3506,-159,393,-81,-25,-7,-98,66,137,0
95370.44103,305.3519,175,716,-1705,4,-25,-120,53,131,0
95370.47196,305.3828,-272,656,2882,9,-14,-134,48,158,0
95370.47327,305.3841,-268,264,-5516,20,-30,-135,53,137,0
95370.47458,305.3854,-26,851,-731,17,-9,-113,49,142,0
95370.47592,305.3867,-358,-15,-894,28,-5,-97,13,113,0
95370.47717,305.388,-5,83,-1838,41,-33,-71,-17,81,0
95370.47862,305.3894,-291,206,597,19,-41,-106,-3,79,0
95370.52868,305.4395,-145,-202,-6161,1,-114,-96,-13,57,0
95370.53271,305.4435,-7,385,921,9,-111,-125,-5,6,0
95370.53413,305.445,-335,-141,302,9,-87,-151,15,35,0
95370.55258,305.4634,-36,253,-2252,51,-47,-140,18,26,0
95370.55396,305.4648,-242,173,3898,86,-19,-131,5,53,0
95370.55525,305.4661,-292,-373,-2192,94,-16,-166,7,64,0
95370.55657,305.4674,-317,334,3372,55,15,-167,32,73,0
95370.56059,305.4714,-509,-143,3076,33,30,-148,36,80,0
95370.56203,305.4729,44,312,-1388,44,5,-134,41,115,0
95370.58786,305.4987,-293,311,3372,31,26,-102,57,115,0
95370.58929,305.5001,-196,-32,-3656,43,-7,-116,54,126,0
95370.59058,305.5014,8,520,-1074,8,-21,-110,53,90,0
95370.61443,305.5253,-350,-156,-2387,-9,7,-96,52,109,0
95370.61581,305.5266,-177,-60,-5131,-14,7,-113,44,84,0
95370.61709,305.5279,-496,-124,-262,-14,38,-99,40,64,0
95370.65329,305.5641,-345,-570,-5583,-6,30,-127,55,59,0
95370.65481,305.5656,-210,-23,618,11,48,-151,97,69,0
95370.65616,305.567,-563,-521,-477,12,74,-135,103,75,0
95370.65797,305.5688,-281,-325,-1830,14,60,-166,117,103,0
95370.65944,305.5703,-450,-423,5426,23,55,-135,125,96,0
95370.66096,305.5718,-321,-735,-1326,10,15,-139,97,59,0
95370.66258,305.5734,-228,-151,1866,29,-2,-148,106,65,0
95370.66385,305.5747,-807,-597,-1137,24,-12,-108,84,67,0
95370.66524,305.5761,-229,-272,-1934,14,-38,-96,95,66,0
95370.75761,305.6684,-238,-100,5776,-1,-24,-101,100,103,0
95370.75912,305.6699,-241,-458,651,-18,-34,-109,74,88,0
95370.76057,305.6714,20,11,5900,-10,-32,-119,89,127,0
95370.76216,305.673,-218,-579,3484,-23,-40,-128,110,129,0
95370.76387,305.6747,229,-128,1445,10,-33,-152,66,115,0
95370.76525,305.6761,-41,55,5585,21,13,-164,88,143,0
95370.76671,305.6775,-223,-419,-1748,5,8,-146,59,125,0
95370.76831,305.6791,-75,203,3511,10,41,-119,98,120,0
95370.76986,305.6807,-303,-434,992,14,44,-109,101,116,0
95370.77129,305.6821,103,-69,-554,24,11,-115,63,120,0
95370.77293,305.6838,-171,-108,5619,38,29,-85,44,131,0
95370.77434,305.6852,-149,-601,-1820,20,33,-138,76,74,0
95370.86426,305.7751,-5,145,4281,45,67,-134,66,69,0
95370.86811,305.7789,-347,-367,2546,9,105,-141,39,90,0
95370.8696,305.7804,-66,-37,-3160,-23,105,-106,58,74,0
95370.8712,305.782,-392,-101,1822,-23,145,-90,56,88,0
95370.87283,305.7837,-185,-574,-1814,0,119,-91,38,79,0
95370.87409,305.7849,-49,7,1531,-28,131,-104,69,54,0
95370.87559,305.7864,-395,-609,1040,-24,154,-85,73,39,0
95370.87702,305.7878,-100,-192,1057,13,146,-72,60,63,0
95370.87835,305.7892,-786,-161,5796,16,160,-46,74,54,0
95370.87972,305.7905,-731,-596,-3204,-1,129,-70,43,29,0
95370.88094,305.7918,-479,16,2097,-4,146,-69,36,10,0
95370.88218,305.793,-720,-388,1296,40,134,-53,31,11,0
95370.88374,305.7946,-322,-290,196,54,125,-52,-4,31,0
95370.88721,305.798,-277,-167,6073,55,134,-76,17,56,0
95370.88874,305.7996,-205,-428,-2902,41,103,-77,-37,31,0
95370.98298,305.8938,-137,5,3417,52,70,-82,-25,21,0
95370.98441,305.8952,-445,-531,3938,71,74,-93,-31,30,0
95370.98587,305.8967,-284,-313,-57,70,61,-98,-64,66,0
95370.99748,305.9083,-752,-126,3575,60,71,-63,-82,30,0
95370.99915,305.91,-712,-450,-842,100,29,-61,-105,12,0
95371.00061,305.9114,-69,121,2508,90,62,-65,-87,26,0
95371.00218,305.913,-321,-462,1763,87,67,-69,-86,5,0
95371.00344,305.9143,117,-220,1382,98,33,-72,-77,33,0
95371.00471,305.9155,-244,-154,6200,98,50,-50,-69,38,0
95371.00618,305.917,-265,-655,-842,74,37,-37,-67,25,0
95371.00752,305.9183,-89,-13,4627,70,59,-35,-53,11,0
95371.00879,305.9196,-438,-446,-496,71,71,-38,-26,6,0
95371.01051,305.9213,-32,-44,-1733,67,22,-39,29,-15,0
95371.01267,305.9235,-279,190,6080,79,36,-10,33,-19,0
95371.01397,305.9248,-23,24,-50,93,37,18,30,14,0
95371.03784,305.9487,161,682,5068,98,52,17,28,31,0
95371.03924,305.9501,-60,61,2613,82,56,19,28,46,0
95371.04054,305.9514,107,181,-3115,73,29,8,17,17,0
95371.08864,305.9995,-91,102,3457,90,95,-23,33,-28,0
95371.0901,306.0009,-87,-256,-1869,110,68,-27,26,-27,0
95371.09142,306.0022,67,269,3336,125,78,-7,78,1,0
95371.10719,306.018,-367,-234,3166,140,94,-3,91,-12,0
95371.11083,306.0217,111,205,-1694,114,108,2,109,-25,0
95371.1121,306.0229,-169,356,3475,100,115,34,106,-18,0
95371.1135,306.0243,-22,19,-1850,86,65,54,115,-33,0
95371.11484,306.0257,-44,478,2550,103,70,69,120,-60,0
95371.11632,306.0271,-276,-102,-1021,100,87,44,126,-38,0
95371.11788,306.0287,-73,177,-2675,34,44,42,112,-58,0
95371.11924,306.0301,-428,365,5343,13,39,27,129,-30,0
95371.12065,306.0315,-379,-108,-3714,28,19,17,134,-34,0
95371.16492,306.0757,-95,488,603,25,20,8,121,-63,0
95371.16638,306.0772,-417,-34,-1096,34,11,36,117,-80,0
95371.16772,306.0785,-86,151,-4894,36,-28,26,121,-64,0
95371.17354,306.0844,-261,214,969,38,-18,25,157,-33,0
95371.17494,306.0858,-322,-192,-6916,54,-43,51,141,-25,0
95371.17633,306.0872,-217,532,-1632,46,-54,53,127,29,0
95371.20401,306.1148,-479,-92,-1312,51,-28,56,180,62,0
95371.2056,306.1164,-48,282,-4470,64,-30,43,179,32,0
95371.20699,306.1178,-373,404,-43,33,-7,47,187,-4,0
95371.20845,306.1193,-245,-209,-6321,8,-24,23,179,-1,0
95371.20966,306.1205,58,449,-1987,-17,-7,14,173,16,0
95371.21582,306.1266,-146,-72,-5446,-31,-13,-10,183,17,0
95371.26296,306.1738,38,124,-5242,-46,-74,-17,193,25,0
95371.26453,306.1754,-509,192,1769,-50,-52,-6,194,24,0
95371.26578,306.1766,-532,-328,-5778,-26,-76,-4,209,9,0
95371.27529,306.1861,-259,288,-994,-23,-72,29,214,34,0
95371.27656,306.1874,-540,-153,-1461,-2,-60,-3,196,72,0
95371.2778,306.1886,-281,92,-3799,-7,-79,-18,155,140,0
95371.27936,306.1902,-610,147,1671,16,-38,-15,104,135,0
95371.28064,306.1915,-585,-209,-2628,-11,-31,2,78,138,0
95371.28198,306.1928,-389,672,-513,-25,-30,9,52,139,0
95371.31136,306.2222,-661,213,-354,-22,-74,12,12,134,0
95371.31277,306.2236,-300,445,-2637,-31,-101,-23,-13,148,0
95371.31417,306.225,-515,444,1988,-53,-115,-7,11,144,0
95371.38028,306.2911,-738,-230,-4687,-76,-127,10,-28,161,0
95371.3817,306.2925,-462,383,2141,-79,-104,22,-15,177,0
95371.38335,306.2942,-714,-188,-268,-84,-119,49,-35,172,0
95371.38762,306.2984,-507,33,-2951,-88,-122,56,-74,173,0
95371.3891,306.2999,-703,252,5081,-98,-132,42,-78,173,0
95371.3904,306.3012,-801,-175,-4062,-75,-164,15,-86,179,0
95371.392,306.3028,-568,385,2828,-46,-153,-35,-78,178,0
95371.39339,306.3042,-727,-12,1472,-44,-130,-42,-76,187,0
95371.3947,306.3055,-459,400,-4609,-23,-119,-64,-120,170,0
95371.49303,306.4039,-615,359,739,-41,-83,-96,-113,173,0
95371.49454,306.4054,-420,-241,-2777,-47,-59,-127,-132,201,0
95371.4962,306.407,-292,372,2694,-45,-44,-132,-127,194,0
95371.49769,306.4085,-718,-144,1733,-38,-3,-133,-113,190,0
95371.49894,306.4098,-410,-25,1320,-44,28,-98,-129,211,0
95371.50021,306.411,-623,112,6970,-55,56,-94,-137,236,0
95371.50172,306.4125,-385,-270,-1006,-67,14,-92,-152,235,0
95371.50325,306.4141,-163,396,4225,-98,-25,-73,-136,222,0
95371.50476,306.4156,-514,-60,766,-110,-21,-89,-127,225,0
95371.5062,306.417,-205,78,-2539,-105,-31,-92,-136,233,0
95371.51219,306.423,-536,302,4732,-123,-15,-76,-110,241,0
95371.51365,306.4245,-366,11,-3544,-99,-52,-102,-74,233,0
95371.51529,306.4261,-313,627,-38,-93,-36,-95,-37,194,0
95371.51658,306.4274,-629,41,-748,-72,-11,-106,-42,165,0
95371.51788,306.4287,-395,2,-4474,-25,-18,-164,-63,193,0
95371.61679,306.5276,-648,57,4220,18,50,-178,-65,220,0
95371.61808,306.5289,-572,-417,-2217,7,45,-190,-107,207,0
95371.61936,306.5302,-289,281,-254,1,14,-165,-115,177,0
95371.62067,306.5315,-645,-234,-282,15,15,-118,-93,155,0
95371.62205,306.5329,-176,-186,-1763,47,-3,-121,-75,158,0
95371.62332,306.5341,-162,-224,3656,65,45,-110,-41,152,0
95371.62674,306.5376,-154,-664,-506,43,-5,-133,-46,184,0
95371.62818,306.539,-49,28,5322,55,-31,-152,-67,183,0
95371.62963,306.5405,-146,-350,3944,54,-44,-141,-67,179,0
95371.63116,306.542,363,-76,-454,94,-19,-175,-92,184,0
95371.63256,306.5434,109,14,6800,87,-11,-159,-69,166,0
95371.63387,306.5447,181,-450,-2379,71,-2,-122,-39,150,0
95371.63536,306.5462,361,177,3397,89,11,-132,-24,165,0
95371.63932,306.5501,-22,-220,1492,113,48,-133,-11,134,0
95371.64078,306.5516,153,146,-2601,168,63,-167,-4,134,0
95371.69689,306.6077,184,170,3280,142,53,-171,-18,110,0
95371.69875,306.6096,113,-388,-384,121,57,-161,-9,89,0
95371.70013,306.6109,220,445,4843,110,54,-166,-25,117,0
95371.70153,306.6124,-81,65,3146,130,101,-165,-38,128,0
95371.70284,306.6137,419,206,1188,116,96,-176,-68,128,0
95371.70411,306.6149,224,336,4877,107,119,-196,-62,129,0
95371.70543,306.6163,-29,-144,-2587,85,151,-238,-102,137,0
95371.70709,306.6179,191,425,1579,53,188,-274,-138,135,0
95371.70871,306.6195,-359,-172,-316,51,192,-295,-148,129,0
95371.80066,306.7115,-22,138,-933,40,171,-310,-112,124,0
95371.80231,306.7131,89,333,7631,64,163,-289,-101,130,0
95371.80382,306.7146,151,33,-921,74,148,-287,-97,123,0
95371.80523,306.7161,217,597,4803,98,110,-238,-115,130,0
95371.8065,306.7173,-193,16,4206,72,95,-223,-140,128,0
95371.80781,306.7186,114,69,-650,72,71,-254,-130,150,0
95371.80912,306.7199,-214,171,3830,59,132,-238,-155,148,0
95371.81058,306.7214,-199,-299,-2374,60,70,-242,-155,136,0
95371.81191,306.7227,109,460,1476,52,63,-244,-145,100,0
95371.81336,306.7242,-208,-119,1032,48,95,-226,-130,89,0
95371.81476,306.7256,227,-71,59,73,48,-203,-110,107,0
95371.81611,306.7269,12,127,5039,62,48,-204,-123,77,0
95371.81765,306.7285,-247,-335,-531,13,29,-196,-116,59,0
95371.81922,306.73,219,218,3534,21,10,-215,-63,105,0
95371.82388,306.7347,-295,-450,-1006,-7,-5,-237,-70,82,0
95371.89594,306.8068,51,-294,-3125,-8,-3,-250,-86,53,0
95371.89742,306.8082,-160,6,2581,-27,14,-227,-77,46,0
95371.89878,306.8096,-170,-459,-3691,-46,25,-210,-83,2,0
95371.90037,306.8112,146,182,1743,-44,30,-161,-79,-9,0
95371.90187,306.8127,-201,-296,-1138,-52,57,-139,-58,-17,0
95371.90315,306.814,-103,-80,-4873,-11,35,-129,-31,-71,0
95371.90451,306.8153,-398,162,-308,-22,28,-127,-25,-83,0
95371.90578,306.8166,-293,-318,-6627,24,-2,-129,-45,-75,0
95371.90971,306.8205,-58,445,-1833,38,13,-105,-51,-30,0
95371.91373,306.8246,-162,9,-3788,12,38,-101,-49,-20,0
95371.91504,306.8259,367,46,-5471,25,0,-106,-16,-48,0
95371.91638,306.8272,10,2,286,17,15,-95,6,-20,0
95371.93412,306.8449,-102,-328,-6666,39,18,-81,-8,-40,0
95371.93543,306.8463,53,460,-1593,5,6,-70,-20,-91,0
95371.93668,306.8475,-118,-12,-2848,9,22,-44,7,-71,0
95371.96852,306.8793,269,284,-3671,7,8,-62,14,-44,0
95371.96991,306.8807,113,432,3180,25,52,-84,32,-40,0
95371.9712,306.882,118,-50,-5053,54,43,-57,20,-40,0
95372.00524,306.9161,273,319,1623,23,76,5,3,-26,0
95372.00669,306.9175,-153,-347,1060,8,82,37,24,-61,0
95372.00997,306.9208,255,-151,-5275,-11,60,52,44,-101,0
95372.01148,306.9223,88,-96,1690,-7,51,62,47,-49,0
95372.01273,306.9235,269,-509,-4939,-28,23,44,3,-52,0
95372.01403,306.9249,568,208,864,-3,39,40,-1,-87,0
95372.04099,306.9518,268,-143,1910,-30,57,54,-13,-90,0
95372.04314,306.954,586,58,-2553,-16,27,91,-26,-127,0
95372.04539,306.9562,321,319,1375,-7,39,101,-13,-91,0
95372.07338,306.9842,503,-12,-5362,-15,34,82,-16,-107,0
95372.07475,306.9856,688,693,-1297,-36,35,79,9,-147,0
95372.07604,306.9869,292,207,-2527,-6,18,73,4,-156,0
95372.10803,307.0189,716,409,-5222,-18,-8,78,-29,-168,0
95372.10942,307.0202,519,478,2090,6,15,80,-27,-176,0
95372.11068,307.0215,423,-127,-6518,-2,16,87,-37,-233,0
95372.11234,307.0232,323,518,-604,12,14,47,-65,-259,0
95372.11363,307.0245,-225,15,442,-26,4,70,-83,-248,0
95372.11495,307.0258,354,203,-792,-42,-32,60,-92,-194,0
95372.14312,307.0539,20,365,4937,-49,1,75,-55,-217,0
95372.14451,307.0553,-146,-192,-4179,-50,-46,40,-38,-245,0
95372.1458,307.0566,124,209,-1858,-53,-49,44,-28,-196,0
95372.14735,307.0582,-259,-305,-3657,-44,-35,79,-51,-212,0
95372.14863,307.0595,52,-181,-7071,-30,-55,78,-73,-251,0
95372.15005,307.0609,-317,-98,-2742,-11,-42,80,-89,-251,0
95372.25612,307.1669,-469,-677,-7888,-1,-67,79,-81,-285,0
95372.25759,307.1684,-263,-14,-2777,0,-97,94,-55,-337,0
95372.26143,307.1723,-465,-523,-3465,-41,-97,56,-88,-341,0
95372.26289,307.1737,-243,-347,-6470,-47,-108,64,-114,-352,0
95372.26416,307.175,-373,-132,1958,-17,-76,88,-149,-330,0
95372.26544,307.1763,-310,-532,-5470,-5,-89,77,-154,-317,0
95372.26682,307.1776,-1,163,1793,-5,-52,66,-145,-270,0
95372.26807,307.1789,-196,-279,5606,-15,6,97,-105,-220,0
95372.26933,307.1802,154,-97,2647,-13,-29,112,-112,-238,0
95372.27078,307.1816,-62,77,11016,-27,13,58,-127,-189,0
95372.27605,307.1869,-145,-492,7023,-22,11,46,-150,-173,0
95372.27742,307.1882,-109,-80,9282,-6,2,50,-140,-146,0
95372.31939,307.2302,-417,-482,8156,-17,66,31,-111,-190,0
95372.32084,307.2317,-13,-210,8442,-9,71,11,-130,-207,0
95372.32228,307.2331,-298,56,15420,17,80,-13,-86,-145,0
95372.34421,307.255,-269,-402,10536,28,92,-3,-93,-99,0
95372.34552,307.2563,-212,127,14694,14,132,-5,-111,-52,0
95372.34693,307.2578,-414,-408,12893,-5,148,-44,-141,-35,0
95372.35998,307.2708,-82,-173,8563,-36,134,-60,-142,0,0
95372.3613,307.2721,-266,30,15259,-30,150,-42,-145,15,0
95372.36294,307.2738,-277,-553,7864,-24,175,-48,-120,19,0
95372.36435,307.2752,-56,23,13979,-47,155,-54,-113,45,0
95372.36567,307.2765,-348,-261,11516,-76,156,-93,-114,72,0
95372.36711,307.2779,-74,109,4165,-44,131,-130,-95,63,0
95372.36867,307.2795,-228,225,7746,-47,135,-123,-53,22,0
95372.36992,307.2807,-25,-477,-1305,-30,145,-135,-116,29,0
95372.37122,307.282,336,233,1557,-6,132,-143,-90,31,0
95372.42292,307.3337,-53,-396,992,4,146,-124,-40,27,0
95372.42438,307.3352,141,-273,-1898,49,143,-103,-38,17,0
95372.4258,307.3366,-52,-91,2192,44,178,-65,-24,11,0
95372.4355,307.3463,-58,-623,-6190,29,176,-38,-68,-1,0
95372.43699,307.3478,136,-33,509,50,174,-68,-77,23,0
95372.4383,307.3491,-405,-524,-1110,67,157,-40,-90,41,0
95372.43975,307.3506,15,-361,-2776,69,131,-29,-82,62,0
95372.44103,307.3519,0,-140,2425,47,158,-4,-90,106,0
95372.44238,307.3532,-26,-661,-5337,56,155,-9,-102,113,0
95372.47467,307.3855,270,-48,1762,84,167,-17,-91,115,0
95372.47599,307.3868,-250,-709,534,85,184,-2,-71,104,0
95372.47726,307.3881,74,-474,-3703,59,184,2,-97,55,0
95372.47898,307.3898,-267,-286,1226,35,226,1,-97,53,0
95372.48052,307.3913,-143,-533,-6146,43,207,-5,-84,74,0
95372.48191,307.3927,8,99,-4393,53,177,12,-48,52,0
95372.52784,307.4387,-400,-357,-4184,64,158,45,-5,37,0
95372.52939,307.4402,-205,-159,-8665,66,130,21,2,16,0
95372.53091,307.4417,-386,-99,-2889,89,154,20,43,16,0
95372.58079,307.4916,-234,-593,-8226,100,141,-33,78,27,0
95372.58238,307.4932,151,41,-2067,97,164,-10,96,39,0
95372.58377,307.4946,-86,-427,-3984,96,148,23,102,57,0
95372.59745,307.5083,319,-316,-8600,77,154,25,92,23,0
95372.59887,307.5097,101,-160,-2176,82,164,38,80,12,0
95372.60017,307.511,29,-800,-8849,112,161,77,73,5,0
95372.60172,307.5125,161,-87,-3032,110,188,86,95,-3,0
95372.60314,307.514,-319,-422,-2400,121,172,75,108,-20,0
95372.6077,307.5185,33,-203,-7361,136,111,38,97,-41,0
95372.60918,307.52,-8,51,-1087,130,112,43,116,-24,0
95372.6105,307.5213,-194,-395,-5065,146,75,34,70,-6,0
95372.61178,307.5226,175,188,-974,151,69,23,49,25,0
95372.6316,307.5424,-250,-386,1113,169,91,61,49,51,0
95372.63298,307.5438,28,-334,-1197,201,41,58,63,96,0
95372.63425,307.5451,3,-87,2157,206,49,57,47,85,0
95372.66416,307.575,-247,-535,-4282,250,24,107,44,51,0
95372.66557,307.5764,-4,52,2395,253,20,101,59,54,0
95372.66685,307.5777,-226,-582,2763,224,43,78,73,67,0
95372.69475,307.6056,182,-457,2633,220,2,66,35,85,0
95372.69615,307.607,-10,-279,8692,186,85,54,48,113,0
95372.69743,307.6083,22,-619,580,173,96,48,37,136,0
95372.69894,307.6098,175,157,8106,149,92,83,44,114,0
95372.70022,307.611,-356,-370,8510,133,132,151,39,134,0
95372.70148,307.6123,44,-90,4674,140,117,182,43,153,0
95372.72932,307.6401,-401,80,11590,155,130,206,51,175,0
95372.73066,307.6415,-410,-529,4680,168,131,186,43,207,0
95372.73193,307.6428,-300,61,8670,142,130,181,48,200,0
95372.76479,307.6756,-750,-446,7931,113,112,161,56,233,0
95372.76628,307.6771,-400,-223,4191,78,77,156,54,228,0
95372.76757,307.6784,-423,103,8114,98,74,158,51,258,0
95372.76895,307.6798,-383,-345,772,118,65,168,60,230,0
95372.77018,307.681,-324,194,7267,124,55,116,73,232,0
95372.77147,307.6823,-738,-446,6057,144,41,97,45,208,0
95372.79955,307.7104,-310,-335,1557,130,43,116,21,227,0
95372.80088,307.7117,-384,-291,7744,142,65,119,59,273,0
95372.80218,307.713,-313,-732,-1633,148,55,116,60,266,0
95372.83406,307.7449,-117,7,334,124,39,135,24,235,0
95372.83605,307.7469,-633,-488,163,109,73,116,-14,229,0
95372.83796,307.7488,-385,-257,-5588,104,9,65,-29,223,0
95372.8398,307.7506,-301,-3,130,140,35,44,1,189,0
95372.84125,307.7521,-507,-475,-8293,137,-1,51,-12,161,0
95372.84289,307.7537,-178,147,-5549,105,16,57,4,179,0
95372.87695,307.7878,-555,-372,-6380,127,18,62,36,160,0
95372.87853,307.7894,-258,-221,-8794,145,-23,25,30,137,0
95372.87991,307.7907,-506,23,-3718,159,-7,43,60,148,0
95372.90977,307.8206,-517,-424,-9860,169,-24,32,46,99,0
95372.91109,307.8219,-295,118,-5727,128,-38,49,54,110,0
95372.91233,307.8232,-768,-593,-6790,113,-5,26,75,121,0
95372.93834,307.8492,-370,-477,-6871,135,0,18,73,100,0
95372.93976,307.8506,-617,-299,657,135,0,14,39,99,0
95372.9411,307.8519,-762,-863,-7493,127,19,18,60,107,0
95372.94257,307.8534,-576,-243,-2103,151,31,47,102,134,0
95372.94395,307.8548,-911,-646,-268,154,69,4,91,114,0
95372.94525,307.8561,-425,2,-3755,121,89,-2,126,105,0
95372.98256,307.8934,-509,376,1686,86,142,5,152,122,0
95372.98389,307.8947,-489,-99,-3545,89,139,23,145,159,0
95372.98524,307.8961,-300,579,626,111,93,-13,131,168,0
95372.98687,307.8977,-641,170,537,107,114,-12,112,176,0
95372.98811,307.8989,-358,143,-587,99,85,2,82,168,0
95372.98946,307.9003,-578,290,3806,103,89,24,85,173,0
95373.02759,307.9384,-602,-171,-2427,128,23,-24,98,204,0
95373.02918,307.94,-352,440,546,119,31,-38,93,206,0
95373.03339,307.9442,-666,-148,-631,107,76,-31,63,244,0
95373.03494,307.9458,-293,49,-4997,121,55,-45,30,245,0
95373.03621,307.947,-310,376,4202,120,100,-51,22,267,0
95373.03752,307.9483,-350,-171,-2372,105,101,-48,8,274,0
95373.06355,307.9744,-95,361,999,55,134,-58,33,276,0
95373.06503,307.9759,-558,-150,1455,26,178,-71,50,296,0
95373.06648,307.9773,-289,124,-3706,20,151,-83,63,331,0
95373.10254,308.0134,-280,488,4706,-1,153,-78,112,326,0
95373.10403,308.0149,-221,-64,-1368,11,122,-80,100,338,0
95373.1054,308.0162,185,470,2673,40,76,-36,132,321,0
95373.11274,308.0236,-255,97,1851,53,75,-3,150,346,0
95373.11412,308.0249,107,233,-1107,51,39,3,153,350,0
95373.11541,308.0262,-23,521,1356,15,30,-30,103,333,0
95373.14734,308.0582,12,56,-4513,24,14,-54,51,290,0
95373.14863,308.0595,210,599,-2002,1,40,-26,48,260,0
95373.14988,308.0607,-37,152,-2081,-5,52,-44,73,233,0
95373.15122,308.062,149,149,-4433,-43,26,-53,105,244,0
95373.15252,308.0633,-35,335,2081,-35,88,-21,113,290,0
95373.15377,308.0646,-7,-182,-3478,-12,72,2,108,318,0
95373.18239,308.0932,246,449,1679,1,57,24,118,351,0
95373.18377,308.0946,-253,-85,2493,29,55,69,111,354,0
95373.18517,308.096,-172,-41,-2786,53,57,81,101,365,0
95373.2189,308.1297,-218,89,3499,44,79,65,99,338,0
95373.22023,308.1311,-260,-325,-3445,50,52,61,100,311,0
95373.22152,308.1323,176,435,-1050,70,56,52,56,297,0
95373.22289,308.1337,-91,-83,-967,77,90,38,49,226,0
95373.22414,308.135,34,158,-1898,98,87,29,38,224,0
95373.22548,308.1363,-257,377,4983,107,90,41,67,231,0
95373.25572,308.1665,-374,-241,-1658,75,55,16,58,230,0
95373.25724,308.1681,-150,364,2601,69,46,-15,85,256,0
95373.25901,308.1698,-438,-97,911,61,48,4,116,245,0
95373.3028,308.2136,-12,32,-4207,66,59,-29,120,235,0
95373.30416,308.215,-252,277,2018,57,73,-16,134,229,0
95373.30564,308.2165,-373,-461,-6418,47,44,11,114,221,0
95373.30694,308.2178,-175,170,-1230,30,54,46,109,220,0
95373.30817,308.219,-403,-299,-1081,44,77,41,110,225,0
95373.31213,308.223,133,-59,-6561,76,74,53,118,197,0
95373.32987,308.2407,-32,218,1377,82,128,31,135,175,0
95373.33122,308.242,-47,-454,-5545,80,110,17,99,153,0
95373.33248,308.2433,419,75,-2465,74,105,5,106,141,0
95373.38854,308.2994,116,-338,-4045,68,99,2,97,134,0
95373.39002,308.3008,384,-82,-6139,105,93,-15,100,111,0
95373.39152,308.3023,85,215,440,123,147,-10,114,106,0
95373.39315,308.304,87,-314,-3708,153,150,-12,95,91,0
95373.39444,308.3053,321,200,2957,182,154,-23,95,66,0
95373.39587,308.3067,-19,-332,2804,237,132,-5,96,73,0
95373.39739,308.3082,276,-150,129,222,124,9,95,87,0
95373.39882,308.3096,105,104,5825,218,118,40,94,97,0
95373.40027,308.3111,34,-514,-2725,200,88,37,121,94,0
95373.42821,308.339,265,45,3039,189,88,42,132,83,0
95373.42965,308.3405,-178,-345,440,134,131,63,115,76,0
95373.43109,308.3419,158,-268,-4302,122,117,64,84,67,0
95373.45903,308.3699,-83,-29,1226,98,125,84,75,47,0
95373.46046,308.3713,-303,-532,-2517,73,101,108,61,56,0
95373.46179,308.3726,-30,70,1958,85,93,99,60,80,0
95373.46329,308.3741,-376,-344,1715,69,81,77,47,104,0
95373.46463,308.3755,-133,-174,-756,64,78,68,31,122,0
95373.46598,308.3768,-394,-40,3231,74,125,36,37,120,0
95373.4957,308.4065,-358,-432,-3985,70,95,42,27,112,0
95373.49705,308.4079,-234,235,-408,68,81,48,45,115,0
95373.49836,308.4092,-443,-111,-2590,85,77,25,23,119,0
95373.52627,308.4371,-43,14,-5643,88,46,23,15,107,0
95373.52755,308.4384,-305,231,1045,57,75,2,50,83,0
95373.52904,308.4399,-360,-370,-7064,51,61,-13,42,57,0
95373.55535,308.4662,-27,423,-1000,78,78,-35,52,26,0
95373.55684,308.4677,-323,27,1527,87,98,-53,66,33,0
95373.55821,308.469,116,-43,-4925,88,67,-72,67,35,0
95373.55972,308.4705,-50,-12,1329,72,109,-69,29,63,0
95373.56109,308.4719,-371,-485,-5127,91,98,-67,-45,69,0
95373.56252,308.4733,-230,114,-1762,110,83,-40,-70,78,0
95373.58833,308.4992,-317,-368,-419,127,91,-13,-63,103,0
95373.58963,308.5005,42,-244,-5293,106,60,-14,-55,62,0
95373.59341,308.5042,-182,49,-73,117,86,9,-6,70,0
95373.63426,308.5451,-198,-490,-6131,114,98,-11,-17,18,0
95373.63563,308.5465,-252,63,-2355,100,102,-13,8,-12,0
95373.63708,308.5479,-622,-485,-2558,70,117,3,33,-28,0
95373.63858,308.5494,-252,-251,-5834,50,101,-19,-7,-4,0
95373.63986,308.5507,-372,-23,2553,57,157,-68,18,-8,0
95373.64108,308.5519,-458,-557,-5254,42,156,-80,22,33,0
95373.67319,308.584,-125,167,-1693,43,153,-79,52,53,0
95373.67453,308.5854,-462,-166,-1907,37,181,-106,47,2,0
95373.67584,308.5867,-139,-143,-8305,35,165,-119,17,-62,0
95373.67729,308.5881,-134,48,-1452,18,155,-121,-20,-51,0
95373.67857,308.5894,-382,-592,-4401,52,140,-103,-28,-43,0
95373.68301,308.5938,-49,86,-490,33,147,-101,-14,-39,0
95373.725,308.6358,-238,-157,-1026,43,145,-87,-5,-22,0
95373.72638,308.6372,87,-40,-4162,89,122,-96,-21,-13,0
95373.72771,308.6385,-99,113,1604,95,120,-144,-26,24,0
95373.72924,308.6401,-221,-542,-5101,82,87,-143,-23,33,0
95373.73056,308.6414,-67,45,-272,95,113,-125,10,36,0
95373.73186,308.6427,-285,-369,-1583,72,123,-82,15,7,0
95373.77539,308.6862,-30,-241,-4398,85,79,-58,21,-25,0
95373.77692,308.6877,-139,84,5647,75,91,-37,33,-31,0
95373.77842,308.6892,-176,-498,-2438,72,97,-44,28,-36,0
95373.80627,308.7171,224,243,2022,100,92,-39,50,-8,0
95373.80784,308.7187,-208,-240,1411,114,114,-10,87,37,0
95373.80955,308.7204,273,-97,-5988,120,98,24,93,43,0
95373.83739,308.7482,38,169,-805,144,125,23,112,19,0
95373.83885,308.7497,-75,-388,-4651,185,102,8,106,-26,0
95373.84023,308.7511,60,189,168,197,74,-1,116,-50,0
95373.84371,308.7545,-277,-298,1344,190,78,2,129,-67,0
95373.84505,308.7559,166,-246,-2126,168,80,23,125,-81,0
95373.84643,308.7573,84,188,2747,138,70,42,146,-117,0
95373.84786,308.7587,-159,-279,-3973,148,55,39,138,-109,0
95373.84919,308.76,193,552,1369,166,36,36,140,-95,0
95373.85046,308.7613,-204,111,473,152,13,63,115,-119,0
95373.88038,308.7912,10,6,-4098,125,-18,73,99,-131,0
95373.8842,308.795,-159,180,1724,115,-24,95,93,-123,0
95373.88562,308.7964,-276,-407,-5240,145,-75,87,112,-153,0
95373.91537,308.8262,-161,256,-526,137,-52,46,134,-160,0
95373.91679,308.8276,-511,-305,2702,164,-46,37,131,-175,0
95373.91814,308.829,-64,-240,-340,190,-81,54,128,-108,0
95373.91961,308.8304,-114,-13,5787,187,-63,65,107,-78,0
95373.92089,308.8317,-127,-491,-3133,175,-86,46,93,-75,0
95373.92215,308.833,201,13,-68,143,-66,46,105,-71,0
95373.95206,308.8629,-184,-535,325,113,-67,82,113,-55,0
95373.95341,308.8642,-87,-591,-1789,95,-60,80,129,-51,0
95373.95469,308.8655,-283,-362,4032,89,-37,72,120,-40,0
95373.98685,308.8977,-93,-835,-903,98,-69,46,106,-47,0
95373.98829,308.8991,132,-103,3775,156,-49,49,83,-52,0
95373.98955,308.9004,-179,-585,4058,139,-48,39,64,-23,0
95373.99106,308.9019,44,-526,298,68,-77,41,57,-16,0
95373.99231,308.9031,-231,-424,7563,44,-46,27,68,10,0
95373.99363,308.9045,-128,-990,-610,63,-59,29,57,24,0
95374.02571,308.9365,80,-364,3288,81,-44,-4,73,15,0
95374.02702,308.9378,-224,-810,3203,93,-35,-16,71,31,0
95374.0283,308.9391,118,-699,-4970,90,-35,-61,65,53,0
95374.08412,308.9949,46,-480,2041,83,-18,-75,65,57,0
95374.08551,308.9963,137,-1109,-4812,71,-62,-76,11,34,0
95374.0869,308.9977,406,-571,-277,63,-39,-81,20,55,0
95374.09448,309.0053,-203,-975,-1275,118,-9,-44,21,59,0
95374.09595,309.0068,85,-863,-2511,117,-23,-23,23,81,0
95374.0972,309.008,-264,-516,2020,98,25,-22,21,105,0
95374.09871,309.0095,-297,-1097,-3757,88,32,-24,-2,118,0
95374.09993,309.0108,247,-581,1824,82,41,-34,-28,138,0
95374.10121,309.012,-11,-1046,-226,37,43,-38,-24,142,0
95374.15516,309.066,94,-1035,-2667,15,42,-38,-24,160,0
95374.15671,309.0675,-99,-765,6404,4,72,-24,23,180,0
95374.16029,309.0711,-176,-1545,215,20,41,-24,12,180,0
95374.1783,309.0891,-15,-1035,6272,26,42,-1,44,183,0
95374.17967,309.0905,-411,-1522,7047,29,41,17,40,197,0
95374.18105,309.0919,70,-1308,1557,16,37,26,29,202,0
95374.18485,309.0957,-116,-1222,8138,26,67,30,12,208,0
95374.18609,309.0969,-133,-1758,3887,38,19,23,1,216,0
95374.18733,309.0982,-108,-1213,6314,46,35,0,15,229,0
95374.18906,309.0999,-572,-1720,5375,61,68,-17,4,244,0
95374.19048,309.1013,-294,-1570,-988,22,64,-26,5,246,0
95374.19195,309.1028,-179,-1324,4694,0,57,4,33,254,0
95374.21605,309.1269,-143,-1822,-1857,-13,47,-4,37,216,0
95374.21739,309.1282,197,-976,536,-27,53,0,36,174,0
95374.21865,309.1295,-320,-1330,-775,-74,77,31,39,147,0
95374.2502,309.161,9,-1221,-4159,-79,45,14,62,129,0
95374.25176,309.1626,2,-1089,2142,-42,73,-1,72,123,0
95374.25299,309.1638,-24,-1726,-4715,-21,56,19,70,106,0
95374.25454,309.1654,153,-1025,-23,-23,54,12,63,86,0
95374.25595,309.1668,-183,-1585,1240,-53,86,58,60,61,0
95374.25736,309.1682,209,-1408,-5013,-52,72,66,29,66,0
95374.28745,309.1983,18,-1075,2278,-58,74,111,29,68,0
95374.28892,309.1997,-50,-1610,-4530,-85,80,123,-20,82,0
95374.29173,309.2026,52,-929,-978,-103,94,111,-34,65,0
95374.31971,309.2305,-390,-1492,42,-112,121,89,-18,75,0
95374.32125,309.2321,-68,-1270,-5125,-124,119,83,-37,44,0
95374.32276,309.2336,49,-838,1984,-177,149,84,-51,34,0
95374.32427,309.2351,-91,-1418,-5275,-205,137,44,-31,22,0
95374.32559,309.2364,224,-738,169,-199,138,39,13,12,0
95374.32682,309.2376,-158,-1141,892,-183,137,48,21,-28,0
95374.35474,309.2656,8,-987,-2613,-183,72,62,6,-18,0
95374.35612,309.2669,-112,-746,4152,-188,39,44,47,-32,0
95374.35743,309.2682,-173,-1274,-3149,-239,62,22,10,-51,0
95374.40963,309.3205,-128,-614,2958,-235,106,-22,20,-29,0
95374.4111,309.3219,-495,-1081,4959,-207,129,-45,9,12,0
95374.41258,309.3234,104,-851,-2759,-167,117,-54,-33,41,0
95374.41406,309.3249,163,-510,4322,-138,133,-40,1,44,0
95374.41533,309.3262,71,-1069,-591,-95,101,-59,-6,35,0
95374.41665,309.3275,526,-331,2028,-97,84,-69,-41,32,0
95374.44661,309.3574,116,-694,1177,-80,109,-87,-39,30,0
95374.44806,309.3589,265,-534,-1505,-106,97,-82,-25,44,0
95374.45231,309.3631,71,-403,4537,-104,105,-61,-37,33,0
95374.47619,309.387,-121,-1205,-865,-109,101,-80,-57,91,0
95374.47791,309.3887,-133,-687,3405,-117,73,-74,-77,125,0
95374.47927,309.3901,-442,-937,2363,-121,28,-62,-76,153,0
95374.48071,309.3915,-29,-736,-1341,-89,-12,-76,-78,198,0
95374.48216,309.393,-73,-359,3551,-74,16,-76,-103,194,0
95374.48345,309.3943,-175,-900,-2372,-113,1,-83,-129,201,0
95374.51547,309.4263,155,-362,1457,-110,24,-92,-133,170,0
95374.51677,309.4276,-141,-908,3177,-84,26,-103,-132,163,0
95374.51817,309.429,49,-837,-762,-98,-23,-90,-125,167,0
95374.51969,309.4305,-257,-635,4816,-83,-13,-78,-122,162,0
95374.52108,309.4319,-267,-1318,-2618,-74,15,-104,-139,185,0
95374.52233,309.4332,-115,-596,-2234,-75,40,-91,-113,163,0
95374.55369,309.4645,-378,-892,-3530,-104,65,-95,-128,141,0
95374.55504,309.4659,-34,-751,-8303,-85,47,-120,-125,106,0
95374.55648,309.4673,-140,-596,-1971,-97,58,-130,-93,78,0
95374.62108,309.5319,-99,-975,-9028,-66,19,-122,-90,42,0
95374.62256,309.5334,22,-293,-3333,-23,31,-118,-118,34,0
95374.62446,309.5353,-334,-618,-3596,-1,28,-133,-121,44,0
95374.62597,309.5368,64,-461,-8530,-1,3,-110,-105,49,0
95374.62726,309.5381,-313,-95,-2285,13,-12,-100,-77,45,0
95374.62864,309.5395,-467,-668,-8169,6,-29,-92,-43,49,0
95374.63021,309.541,-93,-87,-900,-27,-52,-95,-42,24,0
95374.63147,309.5423,-322,-578,801,-42,-50,-83,-39,41,0
95374.63288,309.5437,117,-604,-1972,-34,-101,-86,-59,74,0
95374.6608,309.5716,91,-193,6467,-26,-35,-54,-56,88,0
95374.66233,309.5732,31,-752,-1228,-26,-70,-71,-83,104,0
95374.66367,309.5745,182,-59,1777,-30,-78,-79,-98,87,0
95374.66516,309.576,-86,-378,3035,-32,-40,-66,-52,94,0
95374.66658,309.5774,242,-422,-2349,-39,-74,-91,-71,86,0
95374.66805,309.5789,20,-243,2961,-71,-22,-73,-104,71,0
95374.69585,309.6067,-118,-632,-3867,-107,-25,-84,-117,63,0
95374.69731,309.6081,77,92,899,-96,-17,-65,-110,87,0
95374.69861,309.6094,-611,-345,2,-129,-7,-57,-105,132,0
95374.73276,309.6436,-435,-297,-5893,-151,-10,-11,-151,129,0
95374.73475,309.6456,-702,88,615,-155,34,-24,-138,120,0
95374.73628,309.6471,-746,-507,-7074,-133,29,-26,-158,124,0
95374.73771,309.6485,-455,37,-3705,-106,23,-19,-172,91,0
95374.73908,309.6499,-614,-411,-3110,-83,-11,-13,-139,45,0
95374.74051,309.6513,-275,-457,-6861,-66,-61,-20,-141,18,0
95374.811,309.7218,-303,-397,-182,-60,-69,-12,-113,-20,0
95374.81246,309.7233,-178,-988,-5258,-42,-79,-10,-93,-21,0
95374.81375,309.7246,64,-409,-1550,6,-78,-3,-79,-14,0
95374.81522,309.726,-183,-585,1686,20,-63,16,-86,-33,0
95374.81673,309.7276,87,-263,-470,-11,-45,-5,-110,-10,0
95374.81809,309.7289,-123,68,6638,-2,-28,53,-93,36,0
95374.823,309.7338,-269,-592,-1600,24,-25,62,-72,3,0
95374.82434,309.7352,-278,-1,735,5,-14,66,-33,-10,0
95374.82567,309.7365,-541,-560,2060,28,21,71,-36,25,0
95374.8556,309.7664,-246,-585,-302,12,7,52,-5,-6,0
95374.85698,309.7678,-498,-457,4543,-14,38,52,36,-14,0
95374.85826,309.7691,-524,-1017,-3184,-28,65,46,43,24,0
95374.85988,309.7707,-81,-307,-1540,-47,60,12,22,9,0
95374.86127,309.7721,-613,-613,-707,-55,71,7,17,-80,0
95374.86255,309.7734,-321,-580,-4571,-37,25,-22,33,-112,0
95374.87433,309.7852,-496,-222,3196,-3,28,-53,57,-141,0
95374.87563,309.7865,-453,-680,-797,0,0,-49,68,-118,0
95374.87693,309.7878,-153,-42,2014,1,15,-34,58,-68,0
95374.93089,309.8417,-392,-313,1838,-15,14,-31,98,-16,0
95374.93233,309.8432,69,-368,-3516,-37,-2,-46,84,-50,0
95374.93371,309.8445,128,10,2242,-44,1,-22,57,-62,0
95374.93503,309.8459,124,-696,-1575,-58,-29,-64,105,-87,0
95374.93634,309.8472,210,-382,4538,-36,-32,-66,117,-95,0
95374.9379,309.8487,-1,-724,3773,-55,-2,-53,102,-53,0
95374.96571,309.8765,173,-675,-1411,-46,5,-106,70,-48,0
95374.96711,309.8779,103,-290,5041,-45,9,-82,44,-34,0
95374.96844,309.8793,176,-627,-1568,-37,-9,-73,21,-28,0
95374.97213,309.883,220,27,2158,-66,7,-74,-8,-14,0
95374.97346,309.8843,-223,-491,2276,-72,14,-57,-20,-12,0
95374.97729,309.8881,193,-610,-4987,-60,10,-47,-40,11,0
95375.00528,309.9161,42,-420,581,-94,22,-54,-64,-12,0
95375.00668,309.9175,-115,-912,-6379,-104,32,-71,-76,-27,0
95375.00801,309.9188,173,-185,-2811,-107,41,-57,-69,4,0
95375.03567,309.9465,-256,-630,5,-90,69,-60,-69,47,0
95375.03715,309.948,56,-615,-4628,-63,47,-53,-78,7,0
95375.0384,309.9492,-254,-158,-63,-53,90,-53,-62,-8,0
95375.06836,309.9792,-283,-463,-5745,-61,90,-110,-67,-58,0
95375.06979,309.9806,44,115,-2302,-34,67,-145,-56,-91,0
95375.07108,309.9819,-186,-408,-1972,-13,27,-150,-30,-73,0
95375.07268,309.9835,139,-279,-6284,22,18,-126,-66,-42,0
95375.07412,309.9849,35,19,582,20,71,-162,-41,-41,0
95375.07547,309.9863,-32,-606,-5130,31,57,-181,-23,-68,0
95375.10538,310.0162,321,15,1628,51,50,-176,-24,-64,0
95375.10682,310.0176,-324,-329,1685,40,41,-171,-31,-38,0
95375.1082,310.019,115,-261,-1232,65,33,-212,-19,-23,0
95375.13613,310.047,-75,-145,6657,79,36,-193,-15,6,0
95375.13757,310.0484,-216,-765,1369,103,15,-207,-11,5,0
95375.13887,310.0497,-139,-222,4553,122,28,-193,4,-1,0
95375.15059,310.0614,-702,-703,3497,138,51,-166,19,34,0
95375.15201,310.0628,-289,-379,-1910,139,11,-161,-18,44,0
95375.15326,310.0641,-155,292,2486,137,4,-176,-39,30,0
95375.18294,310.0938,43,45,-2726,165,-22,-182,-46,22,0
95375.18445,310.0953,300,693,2577,192,-20,-163,-19,17,0
95375.18585,310.0967,-272,222,4029,162,-11,-148,-7,58,0
95375.24014,310.151,94,226,-1276,179,-39,-125,0,61,0
95375.24163,310.1525,-10,510,6139,208,3,-132,-13,39,0
95375.24321,310.154,-285,-174,-489,177,5,-131,-43,42,0
95375.24466,310.1555,65,375,3771,187,57,-128,-79,37,0
95375.246,310.1568,-206,30,6045,180,86,-113,-60,77,0
95375.24732,310.1581,-91,82,-651,205,80,-134,-104,89,0
95375.24864,310.1595,-212,474,5258,213,101,-112,-81,80,0
95375.24989,310.1607,-313,-1,-2122,207,106,-116,-75,93,0
95375.25116,310.162,-20,536,-242,191,106,-134,-53,94,0
95375.27981,310.1906,-456,-205,653,181,121,-135,-49,102,0
95375.28363,310.1945,-314,3,-4996,157,75,-110,-49,97,0
95375.28493,310.1958,-393,208,2072,175,93,-116,9,70,0
95375.31276,310.2236,-495,-388,-4155,150,96,-126,16,80,0
95375.31416,310.225,-189,214,1567,153,101,-114,20,49,0
95375.31542,310.2262,-536,-131,2812,128,124,-93,23,43,0
95375.31899,310.2298,-188,-46,-875,102,117,-64,29,38,0
95375.32031,310.2311,-247,171,6860,105,98,-45,55,30,0
95375.32158,310.2324,-331,-351,-1307,114,88,-56,49,42,0
95375.35342,310.2642,-7,291,1761,104,90,-62,66,12,0
95375.35483,310.2657,-435,-59,538,75,124,-48,54,-4,0
95375.3561,310.2669,-342,-8,-5003,56,74,-59,39,1,0
95375.35767,310.2685,-337,251,2262,56,70,-7,61,21,0
95375.35892,310.2697,-106,-341,-1002,62,59,-21,78,34,0
95375.36017,310.271,-25,244,3021,81,68,-29,66,56,0
95375.39212,310.3029,-440,-276,5102,61,98,-26,89,93,0
95375.39344,310.3043,-217,-265,-425,68,80,-28,88,126,0
95375.39499,310.3058,-128,126,5041,44,97,-10,121,151,0
95375.44901,310.3598,48,-554,-906,9,106,-21,71,186,0
95375.45049,310.3613,146,-38,3245,-1,76,-26,34,172,0
95375.45208,310.3629,-273,-333,4487,-9,88,-26,22,192,0
95375.45542,310.3662,14,-403,-429,-36,79,17,39,193,0
95375.45682,310.3676,-140,-56,5730,-40,132,23,52,206,0
95375.45807,310.3689,-307,-547,-1379,-7,99,-20,43,164,0
95375.46159,310.3724,153,114,1355,5,97,-19,19,207,0
95375.46286,310.3737,-183,-360,-246,16,86,-10,-13,216,0
95375.46408,310.3749,77,-394,-7072,10,67,-49,-24,197,0
95375.49781,310.4086,42,-209,885,-10,84,-51,7,210,0
95375.49909,310.4099,-166,-813,-5485,18,97,-34,4,212,0
95375.50051,310.4113,141,-66,-3200,19,101,13,3,222,0
95375.50404,310.4149,-161,-346,-3204,10,108,0,12,222,0
95375.50538,310.4162,242,-258,-8303,-26,102,-7,-3,194,0
95375.50668,310.4175,52,29,-3622,-17,88,-1,5,236,0
95375.55886,310.4697,-287,-563,-7705,-37,74,-5,43,236,0
95375.56027,310.4711,-126,-55,-1863,-33,92,-65,57,274,0
95375.56166,310.4725,-450,-535,-3268,-35,90,-66,55,259,0
95375.56307,310.4739,-59,-406,-8274,-22,56,-41,17,210,0
95375.56684,310.4777,-169,-40,-1471,-8,108,-13,9,185,0
95375.56809,310.4789,-327,-578,-5944,9,106,-28,5,168,0
95375.60796,310.5188,14,51,-1878,-12,81,-46,-6,164,0
95375.61013,310.521,-250,-346,-623,5,91,-51,9,143,0
95375.61151,310.5223,6,-105,-6475,-14,39,-23,10,140,0
95375.61285,310.5237,-253,252,450,-26,89,-49,20,180,0
95375.61413,310.525,-305,-187,-5925,-45,78,-42,32,111,0
95375.6156,310.5264,210,370,-2215,-47,66,-69,22,43,0
95375.61913,310.53,-453,-99,-100,-50,52,-83,10,81,0
95375.62065,310.5315,-478,-103,-4315,-38,25,-64,-1,113,0
95375.62201,310.5328,-544,109,1884,-31,50,-63,-8,94,0
95375.65607,310.5669,-670,-351,-3163,-32,40,-68,20,108,0
95375.65743,310.5683,-159,288,335,-18,35,-50,18,125,0
95375.65873,310.5696,-386,-5,-1628,-22,39,-45,17,102,0
95375.68655,310.5974,-225,18,-5258,-21,31,-23,48,92,0
95375.68786,310.5987,-476,246,798,10,-13,-28,37,104,0
95375.68909,310.5999,-404,-426,-7431,24,-31,-49,-8,96,0
95375.69078,310.6016,-106,307,-3133,14,-36,-87,0,37,0
95375.69215,310.603,-431,23,995,19,-42,-89,-2,36,0
95375.69361,310.6044,-70,104,-4558,7,-62,-90,-16,22,0
95375.72151,310.6323,-324,163,3650,16,-18,-71,-23,24,0
95375.72286,310.6337,-466,-467,-2769,17,24,-54,-65,0,0
95375.72422,310.635,-124,267,-1792,43,33,-86,-55,-40,0
95375.75416,310.665,-410,71,1117,39,22,-92,-81,-22,0
95375.75546,310.6663,-152,90,-4256,53,-4,-130,-75,-35,0
95375.75668,310.6675,-20,263,2099,52,36,-110,-74,-50,0
95375.78852,310.6993,-93,-416,-3970,54,59,-116,-76,-60,0
95375.7898,310.7006,96,241,-510,55,67,-109,-77,-106,0
95375.79105,310.7019,-274,-134,1214,43,95,-103,-91,-99,0
95375.79241,310.7032,88,-70,-3530,39,68,-99,-111,-76,0
95375.79384,310.7047,-84,257,3037,25,140,-89,-133,-76,0
95375.79511,310.7059,-335,-304,-5890,4,140,-109,-154,-134,0
95375.83897,310.7498,114,385,-825,43,143,-117,-138,-165,0
95375.84035,310.7512,-354,-1,1527,43,183,-84,-107,-173,0
95375.84214,310.753,-14,-72,-3396,41,173,-82,-82,-155,0
95375.84631,310.7571,-281,227,4162,44,194,-83,-54,-159,0
95375.84767,310.7585,-418,-82,275,50,168,-81,-31,-125,0
95375.84897,310.7598,-88,725,3851,46,148,-69,-33,-86,0
95375.88105,310.7919,-432,369,3416,34,189,-20,-48,-71,0
95375.88247,310.7933,-111,411,-1257,12,160,-24,-90,-74,0
95375.88373,310.7946,-232,465,4472,-4,165,7,-133,-78,0
95375.88508,310.7959,-235,-127,-2283,-28,144,5,-160,-66,0
95375.88636,310.7972,163,434,-79,-58,143,3,-138,-80,0
95375.8876,310.7984,-265,-170,171,-52,145,5,-116,-89,0
95375.91735,310.8282,25,-52,-6019,-32,94,-20,-105,-117,0
95375.91875,310.8296,-107,204,1460,-3,82,-29,-124,-107,0
95375.92002,310.8308,-239,-511,-4026,11,80,-47,-103,-122,0
95375.95177,310.8626,16,-26,415,30,79,-43,-69,-107,0
95375.95322,310.864,-302,-559,4276,61,95,-35,-71,-103,0
95375.95452,310.8653,-1,-279,-797,111,61,-59,-74,-66,0
95375.95586,310.8667,-157,103,4354,122,59,-71,-106,-37,0
95375.95725,310.8681,-1,-469,-365,119,68,-82,-93,-17,0
95375.95863,310.8695,143,88,2953,145,81,-125,-81,-29,0
95376.01284,310.9237,-314,-343,5790,113,104,-103,-53,6,0
95376.01435,310.9252,-8,-403,2096,96,89,-87,-49,15,0
95376.01573,310.9266,-325,-248,6262,103,104,-77,-39,51,0
95376.01718,310.928,-336,-627,1644,91,85,-57,-77,65,0
95376.0186,310.9294,-81,65,5663,80,107,-56,-52,58,0
95376.01991,310.9307,-357,-426,2968,95,137,-48,-44,65,0
95376.0497,310.9605,-10,-507,-1566,99,126,-39,-66,73,0
95376.05121,310.962,-24,-261,6868,109,142,-36,-75,116,0
95376.05255,310.9634,-154,-836,213,86,108,-39,-61,170,0
95376.05403,310.9649,18,-182,2908,106,136,-17,-89,195,0
95376.05535,310.9662,-421,-566,2906,98,127,-30,-78,227,0
95376.05657,310.9674,-83,-518,-3651,112,100,-43,-48,263,0
95376.08852,310.9993,-265,-151,1531,105,133,-77,-48,281,0
95376.08999,311.0008,-463,-716,-3770,80,109,-112,-21,276,0
95376.09127,311.0021,-80,-256,-329,94,94,-120,7,271,0
95376.1232,311.034,-344,-625,2218,67,132,-88,32,280,0
95376.12723,311.0381,-230,-666,-2492,72,110,-65,50,274,0
95376.12854,311.0394,-246,-276,3105,85,160,-67,49,295,0
95376.15645,311.0673,-198,-801,-3004,52,128,-68,-3,276,0
95376.1578,311.0686,62,-331,-1876,7,112,-51,1,265,0
95376.15909,311.0699,-282,-908,-395,9,134,-16,14,268,0
95376.16063,311.0715,-90,-875,-2120,37,168,-5,8,279,0
95376.16193,311.0728,-10,-402,3954,4,200,9,10,261,0
95376.16324,311.0741,-372,-709,-4411,-11,176,9,-15,236,0
95376.19748,311.1083,-215,76,-734,-4,194,-6,-32,219,0
95376.19897,311.1098,-740,-336,1699,-11,238,16,-56,227,0
95376.20047,311.1113,-396,-322,-3895,11,170,-8,-33,253,0
95376.20204,311.1129,-254,-99,4358,38,181,-26,2,276,0
95376.2034,311.1142,-191,-485,-1868,37,166,-43,-4,265,0
95376.20468,311.1155,-62,185,1178,25,131,-26,3,280,0
95376.23252,311.1433,-287,-142,3392,45,148,-11,13,329,0
95376.23384,311.1447,20,-110,-2720,32,109,-14,-8,295,0
95376.23515,311.146,-172,324,3616,26,145,27,-9,287,0
95376.27302,311.1838,-516,-213,-1241,42,153,40,15,302,0
95376.27441,311.1852,-123,442,3959,54,147,62,38,305,0
95376.27569,311.1865,-335,6,3219,14,206,48,23,284,0
95376.27719,311.188,-290,115,-2677,-5,171,31,17,247,0
95376.27875,311.1896,-220,532,3944,-5,183,36,32,255,0
95376.2801,311.1909,-163,66,-3188,15,172,31,21,243,0
95376.31382,311.2246,124,559,602,27,157,41,-13,269,0
95376.31516,311.226,-509,-38,1289,10,168,59,0,292,0
95376.31656,311.2274,-229,-222,-6915,24,109,30,14,248,0
95376.3181,311.2289,-241,313,-2339,57,104,64,50,212,0
95376.31942,311.2302,-124,-49,-8489,38,90,80,62,217,0
95376.32069,311.2315,17,430,-4806,87,99,134,67,241,0
95376.3505,311.2613,-390,103,-1917,107,111,146,60,199,0
95376.35183,311.2627,-107,184,-8032,96,67,132,75,166,0
95376.35313,311.264,-36,476,-2984,118,70,124,59,143,0
95376.38283,311.2937,-369,-194,-6856,103,68,81,29,148,0
95376.38413,311.295,-291,512,-2926,106,47,47,17,119,0
95376.38542,311.2962,-585,161,-884,135,55,54,34,130,0
95376.38692,311.2977,-71,402,-7148,138,39,76,47,82,0
95376.39082,311.3016,-110,733,458,138,51,65,36,77,0
95376.39207,311.3029,-230,151,-7043,196,46,91,-3,66,0
95376.41993,311.3308,181,848,-2712,177,54,102,7,66,0
95376.42145,311.3323,34,574,571,159,75,131,16,85,0
95376.42285,311.3337,375,616,-6368,163,30,162,29,59,0
95376.45473,311.3656,244,755,2118,174,41,139,22,39,0
95376.45607,311.3669,108,205,-990,153,44,121,10,74,0
95376.45737,311.3682,269,845,580,184,79,61,3,99,0
95376.48522,311.396,-99,341,1235,209,88,42,31,75,0
95376.48667,311.3975,-58,422,-4131,204,52,36,42,34,0
95376.48801,311.3988,-35,658,1888,156,71,40,21,6,0
95376.51904,311.4299,-309,83,-4389,113,53,43,-18,-4,0
95376.5203,311.4311,-191,736,303,100,79,45,32,-6,0
95376.52152,311.4323,-300,455,2778,104,113,59,76,36,0
95376.52296,311.4338,-88,327,-1898,108,111,51,79,22,0
95376.52437,311.4352,-438,629,4580,99,133,14,97,3,0
95376.52575,311.4366,-429,66,-2541,60,102,0,106,2,0
95376.55385,311.4647,-178,492,-828,61,93,10,99,-13,0
95376.55524,311.4661,-786,28,1377,66,146,21,90,-16,0
95376.55659,311.4674,-428,41,-5681,95,161,34,59,7,0
95376.55802,311.4688,-573,338,-1026,108,181,50,75,2,0
95376.55947,311.4703,-307,-323,-7292,102,159,38,49,-58,0
95376.56074,311.4716,62,286,-4547,104,143,49,26,-74,0
95376.6108,311.5216,-143,-107,877,81,168,33,45,-52,0
95376.61231,311.5231,54,-116,-2569,59,132,22,28,-41,0
95376.61369,311.5245,15,379,2131,79,139,78,36,-44,0
95376.62538,311.5362,-78,-141,-2661,112,132,68,72,-39,0
95376.62685,311.5377,84,395,1913,103,134,50,89,8,0
95376.62811,311.5389,-228,0,-101,66,134,47,75,-2,0
95376.62963,311.5405,108,-71,-6722,65,104,50,46,-21,0
95376.63087,311.5417,234,289,2106,30,130,65,56,-18,0
95376.63222,311.543,-50,-293,-4289,37,109,78,60,-38,0
95376.66026,311.5711,220,237,-537,52,84,77,48,-42,0
95376.66168,311.5725,-161,-42,1038,44,124,104,35,-52,0
95376.66304,311.5739,161,-15,-2514,54,92,88,14,-35,0
95376.69275,311.6036,-149,208,6456,83,65,95,40,17,0
95376.69413,311.605,-352,-256,972,78,38,80,33,26,0
95376.69799,311.6088,87,445,311,62,31,71,41,15,0
95376.7175,311.6283,-390,50,925,59,19,42,7,27,0
95376.71884,311.6297,96,67,-1716,66,-16,24,-6,26,0
95376.72011,311.6309,-108,501,2821,32,20,33,1,31,0
95376.75205,311.6629,-234,-138,-1645,-30,28,19,14,9,0
95376.75354,311.6644,288,496,2010,-58,37,21,2,-12,0
95376.7548,311.6656,-18,184,1867,-62,60,15,-12,-12,0
95376.78481,311.6956,241,84,-3502,-46,41,23,-59,-30,0
95376.78622,311.697,24,392,4576,-13,71,8,-40,-22,0
95376.78768,311.6985,-21,-218,-2555,-24,55,26,-37,20,0
95376.79259,311.7034,448,624,431,-25,40,24,-39,35,0
95376.79387,311.7047,130,398,4677,-16,27,17,-30,56,0
95376.79533,311.7062,345,414,-1603,27,3,-7,-10,29,0
95376.8393,311.7501,191,881,4881,8,-15,26,13,31,0
95376.84072,311.7515,247,219,-1730,-16,-69,57,21,6,0
95376.84194,311.7528,467,629,-1681,-35,-78,32,47,-12,0
95376.84555,311.7564,17,410,-791,-31,-57,41,48,-16,0
95376.84695,311.7578,261,498,-5091,21,-94,50,35,-54,0
95376.84828,311.7591,483,993,3748,41,-54,86,47,-23,0
95376.84976,311.7606,419,353,-1165,20,-84,47,42,19,0
95376.85118,311.762,455,790,2629,-11,-45,35,38,8,0
95376.85256,311.7634,-22,325,3980,18,-13,24,7,19,0
95376.88446,311.7953,135,151,-1112,-2,-38,20,-30,0,0
95376.88601,311.7968,128,431,5525,0,-68,44,-37,-39,0
95376.88732,311.7981,-59,-261,-2762,-18,-74,28,-56,-17,0
95376.91714,311.828,156,310,-944,26,-45,16,-63,-34,0
95376.91867,311.8295,-355,-40,2115,-7,-12,9,-56,-30,0
95376.92024,311.8311,-56,-61,-1657,13,1,14,-88,-17,0
95376.92184,311.8327,-254,289,3815,17,38,34,-111,-17,0
95376.92322,311.834,-364,-214,-2667,38,36,3,-99,-49,0
95376.9246,311.8354,-146,348,-548,23,32,-21,-100,-32,0
95376.95647,311.8673,-473,-112,2423,10,2,-36,-66,-18,0
95376.95792,311.8687,-388,-318,54,-15,-45,-36,-33,-12,0
95376.95924,311.8701,-588,-11,4887,4,10,-37,-36,-8,0
95376.99106,311.9019,-659,-571,-882,2,27,-15,-66,-55,0
95376.99252,311.9033,-213,152,192,34,36,0,-64,-72,0
95376.99641,311.9072,-493,-246,-839,77,49,11,-58,-70,0
95376.99991,311.9107,-243,-238,-3393,95,11,-15,-49,-66,0
95377.00121,311.912,-515,116,5550,68,3,-40,-11,-49,0
95377.00266,311.9135,-679,-465,-1412,49,-2,-61,-9,-27,0
95377.03653,311.9474,-476,157,3609,45,-28,-62,5,-30,0
95377.03805,311.9489,-656,-148,5953,60,42,-45,47,17,0
95377.03935,311.9502,-532,-211,-1160,39,-13,-64,37,39,0
95377.04085,311.9517,-649,65,4828,35,-5,-56,31,101,0
95377.0421,311.9529,-613,-498,90,26,22,-62,28,101,0
95377.04332,311.9541,-337,124,1636,34,36,-50,12,97,0
95377.10145,312.0123,-727,-131,4347,8,17,-57,33,128,0
95377.10296,312.0138,-579,-229,-1562,26,8,-32,48,139,0
95377.10439,312.0152,-581,120,1509,6,2,-19,26,159,0
95377.10594,312.0168,-807,-571,-3889,-17,-4,17,8,158,0
95377.10728,312.0181,-370,139,-2009,-23,6,8,25,185,0
95377.10871,312.0195,-814,-155,-1520,-61,6,32,17,184,0
95377.11365,312.0245,-488,-285,-6933,-59,-29,45,20,220,0
95377.115,312.0258,-547,159,568,-81,8,7,15,258,0
95377.11623,312.0271,-553,-111,-7116,-75,26,31,-15,230,0
95377.14356,312.0544,-184,491,-1804,-69,30,19,-19,200,0
95377.14587,312.0567,-687,83,-276,-73,29,-15,-39,178,0
95377.14715,312.058,-542,68,-4491,-80,24,-37,-51,178,0
95377.1811,312.0919,-663,408,1140,-77,55,-34,-32,151,0
95377.18247,312.0933,-641,-135,-2961,-58,61,-3,-42,105,0
95377.18381,312.0946,-400,439,-205,-28,58,-59,-45,80,0
95377.18513,312.096,-714,18,642,-13,88,-107,-59,77,0
95377.18657,312.0974,-421,45,-4652,-24,54,-119,-69,92,0
95377.19063,312.1015,-381,426,2525,-37,56,-129,-49,120,0
95377.21709,312.1279,-537,-207,-1006,-39,17,-152,-19,161,0
95377.21849,312.1293,-94,273,1382,-60,-9,-120,23,210,0
95377.21994,312.1308,-535,-184,751,-33,0,-82,32,184,0
95377.24972,312.1605,-422,-301,-2303,-4,-34,-109,-2,172,0
95377.25119,312.162,-421,164,5614,17,-17,-94,-17,202,0
95377.25257,312.1634,-572,-190,-1060,15,1,-96,-58,219,0
95377.25413,312.165,-36,612,2342,25,22,-119,-45,201,0
95377.25798,312.1688,-197,154,4248,25,41,-79,-51,203,0
95377.25947,312.1703,1,209,-4507,37,24,-95,-45,221,0
95377.28622,312.197,-138,449,831,-10,71,-115,-76,229,0
95377.28757,312.1984,-237,-176,-5291,-6,74,-95,-80,181,0
95377.28899,312.1998,1,373,-1923,-9,72,-86,-65,148,0
95377.31679,312.2276,-467,-71,1681,-14,89,-60,-40,151,0
95377.31815,312.229,-184,-136,-1742,13,66,-66,-53,169,0
95377.31944,312.2303,-367,288,3340,20,59,-41,-24,174,0
95377.36578,312.2766,-592,-308,-2569,5,76,-66,-38,121,0
95377.36716,312.278,-239,207,-85,-3,74,-72,-53,93,0
95377.36845,312.2793,-544,-173,-495,-7,140,-46,-47,72,0
95377.3721,312.2829,-216,-63,-5513,19,129,-31,-81,82,0
95377.37359,312.2844,-204,373,1208,23,166,-2,-84,104,0
95377.37797,312.2888,-474,-156,-5200,1,131,31,-62,108,0
95377.37952,312.2903,-372,545,-2354,-4,117,20,-57,112,0
95377.3809,312.2917,-658,105,1160,21,102,6,-76,176,0
95377.38227,312.2931,-441,1,-4147,56,82,-39,-90,193,0
95377.40619,312.317,-479,372,5207,64,105,-47,-60,181,0
95377.40748,312.3183,-515,-91,-404,107,84,-45,-19,164,0
95377.40882,312.3196,-187,648,389,125,87,-53,15,153,0
95377.42268,312.3335,-386,465,3711,126,97,-36,22,173,0
95377.42406,312.3349,74,644,994,152,73,-47,8,196,0
95377.42542,312.3362,-95,811,7275,146,79,-28,20,206,0
95377.45545,312.3663,-385,126,1544,131,69,-41,-8,194,0
95377.45684,312.3677,-110,660,4030,96,72,-28,-30,210,0
95377.45823,312.3691,-334,266,3528,85,95,-44,-26,188,0
95377.50242,312.4132,-11,246,-3274,99,42,-25,-49,149,0
95377.50383,312.4147,-85,803,4005,75,44,-13,-56,143,0
95377.50531,312.4161,-192,208,-1501,71,61,-32,-18,137,0
95377.50674,312.4176,296,873,524,36,57,-26,16,94,0
95377.508,312.4188,-18,596,1584,44,116,5,30,59,0
95377.50921,312.42,368,603,-5931,27,61,-32,1,23,0
95377.53695,312.4478,452,803,3777,35,67,-28,43,42,0
95377.53826,312.4491,285,196,-3437,33,66,-13,63,70,0
95377.54136,312.4522,614,642,-2064,18,84,7,80,72,0
95377.54296,312.4538,152,202,1249,2,125,33,78,40,0
95377.54686,312.4577,293,69,-878,-5,109,8,36,20,0
95377.54834,312.4592,239,536,6098,-10,130,-3,48,66,0
95377.57731,312.4881,18,-125,1626,-21,103,-4,75,121,0
95377.57868,312.4895,260,346,2825,-44,88,7,62,149,0
95377.58023,312.4911,-193,-78,2840,-63,44,14,55,166,0
95377.61225,312.5231,188,82,-3680,-56,5,17,26,171,0
95377.61376,312.5246,24,606,5040,-37,18,45,-20,181,0
95377.61532,312.5261,-15,-176,-308,-21,-11,47,-22,178,0
95377.62484,312.5357,115,312,4689,-29,-21,50,16,194,0
95377.62619,312.537,-466,-65,6711,-14,0,88,-10,225,0
95377.62747,312.5383,-375,-146,-2550,-16,-25,102,-24,225,0
95377.65986,312.5707,-289,317,4709,-23,-19,82,-16,222,0
95377.66135,312.5722,-397,-148,-1528,-28,-63,54,-21,210,0
95377.66283,312.5737,67,426,-261,10,-39,27,-18,226,0
95377.66428,312.5751,-340,150,2082,30,-4,44,-23,198,0
95377.66561,312.5764,31,37,-4537,33,-17,39,-20,194,0
95377.66692,312.5777,147,621,457,-3,8,38,-42,175,0
95377.69666,312.6075,79,-24,-5093,2,-23,49,-104,157,0
95377.69797,312.6088,581,493,-3442,28,-31,47,-114,138,0
95377.69922,312.61,101,41,-2736,14,-7,19,-99,111,0
95377.73108,312.6419,42,29,-7279,2,-31,36,-90,99,0
95377.73356,312.6444,111,573,1122,2,3,14,-67,132,0
95377.7358,312.6466,189,65,-3014,20,3,-9,-67,186,0
95377.7679,312.6787,326,664,357,25,8,-33,-67,198,0
95377.76918,312.68,37,171,3911,43,33,-78,-45,175,0
95377.77041,312.6812,321,-69,-2892,12,-4,-97,-43,159,0
95377.77194,312.6828,34,307,5022,12,44,-73,-41,168,0
95377.77337,312.6842,-138,-251,-635,-7,44,-85,-57,172,0
95377.77466,312.6855,153,336,751,-23,82,-93,-44,191,0
95377.80456,312.7154,-306,141,3052,-50,102,-64,-30,175,0
95377.80586,312.7167,-109,141,-5080,-26,77,-58,-34,181,0
95377.80711,312.7179,40,520,1435,-11,61,-64,-3,178,0
95377.80865,312.7195,-122,-149,-3459,-22,57,-104,-16,159,0
95377.81005,312.7209,-35,489,-1781,-12,60,-85,1,103,0
95377.81155,312.7224,-302,-52,486,13,35,-68,0,72,0
95377.84553,312.7564,-174,-89,-2777,12,52,-33,0,88,0
95377.84955,312.7604,-231,154,3945,43,94,-17,48,83,0
95377.85091,312.7617,-510,-651,-1464,58,75,-50,47,108,0
95377.88021,312.791,-10,48,1031,72,104,-76,36,154,0
95377.88147,312.7923,-395,-31,4589,47,150,-60,40,192,0
95377.88267,312.7935,-9,69,-807,38,126,-47,19,183,0
95377.88417,312.795,-368,441,5817,69,178,-33,42,193,0
95377.88553,312.7964,-377,-109,1194,73,152,-39,41,213,0
95377.88683,312.7977,88,659,2830,57,138,-38,79,190,0
95377.91678,312.8276,-201,458,5893,66,173,-25,73,240,0
95377.91818,312.829,-11,446,2276,77,148,-21,49,261,0
95377.91948,312.8303,-284,707,8685,62,146,-38,25,316,0
95377.92114,312.832,-394,33,1317,37,168,-70,18,339,0
95377.92245,312.8333,-66,553,1061,-5,188,-47,62,362,0
95377.92389,312.8347,-329,289,2093,-8,249,-46,115,354,0
95377.95178,312.8626,-77,315,-1675,-11,213,-46,112,352,0
95377.95309,312.8639,-250,638,4348,-38,232,-76,95,340,0
95377.95437,312.8652,-527,-10,-4464,-68,252,-87,92,282,0
95377.98435,312.8952,-118,678,-2647,-85,253,-114,82,272,0
95377.98577,312.8966,-302,382,-2659,-97,239,-136,88,275,0
95377.98707,312.8979,-44,458,-8851,-87,206,-156,105,219,0
95378.01694,312.9278,-256,605,-1630,-77,198,-163,117,190,0
95378.01839,312.9292,-407,-88,-6649,-38,197,-176,122,179,0
95378.01964,312.9305,-167,524,-5994,-25,180,-168,122,179,0
95378.03335,312.9442,-375,212,-2690,-29,196,-185,151,148,0
95378.03479,312.9456,-194,111,-6328,8,187,-179,130,140,0
95378.03606,312.9469,-386,400,-1931,23,187,-171,105,126,0
95378.07011,312.9809,-439,-338,-5619,24,161,-200,69,115,0
95378.0716,312.9824,-64,450,-1646,23,159,-224,52,92,0
95378.07288,312.9837,-594,237,-1258,40,166,-225,45,103,0
95378.07447,312.9853,-565,162,-5826,30,120,-196,39,105,0
95378.07575,312.9866,-454,618,682,43,162,-172,79,109,0
95378.07704,312.9879,-510,96,-4349,66,114,-170,83,108,0
95378.12708,313.0379,-29,752,-1761,94,115,-165,61,90,0
95378.12862,313.0394,-311,396,-484,96,138,-140,34,74,0
95378.12991,313.0407,-188,235,-5293,132,98,-126,-8,61,0
95378.13399,313.0448,-276,508,3500,124,101,-130,2,26,0
95378.1353,313.0461,-403,-232,2001,115,83,-134,-1,14,0
95378.13931,313.0501,-293,344,2909,105,100,-121,-26,20,0
95378.18742,313.0982,-366,-39,4638,78,142,-110,-52,13,0
95378.18893,313.0998,-186,-190,-462,51,130,-99,-72,7,0
95378.19035,313.1012,-429,205,7107,0,140,-74,-38,16,0
95378.19216,313.103,-517,-225,4835,-35,140,-74,-26,39,0
95378.19362,313.1044,-162,540,7159,4,118,-113,-61,88,0
95378.19509,313.1059,-481,121,6214,0,168,-96,-66,81,0
95378.19654,313.1074,-295,-41,2102,-8,121,-113,-64,8,0
95378.1979,313.1087,-306,298,8595,-17,103,-122,-62,-7,0
95378.19919,313.11,-402,-239,1929,-52,103,-98,-76,-26,0
95378.22935,313.1402,-209,280,2574,-76,77,-79,-65,-18,0
95378.23082,313.1416,-574,126,4278,-83,123,-47,-83,-2,0
95378.23226,313.1431,-290,-80,-1920,-134,103,-53,-104,-43,0
95378.23374,313.1446,-428,170,6101,-142,95,-54,-112,-82,0
95378.23517,313.146,-471,-384,616,-128,104,-52,-111,-87,0
95378.23653,313.1474,-240,111,2153,-94,115,-81,-80,-64,0
95378.2643,313.1751,-397,-33,1689,-73,115,-92,-63,-60,0
95378.26557,313.1764,-156,-64,-4987,-54,129,-96,-77,-80,0
95378.26688,313.1777,-276,392,-372,-55,132,-59,-59,-70,0
95378.2964,313.2072,-493,-208,-4927,-63,106,-63,-62,-40,0
95378.29766,313.2085,-310,352,-4120,-52,98,-46,-15,-58,0
95378.29901,313.2098,-600,-51,-3555,12,127,-14,4,-85,0
95378.33093,313.2418,-364,-395,-9004,52,112,-54,20,-70,0
95378.33233,313.2432,-472,-83,-2418,48,99,-41,60,-58,0
95378.33363,313.2445,-601,-589,-8263,42,74,-53,46,-37,0
95378.33524,313.2461,-252,198,-4157,62,52,-64,35,6,0
95378.33647,313.2473,-562,54,859,74,41,-36,-3,26,0
95378.33771,313.2485,-329,-169,-6928,109,25,-34,-5,47,0
95378.36825,313.2791,-358,130,528,80,43,8,-36,81,0
95378.36956,313.2804,-393,-413,-6452,67,51,17,-42,68,0
95378.37085,313.2817,-80,123,-6788,57,52,-12,-46,75,0
95378.40072,313.3115,-597,-201,-3292,63,75,-15,-18,53,0
95378.40499,313.3158,-336,-274,-6068,113,74,-10,-30,10,0
95378.40659,313.3174,-485,129,531,114,48,-17,-7,21,0
95378.40807,313.3189,-705,-531,-2579,110,32,-44,-10,33,0
95378.40961,313.3204,-233,-23,1480,128,65,-48,5,51,0
95378.41106,313.3219,-577,-299,3194,116,109,-48,12,51,0
95378.45425,313.3651,-389,-214,-4865,124,84,-22,-3,68,0
95378.45566,313.3665,-342,183,1600,110,121,-35,5,76,0
95378.45692,313.3677,-331,-279,-6146,129,148,-84,-1,64,0
95378.45851,313.3693,167,394,-3378,129,117,-66,19,52,0
95378.45978,313.3706,19,264,-2181,147,120,-73,10,23,0
95378.46105,313.3719,302,267,-8669,149,109,-89,-2,-5,0
95378.4932,313.404,224,591,-299,159,136,-82,14,2,0
95378.49452,313.4053,-81,-58,-4271,180,141,-97,11,1,0
95378.49582,313.4066,134,486,-3667,220,136,-112,12,16,0
95378.49733,313.4082,-169,253,-3004,228,193,-100,27,16,0
95378.49872,313.4095,-42,55,-7733,229,181,-98,59,5,0
95378.5,313.4108,-15,500,-2508,241,214,-53,73,18,0
95378.52796,313.4388,-15,-114,-8034,256,200,-14,30,6,0
95378.52924,313.4401,302,346,-6889,264,184,-28,37,-4,0
95378.53053,313.4414,-16,78,-3887,258,180,-54,64,-13,0
95378.56031,313.4711,244,-143,-5023,269,107,-59,89,-28,0
95378.5617,313.4725,-55,296,4084,248,118,-72,97,-18,0
95378.56294,313.4738,-244,-317,-3426,248,133,-83,74,-29,0
95378.56448,313.4753,194,194,-622,213,134,-75,67,-32,0
95378.56577,313.4766,-121,-47,5137,178,175,-56,69,-9,0
95378.56697,313.4778,61,-141,-1980,164,141,-31,54,0,0
95378.59895,313.5098,-24,404,4200,140,190,-10,15,17,0
95378.6004,313.5112,-298,-304,816,117,184,27,17,18,0
95378.60183,313.5127,20,283,1520,105,152,8,23,-10,0
95378.63804,313.5489,-486,19,4503,106,134,54,43,-4,0
95378.63952,313.5503,-95,-62,-1011,94,107,50,32,-38,0
95378.64094,313.5518,-54,159,7313,84,139,66,48,-30,0
95378.67214,313.583,-239,-417,3032,60,135,76,10,-53,0
95378.67341,313.5842,175,178,5812,96,129,92,2,-31,0
95378.67473,313.5856,-318,-81,6109,125,148,96,16,-63,0
95378.6763,313.5871,-141,-98,-1000,150,58,101,11,-99,0
95378.6802,313.591,-371,439,6107,112,80,126,-2,-117,0
95378.68155,313.5924,-680,-196,124,99,94,113,5,-122,0
95378.71145,313.6223,-292,370,2365,86,79,126,3,-144,0
95378.71286,313.6237,-586,220,4668,71,94,155,39,-129,0
95378.71417,313.625,-276,-105,-5667,86,86,162,-30,-141,0
95378.71559,313.6264,-381,185,-1279,105,76,148,-73,-170,0
95378.71683,313.6277,-190,-408,-5895,88,35,187,-80,-154,0
95378.71806,313.6289,171,267,-5689,76,20,163,-69,-132,0
95378.74816,313.659,-38,-35,-5128,72,46,124,-42,-105,0
95378.74961,313.6604,223,-53,-11281,46,-11,71,-86,-79,0
95378.75085,313.6617,-27,375,-2859,47,8,62,-60,-14,0
95378.77866,313.6895,-471,-246,-6017,38,-1,23,-50,-2,0
95378.78005,313.6909,-192,419,-3534,27,-19,14,-36,1,0
95378.78135,313.6922,-413,81,-2834,43,18,25,-41,18,0
95378.81518,313.726,1,111,-8370,22,-13,3,-44,-11,0
95378.81644,313.7273,-176,676,-265,-4,-8,-1,-23,-28,0
95378.81767,313.7285,-394,14,-5447,-36,-1,19,-33,9,0
95378.81922,313.73,93,551,-5115,-59,-16,86,-42,19,0
95378.82052,313.7313,-98,263,252,-84,14,100,-46,47,0
95378.82189,313.7327,231,114,-5535,-88,-10,115,-24,61,0
95378.85397,313.7648,351,628,2426,-99,7,106,-4,79,0
95378.85538,313.7662,91,138,-3231,-95,-3,111,-7,63,0
95378.85675,313.7676,334,604,-3678,-88,-25,111,-56,67,0
95378.88462,313.7954,-55,247,968,-72,-36,151,-59,36,0
95378.88685,313.7977,45,59,-3423,-44,-90,131,-36,11,0
95378.88814,313.799,-126,316,2268,-43,-51,80,33,22,0
95378.88947,313.8003,-467,-210,-1739,-41,-47,69,53,52,0
95378.89071,313.8015,167,497,1359,-71,-46,40,71,97,0
95378.89206,313.8029,-13,334,3661,-81,-12,48,85,102,0
95378.91978,313.8306,4,167,-1890,-80,-40,25,67,122,0
95378.92107,313.8319,-80,606,3130,-104,-24,39,45,145,0
95378.92255,313.8334,-198,-165,-5056,-157,-27,73,2,149,0
95378.95644,313.8673,166,361,-3831,-168,-39,75,7,129,0
95378.95773,313.8686,-169,181,691,-169,-17,84,30,125,0
95378.95897,313.8698,156,177,-6466,-138,-58,61,-43,96,0
95378.96303,313.8739,118,689,814,-119,-43,71,-4,92,0
95378.96447,313.8753,-233,-45,-6146,-100,-53,69,-37,93,0
95378.96598,313.8768,295,341,-5242,-96,-50,50,-68,82,0
95378.9918,313.9026,-24,-54,760,-60,4,54,-63,83,0
95378.99313,313.904,149,-416,-2725,-23,-33,25,-67,118,0
95378.99441,313.9052,119,47,1512,16,-7,-9,-54,121,0
95379.02633,313.9372,-133,-562,-3312,5,-6,8,-32,143,0
95379.0278,313.9386,131,58,686,7,25,23,-20,194,0
95379.02938,313.9402,-344,-193,3165,2,40,29,-24,183,0
95379.0308,313.9416,-98,-193,-3628,23,8,18,-12,188,0
95379.03221,313.943,14,122,3243,7,0,14,2,209,0
95379.03361,313.9444,-258,-521,-4861,31,-13,-8,7,172,0
95379.06761,313.9784,278,-64,-1902,50,-38,-4,17,173,0
95379.06901,313.9798,-313,-312,1720,58,-21,-21,22,181,0
95379.07052,313.9813,-51,-472,-4797,59,0,-34,66,166,0
95379.07416,313.985,-128,-89,2411,30,-8,-12,73,135,0
95379.07552,313.9863,-190,-718,-2596,-11,-31,-5,33,119,0
95379.07688,313.9877,66,-131,-1643,-37,-66,-22,13,95,0
95379.11684,314.0277,-156,-306,1353,-39,-29,3,13,118,0
95379.11815,314.029,170,-378,-4128,-30,-28,13,-24,126,0
95379.1194,314.0302,136,76,1151,-16,-47,35,-7,152,0
95379.12277,314.0336,-137,-462,-3680,-3,-56,34,-16,142,0
95379.12408,314.0349,2,-94,-2760,14,-65,29,-47,134,0
95379.12535,314.0362,-366,-383,-1972,21,-80,5,-59,118,0
95379.1961,314.1069,-43,-345,-7129,20,-117,12,-80,89,0
95379.19759,314.1084,-117,27,-644,67,-117,54,-73,47,0
95379.19932,314.1101,-279,-655,-7206,116,-141,80,-73,-3,0
95379.2008,314.1116,41,-96,-5513,141,-168,23,-70,-47,0
95379.20211,314.1129,-249,-253,-2264,101,-154,49,-62,-59,0
95379.20338,314.1142,53,-343,-7143,94,-182,74,-59,-59,0
95379.20682,314.1176,-197,35,-435,108,-163,104,-55,-81,0
95379.20806,314.1189,-231,-469,-5046,109,-147,102,-67,-102,0
95379.20941,314.1202,72,89,-3145,127,-130,119,-97,-125,0
95379.24145,314.1523,-83,-43,-400,116,-92,162,-97,-174,0
95379.24275,314.1536,113,-154,-3028,126,-112,171,-49,-200,0
95379.24404,314.1549,28,270,2829,166,-81,161,-23,-160,0
95379.27039,314.1812,-104,-412,-4292,157,-89,124,-63,-154,0
95379.27179,314.1826,285,188,-1216,169,-123,101,-70,-154,0
95379.27312,314.1839,-340,-32,1895,176,-97,89,-37,-115,0
95379.31319,314.224,-86,-274,-1709,213,-123,120,-60,-84,0
95379.3154,314.2262,-90,206,3758,210,-68,88,-26,-80,0
95379.31734,314.2282,-42,-363,153,194,-73,105,-42,-80,0
95379.31882,314.2296,285,242,3848,203,-67,78,-37,-54,0
95379.32014,314.231,-249,-26,7136,181,-59,47,-59,-47,0
95379.32155,314.2324,-128,-109,-684,146,-45,9,-82,-52,0
95379.32304,314.2339,-192,251,6933,109,-13,35,-93,-49,0
95379.32866,314.2395,-47,-300,-121,130,-31,45,-75,-61,0
95379.33006,314.2409,228,390,161,158,-31,31,-35,-62,0
95379.35421,314.265,-263,73,1049,119,8,46,-5,-72,0
95379.35555,314.2664,52,-130,-5729,109,-4,57,-7,-45,0
95379.35682,314.2676,-18,410,940,108,22,59,-8,-42,0
95379.3583,314.2691,-273,-226,-4613,110,-26,55,-14,-70,0
95379.35958,314.2704,52,66,-2553,100,-24,50,16,-77,0
95379.36085,314.2717,-428,-321,-2028,82,-21,68,41,-77,0
95379.4048,314.3156,-241,-444,-6048,92,-16,60,41,-84,0
95379.4062,314.317,-286,3,2285,111,-27,84,24,-53,0
95379.40755,314.3184,-376,-661,-3451,71,1,128,6,-19,0
95379.40895,314.3198,-137,24,-3272,27,-21,143,3,-13,0
95379.41017,314.321,-650,-324,-205,34,-22,135,6,-31,0
95379.41154,314.3224,-474,-546,-5035,58,-52,99,25,-39,0
95379.44296,314.3538,-440,-108,4028,78,-26,45,30,-34,0
95379.4443,314.3551,-664,-681,-772,71,-38,55,0,6,0
95379.44554,314.3564,-161,-167,222,82,-77,114,16,8,0
95379.47958,314.3904,-503,-364,2923,66,-61,106,34,5,0
95379.4811,314.3919,-238,-520,-4153,82,-74,100,15,-53,0
95379.48239,314.3932,-159,-141,2409,103,-66,87,-18,-55,0
95379.51224,314.4231,-104,-541,-1061,152,-52,108,13,-50,0
95379.51364,314.4245,230,87,2471,202,-35,112,17,-19,0
95379.51505,314.4259,-263,-300,5658,217,7,120,47,9,0
95379.5165,314.4273,30,-437,-2310,202,-7,105,50,13,0
95379.5178,314.4286,-170,-54,6038,166,7,169,65,32,0
95379.52172,314.4325,-565,-762,1023,191,-17,164,65,40,0
95379.54556,314.4564,-206,-305,1668,214,-52,151,50,56,0
95379.54722,314.458,-442,-463,3772,179,-14,146,22,25,0
95379.54864,314.4595,-162,-222,-4572,151,-21,111,-15,21,0
95379.57845,314.4893,-301,328,2516,143,3,112,2,6,0
95379.58,314.4908,-349,-130,-3426,120,-8,95,8,-45,0
95379.58137,314.4922,255,488,-1775,111,-23,91,25,-59,0
95379.59872,314.5095,-117,128,801,106,1,87,18,-71,0
95379.60013,314.511,339,-97,-3895,88,20,62,-14,-80,0
95379.60143,314.5123,291,338,4235,107,49,58,-8,-62,0
95379.60297,314.5138,214,-244,256,133,48,55,24,-37,0
95379.60442,314.5152,495,241,1270,126,31,39,8,-71,0
95379.60579,314.5166,35,38,2798,127,95,5,17,-90,0
95379.64767,314.5585,235,-124,-2282,109,72,-38,44,-86,0
95379.64922,314.56,238,269,3674,107,93,-32,25,-97,0
95379.65059,314.5614,25,-416,-2597,84,88,-43,1,-134,0
95379.65225,314.5631,276,146,-1345,67,75,-85,-19,-151,0
95379.65355,314.5644,-169,-216,1646,77,128,-69,-26,-110,0
95379.65485,314.5657,264,-377,-5060,89,97,-79,-37,-90,0
95379.68306,314.5939,342,13,2305,100,110,-58,-18,-65,0
95379.68452,314.5953,39,-520,-151,118,112,-59,-20,-78,0
95379.68584,314.5967,437,168,-148,156,90,-43,-8,-82,0
95379.71376,314.6246,200,-131,2341,130,124,-26,32,-73,0
95379.71523,314.6261,371,-246,-660,158,118,-41,51,-84,0
95379.71671,314.6275,132,149,5045,134,136,-24,50,-51,0
95379.74868,314.6595,-192,-512,-481,78,132,-21,24,-35,0
95379.75012,314.6609,41,23,805,44,125,9,22,-58,0
95379.75157,314.6624,-183,-184,2045,35,124,53,4,-53,0
95379.78559,314.6964,8,-368,-4016,58,72,34,-18,-52,0
95379.78702,314.6978,115,298,2722,35,72,25,-27,-58,0
95379.78837,314.6992,-48,-337,-1429,31,102,11,-9,-21,0
95379.79011,314.7009,195,1,-1172,2,111,15,-22,-19,0
95379.79151,314.7023,88,-163,3558,0,130,1,-5,-24,0
95379.7929,314.7037,471,-281,-3755,28,98,-25,-20,-59,0
95379.80282,314.7136,323,129,1929,47,135,-36,-2,-66,0
95379.80659,314.7174,14,-495,-2622,20,115,-37,-8,-92,0
95379.80788,314.7187,340,13,-3247,10,76,-35,7,-109,0
95379.83781,314.7486,34,44,102,20,79,-2,17,-170,0
95379.83927,314.7501,300,79,-6557,39,51,7,1,-169,0
95379.84063,314.7515,128,451,1776,30,77,8,40,-191,0
95379.87039,314.7812,-248,-100,-2230,8,71,-4,50,-210,0
95379.87186,314.7827,74,319,-314,-10,28,-23,76,-157,0
95379.8732,314.784,-446,-48,305,1,50,-7,81,-167,0
95379.87461,314.7854,-356,-258,-3625,36,-13,1,47,-173,0
95379.87597,314.7868,-451,134,2526,35,-14,16,19,-207,0
95379.87726,314.7881,-520,-499,-3699,45,-28,-7,3,-209,0
95379.91107,314.8219,-310,8,-984,69,-20,-15,-2,-188,0
95379.91249,314.8233,-652,-176,1631,91,-34,-49,-32,-182,0
95379.91372,314.8245,-303,-199,-4807,88,-48,-43,-58,-201,0
95379.94143,314.8523,-246,268,3040,53,-32,-46,-55,-166,0
95379.94279,314.8536,-305,-335,-3082,39,-40,-50,-18,-165,0
95379.94417,314.855,22,240,-3848,55,-48,-34,-6,-182,0
95379.98477,314.8956,-202,165,-59,62,3,-45,15,-198,0
95379.98612,314.8969,-82,98,-5609,75,23,-48,-1,-219,0
95379.98737,314.8982,-217,575,2326,95,41,-9,12,-196,0
95379.98876,314.8996,-471,21,-1936,57,34,10,13,-202,0
95379.99037,314.9012,-21,499,-1007,58,-14,-5,13,-206,0
95379.99178,314.9026,-377,238,1603,92,48,-27,34,-199,0
95379.99315,314.904,-46,-12,-2000,105,87,-15,32,-182,0
95379.99453,314.9054,-4,350,6215,148,101,20,45,-109,0
95379.99589,314.9067,-301,-351,67,170,75,0,80,-83,0
95380.02271,314.9335,-124,144,1522,189,50,30,49,-82,0
95380.02405,314.9349,-482,52,6075,205,85,16,78,-59,0
95380.02533,314.9362,-371,-116,-3895,209,91,-11,67,-63,0
95380.06545,314.9763,-352,192,1878,190,107,-55,69,-68,0
95380.06694,314.9778,-646,-490,-3355,169,102,-50,40,-100,0
95380.06824,314.9791,-319,-16,-2246,183,109,-40,64,-100,0
95380.06953,314.9804,-777,-355,2822,174,155,-4,98,-87,0
95380.07078,314.9816,-451,-430,-2789,171,133,6,92,-58,0
95380.07208,314.9829,-445,177,4211,176,160,20,105,-37,0
95260.08941,195.0002,-383,-619,-4209,203,-38,-43,-43,-96,0
95260.09088,195.0017,-479,-14,2059,181,-25,-48,-46,-116,0
95260.09275,195.0036,-722,-801,-574,204,-20,-34,-20,-104,0
95260.09436,195.0052,-325,-515,1439,233,-26,-33,-19,-74,0
95260.09563,195.0065,-619,-553,6547,264,-36,-1,10,-48,0
95260.09696,195.0078,-661,-1028,-747,263,-89,12,-28,-64,0
95260.12676,195.0376,-587,-273,4055,239,-87,40,-47,-57,0
95260.13016,195.041,-716,-794,2181,201,-93,57,-65,-82,0
95260.13398,195.0448,-133,-331,3016,211,-120,50,-97,-58,0
95260.13539,195.0462,-562,-317,9079,241,-97,68,-93,-57,0
95260.1367,195.0475,-583,-873,3145,269,-76,43,-94,-27,0
95260.13796,195.0488,-494,-336,8566,263,-40,-18,-98,11,0
95260.16203,195.0729,-720,-1002,4228,238,-61,-38,-108,38,0
95260.16356,195.0744,-298,-684,3210,231,-70,-33,-124,12,0
95260.16502,195.0758,-817,-782,6976,234,-32,-57,-141,-4,0
95260.19904,195.1099,-800,-1245,343,288,-66,-65,-106,19,0
95260.2003,195.1111,-906,-595,6059,262,-45,-36,-66,14,0
95260.20156,195.1124,-1029,-1161,2011,263,-33,-24,-63,9,0
95260.20303,195.1139,-745,-742,-524,242,-85,-2,-70,9,0
95260.20458,195.1154,-1023,-901,2058,211,-69,21,-48,-17,0
95260.20605,195.1169,-831,-1168,-5380,173,-72,14,-19,-14,0
95260.23619,195.147,-652,-541,4558,162,-20,26,-18,-4,0
95260.23764,195.1485,-1050,-1205,2088,145,-18,50,-8,5,0
95260.239,195.1498,-711,-922,-108,129,-43,32,6,3,0
95260.28518,195.196,-1052,-872,3582,99,5,44,49,29,0
95260.28655,195.1974,-1035,-1233,-3479,79,-5,12,60,50,0
95260.28783,195.1987,-808,-489,1537,67,12,-48,46,93,0
95260.32797,195.2388,-1003,-1092,-3263,75,15,-95,20,91,0
95260.32932,195.2401,-552,-536,-3138,89,28,-91,3,76,0
95260.33064,195.2415,-869,-477,1170,99,79,-55,22,52,0
95260.33218,195.243,-597,-884,-4451,115,76,-52,3,35,0
95260.3338,195.2446,-544,-254,4448,129,60,-40,11,56,0
95260.33524,195.2461,-825,-882,1113,127,69,3,-14,84,0
95260.33694,195.2478,-461,-386,1052,124,43,-6,-27,90,0
95260.33837,195.2492,-796,-296,5906,111,94,-19,-18,120,0
95260.33983,195.2507,-885,-724,-3499,118,49,-46,-29,103,0
95260.34128,195.2521,-818,22,4823,89,84,-40,-25,72,0
95260.34261,195.2534,-991,-627,1697,68,107,-20,-15,58,0
95260.34394,195.2548,-550,-126,606,67,68,1,34,74,0
95260.40545,195.3163,-706,71,7788,54,85,9,38,97,0
95260.40693,195.3178,-615,-414,1747,37,34,26,-8,132,0
95260.40834,195.3192,-434,136,6710,47,74,27,-34,139,0
95260.41163,195.3225,-701,-659,4802,55,68,48,-40,133,0
95260.41295,195.3238,-471,-440,5704,81,80,48,-21,107,0
95260.41423,195.3251,-692,-560,9407,61,142,51,-40,54,0
95260.4156,195.3264,-484,-865,3585,41,106,28,-34,43,0
95260.41689,195.3277,-360,-185,10538,13,108,53,-47,49,0
95260.41822,195.329,-689,-885,4982,-19,100,51,-80,28,0
95260.44408,195.3549,-295,-268,7380,0,37,49,-78,39,0
95260.44611,195.3569,-788,-242,12615,37,92,71,-48,70,0
95260.44733,195.3582,-411,-798,5998,37,93,100,-21,83,0
95260.45411,195.3649,-248,-231,12315,46,84,72,8,100,0
95260.45546,195.3663,-589,-899,8635,59,91,79,-3,129,0
95260.45683,195.3677,-76,-403,5269,47,84,87,-20,126,0
95260.50305,195.4139,-439,-453,10875,42,109,84,-18,120,0
95260.5045,195.4153,-420,-814,5384,33,49,74,-53,105,0
95260.50599,195.4168,-227,-103,11136,34,76,78,-69,136,0
95260.51841,195.4292,-525,-862,8795,37,78,90,-55,194,0
95260.51991,195.4307,-239,-464,7215,-9,101,62,-26,214,0
95260.52119,195.432,-401,-476,8650,-16,148,58,-3,208,0
95260.55303,195.4639,-309,-995,-1845,-18,122,-1,-48,213,0
95260.5545,195.4653,39,-56,1415,-25,129,-14,-75,182,0
95260.55804,195.4689,-522,-811,-2328,-50,117,-34,-71,188,0
95260.55947,195.4703,-12,-423,-2090,-20,112,-58,-66,222,0
95260.56085,195.4717,-420,-406,1970,-4,103,-48,-81,243,0
95260.5621,195.4729,-498,-859,-7368,8,75,-73,-89,254,0
95260.6105,195.5213,-527,-260,-952,3,101,-108,-93,265,0
95260.61221,195.523,-915,-818,-4731,11,79,-122,-90,263,0
95260.61358,195.5244,-440,-277,-8355,10,37,-112,-99,201,0
95260.62334,195.5342,-616,-282,-4803,-36,41,-81,-93,178,0
95260.62465,195.5355,-467,-652,-11705,-38,5,-51,-82,139,0
95260.62588,195.5367,-277,-42,-3395,-41,37,-23,-58,186,0
95260.62742,195.5382,-357,-806,-5302,-35,12,-50,-43,202,0
95260.62875,195.5396,-188,-462,-6627,3,6,16,-6,191,0
95260.6301,195.5409,-565,-570,-2019,23,35,6,-4,179,0
95260.68979,195.6006,-524,-928,-6439,18,14,15,-56,199,0
95260.6914,195.6022,-260,-227,530,-16,34,47,-37,182,0
95260.69519,195.606,-439,-853,-2738,-6,32,38,-18,167,0
95260.72915,195.64,-95,-269,-5728,3,10,27,-19,156,0
95260.7307,195.6415,-303,-250,-3057,-6,48,13,36,140,0
95260.73213,195.643,-126,-639,-11546,4,-6,0,32,127,0
95260.7336,195.6444,-65,52,-2722,-2,-27,-7,30,104,0
95260.73488,195.6457,-518,-696,-3797,1,-8,-29,33,69,0
95260.74112,195.6519,-174,-447,-5633,9,-58,-11,39,45,0
95260.74275,195.6536,-614,-473,-3105,3,-30,-20,19,36,0
95260.74407,195.6549,-421,-938,-8981,32,-9,-44,17,18,0
95260.74557,195.6564,-312,-216,-3953,50,-15,-58,33,-24,0
95260.76125,195.6721,-440,-732,-6000,70,-13,-69,44,-37,0
95260.76274,195.6736,74,-187,-4883,102,-54,-68,49,-60,0
95260.76402,195.6748,-172,-202,-1265,106,-27,-64,50,-57,0
95260.76541,195.6762,-132,-627,-8495,98,-42,-51,30,-27,0
95260.76668,195.6775,-96,-73,-3393,44,-15,-45,14,4,0
95260.76792,195.6787,-50,-568,-7619,-2,2,-28,4,19,0
95260.81799,195.7288,376,-41,-5529,-11,-22,-35,9,38,0
95260.82094,195.7318,-156,-90,-1661,-30,-15,-31,7,-8,0
95260.82228,195.7331,234,-619,-8049,5,-29,-60,-38,-32,0
95260.8318,195.7426,346,33,3647,50,-32,-50,-36,-28,0
95260.83309,195.7439,-76,-670,4560,64,-27,-44,-46,-32,0
95260.83433,195.7452,221,-347,2882,35,-49,-71,-47,-31,0
95260.86419,195.775,-59,-296,9008,42,-22,-87,-26,-20,0
95260.86566,195.7765,26,-448,3114,57,-46,-120,-58,-22,0
95260.86692,195.7777,20,198,9616,69,-29,-137,-76,-33,0
95260.86852,195.7793,-379,-494,5413,44,-21,-164,-64,-31,0
95260.86981,195.7806,-284,2,6494,9,-29,-167,-61,-1,0
95260.87107,195.7819,-528,37,9042,-24,-8,-172,-84,-14,0
95260.96896,195.8798,-245,-455,2016,-34,-24,-145,-99,-27,0
95260.97047,195.8813,-442,270,7393,-24,-16,-123,-84,-23,0
95260.97186,195.8827,-688,-507,3810,-36,-17,-116,-95,-6,0
95260.98153,195.8924,-390,-294,3301,-12,5,-139,-101,-35,0
95260.98284,195.8937,-740,-327,7812,15,50,-129,-114,-77,0
95260.98432,195.8951,-642,-760,592,0,22,-127,-132,-60,0
95260.98766,195.8985,-551,-12,9646,27,19,-156,-136,-77,0
95260.98895,195.8998,-778,-562,8215,24,63,-155,-145,-62,0
95260.99024,195.9011,-261,-182,6012,35,79,-135,-205,-76,0
95260.99172,195.9025,-596,-156,8470,31,126,-106,-196,-109,0
95260.99299,195.9038,-516,-425,-75,55,155,-75,-227,-115,0
95260.99439,195.9052,-189,285,3814,69,187,-72,-230,-86,0
95261.02248,195.9333,-402,-277,-2741,31,191,-38,-288,-94,0
95261.0243,195.9351,-139,267,-6109,-8,198,-63,-323,-106,0
95261.02562,195.9364,-485,69,-1938,1,226,-35,-311,-117,0
95261.09656,196.0074,-299,-211,-6686,-9,201,-25,-251,-108,0
95261.09803,196.0089,-248,536,326,-8,206,-8,-232,-71,0
95261.09932,196.0101,-361,-107,-4448,-30,184,27,-206,-85,0
95261.10075,196.0116,-62,291,-5582,-14,173,16,-175,-71,0
95261.10201,196.0128,-501,205,-2207,2,202,5,-160,-26,0
95261.10327,196.0141,-414,-238,-10841,47,174,-31,-146,-33,0
95261.10483,196.0157,-411,265,-1794,33,177,-61,-145,-32,0
95261.1061,196.0169,-612,-212,-4405,37,196,-70,-150,7,0
95261.1075,196.0183,46,512,-7989,17,169,-95,-178,-40,0
95261.1089,196.0197,-17,406,-3490,-35,178,-73,-155,-82,0
95261.11052,196.0213,59,-97,-8836,-33,156,-105,-120,-65,0
95261.11195,196.0228,-66,482,-2821,-1,133,-111,-76,-17,0
95261.11353,196.0244,-469,-125,-7464,44,120,-140,-75,-35,0
95261.11488,196.0257,-202,556,-8795,24,91,-165,-85,-40,0
95261.11649,196.0273,-30,361,-3870,27,102,-169,-50,-55,0
95261.20666,196.1175,320,-17,-10923,36,59,-146,-63,-85,0
95261.20821,196.119,61,623,-3794,35,89,-156,-32,-129,0
95261.21005,196.1209,-434,-164,-6574,55,112,-141,8,-133,0
95261.21146,196.1223,178,378,-5477,63,89,-144,39,-89,0
95261.21275,196.1236,-367,341,265,71,124,-165,46,-63,0
95261.21406,196.1249,-89,-304,-6567,79,97,-174,5,-21,0
95261.21545,196.1263,444,184,-1083,48,98,-190,-20,-21,0
95261.2167,196.1275,179,-703,-5297,29,79,-187,-21,-49,0
95261.21842,196.1292,561,-267,-5596,30,54,-187,-38,-45,0
95261.21987,196.1307,79,-256,-451,35,81,-187,-29,-26,0
95261.2232,196.134,-85,-743,-6981,22,61,-179,-11,-37,0
95261.22449,196.1353,48,-136,-153,27,64,-171,-12,-38,0
95261.226,196.1368,-314,-832,-567,18,34,-159,-9,-33,0
95261.22723,196.1381,74,-386,-1177,27,28,-140,-10,-14,0
95261.22856,196.1394,-280,-338,2123,52,83,-104,-26,11,0
95261.30665,196.2175,49,-623,-4071,26,38,-101,-33,37,0
95261.30866,196.2195,47,165,2302,29,61,-118,-20,74,0
95261.31005,196.2209,-81,-507,-2595,22,49,-124,-28,41,0
95261.31181,196.2226,432,-14,-954,8,60,-132,-46,17,0
95261.31317,196.224,213,84,3898,37,81,-151,-53,25,0
95261.31449,196.2253,354,-99,-4568,24,40,-138,-73,33,0
95261.31598,196.2268,363,525,2191,-8,45,-109,-74,70,0
95261.31724,196.2281,139,-55,-1932,-14,36,-109,-71,65,0
95261.31849,196.2293,311,381,-1970,-31,15,-127,-72,50,0
95261.31993,196.2308,-24,233,4986,-28,51,-122,-44,69,0
95261.3215,196.2323,152,-193,-1897,-47,41,-132,-19,79,0
95261.32315,196.234,285,575,3461,-57,79,-148,-5,77,0
95261.35097,196.2618,-163,-27,-445,-59,74,-156,12,37,0
95261.35238,196.2632,298,438,-949,-63,50,-175,16,32,0
95261.35364,196.2645,-167,350,4044,-54,113,-169,20,55,0
95261.37953,196.2904,-55,-90,-4826,-56,90,-149,3,51,0
95261.38096,196.2918,85,602,3690,-31,107,-116,7,78,0
95261.38235,196.2932,-450,-101,-1156,-3,118,-107,-12,66,0
95261.41255,196.3234,-78,154,-3086,-3,91,-139,-26,36,0
95261.41396,196.3248,-316,49,4273,-12,95,-138,-29,40,0
95261.41532,196.3261,-138,-429,-2894,-7,89,-123,-13,64,0
95261.4168,196.3276,-133,185,4582,4,84,-100,-10,74,0
95261.41829,196.3291,-394,-439,-999,26,58,-75,-30,114,0
95261.41958,196.3304,-108,-61,-3726,46,73,-58,-59,84,0
95261.44767,196.3585,-348,-146,4144,76,67,-79,-44,83,0
95261.449,196.3598,-205,-672,-806,79,46,-100,-4,67,0
95261.4504,196.3612,-101,-90,5394,96,71,-96,3,88,0
95261.48428,196.3951,-322,-733,1398,101,98,-66,15,75,0
95261.48579,196.3966,196,-151,1077,82,112,-37,45,74,0
95261.48727,196.3981,-190,-189,3856,24,98,-34,73,82,0
95261.53323,196.4441,-208,-609,-5065,-5,98,-29,79,62,0
95261.53661,196.4474,-22,52,2958,-20,90,-11,66,82,0
95261.53795,196.4488,-369,-569,-3139,2,106,-20,48,64,0
95261.54946,196.4603,110,-260,-3874,-17,93,-60,58,57,0
95261.55078,196.4616,-280,-444,1250,-7,96,-90,89,-21,0
95261.55206,196.4629,-237,-860,-7629,-2,45,-82,88,-59,0
95261.5535,196.4643,-46,-270,2228,6,53,-63,67,-58,0
95261.55495,196.4658,-492,-1011,1412,28,48,-39,97,-87,0
95261.55623,196.4671,-260,-543,452,33,33,-29,126,-96,0
95261.58413,196.495,-458,-704,3054,-20,61,-23,129,-90,0
95261.58565,196.4965,-274,-984,-5663,-24,70,-26,132,-127,0
95261.58727,196.4981,-251,-265,-691,-1,65,-1,130,-169,0
95261.58883,196.4997,-416,-980,-796,-27,68,-2,78,-190,0
95261.59015,196.501,-17,-395,579,-12,54,-10,46,-185,0
95261.5914,196.5022,-258,-468,3649,8,91,12,50,-171,0
95261.62767,196.5385,-250,-721,-4382,-4,33,30,48,-142,0
95261.62914,196.54,-196,-16,3114,-52,17,16,42,-91,0
95261.63081,196.5416,-435,-671,-1657,-41,-17,-6,45,-93,0
95261.63219,196.543,88,-191,-3517,-29,-32,9,74,-99,0
95261.63348,196.5443,-190,-363,1011,-50,-19,28,84,-78,0
95261.6395,196.5503,-290,-790,-6025,-40,-49,18,64,-85,0
95261.6657,196.5765,-172,-237,2892,-50,-48,-4,91,-57,0
95261.66722,196.578,-285,-966,573,-36,-43,-9,98,-40,0
95261.6685,196.5793,-65,-445,915,-1,-99,-38,75,-39,0
95261.69841,196.6092,-527,-505,6070,-42,-74,-12,79,5,0
95261.69983,196.6107,-95,-885,144,-35,-89,-2,78,38,0
95261.70113,196.612,-59,-126,5116,-36,-52,-11,82,82,0
95261.72925,196.6401,-402,-738,491,-59,-22,-42,81,82,0
95261.73054,196.6414,-102,-248,-1883,-62,-28,-33,56,94,0
95261.73175,196.6426,-239,-291,1562,-54,2,-47,51,79,0
95261.73326,196.6441,-171,-605,-6003,-55,-11,-72,56,14,0
95261.73454,196.6454,-159,94,1599,-39,3,-68,81,-2,0
95261.73598,196.6468,-164,-714,151,-25,2,-65,115,-10,0
95261.82801,196.7388,244,-375,1315,-24,-33,-66,102,23,0
95261.8294,196.7402,-383,-528,6781,-34,19,-70,104,65,0
95261.83086,196.7417,-108,-923,-1805,-28,1,-84,77,72,0
95261.83408,196.7449,-15,-181,5602,-55,45,-74,98,57,0
95261.83534,196.7462,-372,-853,213,-29,49,-51,79,97,0
95261.83662,196.7474,-35,-269,-2419,-50,23,-63,57,99,0
95261.83811,196.7489,-145,-225,5101,-37,24,-25,76,133,0
95261.83946,196.7503,83,-571,57,-56,-10,-5,79,164,0
95261.84076,196.7516,24,216,6815,-11,11,-8,118,181,0
95261.84407,196.7549,-136,-445,2424,-10,15,-4,80,151,0
95261.84538,196.7562,162,75,1726,-14,2,-3,52,129,0
95261.84665,196.7575,-510,-160,6168,6,31,13,50,151,0
95261.86635,196.7772,-365,-521,-2135,-1,28,24,28,133,0
95261.86765,196.7785,-67,60,4047,-5,32,40,20,157,0
95261.8689,196.7797,-217,-667,-1764,7,60,53,47,176,0
95261.87024,196.7811,-80,-275,-3772,20,31,36,59,171,0
95261.87144,196.7823,-463,-253,1897,-9,53,44,77,196,0
95261.87268,196.7835,-183,-791,-5136,12,34,54,58,171,0
95261.92459,196.8354,-98,-193,1370,22,77,29,61,173,0
95261.92611,196.8369,-356,-968,-1521,6,63,33,67,150,0
95261.92733,196.8382,-18,-569,-4198,12,34,34,49,103,0
95261.94118,196.852,-303,-729,3770,-14,49,22,40,95,0
95261.9426,196.8534,-230,-1082,-2853,-48,39,-41,47,129,0
95261.94422,196.855,-123,-339,1688,-68,36,-37,56,136,0
95261.9457,196.8565,-261,-841,-1301,-51,16,-12,39,134,0
95261.94706,196.8579,155,-188,-1584,-35,6,12,19,142,0
95261.94852,196.8593,-168,-95,3033,22,29,19,21,145,0
95261.9783,196.8891,-218,-580,-3616,35,-12,1,17,161,0
95261.9797,196.8905,54,397,3322,6,-12,-12,7,134,0
95261.98112,196.8919,98,-41,-1075,3,-1,12,23,103,0
95262.04723,196.9581,486,512,-738,9,8,5,-5,104,0
95262.04877,196.9596,219,580,6304,3,29,1,-2,104,0
95262.05013,196.961,322,268,-1075,-4,-8,-59,34,129,0
95262.0516,196.9624,-106,776,6040,-9,-11,-68,31,107,0
95262.05291,196.9637,-722,15,3769,26,-19,-56,34,99,0
95262.05432,196.9651,-382,498,-727,8,-26,-50,23,92,0
95262.05593,196.9668,-333,418,4334,44,17,-52,20,59,0
95262.05719,196.968,104,75,-175,40,8,-61,49,46,0
95262.05845,196.9693,395,703,6658,36,25,-52,76,63,0
95262.06189,196.9727,126,-2,3952,-11,2,-23,82,79,0
95262.06314,196.974,282,507,1705,-14,-28,-18,60,107,0
95262.06869,196.9795,-58,195,2583,-28,-22,0,61,88,0
95262.09063,197.0015,85,-85,-4917,-29,-27,16,56,84,0
95262.09205,197.0029,304,843,2714,-36,-14,12,69,83,0
95262.0934,197.0042,55,130,-693,-41,17,-26,100,78,0
95262.14341,197.0542,273,480,-2173,-27,22,-8,85,66,0
95262.14477,197.0556,107,567,3874,2,41,27,81,41,0
95262.14601,197.0568,216,326,-6493,22,6,12,36,35,0
95262.17588,197.0867,282,1035,49,-1,69,-6,51,43,0
95262.17739,197.0882,-363,181,-1438,-26,105,-28,22,45,0
95262.17879,197.0896,-45,494,-5191,-29,104,-6,-2,23,0
95262.18021,197.091,-287,363,-671,-23,80,25,-18,5,0
95262.18159,197.0924,-97,13,-7115,3,31,30,-8,-13,0
95262.18286,197.0937,-44,769,-1625,16,31,27,-10,-30,0
95262.18437,197.0952,-383,49,-3474,30,26,17,6,-9,0
95262.18561,197.0964,184,533,-1612,29,16,30,8,4,0
95262.18688,197.0977,-18,575,2496,69,62,36,26,-7,0
95262.21465,197.1255,81,390,-1789,78,28,3,-2,-10,0
95262.21601,197.1268,442,1160,6681,112,19,-4,-1,17,0
95262.21766,197.1285,74,386,3075,99,37,8,-6,56,0
95262.24557,197.1564,480,698,1061,73,44,10,30,96,0
95262.24689,197.1577,101,475,5037,45,72,-6,40,87,0
95262.24838,197.1592,263,110,-2868,38,68,-21,63,82,0
95262.27633,197.1872,239,854,4064,54,70,-51,60,86,0
95262.27761,197.1884,163,185,2335,59,50,-21,54,94,0
95262.279,197.1898,409,869,354,42,22,-57,85,115,0
95262.28055,197.1914,-16,834,4736,83,25,-40,100,117,0
95262.28193,197.1928,-12,451,-2711,84,21,-28,72,107,0
95262.28333,197.1942,168,979,3611,106,42,-9,89,138,0
95262.31004,197.2209,-154,174,-1291,102,37,4,81,151,0
95262.31136,197.2222,172,632,-777,90,-9,-1,55,130,0
95262.31261,197.2234,-208,637,2957,74,32,-41,24,138,0
95262.34036,197.2512,-174,232,-2593,96,19,-68,7,124,0
95262.34193,197.2528,-31,952,3287,87,16,-56,38,89,0
95262.34319,197.254,-315,358,-390,76,-6,-44,33,79,0
95262.359,197.2698,154,735,509,49,26,-48,11,105,0
95262.36218,197.273,-379,583,5632,5,69,-36,31,91,0
95262.36344,197.2743,-365,248,-3284,11,54,-63,57,87,0
95262.39155,197.3024,-103,1015,4246,34,111,-32,100,110,0
95262.39296,197.3038,-243,306,-1152,11,132,-55,117,142,0
95262.39441,197.3052,111,885,-2032,7,101,-81,86,128,0
95262.42431,197.3351,-194,893,4232,21,129,-57,82,124,0
95262.42576,197.3366,-131,493,-5301,5,69,-55,47,126,0
95262.42721,197.338,-180,1130,-1417,-6,70,-93,41,88,0
95262.46314,197.374,-457,467,-5865,-17,53,-100,46,82,0
95262.46453,197.3754,-106,865,-5208,-1,35,-78,57,72,0
95262.4658,197.3766,-368,715,-14,0,46,-27,77,87,0
95262.46722,197.378,-61,345,-5712,0,21,-14,55,84,0
95262.4685,197.3793,120,1098,3253,15,55,-6,74,66,0
95262.46971,197.3805,-226,346,-2185,18,48,10,86,41,0
95262.47124,197.3821,209,863,-2827,-3,21,4,70,34,0
95262.4725,197.3833,-21,870,2895,-38,62,21,99,20,0
95262.47373,197.3846,23,270,-6107,-39,44,-3,80,1,0
95262.50373,197.4146,55,735,1509,-3,58,1,63,27,0
95262.50513,197.416,-302,-136,-680,-7,37,1,71,36,0
95262.50661,197.4174,239,326,-595,-32,23,-27,72,16,0
95262.56054,197.4714,22,132,4562,-32,41,13,87,14,0
95262.56193,197.4728,-3,-406,-1162,-46,10,30,77,42,0
95262.56325,197.4741,-120,187,2004,-66,17,48,89,53,0
95262.57067,197.4815,-367,-570,-2720,-25,33,64,93,68,0
95262.57198,197.4828,96,-168,-3569,-9,29,29,89,53,0
95262.57319,197.484,-227,-321,-1413,-12,43,21,90,61,0
95262.57452,197.4853,-28,-675,-8065,37,9,-19,68,44,0
95262.57597,197.4868,-124,-12,1500,51,12,-36,57,30,0
95262.57723,197.4881,-538,-760,-1887,67,4,-38,58,50,0
95262.61028,197.5211,50,-260,-1015,93,-14,-33,77,61,0
95262.61203,197.5229,-285,-293,3706,92,32,7,62,62,0
95262.61345,197.5243,-256,-664,-3945,108,32,-12,45,47,0
95262.66734,197.5782,-304,-131,3041,127,38,-18,34,79,0
95262.66882,197.5796,-578,-787,-570,110,53,-19,10,78,0
95262.67024,197.5811,-267,-367,-1692,116,26,-15,38,51,0
95262.67176,197.5826,-421,-264,2932,122,43,-42,59,40,0
95262.67508,197.5859,-504,-670,-2942,143,29,-85,43,46,0
95262.67651,197.5873,-242,79,2280,161,66,-100,12,71,0
95262.67793,197.5888,-416,-424,-1114,163,78,-69,4,71,0
95262.67927,197.5901,63,191,-129,197,62,-40,4,63,0
95262.68058,197.5914,-281,256,2808,178,79,-23,7,57,0
95262.70843,197.6193,-189,-205,-6415,179,65,-23,9,70,0
95262.7098,197.6206,-348,268,-1237,184,98,-55,1,58,0
95262.71111,197.6219,-515,-523,-6473,170,117,-73,21,21,0
95262.71262,197.6234,-13,-198,-4414,189,107,-68,21,-6,0
95262.71389,197.6247,-414,-275,-482,181,135,-45,10,-23,0
95262.71536,197.6262,-137,-621,-7342,197,92,-68,-24,-26,0
95262.76552,197.6763,-150,232,2618,219,130,-64,-1,18,0
95262.76738,197.6782,-365,-503,-1073,206,98,-86,20,31,0
95262.76868,197.6795,-84,-299,-4735,131,96,-101,12,29,0
95262.77016,197.681,-489,-467,1432,102,138,-64,-7,32,0
95262.77152,197.6823,-173,-881,-3517,141,134,-72,-25,7,0
95262.77283,197.6837,34,-46,1775,144,200,-70,11,2,0
95262.80474,197.7156,-420,-845,-3068,157,195,-89,25,1,0
95262.80618,197.717,-161,-611,-1503,207,164,-115,38,-1,0
95262.80753,197.7184,-488,-496,2686,154,166,-121,34,39,0
95262.80899,197.7198,-210,-705,-3735,139,131,-149,17,75,0
95262.81023,197.7211,138,226,4120,139,123,-141,-7,86,0
95262.81148,197.7223,-171,-405,-98,152,81,-151,-5,33,0
95262.85954,197.7704,132,-11,856,149,57,-166,-10,51,0
95262.86106,197.7719,-216,-160,5144,149,77,-120,-21,63,0
95262.86349,197.7743,-84,-593,-4693,127,78,-135,-34,35,0
95262.88532,197.7961,56,160,2175,126,100,-120,-61,25,0
95262.88666,197.7975,-297,-673,-136,117,86,-124,-92,-9,0
95262.88804,197.7989,14,-126,-662,130,84,-116,-71,-7,0
95262.88959,197.8004,-190,37,6090,109,136,-88,-77,37,0
95262.89092,197.8017,-46,-349,-1231,89,108,-82,-108,65,0
95262.89233,197.8032,158,256,6287,75,142,-108,-73,117,0
95262.91814,197.829,-298,-434,3145,74,164,-89,-99,145,0
95262.91963,197.8305,-82,-12,2255,87,121,-62,-115,130,0
95262.92094,197.8318,-293,-13,5488,93,132,-76,-64,133,0
95262.98872,197.8995,-38,-450,-2388,103,65,-95,-82,56,0
95262.99016,197.901,37,475,6024,75,71,-110,-104,18,0
95262.99148,197.9023,-243,-124,-389,74,72,-98,-123,11,0
95262.99284,197.9037,109,254,-2530,75,85,-90,-130,2,0
95262.99415,197.905,-125,207,3869,95,118,-50,-119,-6,0
95262.99544,197.9063,-170,-241,-5013,119,88,-25,-137,-49,0
95262.99698,197.9078,-317,616,1564,121,82,1,-123,-51,0
95262.99833,197.9092,-594,-165,-3952,125,79,-3,-128,-89,0
95262.99974,197.9106,-187,323,-4938,119,66,-14,-152,-104,0
95263.02354,197.9344,-345,364,718,135,88,-24,-122,-102,0
95263.02486,197.9357,-299,-134,-8329,153,81,-26,-125,-106,0
95263.02619,197.937,-284,622,-2778,165,107,-51,-106,-143,0
95263.02769,197.9385,-479,-229,-3159,171,120,-59,-97,-157,0
95263.02896,197.9398,-131,82,-2839,156,71,-72,-121,-159,0
95263.0303,197.9411,-348,361,637,188,112,-73,-111,-159,0
95263.08244,197.9933,-171,11,-7577,145,124,-84,-145,-175,0
95263.08389,197.9947,85,887,-601,127,169,-81,-117,-206,0
95263.08521,197.996,-187,168,-4512,116,201,-68,-135,-224,0
95263.09699,198.0078,16,522,-5931,110,175,-75,-143,-216,0
95263.09832,198.0091,-310,578,599,109,187,-80,-117,-223,0
95263.09963,198.0105,-171,-22,-6785,122,134,-111,-112,-246,0
95263.10117,198.012,-73,588,430,134,166,-101,-96,-267,0
95263.10254,198.0134,-459,-159,-2911,144,155,-100,-110,-282,0
95263.10384,198.0147,-104,209,-5954,157,107,-102,-139,-305,0
95263.13174,198.0426,-377,212,2939,205,94,-78,-142,-274,0
95263.13304,198.0439,-208,-271,-2899,193,77,-105,-137,-270,0
95263.13434,198.0452,-39,489,2425,219,105,-102,-112,-305,0
95263.16414,198.075,-347,-203,-1013,222,135,-107,-117,-305,0
95263.16569,198.0765,132,204,-1631,230,112,-104,-155,-270,0
95263.16711,198.0779,-281,272,3438,200,148,-79,-120,-219,0
95263.20042,198.1112,77,-290,-4523,170,113,-98,-123,-192,0
95263.20177,198.1126,168,425,5001,169,118,-123,-105,-158,0
95263.20309,198.1139,-61,-276,283,178,119,-147,-75,-186,0
95263.20444,198.1153,226,136,-354,142,79,-140,-74,-225,0
95263.20759,198.1184,-215,328,4817,108,78,-102,-106,-210,0
95263.20887,198.1197,31,-178,-3685,91,50,-100,-163,-206,0
95263.24096,198.1518,215,564,4020,94,30,-127,-148,-195,0
95263.24262,198.1534,-8,-221,2341,87,54,-134,-167,-168,0
95263.24397,198.1548,394,36,894,69,19,-127,-164,-134,0
95263.24551,198.1563,26,-88,6112,104,59,-105,-189,-144,0
95263.24683,198.1577,170,-855,-3073,132,48,-93,-232,-182,0
95263.24808,198.1589,53,-280,3544,126,44,-44,-212,-154,0
95263.30848,198.2193,-227,-976,2625,144,33,-46,-193,-105,0
95263.31161,198.2224,131,-598,2646,123,-1,-36,-183,-90,0
95263.31474,198.2256,-106,-426,6333,121,24,17,-120,-93,0
95263.31802,198.2288,125,-1057,-1383,110,0,9,-155,-107,0
95263.31967,198.2305,178,-317,4409,125,8,-3,-159,-106,0
95263.3211,198.2319,-185,-1188,-1716,91,3,-37,-152,-139,0
95263.32253,198.2334,233,-790,-1217,127,-15,-35,-190,-131,0
95263.32394,198.2348,-117,-621,4825,118,-1,-33,-193,-95,0
95263.3252,198.236,-165,-1112,-3715,140,-52,-36,-173,-86,0
95263.35297,198.2638,107,-232,4491,159,-11,-80,-162,-89,0
95263.35443,198.2653,-310,-941,1211,102,-3,-57,-175,-88,0
95263.35572,198.2665,54,-532,-2051,112,2,-69,-167,-85,0
95263.38368,198.2945,-284,-510,4995,133,40,-67,-143,-90,0
95263.38564,198.2965,-45,-1159,-4828,119,49,-53,-172,-105,0
95263.387,198.2978,15,-313,-381,77,98,-45,-167,-114,0
95263.41289,198.3237,-298,-1029,-4793,16,110,17,-168,-124,0
95263.41512,198.3259,238,-671,-5591,13,88,2,-158,-155,0
95263.41724,198.3281,-39,-568,391,59,134,20,-153,-161,0
95263.41974,198.3306,51,-1170,-6742,58,97,1,-173,-135,0
95263.42177,198.3326,125,-236,2680,72,69,6,-149,-160,0
95263.42392,198.3347,-338,-1112,-801,70,67,13,-150,-194,0
95263.45204,198.3629,218,-708,-2296,102,80,40,-158,-175,0
95263.4535,198.3643,113,-428,3170,84,143,63,-143,-153,0
95263.45489,198.3657,174,-962,-5356,52,145,51,-147,-158,0
95263.45633,198.3672,151,-161,1683,14,173,52,-93,-154,0
95263.45762,198.3684,-313,-1015,-811,-15,191,56,-66,-149,0
95263.46105,198.3719,-125,-782,-3855,51,185,44,-73,-181,0
95263.53326,198.4441,-277,-527,3637,59,197,40,-52,-151,0
95263.53482,198.4456,-240,-1125,-4761,67,154,20,-74,-169,0
95263.53622,198.447,-24,-168,1829,87,159,7,-103,-188,0
95263.5541,198.4649,-384,-1006,-2449,80,186,27,-84,-220,0
95263.5554,198.4662,213,-484,-551,113,181,31,-111,-212,0
95263.55669,198.4675,-103,-199,5512,99,229,66,-139,-190,0
95263.55821,198.469,-17,-830,-4177,60,224,33,-192,-219,0
95263.5595,198.4703,-59,-195,3644,50,199,6,-159,-211,0
95263.56076,198.4716,-331,-1016,-573,74,167,15,-144,-210,0
95263.56211,198.4729,59,-564,-3034,63,138,-2,-143,-202,0
95263.56338,198.4742,-286,-410,1518,36,178,0,-133,-162,0
95263.56481,198.4756,-214,-952,-6756,53,149,-14,-142,-170,0
95263.59868,198.5095,-68,-4,1955,53,182,-28,-125,-172,0
95263.60004,198.5109,-303,-872,960,34,218,-29,-64,-148,0
95263.60137,198.5122,132,-594,-805,43,198,-29,-63,-167,0
95263.61935,198.5302,-208,-452,6050,24,214,-21,-32,-171,0
95263.62063,198.5315,-169,-969,-2415,21,191,-44,-44,-186,0
95263.62222,198.533,-4,127,5616,0,154,-26,-47,-162,0
95263.62379,198.5346,-46,-363,4336,13,155,-13,-52,-158,0
95263.62506,198.5359,383,66,1929,4,167,-38,-84,-142,0
95263.62631,198.5371,25,233,5841,4,244,-35,-107,-147,0
95263.65431,198.5651,59,-521,-577,21,186,-28,-98,-134,0
95263.65561,198.5664,138,361,6937,20,206,-40,-82,-132,0
95263.65692,198.5677,-226,-483,3032,0,194,-64,-114,-79,0
95263.68862,198.5994,172,-142,305,-1,170,-53,-118,-68,0
95263.68993,198.6008,-201,55,6103,2,228,-46,-137,-85,0
95263.69122,198.602,-93,-645,-1333,-25,231,-59,-111,-100,0
95263.71896,198.6298,96,138,6619,-36,278,-76,-70,-74,0
95263.7202,198.631,-271,-481,2516,-36,275,-82,-64,-43,0
95263.72149,198.6323,242,-143,-1758,-59,271,-78,-103,-33,0
95263.72307,198.6339,75,-227,4148,-82,293,-49,-122,-1,0
95263.72446,198.6353,90,-888,-3781,-94,247,-53,-153,-17,0
95263.72579,198.6366,16,-112,4392,-108,237,-71,-150,-35,0
95263.75997,198.6708,-388,-831,965,-123,236,-52,-127,-6,0
95263.76217,198.673,-4,-222,-514,-109,218,-72,-124,-12,0
95263.76408,198.6749,-368,-43,4290,-128,251,-78,-122,-19,0
95263.78797,198.6988,-274,-636,-3922,-116,218,-92,-141,-13,0
95263.78939,198.7002,-108,255,5380,-110,265,-86,-100,22,0
95263.79075,198.7016,-423,-666,1868,-95,264,-70,-113,26,0
95263.82498,198.7358,-2,-393,-516,-56,225,-49,-138,13,0
95263.8265,198.7373,-311,-217,5864,-24,243,-21,-146,32,0
95263.82778,198.7386,17,-728,-3392,-28,219,-26,-138,9,0
95263.8292,198.74,88,235,3233,-24,227,-33,-154,5,0
95263.83074,198.7416,-155,-489,-263,-19,244,-49,-186,25,0
95263.83223,198.7431,233,-43,-2287,-7,212,-32,-239,59,0
95263.8601,198.7709,-212,86,5552,-21,226,-34,-264,89,0
95263.86144,198.7723,-126,-405,-2438,-40,196,-55,-235,66,0
95263.86297,198.7738,172,557,2525,-60,231,-64,-215,65,0
95263.86446,198.7753,-214,-249,-2696,-67,217,-44,-241,43,0
95263.86581,198.7766,147,48,-1266,-40,159,-65,-222,57,0
95263.86708,198.7779,-420,27,3946,-22,150,-77,-212,90,0
95263.92066,198.8315,-711,-629,-2886,-18,106,-104,-200,72,0
95263.92208,198.8329,-451,137,4439,19,113,-111,-178,79,0
95263.92336,198.8342,-861,-416,332,8,141,-124,-181,79,0
95263.93514,198.846,-421,-124,-887,-15,111,-131,-187,88,0
95263.93643,198.8473,-581,-15,6122,-10,162,-137,-144,125,0
95263.9377,198.8485,-367,-650,-1372,-29,172,-143,-157,146,0
95263.93923,198.8501,-344,214,3512,-16,175,-157,-134,157,0
95263.94067,198.8515,-690,-552,796,35,205,-158,-134,141,0
95263.94196,198.8528,-71,-288,-2687,41,179,-172,-135,145,0
95263.97597,198.8868,-231,-302,4054,29,213,-127,-141,138,0
95263.97755,198.8884,-145,-924,-4005,-7,173,-135,-131,122,0
95263.97902,198.8898,-22,46,326,-37,203,-166,-122,106,0
95263.98052,198.8913,-366,-671,-4539,-65,196,-162,-135,99,0
95263.98203,198.8929,-34,-245,-4704,-70,153,-137,-140,109,0
95263.98343,198.8943,-239,171,532,-65,143,-98,-95,153,0
95264.04384,198.9547,-106,-320,-5228,-83,108,-105,-102,167,0
95264.04526,198.9561,-210,603,2157,-105,101,-86,-163,178,0
95264.04697,198.9578,-630,-98,-3398,-124,137,-99,-175,167,0
95264.04851,198.9593,-17,361,-3468,-81,126,-122,-190,152,0
95264.05288,198.9637,-176,515,2373,-95,138,-90,-155,159,0
95264.05422,198.965,-19,-282,-5845,-119,116,-83,-180,138,0
95264.078,198.9888,290,582,3361,-130,137,-64,-163,153,0
95264.07942,198.9902,-137,-17,1303,-114,131,-44,-203,170,0
95264.0807,198.9915,132,382,-1632,-112,108,-38,-193,159,0
95264.0821,198.9929,-7,453,4679,-99,154,-32,-193,158,0
95264.08351,198.9943,-139,-239,-1565,-76,160,-42,-216,206,0
95264.08489,198.9957,103,566,4692,-74,167,-40,-205,217,0
95264.13764,199.0485,-331,-215,1260,-74,208,-32,-197,205,0
95264.13908,199.0499,-21,57,-302,-97,152,-22,-203,204,0
95264.14034,199.0512,-177,-83,3392,-83,139,3,-183,229,0
95264.15399,199.0648,87,-691,-4162,-101,146,21,-193,194,0
95264.15526,199.0661,284,189,3951,-91,171,35,-143,200,0
95264.15653,199.0674,-93,-510,-174,-83,170,58,-135,236,0
95264.1905,199.1013,416,-143,-1026,-58,146,59,-132,214,0
95264.19257,199.1034,232,-129,4649,-34,180,49,-115,244,0
95264.19451,199.1053,171,-962,-5140,-48,146,52,-114,259,0
95264.19656,199.1074,155,55,348,-72,134,63,-97,284,0
95264.19824,199.1091,-205,-573,-2162,-80,127,115,-79,283,0
95264.1995,199.1103,250,-215,-4738,-96,111,107,-61,282,0
95264.20101,199.1118,-6,-190,1395,-66,116,79,-31,267,0
95264.20507,199.1159,18,-870,-6052,-28,82,56,-35,255,0
95264.20637,199.1172,50,-95,2172,20,98,43,-36,298,0
95264.26058,199.1714,-220,-773,533,13,123,59,-19,343,0
95264.26237,199.1732,328,-152,-636,29,113,78,-29,332,0
95264.26379,199.1746,220,97,3031,33,155,77,-44,304,0
95264.26531,199.1761,-7,-391,-3110,44,132,71,-68,310,0
95264.26666,199.1775,-83,383,4510,24,141,81,-41,321,0
95264.26792,199.1787,-286,-213,-489,4,106,103,-23,345,0
95264.2694,199.1802,-59,291,-2560,15,55,63,-23,345,0
95264.27317,199.184,27,352,4467,39,97,65,22,348,0
95264.27479,199.1856,22,-219,-3038,34,73,58,10,320,0
95264.30085,199.2117,123,445,4663,25,99,50,25,326,0
95264.3022,199.213,-279,-365,1511,35,118,55,20,306,0
95264.30355,199.2144,139,33,-1401,29,94,15,18,301,0
95264.35544,199.2663,-162,132,5245,20,148,7,65,318,0
95264.35692,199.2677,170,-450,-4613,5,122,-4,48,310,0
95264.35825,199.2691,149,352,-232,0,99,-11,-1,261,0
95264.35982,199.2706,-41,-450,-2605,-19,91,21,9,217,0
95264.36122,199.272,298,-22,-2248,-18,51,-18,35,184,0
95264.36265,199.2735,20,55,2822,-1,74,-57,66,212,0
95264.364,199.2748,112,-625,-3981,21,31,-79,57,213,0
95264.36533,199.2762,210,488,3048,34,29,-81,56,205,0
95264.36659,199.2774,3,-282,-1205,43,32,-63,47,198,0
95264.39529,199.3061,343,26,-737,66,-8,-104,50,186,0
95264.39703,199.3079,-49,80,4373,74,16,-111,62,183,0
95264.39839,199.3092,176,-635,-3854,26,-19,-108,46,177,0
95264.42818,199.339,359,117,3227,18,-4,-120,49,176,0
95264.42966,199.3405,240,-449,1615,62,-5,-74,81,200,0
95264.43094,199.3418,790,8,-785,86,-9,-54,108,186,0
95264.45671,199.3675,241,88,4429,94,10,-33,115,197,0
95264.45807,199.3689,364,-457,-4404,84,-18,-17,99,160,0
95264.45936,199.3702,399,284,2059,69,-28,23,96,154,0
95264.46148,199.3723,98,-286,-576,49,-16,21,90,141,0
95264.46272,199.3735,459,6,-1950,93,-52,26,93,147,0
95264.46406,199.3749,217,112,582,108,-23,41,108,119,0
95264.48981,199.4006,330,-466,-7611,146,-55,24,89,95,0
95264.49123,199.4021,324,352,-989,146,-30,19,81,38,0
95264.49248,199.4033,17,-482,-4141,139,-12,14,71,23,0
95264.52434,199.4352,413,-122,-4518,150,-40,31,65,26,0
95264.52573,199.4366,65,-58,1177,145,8,88,61,21,0
95264.52712,199.4379,230,-694,-7128,120,-30,103,30,27,0
95264.57386,199.4847,270,40,1006,120,-61,98,47,22,0
95264.57526,199.4861,-76,-666,-372,98,-60,69,52,28,0
95264.57921,199.49,245,-83,-11,89,-114,37,13,29,0
95264.58063,199.4915,-98,87,4846,36,-68,91,38,42,0
95264.58201,199.4928,-2,-569,-4363,15,-107,71,27,37,0
95264.58524,199.4961,236,323,2137,-12,-90,55,11,-26,0
95264.5866,199.4974,-42,-281,-2373,5,-90,72,-13,-46,0
95264.58788,199.4987,305,207,-3132,23,-91,84,-18,-27,0
95264.58922,199.5,3,352,263,30,-77,135,8,-40,0
95264.60998,199.5208,72,-149,-8224,6,-150,127,-16,-54,0
95264.61131,199.5221,3,614,1235,12,-150,128,18,-82,0
95264.61261,199.5234,-388,-288,-2322,38,-124,155,27,-66,0
95264.64257,199.5534,-42,-84,-326,62,-140,148,-5,-50,0
95264.64385,199.5547,-176,48,7736,57,-108,118,5,-23,0
95264.64526,199.5561,170,-365,-1488,66,-117,58,0,-8,0
95264.67722,199.588,190,438,6407,78,-81,43,12,-6,0
95264.67866,199.5895,-253,-364,437,58,-58,43,-7,36,0
95264.67988,199.5907,-291,3,-2858,20,-30,51,4,38,0
95264.68143,199.5923,-921,74,4277,25,18,40,17,27,0
95264.68286,199.5937,-616,-465,-4606,34,-26,80,5,30,0
95264.68428,199.5951,-381,322,458,21,-17,104,-7,45,0
95264.71824,199.6291,-511,-332,-1713,-3,9,138,21,66,0
95264.71978,199.6306,119,117,-1548,41,-33,121,41,66,0
95264.72119,199.632,-94,102,2768,64,0,119,49,73,0
95264.75307,199.6639,11,-616,-3871,68,-11,96,46,79,0
95264.7545,199.6653,156,151,3450,47,17,51,93,86,0
95264.75575,199.6666,-469,-580,-2299,3,15,35,123,79,0
95264.78229,199.6931,395,-141,-764,-3,-2,25,104,81,0
95264.78369,199.6945,-55,38,6868,4,45,-5,125,107,0
95264.78498,199.6958,39,-599,-1530,-18,-6,-24,124,84,0
95264.78645,199.6973,140,167,4485,-53,-15,-48,102,73,0
95264.78773,199.6985,-134,-582,112,-77,19,-38,83,36,0
95264.78901,199.6998,323,-65,-925,-76,-4,-32,48,48,0
95264.80673,199.7176,83,-54,6157,-60,22,-40,75,53,0
95264.80808,199.7189,258,-600,690,-35,3,-52,107,28,0
95264.80936,199.7202,336,223,7803,-20,70,-31,133,46,0
95264.86465,199.7755,-180,-406,2801,-8,84,16,149,54,0
95264.86611,199.7769,60,-26,2504,-11,69,34,142,61,0
95264.86746,199.7783,-362,186,7572,-17,109,74,134,85,0
95264.88326,199.7941,-282,-354,188,-23,86,69,120,76,0
95264.88457,199.7954,-144,476,8080,-40,104,31,151,86,0
95264.88781,199.7986,-419,-327,2686,-30,117,41,181,109,0
95264.88913,199.8,194,33,3323,-33,91,7,189,116,0
95264.89087,199.8017,-104,-2,8634,-45,98,5,162,92,0
95264.89236,199.8032,-6,-681,-215,-59,85,-11,148,59,0
95264.89388,199.8047,258,204,9183,-11,92,11,157,44,0
95264.89531,199.8061,-289,-456,4073,-6,112,-10,134,14,0
95264.89672,199.8075,107,186,734,-32,113,14,113,-35,0
95264.92464,199.8355,-5,164,6839,-14,129,14,135,-6,0
95264.92592,199.8367,147,-465,16,7,102,2,153,-1,0
95264.92723,199.8381,341,208,5509,0,124,18,153,47,0
95264.93669,199.8475,-33,-574,-539,14,141,-6,108,43,0
95264.93795,199.8488,362,-95,-598,24,128,-16,83,21,0
95264.93918,199.85,-181,84,4809,-1,133,4,100,17,0
95264.97577,199.8866,199,-436,-1378,-13,91,9,111,5,0
95264.97709,199.8879,576,460,6467,45,94,8,104,9,0
95264.97846,199.8893,172,-337,1160,69,111,1,105,11,0
95265.00833,199.9192,336,58,566,103,91,-2,57,-29,0
95265.00973,199.9206,-92,174,6531,103,96,12,41,-15,0
95265.01109,199.9219,154,-354,-3802,84,49,-15,34,-38,0
95265.01267,199.9235,161,389,3115,60,46,-15,46,-28,0
95265.01416,199.925,-239,-333,-1346,41,62,-14,28,-12,0
95265.01545,199.9263,176,60,-2874,19,44,-7,23,-62,0
95265.04445,199.9553,-410,-15,1717,18,27,7,60,-69,0
95265.0459,199.9567,-75,-431,-4279,15,-30,8,76,-85,0
95265.04728,199.9581,-30,415,2972,27,5,29,120,-62,0
95265.07917,199.99,-365,-505,-511,33,57,56,132,-34,0
95265.08055,199.9914,13,-34,-302,66,43,57,128,-19,0
95265.08188,199.9927,-249,77,5530,94,110,65,136,-3,0
95265.08332,199.9941,-52,-340,-1485,117,99,45,147,-15,0
95265.08453,199.9954,248,604,5095,109,126,46,123,-2,0
95265.08579,199.9966,-124,-134,-1349,90,111,2,99,-1,0
95265.12081,200.0316,351,284,-2305,88,49,-24,115,22,0
95265.12215,200.033,-155,301,5507,108,73,-11,127,78,0
95265.12338,200.0342,-248,-513,-4047,108,16,-19,110,68,0
95265.15116,200.062,-162,169,1970,71,50,14,111,93,0
95265.15266,200.0635,-604,-671,-2437,72,61,58,89,92,0
95265.15603,200.0669,-190,-303,-6051,49,10,53,107,90,0
95265.17586,200.0867,-651,-235,1025,36,40,34,116,67,0
95265.17719,200.088,-493,-716,-6336,50,28,15,117,52,0
95265.17854,200.0894,-336,205,693,58,49,34,130,55,0
95265.1803,200.0911,-631,-403,-138,59,60,50,161,78,0
95265.18158,200.0924,-223,28,-166,59,19,34,163,79,0
95265.18288,200.0937,-549,33,2955,84,50,57,149,93,0
95265.21478,200.1256,-362,-520,-4353,90,25,47,142,99,0
95265.21606,200.1269,-150,213,3880,99,22,71,156,125,0
95265.21728,200.1281,-471,-591,-1954,91,5,101,130,126,0
95265.24499,200.1558,113,-198,-1028,88,-38,83,102,125,0
95265.24631,200.1571,-222,-56,4909,107,0,91,122,137,0
95265.24763,200.1585,-332,-820,-5173,117,-47,100,125,107,0
95265.24913,200.16,-338,-134,2935,118,-37,95,155,140,0
95265.25037,200.1612,-576,-781,-349,162,-38,51,151,153,0
95265.2517,200.1625,-31,-407,-2859,170,-87,32,146,161,0
95265.27961,200.1904,-227,-276,1459,192,-40,8,131,157,0
95265.28094,200.1918,23,-647,-6171,181,-89,34,79,142,0
95265.28223,200.1931,98,208,-1124,175,-62,28,68,134,0
95265.34223,200.2531,-276,-570,-5812,135,-29,-9,56,98,0
95265.34351,200.2543,39,-173,-7662,159,-32,-55,56,106,0
95265.34494,200.2558,-317,-74,-3712,175,-2,-49,70,78,0
95265.34646,200.2573,-165,-758,-8187,210,-37,-75,85,65,0
95265.34782,200.2586,-159,50,1408,191,-57,-90,78,53,0
95265.34915,200.26,-525,-712,-2776,188,-19,-96,54,42,0
95265.35058,200.2614,-197,-186,-2847,157,-18,-70,24,25,0
95265.35187,200.2627,-231,-81,3643,153,27,-55,10,31,0
95265.35321,200.264,-127,-509,-4891,201,-3,-28,34,32,0
95265.38921,200.3,-193,190,3793,223,25,-12,61,20,0
95265.39052,200.3013,-602,-667,605,207,38,-27,68,29,0
95265.39202,200.3028,-186,-174,-741,202,52,-59,81,22,0
95265.39343,200.3043,-508,-63,3428,176,124,-61,71,72,0
95265.39471,200.3055,-305,-540,-4956,184,93,-46,32,67,0
95265.39592,200.3067,-60,329,1973,144,87,-55,47,56,0
95265.4259,200.3367,-290,-349,-183,127,51,-43,43,76,0
95265.42725,200.3381,288,157,1188,140,4,-12,44,81,0
95265.43036,200.3412,1,224,4664,159,36,43,84,105,0
95265.45844,200.3693,3,-286,-4985,169,-6,47,56,126,0
95265.4598,200.3706,199,552,5356,159,14,22,62,184,0
95265.46107,200.3719,-246,-229,15,133,12,22,61,192,0
95265.49096,200.4018,145,221,-466,155,8,24,72,196,0
95265.4923,200.4031,-410,274,5935,136,41,32,93,224,0
95265.49502,200.4058,-239,-253,-3546,146,34,36,90,235,0
95265.51087,200.4217,-157,561,5328,128,20,64,48,220,0
95265.51223,200.4231,-531,-196,3971,123,41,75,38,245,0
95265.51351,200.4243,-4,403,2547,116,33,56,33,227,0
95265.54527,200.4561,-349,459,6999,103,73,71,53,207,0
95265.54672,200.4575,-176,-57,-269,74,40,45,32,196,0
95265.54799,200.4588,-95,785,7179,80,60,55,56,168,0
95265.54942,200.4602,-516,-140,2965,104,62,32,48,133,0
95265.55067,200.4615,-200,161,3150,101,37,25,22,114,0
95265.55212,200.4629,-460,328,6630,83,78,38,34,141,0
95265.58404,200.4949,-559,-64,-983,47,56,24,-4,135,0
95265.58538,200.4962,-514,770,6184,21,70,36,-30,142,0
95265.58665,200.4975,-933,-97,2737,10,72,67,-18,135,0
95265.62072,200.5315,-480,169,3147,-3,71,54,-10,124,0
95265.62203,200.5329,-761,141,7088,-18,99,43,-13,143,0
95265.62332,200.5341,-436,-413,-3459,-23,67,35,-24,131,0
95265.62468,200.5355,-462,289,2749,-38,67,32,-16,170,0
95265.62593,200.5368,-793,-431,508,-24,68,64,-17,149,0
95265.62717,200.538,-337,-42,-813,14,56,101,-11,151,0
95265.65702,200.5678,-565,105,5414,4,89,117,-3,137,0
95265.6583,200.5691,-469,-496,-3312,3,70,88,-17,158,0
95265.65955,200.5704,-382,262,3515,-8,59,117,-22,193,0
95265.66273,200.5736,-590,-529,1691,36,48,90,-2,230,0
95265.66412,200.5749,97,7,-251,14,-13,65,23,229,0
95265.66542,200.5762,-80,187,1413,44,9,70,63,243,0
95265.69571,200.6065,89,-374,-5823,52,-28,75,42,231,0
95265.69704,200.6079,214,399,977,22,-8,62,68,225,0
95265.69836,200.6092,-140,-402,-3725,13,-13,62,97,245,0
95265.72599,200.6368,110,-18,-4483,40,-39,50,85,239,0
95265.7273,200.6381,-129,-132,738,18,14,28,71,244,0
95265.73053,200.6414,-120,-637,-6193,32,-31,24,15,267,0
95265.73208,200.6429,-103,228,853,35,-34,39,1,279,0
95265.73348,200.6443,-264,-508,-4084,52,-27,44,34,275,0
95265.73477,200.6456,185,-42,-4703,57,-53,43,53,247,0
95265.76467,200.6755,-332,-46,3285,62,-35,45,87,235,0
95265.76603,200.6769,-361,-716,-5750,90,-63,15,77,197,0
95265.76734,200.6782,-192,234,835,101,-64,29,90,171,0
95265.79922,200.71,-355,-583,-847,95,-49,20,63,203,0
95265.80069,200.7115,37,-208,-876,102,-48,26,61,181,0
95265.80207,200.7129,-305,-17,1094,96,-26,13,47,150,0
95265.80359,200.7144,-321,-673,-7648,81,-64,-18,31,122,0
95265.80487,200.7157,-280,44,435,42,-42,-1,74,154,0
95265.80611,200.7169,-422,-673,-3523,4,-18,3,68,145,0
95265.86593,200.7768,143,-168,-2366,14,-8,3,94,109,0
95265.86723,200.7781,-214,-40,3647,8,21,10,100,122,0
95265.86846,200.7793,-99,-551,-4792,46,1,-11,73,111,0
95265.8698,200.7806,-31,317,1976,72,4,-7,64,84,0
95265.87103,200.7819,-88,-425,925,72,42,-3,38,54,0
95265.8723,200.7831,283,35,-2377,68,5,0,47,79,0
95265.87365,200.7845,-59,197,4308,54,44,29,31,85,0
95265.87491,200.7857,111,-236,-1438,54,25,47,6,64,0
95265.87617,200.787,21,599,4278,53,22,70,2,49,0
95265.90009,200.8109,-267,-265,-371,34,43,82,-10,24,0
95265.9015,200.8123,77,79,-2031,-4,1,91,-29,-8,0
95265.90281,200.8136,-133,166,2133,-30,21,88,-27,-30,0
95265.93674,200.8476,71,-181,-7226,-11,-8,73,-71,-33,0
95265.93816,200.849,166,779,1737,0,-13,64,-67,-23,0
95265.9395,200.8503,48,264,-2900,14,-33,47,-58,-9,0
95265.96722,200.878,501,637,-1726,12,-80,20,-30,-17,0
95265.96856,200.8794,270,599,5104,22,-40,6,-10,-29,0
95265.96989,200.8807,183,-141,-4154,16,-70,-5,-18,-80,0
95265.97141,200.8822,428,777,4348,27,-75,4,-21,-79,0
95265.97266,200.8835,73,230,2563,17,-94,12,-29,-66,0
95265.97391,200.8847,179,650,1892,24,-99,-9,-49,-53,0
95266.02808,200.9389,-44,664,7293,42,-37,1,-47,-16,0
95266.02945,200.9403,81,48,-1060,42,-52,7,-23,51,0
95266.03261,200.9434,272,925,5729,25,-12,21,-16,90,0
95266.03404,200.9449,-125,179,3030,-13,50,40,-1,133,0
95266.03531,200.9461,78,540,2023,-25,51,21,-6,128,0
95266.03661,200.9474,-351,600,3453,-27,95,53,-2,91,0
95266.06576,200.9766,-110,35,-5788,-24,90,26,-10,89,0
95266.06763,200.9785,-14,758,3279,0,101,-6,-21,67,0
95266.06965,200.9805,-447,-178,-1397,12,111,-7,-2,73,0
95266.07153,200.9824,-7,82,-1860,3,90,-36,-46,66,0
95266.07311,200.9839,-112,117,5604,7,125,-35,-46,86,0
95266.07469,200.9855,177,-233,-3117,-13,106,-23,-79,80,0
95266.11681,201.0276,201,413,2267,-30,118,5,-79,54,0
95266.1182,201.029,-147,-381,-435,-5,118,16,-78,27,0
95266.11951,201.0303,227,-13,336,-13,122,10,-71,20,0
95266.12094,201.0318,-297,84,7443,-12,149,23,-49,45,0
95266.12226,201.0331,-139,-341,-1761,-36,120,-3,-36,69,0
95266.12353,201.0344,-33,427,4023,-35,145,-31,-16,104,0
95266.15149,201.0623,-180,-337,2036,-57,131,-9,-17,112,0
95266.15278,201.0636,276,46,963,-34,79,-2,-34,99,0
95266.15405,201.0649,-140,6,5281,-1,128,19,11,75,0
95266.18807,201.0989,-16,-388,-3062,6,111,6,14,54,0
95266.18946,201.1003,143,414,4380,5,145,45,40,65,0
95266.1907,201.1015,-338,-350,-106,-20,159,104,48,80,0
95266.19205,201.1029,8,160,-449,2,142,120,68,80,0
95266.1933,201.1041,-200,162,4523,-24,141,128,69,87,0
95266.19455,201.1054,-133,-458,-3277,-43,76,96,81,87,0
95266.23658,201.1474,-53,300,2539,-67,106,105,65,82,0
95266.23803,201.1489,-217,-343,-809,-37,96,90,36,65,0
95266.2394,201.1502,203,-21,-4385,-31,44,64,-11,3,0
95266.25512,201.1659,-331,73,490,-21,25,38,-35,-57,0
95266.2564,201.1672,-48,-645,-6000,-35,-29,21,-26,-55,0
95266.25816,201.169,188,4,1954,-19,-11,57,-20,-62,0
95266.29218,201.203,-262,-634,-1699,10,10,82,-5,-49,0
95266.29362,201.2044,299,105,305,36,-14,73,-28,-88,0
95266.29491,201.2057,61,33,7556,51,18,57,21,-55,0
95266.32874,201.2396,167,-513,754,72,-33,36,49,-27,0
95266.33003,201.2409,137,176,11761,59,17,-2,53,-58,0
95266.33311,201.2439,-347,-618,7855,60,20,-10,10,-63,0
95266.33446,201.2453,138,-286,7413,37,-17,-26,-30,-65,0
95266.33576,201.2466,57,-41,12787,42,-1,-7,-27,-76,0
95266.33696,201.2478,124,-543,4863,32,-36,11,-6,-97,0
95266.33853,201.2494,141,244,12240,3,-16,13,-4,-90,0
95266.33994,201.2508,-100,-612,9589,-2,8,-1,-19,-104,0
95266.34224,201.2531,359,-76,9687,12,11,-12,2,-95,0
95266.37024,201.2811,-221,-27,14711,12,35,3,3,-87,0
95266.37153,201.2824,-220,-533,6749,12,22,29,-10,-75,0
95266.3728,201.2836,-31,247,14719,0,20,33,-1,-32,0
95266.4049,201.3157,-273,-379,11293,-8,53,33,-11,11,0
95266.4063,201.3171,289,61,10902,-8,43,55,-14,13,0
95266.40763,201.3185,-20,124,15692,-12,62,93,-25,24,0
95266.40907,201.3199,33,-473,6977,1,32,101,-15,11,0
95266.4103,201.3211,-182,71,9749,21,54,88,-14,12,0
95266.41165,201.3225,-442,-743,605,2,48,100,-2,-17,0
95266.44362,201.3544,-80,-288,-1618,29,8,88,12,-4,0
95266.44495,201.3558,-218,-194,1954,1,33,109,39,-9,0
95266.44639,201.3572,-40,-714,-5260,-22,-13,86,34,-14,0
95266.45191,201.3627,-204,138,3236,-32,-4,103,15,7,0
95266.45335,201.3642,-558,-600,-1620,-43,33,101,-6,30,0
95266.45456,201.3654,-42,-43,-1990,-44,21,89,-24,49,0
95266.48529,201.3961,-413,-108,2302,-45,55,128,-14,72,0
95266.48699,201.3978,-221,-670,-8262,-78,38,93,-15,49,0
95266.48842,201.3992,-146,297,-4061,-95,51,64,-1,37,0
95266.52012,201.4309,-250,-461,-7260,-109,57,46,-3,-5,0
95266.52177,201.4326,83,-73,-6076,-99,43,37,-20,38,0
95266.52315,201.434,-290,-190,-1451,-113,61,51,-12,103,0
95266.52463,201.4355,-229,-729,-9531,-119,7,36,-18,96,0
95266.52602,201.4368,-22,238,-687,-124,44,41,-52,81,0
95266.52732,201.4381,-263,-350,-4164,-122,67,18,-80,47,0
95266.55684,201.4677,102,101,-6528,-90,61,9,-95,43,0
95266.5582,201.469,-476,155,-532,-76,109,43,-61,36,0
95266.55947,201.4703,-551,-417,-7890,-53,110,47,-85,21,0
95266.59323,201.5041,-490,413,-498,-51,113,53,-74,44,0
95266.59467,201.5055,-430,-405,-5491,-28,137,48,-87,33,0
95266.59781,201.5086,36,-109,-6178,-11,135,49,-104,52,0
95266.59932,201.5101,-420,67,244,-27,134,57,-113,60,0
95266.6007,201.5115,-181,-651,-7698,-20,85,48,-125,36,0
95266.60204,201.5129,-37,28,-2229,-42,71,39,-96,42,0
95266.67548,201.5863,-357,-874,-3194,-25,51,52,-106,55,0
95266.67683,201.5877,-56,-348,-4300,-32,16,35,-95,9,0
95266.67815,201.589,-392,-316,1797,-10,3,57,-88,-7,0
95266.67951,201.5903,-286,-1038,-5744,29,-18,68,-106,-58,0
95266.6808,201.5916,-376,-357,2301,26,-31,63,-100,-45,0
95266.68224,201.5931,-480,-1024,-1799,9,-40,88,-87,-40,0
95266.68377,201.5946,148,-425,-904,-27,-44,62,-73,-35,0
95266.68515,201.596,-196,-312,5283,-40,-9,53,-106,-44,0
95266.68646,201.5973,-337,-818,-4166,-92,-28,44,-128,-71,0
95266.73852,201.6493,-254,19,1852,-79,-26,18,-120,-47,0
95266.74034,201.6512,-696,-672,-1679,-71,-26,-4,-64,-33,0
95266.74169,201.6525,-316,-277,-1392,-39,-22,16,-37,-34,0
95266.7431,201.6539,-555,-245,5053,-33,21,27,-27,-45,0
95266.74457,201.6554,-321,-821,-943,-7,24,39,-80,-48,0
95266.7459,201.6567,-232,175,5327,-43,70,15,-70,-54,0
95266.74745,201.6583,-194,-276,4092,-21,60,1,-66,-58,0
95266.7489,201.6597,73,177,6552,-5,-7,8,-82,-56,0
95266.75028,201.6611,-418,167,10668,38,9,32,-67,-22,0
95266.77623,201.6871,-272,-263,3551,43,3,13,-42,1,0
95266.77766,201.6885,-302,562,9420,27,34,-3,-10,31,0
95266.77901,201.6898,-180,-212,4879,39,44,13,7,-14,0
95266.80487,201.7157,159,98,4498,27,5,-14,6,-48,0
95266.80625,201.7171,-186,178,11547,31,70,-2,14,-74,0
95266.80759,201.7184,-65,-390,1923,22,66,-16,-18,-96,0
95266.80906,201.7199,-13,321,9719,-1,112,9,-3,-121,0
95266.81041,201.7212,-204,-317,8177,3,102,11,-6,-125,0
95266.81189,201.7227,152,139,5917,4,48,10,-17,-125,0
95266.84213,201.753,-198,115,10926,-13,82,12,-22,-133,0
95266.84352,201.7543,8,-356,4380,0,39,-15,-47,-130,0
95266.84505,201.7559,-30,689,9160,13,41,-35,-25,-129,0
95266.87688,201.7877,-186,93,2668,19,49,-31,-33,-108,0
95266.8802,201.791,259,558,1999,33,46,-61,-37,-85,0
95266.88145,201.7923,-118,551,4145,22,74,-86,-26,-71,0
95266.8828,201.7936,-114,34,-4434,26,34,-114,-67,-87,0
95266.88403,201.7949,-49,834,1227,25,45,-121,-33,-50,0
95266.88523,201.7961,-203,175,-4633,7,30,-80,-46,-30,0
95266.91127,201.8221,217,587,-6249,26,8,-75,-52,-34,0
95266.91277,201.8236,-168,581,-1464,-10,83,-50,-73,-16,0
95266.91414,201.825,-47,-61,-10928,11,66,-34,-120,-4,0
95266.9684,201.8792,-86,676,-3054,52,97,-12,-119,23,0
95266.96994,201.8808,-396,-108,-8250,53,87,35,-134,18,0
95266.9718,201.8826,138,393,-10471,38,91,24,-133,11,0
95266.98168,201.8925,-41,485,-3389,38,123,-2,-102,-51,0
95266.98317,201.894,23,-115,-9632,42,113,-6,-101,-64,0
95266.98455,201.8954,65,853,-1924,66,148,-14,-89,-56,0
95266.98607,201.8969,-324,49,-6581,74,158,-7,-69,-70,0
95266.98733,201.8982,116,245,-5696,49,154,-21,-86,-50,0
95266.9886,201.8994,-263,77,-327,78,195,-6,-94,-47,0
95267.02057,201.9314,-195,-583,-7015,84,153,-5,-78,-50,0
95267.02191,201.9327,-69,-76,1226,59,173,-24,-68,-77,0
95267.02328,201.9341,-303,-806,-5540,42,150,-61,-58,-68,0
95267.05318,201.964,202,-291,-3538,13,140,-38,-22,-65,0
95267.05455,201.9654,-210,-299,3094,25,178,-12,-12,-44,0
95267.05584,201.9667,39,-1012,-5439,-3,162,-6,-21,-48,0
95267.05751,201.9683,35,-323,2429,-25,150,17,-20,-13,0
95267.05878,201.9696,-225,-1069,-1010,-10,122,-19,-1,17,0
95267.0602,201.971,227,-695,-3238,-8,67,2,16,15,0
95267.08818,201.999,-240,-785,2497,-21,74,10,28,-30,0
95267.08972,202.0005,-71,-1207,-3163,-10,8,0,-3,-51,0
95267.09105,202.0019,103,-543,2817,-3,-27,-12,12,4,0
95267.12505,202.0359,-190,-1239,-846,9,-48,-21,-8,9,0
95267.12658,202.0374,223,-704,-2351,26,-82,-18,-55,-3,0
95267.12793,202.0388,-56,-625,2747,5,-35,-12,-22,46,0
95267.12932,202.0401,11,-1157,-5922,-45,-77,-13,-58,57,0
95267.13067,202.0415,48,-368,3196,-39,-74,-47,-75,47,0
95267.132,202.0428,-451,-1181,-1785,-37,-73,-45,-97,64,0
95267.17001,202.0808,-17,-753,-1652,-45,-85,-43,-119,60,0
95267.17151,202.0823,-376,-605,5018,-64,-39,1,-108,105,0
95267.17302,202.0838,-289,-1008,-2580,-62,-58,-12,-104,122,0
95267.20492,202.1157,-143,-270,3106,-122,-24,18,-106,124,0
95267.20638,202.1172,-373,-991,-2051,-163,-19,3,-120,103,0
95267.20777,202.1186,-44,-607,-3744,-126,-19,-4,-117,102,0
95267.20931,202.1201,-326,-545,1444,-130,4,-11,-111,114,0
95267.21072,202.1215,-325,-1061,-5797,-122,-6,-9,-129,118,0
95267.21202,202.1228,-382,-355,1766,-137,19,19,-121,131,0
95267.24183,202.1527,-402,-1012,-1918,-150,31,20,-120,106,0
95267.24314,202.154,19,-634,-2305,-128,0,5,-100,103,0
95267.24441,202.1552,-295,-756,2005,-133,53,6,-83,85,0
95267.24598,202.1568,-66,-1216,-4557,-102,47,20,-98,38,0
95267.24726,202.1581,48,-487,2742,-100,86,-25,-87,14,0
95267.24851,202.1593,-211,-1306,-968,-128,92,-28,-84,27,0
95267.27821,202.189,349,-692,161,-129,45,-23,-77,47,0
95267.27969,202.1905,-103,-601,5625,-113,37,-49,-67,44,0
95267.28109,202.1919,-183,-1132,-3839,-60,-1,-63,-63,49,0
95267.30492,202.2157,-145,-424,5047,-42,59,-39,-30,40,0
95267.30632,202.2171,-359,-1097,1828,-10,105,-54,-49,48,0
95267.3077,202.2185,-5,-708,1069,-42,70,-56,-58,33,0
95267.31522,202.226,-229,-751,4932,-57,88,-40,-84,50,0
95267.31653,202.2274,-196,-1190,-4410,-47,49,-65,-121,56,0
95267.31791,202.2287,-116,-261,943,-78,72,-81,-99,49,0
95267.35706,202.2679,-233,-1118,-4359,-106,77,-85,-106,36,0
95267.35854,202.2694,-1,-793,-3851,-95,17,-83,-159,49,0
95267.35983,202.2707,-403,-699,745,-62,57,-57,-178,84,0
95267.36172,202.2725,-381,-1088,-8150,-34,46,-59,-182,98,0
95267.36306,202.2739,-385,-322,-1027,-14,55,-58,-176,118,0
95267.36433,202.2752,-606,-1157,-5810,-4,49,-76,-160,132,0
95267.43446,202.3453,-199,-792,-5579,-13,-3,-77,-127,111,0
95267.43599,202.3468,-466,-923,1184,36,3,-75,-123,55,0
95267.4375,202.3483,-377,-1361,-5403,64,-22,-88,-129,64,0
95267.43902,202.3498,-284,-557,488,71,-10,-96,-152,83,0
95267.4423,202.3531,-590,-1227,-4022,75,-54,-77,-151,116,0
95267.44356,202.3544,92,-520,-6353,75,-106,-92,-178,99,0
95267.44501,202.3558,-208,-403,-830,52,-76,-108,-155,63,0
95267.44636,202.3572,-173,-1112,-6756,91,-89,-104,-153,92,0
95267.44783,202.3587,-88,-272,814,117,-50,-99,-135,104,0
95267.47192,202.3827,-413,-1098,-2683,142,-36,-74,-88,105,0
95267.4733,202.3841,-189,-582,-3012,139,-68,-61,-35,106,0
95267.47462,202.3854,-352,-494,1992,174,-20,-3,-2,122,0
95267.50468,202.4155,-92,-1101,-4636,180,-74,26,-8,106,0
95267.50606,202.4169,-141,-461,2463,119,-66,27,32,57,0
95267.50735,202.4182,-331,-1067,-2640,90,-58,20,38,18,0
95267.50881,202.4196,322,-545,-267,112,-80,31,71,49,0
95267.51013,202.421,-279,-605,5375,105,-33,43,82,72,0
95267.51144,202.4223,-331,-1027,-3869,77,-62,43,34,80,0
95267.54344,202.4543,-206,-174,3061,63,-66,40,9,84,0
95267.54476,202.4556,-34,-763,-117,53,-75,37,-34,69,0
95267.54601,202.4568,491,-205,-1592,49,-80,1,-32,97,0
95267.54971,202.4605,248,-190,2777,61,-37,-35,0,138,0
95267.55095,202.4618,195,-672,-5757,86,-68,-18,-26,137,0
95267.55217,202.463,198,4,-259,82,-70,-12,-24,123,0
95267.58216,202.493,-144,-707,-3915,81,-86,11,-24,127,0
95267.58352,202.4943,41,-295,-4593,59,-102,20,-1,101,0
95267.58489,202.4957,-207,-28,2546,72,-63,-24,47,87,0
95267.6148,202.5256,-6,-305,-5308,77,-113,-31,14,82,0
95267.61612,202.5269,97,542,1549,94,-82,-40,5,54,0
95267.61891,202.5297,-161,-215,-1955,90,-49,-36,3,29,0
95267.64881,202.5596,343,120,-2053,51,-69,-16,22,21,0
95267.65038,202.5612,-261,134,1952,-19,-40,12,73,-11,0
95267.6517,202.5625,-300,-375,-7037,-60,-111,19,86,-24,0
95267.65315,202.564,-255,302,2045,-45,-79,8,102,-24,0
95267.65459,202.5654,-483,-507,-1606,-33,-74,0,81,-23,0
95267.65584,202.5667,-108,56,-2111,12,-106,24,91,-26,0
95267.70175,202.6126,-402,116,3664,20,-102,20,73,-3,0
95267.70316,202.614,-272,-374,-4855,11,-119,24,87,-14,0
95267.70445,202.6153,-168,486,2066,-1,-129,43,83,-25,0
95267.70786,202.6187,-438,-402,-2181,0,-96,30,66,-14,0
95267.71115,202.622,154,151,-3337,19,-123,10,71,3,0
95267.71271,202.6235,-100,126,925,-5,-96,-2,87,-26,0
95267.7571,202.6679,134,-343,-6172,-23,-115,17,81,-12,0
95267.75859,202.6694,6,332,3483,-20,-108,-10,99,0,0
95267.75993,202.6708,-175,-314,-864,-45,-60,-60,93,25,0
95267.76141,202.6722,395,300,916,-40,-99,-63,47,58,0
95267.76276,202.6736,51,404,7872,-40,-58,-53,25,45,0
95267.76403,202.6749,372,-74,188,-10,-72,-59,-5,55,0
95267.79203,202.7029,436,668,5670,8,-41,-52,-7,75,0
95267.79341,202.7042,-102,-66,3372,11,-34,-26,-6,74,0
95267.79488,202.7057,310,363,2801,23,-40,-42,0,58,0
95267.80048,202.7113,-57,259,6851,34,-14,-40,34,29,0
95267.80183,202.7127,145,-74,-1839,46,-36,3,22,27,0
95267.80315,202.714,324,823,4117,50,-25,22,43,48,0
95267.86908,202.7799,234,-51,-773,44,-21,13,59,76,0
95267.87049,202.7813,475,192,1154,29,-10,29,91,104,0
95267.87185,202.7827,163,174,5004,27,23,46,120,92,0
95267.87325,202.7841,499,-415,-1479,48,5,45,150,99,0
95267.87451,202.7853,440,318,4816,-4,9,63,172,105,0
95267.87577,202.7866,151,-547,1258,8,15,65,186,104,0
95267.87735,202.7882,430,-252,1848,54,12,31,165,87,0
95267.87873,202.7896,85,-305,5806,55,49,38,173,99,0
95267.87999,202.7908,199,-850,-873,65,30,28,135,94,0
95267.90982,202.8206,152,73,7981,112,42,35,104,131,0
95267.91118,202.822,-102,-474,2739,111,68,22,67,127,0
95267.91253,202.8234,380,45,-1562,90,33,5,35,126,0
95267.914,202.8248,82,-46,4495,68,53,-5,43,148,0
95267.91541,202.8262,260,-461,-3783,81,20,-9,32,152,0
95267.91668,202.8275,284,478,3486,82,40,0,65,174,0
95267.9446,202.8554,-183,-240,1196,102,35,9,41,143,0
95267.94603,202.8569,274,191,558,84,18,-31,46,141,0
95267.94731,202.8581,130,249,4645,47,57,-28,58,186,0
95267.98313,202.894,249,-347,-2975,52,34,-33,64,186,0
95267.98455,202.8954,57,459,4232,44,88,-18,101,153,0
95267.986,202.8968,-174,-335,-1271,37,110,-3,78,168,0
95267.98753,202.8984,192,114,-1664,41,64,-4,90,192,0
95267.99081,202.9016,-125,13,2341,62,60,-2,90,221,0
95267.99216,202.903,68,-285,-6857,24,61,-48,57,186,0
95268.02206,202.9329,48,551,1517,30,78,-68,61,161,0
95268.02343,202.9343,-33,-153,-233,15,63,-82,73,158,0
95268.0247,202.9355,372,381,-1850,26,43,-85,85,150,0
95268.06854,202.9794,-132,330,2853,24,116,-73,125,142,0
95268.07002,202.9808,-179,-206,-4512,29,87,-89,129,90,0
95268.07179,202.9826,-7,555,665,50,106,-92,113,74,0
95268.07332,202.9841,-375,-300,-703,37,80,-110,73,38,0
95268.07459,202.9854,188,247,-1552,32,53,-89,58,45,0
95268.07589,202.9867,-105,170,2320,-2,97,-84,41,45,0
95268.10784,203.0187,-33,-445,-6017,-2,58,-60,9,45,0
95268.1098,203.0206,0,240,2379,6,70,-22,43,56,0
95268.11142,203.0222,-13,-342,-3462,29,75,-26,34,59,0
95268.11279,203.0236,229,105,-2148,69,45,-38,46,68,0
95268.11407,203.0249,-225,205,2056,59,80,-29,41,67,0
95268.1155,203.0263,147,-262,-6261,22,72,-35,35,28,0
95268.12943,203.0403,4,434,2585,23,83,-65,20,22,0
95268.13072,203.0415,-306,-472,-3180,-2,69,-50,7,-1,0
95268.13195,203.0428,46,159,-5424,-29,37,-62,-2,19,0
95268.1639,203.0747,-54,280,2612,-26,54,-47,-36,6,0
95268.16515,203.076,224,-202,-3239,-21,23,-67,-60,-5,0
95268.16639,203.0772,315,560,4745,10,45,-43,-57,41,0
95268.19629,203.1071,85,-224,2474,0,72,-35,-68,93,0
95268.1977,203.1085,527,413,2794,14,75,-59,-52,73,0
95268.19895,203.1098,90,387,5745,-20,96,-82,-30,58,0
95268.22716,203.138,219,-345,-2152,-66,51,-79,-8,3,0
95268.22908,203.1399,293,363,5417,-116,57,-89,-7,42,0
95268.23084,203.1417,-87,-373,-1829,-135,102,-85,-45,27,0
95268.2371,203.1479,322,76,-1343,-148,120,-75,-91,-3,0
95268.23899,203.1498,107,195,4380,-149,136,-45,-73,-17,0
95268.2414,203.1522,110,-278,-4208,-139,118,-5,-75,-40,0
95268.26942,203.1802,133,509,3576,-142,123,-12,-86,-24,0
95268.27072,203.1815,-145,-187,309,-141,102,-2,-119,-8,0
95268.27209,203.1829,436,369,1288,-139,112,-50,-125,12,0
95268.27561,203.1864,71,204,7055,-108,127,-38,-117,23,0
95268.27917,203.19,64,-389,-1378,-78,121,-43,-116,39,0
95268.28049,203.1913,500,573,5111,-35,138,-25,-74,8,0
95268.30629,203.2171,68,-132,846,-35,167,-34,-74,23,0
95268.30762,203.2184,436,230,-1795,-56,153,-29,-129,-13,0
95268.30886,203.2197,18,204,2365,-43,183,-18,-155,-13,0
95268.33695,203.2478,-22,-406,-3438,-9,155,-38,-198,-14,0
95268.33833,203.2492,-74,381,6134,22,126,-55,-186,24,0
95268.33962,203.2504,-141,-293,2511,27,123,-35,-150,71,0
95268.34371,203.2545,220,403,3974,64,127,-38,-169,82,0
95268.345,203.2558,-164,458,8341,58,139,-12,-136,123,0
95268.34644,203.2573,36,111,26,50,100,-10,-131,113,0
95268.37869,203.2895,11,771,6428,35,120,7,-125,111,0
95268.37998,203.2908,-37,-13,1481,15,122,31,-118,131,0
95268.38173,203.2926,148,450,-1701,8,89,46,-153,133,0
95268.40972,203.3205,-151,407,3168,-4,133,77,-170,170,0
95268.41124,203.3221,69,-323,-4087,-25,114,95,-154,180,0
95268.4125,203.3233,95,405,674,-34,124,98,-151,173,0
95268.44036,203.3512,-314,-510,-618,-34,100,125,-121,182,0
95268.44183,203.3527,170,-43,307,-9,70,132,-75,192,0
95268.44327,203.3541,-150,-322,4809,-15,124,150,-42,251,0
95268.44522,203.356,132,-740,-2084,9,97,157,-37,250,0
95268.44646,203.3573,275,216,5861,13,88,157,-31,226,0
95268.44768,203.3585,-271,-642,-248,-7,100,129,-12,233,0
95268.48554,203.3964,301,-335,-578,-10,53,151,8,196,0
95268.48685,203.3977,-133,-429,4388,-28,99,164,54,208,0
95268.48814,203.399,74,-921,-3469,-1,56,161,36,228,0
95268.51815,203.429,137,-132,5863,-37,80,132,73,247,0
95268.51953,203.4304,-93,-679,2644,-81,81,115,96,279,0
95268.52106,203.4319,328,-280,341,-67,76,68,88,284,0
95268.52252,203.4333,-11,-406,4171,-83,79,36,118,272,0
95268.52377,203.4346,190,-1013,-5740,-88,16,42,103,260,0
95268.52507,203.4359,406,-94,1275,-106,30,31,114,252,0
95268.57518,203.486,247,-1014,-2865,-116,40,26,118,246,0
95268.57688,203.4877,536,-530,-3555,-140,45,29,103,215,0
95268.5783,203.4891,54,-631,-33,-148,111,41,100,185,0
95268.58175,203.4926,181,-1152,-6066,-153,63,50,54,205,0
95268.58309,203.4939,280,-284,1641,-170,94,48,77,241,0
95268.58459,203.4954,-29,-917,-3047,-150,111,68,68,248,0
95268.6103,203.5211,542,-476,-3124,-145,70,34,91,227,0
95268.6118,203.5226,138,-593,624,-147,149,20,96,210,0
95268.61311,203.5239,-55,-1088,-9616,-94,118,40,76,160,0
95268.61665,203.5275,169,-199,-3203,-93,137,7,113,83,0
95268.61808,203.5289,215,-835,-5650,-130,136,3,109,82,0
95268.61958,203.5304,799,-215,-5094,-108,139,-5,113,72,0
95268.67262,203.5834,330,-327,-25,-85,176,6,122,63,0
95268.67398,203.5848,587,-805,-3704,-35,144,14,112,37,0
95268.67532,203.5861,404,65,2823,-30,173,6,94,12,0
95268.68292,203.5937,42,-748,-564,-24,157,-11,52,1,0
95268.68425,203.5951,432,-305,-1002,-16,128,-37,29,10,0
95268.68554,203.5964,222,-328,2654,25,169,-28,43,-16,0
95268.71522,203.626,285,-692,-5684,60,143,-45,4,-50,0
95268.7166,203.6274,418,183,1917,57,140,-31,-9,-48,0
95268.71785,203.6287,117,-432,-2593,66,159,-44,26,-45,0
95268.71923,203.6301,435,-9,-707,107,150,-30,38,-22,0
95268.72048,203.6313,-24,-188,5110,101,186,-5,20,-6,0
95268.72187,203.6327,191,-756,-2081,148,163,-38,13,23,0
95268.75165,203.6625,139,84,3871,175,164,-50,56,28,0
95268.75305,203.6639,-176,-669,1287,206,142,-36,82,41,0
95268.75433,203.6652,78,-111,-2570,186,85,-32,46,35,0
95268.75971,203.6705,-110,-102,1694,192,121,-11,47,13,0
95268.76116,203.672,85,-377,-5285,178,88,-7,14,-19,0
95268.76246,203.6733,140,532,1648,170,88,-4,14,-58,0
95268.79652,203.7073,-60,-266,-624,201,115,-54,20,-77,0
95268.79806,203.7089,127,159,-605,189,98,-69,18,-59,0
95268.79945,203.7103,-186,207,2812,183,146,-66,-9,-74,0
95268.80092,203.7117,-87,-233,-2618,149,91,-62,-14,-80,0
95268.80223,203.7131,0,794,3643,141,104,-61,-27,-60,0
95268.80363,203.7145,-355,-69,-2489,133,62,-80,-38,-72,0
95268.84759,203.7584,-103,394,-1996,152,14,-64,-45,-75,0
95268.84899,203.7598,-447,414,3347,134,35,-83,-56,-55,0
95268.85238,203.7632,-282,-76,-3651,143,-8,-95,-52,-24,0
95268.85381,203.7646,-153,932,3780,132,7,-79,-17,-4,0
95268.85517,203.766,-138,413,-218,102,-14,-81,-24,-4,0
95268.85642,203.7672,281,951,-2974,107,-40,-79,-48,-11,0
95268.88627,203.7971,-83,987,1628,104,-21,-60,-64,-5,0
95268.88784,203.7987,13,374,-3229,78,-73,-61,-75,-28,0
95268.88918,203.8,-26,983,5143,70,-37,-62,-54,-11,0
95268.92104,203.8319,-261,34,2756,43,-43,-119,-28,24,0
95268.92318,203.834,196,464,2848,110,-86,-156,-16,41,0
95268.92494,203.8358,-163,395,7925,129,-86,-153,44,53,0
95268.92645,203.8373,-61,11,866,125,-116,-127,39,67,0
95268.92797,203.8388,-194,729,7888,121,-134,-104,28,64,0
95268.92954,203.8404,-377,-5,2832,73,-113,-82,34,98,0
95268.95947,203.8703,-4,550,1578,39,-128,-92,44,146,0
95268.96086,203.8717,-286,582,5804,1,-107,-119,36,124,0
95268.96217,203.873,-108,-26,-6157,4,-118,-125,-1,149,0
95268.99416,203.905,68,456,-124,14,-78,-115,34,117,0
95268.99564,203.9065,-331,-472,-3171,8,-45,-88,31,143,0
95268.99708,203.9079,-82,0,-2864,17,-37,-105,5,155,0
95268.99864,203.9095,-302,30,4023,27,-14,-86,41,182,0
95269.00018,203.911,-188,-374,-2769,21,-69,-66,47,144,0
95269.0015,203.9123,-297,518,2690,2,-59,-47,62,143,0
95269.03153,203.9424,-185,-123,-3130,9,-42,-40,39,117,0
95269.03287,203.9437,377,338,-3603,-11,-94,-50,49,117,0
95269.0341,203.9449,49,258,2433,-6,-84,-37,31,111,0
95269.06191,203.9727,389,-180,-3383,-8,-134,-80,-5,120,0
95269.0633,203.9741,213,715,2953,-25,-119,-64,11,107,0
95269.06458,203.9754,1,-127,-427,-38,-87,-77,23,109,0
95269.06624,203.9771,339,120,-1288,-18,-121,-73,51,58,0
95269.0676,203.9784,-130,57,4100,22,-80,-62,96,32,0
95269.06891,203.9797,74,-550,-1824,25,-71,-44,77,14,0
95269.09687,204.0077,25,202,6018,17,-28,-77,63,39,0
95269.09822,204.009,-412,-508,279,42,-13,-101,65,63,0
95269.09948,204.0103,9,60,-973,48,-11,-120,50,43,0
95269.15529,204.0661,-89,227,4562,29,59,-93,82,17,0
95269.15863,204.0695,8,-367,-1992,48,26,-93,60,-16,0
95269.16013,204.071,65,465,2177,35,34,-78,73,4,0
95269.17999,204.0908,-186,-449,-2255,36,33,-88,52,39,0
95269.18131,204.0921,167,-2,-1670,79,19,-84,20,78,0
95269.18275,204.0936,-327,-17,911,79,74,-100,36,54,0
95269.20862,204.1194,-34,-553,-6714,81,43,-132,39,43,0
95269.21004,204.1209,-114,208,-31,68,44,-109,28,37,0
95269.21145,204.1223,-468,-721,-7120,94,43,-83,18,21,0
95269.21282,204.1236,-144,-275,-7110,85,5,-90,7,-19,0
95269.21418,204.125,-515,-215,-343,89,16,-105,26,-26,0
95269.21549,204.1263,-148,-603,-7027,91,-7,-109,23,-11,0
95269.21698,204.1278,47,393,2243,125,-11,-112,24,-1,0
95269.21823,204.1291,-198,-293,266,126,1,-110,30,-13,0
95269.21955,204.1304,-294,142,-1086,123,-17,-99,12,-65,0
95269.24956,204.1604,-445,0,4274,105,13,-68,19,-42,0
95269.2509,204.1617,8,-559,-1680,137,-24,-71,3,-43,0
95269.25215,204.163,-99,367,3995,145,-8,-63,15,-10,0
95269.28192,204.1927,-309,-267,864,151,24,-62,27,-31,0
95269.28328,204.1941,-37,180,652,158,-25,-64,22,-1,0
95269.2847,204.1955,-134,316,3178,122,10,-60,15,-7,0
95269.28825,204.1991,-33,-173,-1597,108,9,-62,1,50,0
95269.28953,204.2004,-48,711,6108,87,37,-36,6,56,0
95269.29081,204.2016,-337,-4,292,60,66,-9,20,69,0
95269.32289,204.2337,267,560,-540,72,65,20,-17,81,0
95269.3242,204.235,65,513,2697,102,54,49,-36,92,0
95269.32547,204.2363,117,-75,-6740,75,-6,31,-8,53,0
95269.35541,204.2662,94,603,2253,97,38,26,6,73,0
95269.35679,204.2676,84,141,-1951,104,44,42,11,67,0
95269.35806,204.2689,308,697,-2206,83,26,88,11,76,0
95269.35937,204.2702,-141,538,3902,69,57,75,19,148,0
95269.36055,204.2714,-202,-155,-1682,90,18,66,-14,187,0
95269.36182,204.2726,-158,496,2210,41,14,67,-6,155,0
95269.39379,204.3046,-394,-243,-1731,35,25,83,-21,100,0
95269.39505,204.3059,154,268,-770,-10,1,61,-68,92,0
95269.39628,204.3071,-110,172,3437,-9,14,50,-48,79,0
95269.42612,204.3369,56,-454,-2033,5,-23,47,-67,123,0
95269.4298,204.3406,103,116,6674,-19,22,31,-99,176,0
95269.43111,204.3419,-244,-600,1149,-20,38,44,-122,173,0
95269.43266,204.3435,-73,-7,2361,6,31,23,-105,180,0
95269.43407,204.3449,-267,136,6878,8,70,66,-92,187,0
95269.4355,204.3463,-243,-301,-391,0,57,47,-95,130,0
95269.4916,204.4024,-185,460,7559,17,54,26,-61,156,0
95269.49313,204.404,-473,-237,2007,20,84,49,-39,176,0
95269.49465,204.4055,208,389,-1846,28,69,76,-56,143,0
95269.4961,204.4069,-126,495,2155,25,77,75,-61,122,0
95269.49738,204.4082,307,-65,-3190,14,42,44,-50,119,0
95269.49863,204.4095,492,607,3464,17,87,87,-80,130,0
95269.52876,204.4396,-81,-357,-809,41,120,81,-46,126,0
95269.53048,204.4413,135,15,-188,44,95,90,-49,107,0
95269.53186,204.4427,-111,68,3871,44,129,91,-19,110,0
95269.53322,204.444,-321,-504,-4478,45,87,66,-24,113,0
95269.53466,204.4455,-251,286,2810,22,97,69,24,103,0
95269.53613,204.447,-619,-518,-2457,-1,77,77,33,90,0
95269.56192,204.4727,-249,79,-2501,-16,49,83,36,109,0
95269.56337,204.4742,-498,38,3756,-38,89,99,29,120,0
95269.56486,204.4757,-121,-372,-5946,-38,97,98,13,114,0
95269.58193,204.4928,183,424,176,-75,139,124,12,74,0
95269.58348,204.4943,-20,-589,-2071,-79,135,128,3,59,0
95269.58479,204.4956,403,-189,-2458,-78,80,107,2,95,0
95269.6147,204.5255,210,-233,4639,-78,89,75,-16,92,0
95269.6161,204.5269,126,-698,-3366,-30,56,63,-39,60,0
95269.61737,204.5282,189,204,2502,-22,101,46,-54,47,0
95269.61872,204.5295,-174,-554,-761,-36,95,46,-48,57,0
95269.62002,204.5308,-273,-79,-1600,-9,83,27,-73,35,0
95269.62126,204.5321,-638,135,2033,-5,118,23,-100,-24,0
95269.65331,204.5641,-517,-351,-5119,3,82,-2,-135,-33,0
95269.65465,204.5655,-238,540,1498,12,75,-16,-103,-42,0
95269.65591,204.5667,-297,-206,-2058,-3,92,-19,-79,-2,0
95269.68777,204.5986,58,183,-3255,4,64,-21,-80,-1,0
95269.68905,204.5999,-200,173,538,-9,71,-2,-36,-14,0
95269.69029,204.6011,-81,-318,-9633,-28,11,-18,-31,-37,0
95269.69384,204.6047,17,234,-2292,-31,40,-22,-26,-70,0
95269.6971,204.6079,-233,-656,-4090,-15,46,-25,-3,-102,0
95269.69837,204.6092,-71,-89,-2618,4,14,-48,-22,-112,0
95269.72628,204.6371,-514,-75,3767,54,9,-51,-7,-122,0
95269.72758,204.6384,-149,-482,-2691,69,-33,-64,20,-124,0
95269.72898,204.6398,-156,402,3358,44,-5,0,-3,-90,0
95269.75884,204.6697,-355,-241,-605,64,-27,16,-41,-42,0
95269.76036,204.6712,295,280,-408,33,-55,22,-19,-46,0
95269.76172,204.6725,-89,87,3119,19,0,29,3,-39,0
95269.78959,204.7004,179,-519,-3165,15,5,10,18,-14,0
95269.79119,204.702,75,155,4650,7,47,43,51,17,0
95269.79248,204.7033,-306,-494,-2354,-1,62,20,48,4,0
95269.82231,204.7331,168,-22,-1561,-11,56,-3,21,8,0
95269.82368,204.7345,-107,-42,5254,-1,81,-15,21,29,0
95269.825,204.7358,-11,-575,-3076,14,58,-16,10,22,0
95269.83877,204.7496,-168,132,6450,-20,94,-13,16,9,0
95269.84026,204.7511,-527,-600,2232,-3,121,-10,-13,74,0
95269.84179,204.7526,-311,29,1370,-4,51,-32,-7,112,0
95269.84326,204.7541,-594,-46,5064,14,43,-2,-1,155,0
95269.84463,204.7555,-535,-499,-2707,-13,17,-33,-1,185,0
95269.84591,204.7567,-359,133,3561,-30,30,-14,9,181,0
95269.8718,204.7826,-608,-665,-1926,-30,-12,10,9,214,0
95269.87321,204.784,133,-305,-2036,-40,-51,11,-23,208,0
95269.87448,204.7853,-205,-250,1423,-25,-57,37,-29,182,0
95269.8758,204.7866,-112,-715,-4095,-8,-91,44,18,185,0
95269.87706,204.7879,83,89,5993,38,-57,36,107,190,0
95269.87829,204.7891,-341,-622,1999,38,-80,25,119,232,0
95269.95644,204.8673,93,-97,190,55,-117,3,66,234,0
95269.95781,204.8686,-28,-103,5732,72,-106,-22,81,243,0
95269.9591,204.8699,-21,-491,-1750,67,-119,-36,78,246,0
95269.96598,204.8768,-53,210,4589,72,-96,-46,73,265,0
95269.96748,204.8783,-262,-648,-1605,44,-91,-59,53,224,0
95269.96887,204.8797,1,-196,-5096,32,-111,-73,38,220,0
95269.97081,204.8816,-288,-105,-451,30,-88,-68,62,228,0
95269.97219,204.883,-51,-637,-5625,33,-151,-67,21,228,0
95269.97341,204.8842,13,113,1065,30,-99,-90,42,218,0
95270.00324,204.9141,-151,-669,-2431,30,-57,-85,82,221,0
95270.00684,204.9177,57,-193,-649,18,-43,-90,99,198,0
95270.00838,204.9192,-191,-89,3937,20,-44,-108,113,196,0
95270.01004,204.9209,129,-499,-5284,20,-73,-103,137,222,0
95270.01373,204.9246,277,432,4007,-1,-72,-106,184,250,0
95270.01503,204.9259,-167,-370,-1046,-31,-51,-96,172,233,0
95270.04502,204.9558,77,190,1088,-71,-34,-117,185,263,0
95270.04637,204.9572,-130,171,5278,-82,5,-91,199,248,0
95270.04763,204.9585,97,-503,-5081,-82,-34,-105,186,225,0
95270.04909,204.9599,-56,126,1826,-112,-22,-129,175,188,0
95270.05049,204.9613,-397,-659,-4339,-127,-16,-125,141,188,0
95270.05191,204.9627,-79,-268,-6349,-141,-48,-167,153,174,0
95270.08066,204.9915,-365,-222,1046,-106,-20,-170,169,151,0
95270.08216,204.993,-197,-688,-5385,-77,-107,-160,170,139,0
95270.08357,204.9944,-130,15,3319,-84,-84,-162,166,174,0
