timestamp,relative_time,Ch1,Ch2,Ch3,Ch4,Ch5,Ch6,Ch7,Ch8,Ch9
96147.10675,1082.0176,88,-397,3184,189,-59,-90,21,-128,0
96147.10822,1082.019,-178,-303,130,163,-39,-96,16,-137,0
96147.10964,1082.0205,172,-342,-804,159,-26,-107,22,-121,0
96147.11121,1082.022,136,-194,5369,155,-25,-93,28,-95,0
96147.11268,1082.0235,66,-102,-411,148,-34,-91,37,-82,0
96147.1144,1082.0252,-98,-183,2765,124,-42,-75,-6,-115,0
96147.21265,1082.1235,-210,32,-505,107,-52,-19,3,-133,0
96147.21412,1082.1249,55,14,-1300,85,-78,-20,0,-124,0
96147.21564,1082.1265,-28,16,1013,76,-17,-2,4,-99,0
96147.22377,1082.1346,202,21,-4759,62,-16,22,-23,-56,0
96147.22524,1082.1361,-20,-19,1587,45,-3,50,-34,-50,0
96147.22655,1082.1374,-193,67,778,44,2,28,-27,-51,0
96147.22803,1082.1389,-2,89,-49,55,-4,23,-21,-35,0
96147.22937,1082.1402,-237,219,3917,65,-6,-7,-34,-7,0
96147.23073,1082.1416,17,170,-2723,60,-40,-33,-30,12,0
96147.23223,1082.1431,255,54,4891,54,-25,-65,-34,28,0
96147.23349,1082.1443,-36,83,4046,41,-12,-70,-48,50,0
96147.23484,1082.1457,243,-71,2466,44,-16,-76,-27,99,0
96147.23633,1082.1472,-25,85,5963,22,15,-37,5,117,0
96147.23758,1082.1484,115,24,-1097,24,-25,19,-3,101,0
96147.23885,1082.1497,192,-79,1277,-18,-8,31,3,119,0
96147.25683,1082.1677,-221,-63,-1402,-70,15,39,5,128,0
96147.25824,1082.1691,83,-134,-815,-90,10,51,2,100,0
96147.25969,1082.1705,17,78,3363,-86,7,46,8,133,0
96147.28372,1082.1945,-56,197,-1938,-107,0,76,-13,141,0
96147.28498,1082.1958,133,186,4492,-142,-6,63,4,152,0
96147.28627,1082.1971,-49,251,1852,-122,20,57,22,147,0
96147.34721,1082.258,341,148,850,-125,19,32,23,161,0
96147.34869,1082.2595,135,204,4842,-155,71,12,19,171,0
96147.35184,1082.2627,50,292,-2564,-110,66,6,12,171,0
96147.35352,1082.2643,163,251,2645,-129,87,11,23,190,0
96147.35497,1082.2658,-56,256,-356,-118,89,-21,19,223,0
96147.35646,1082.2673,305,114,-3531,-76,33,-40,11,213,0
96147.35794,1082.2688,35,135,1180,-59,48,-49,30,206,0
96147.35926,1082.2701,153,206,-4740,-64,11,-50,31,181,0
96147.36056,1082.2714,465,151,-251,-59,22,-18,47,189,0
96147.38663,1082.2975,-133,190,-1296,-45,-13,-11,42,229,0
96147.38801,1082.2988,185,-72,-865,3,-41,-11,29,207,0
96147.38936,1082.3002,-86,-9,1169,23,-10,10,13,201,0
96147.42538,1082.3362,-18,-66,-4395,28,-3,2,-30,212,0
96147.42669,1082.3375,188,-64,113,54,-6,11,-28,211,0
96147.42804,1082.3389,-117,-32,-2425,13,-38,24,-34,162,0
96147.4294,1082.3402,241,-42,-1215,-25,-60,19,-44,146,0
96147.43063,1082.3415,-1,-16,4733,-21,-23,70,-24,176,0
96147.43193,1082.3428,30,45,-1765,-12,-16,70,-2,146,0
96147.47136,1082.3822,160,151,3329,-26,24,85,16,127,0
96147.47277,1082.3836,11,230,556,-19,60,76,6,103,0
96147.47406,1082.3849,347,25,-975,-37,13,86,-23,125,0
96147.48974,1082.4006,198,-15,4788,-32,14,86,-23,146,0
96147.49107,1082.4019,122,-245,1096,-47,2,51,-30,167,0
96147.49238,1082.4032,107,-200,4343,-59,-20,71,-3,167,0
96147.53047,1082.4413,44,-41,1099,-74,-20,66,22,120,0
96147.53188,1082.4427,465,-222,-1870,-105,-73,64,-25,87,0
96147.53311,1082.4439,102,-75,1288,-110,-45,46,-32,42,0
96147.53464,1082.4455,145,21,-2292,-89,-40,33,-54,27,0
96147.53598,1082.4468,142,173,4385,-56,-42,25,-57,9,0
96147.53737,1082.4482,105,312,761,-66,-43,10,-35,59,0
96147.62724,1082.5381,735,139,-650,-87,-59,-14,-43,78,0
96147.62866,1082.5395,291,170,2970,-79,-34,-20,-73,87,0
96147.63,1082.5408,273,123,-2603,-60,-32,5,-50,96,0
96147.63154,1082.5424,400,-2,2716,-43,-12,51,-56,86,0
96147.63752,1082.5483,215,-7,181,-20,-25,41,-50,52,0
96147.63905,1082.5499,531,-80,-546,-19,-47,36,-64,71,0
96147.64066,1082.5515,333,-2,4280,-32,2,38,-56,68,0
96147.64195,1082.5528,394,96,-451,-63,-4,10,-41,90,0
96147.64323,1082.5541,487,185,2197,-59,-3,-30,-12,62,0
96147.64466,1082.5555,265,285,142,-80,23,-51,-9,50,0
96147.64592,1082.5567,314,114,-1852,-88,12,-64,34,30,0
96147.64714,1082.558,-51,147,1923,-70,36,-96,61,42,0
96147.64871,1082.5595,70,151,-3127,-77,8,-118,58,56,0
96147.65006,1082.5609,355,159,4389,-57,6,-113,67,87,0
96147.65154,1082.5624,-27,409,1373,-60,19,-113,19,130,0
96147.72122,1082.632,329,211,409,-68,-7,-66,14,173,0
96147.7225,1082.6333,178,165,6593,-77,23,-62,75,196,0
96147.72395,1082.6348,214,116,518,-81,27,-73,85,221,0
96147.72543,1082.6363,370,225,2923,-65,38,-81,84,240,0
96147.72669,1082.6375,48,406,436,-70,84,-77,119,203,0
96147.72792,1082.6387,216,274,-1261,-70,35,-88,161,218,0
96147.72924,1082.6401,-221,171,4982,-77,90,-73,182,221,0
96147.73063,1082.6415,-245,52,-3354,-96,78,-58,151,199,0
96147.73218,1082.643,-140,-62,-598,-92,62,-49,110,201,0
96147.74049,1082.6513,-563,-131,-3708,-123,99,-4,75,186,0
96147.7419,1082.6527,182,-234,-3244,-129,77,1,65,152,0
96147.74326,1082.6541,-103,-103,341,-112,93,27,92,173,0
96147.76705,1082.6779,-73,-103,-6333,-98,59,90,81,131,0
96147.76839,1082.6792,95,-24,-154,-96,58,96,95,118,0
96147.76968,1082.6805,-206,-52,-1329,-106,59,101,110,144,0
96147.8178,1082.7286,-195,-144,-3253,-124,-1,84,96,179,0
96147.81928,1082.7301,-465,-174,1414,-111,-2,105,112,188,0
96147.82079,1082.7316,-478,-116,-5752,-88,-24,94,131,142,0
96147.82586,1082.7367,-46,-287,336,-40,-22,65,124,149,0
96147.82729,1082.7381,-426,-333,-496,-11,-19,81,136,176,0
96147.82876,1082.7396,-119,-449,-5699,27,-42,80,108,183,0
96147.83036,1082.7412,-257,-408,-196,58,-21,79,158,165,0
96147.83175,1082.7426,-257,-222,-5648,23,-29,46,92,120,0
96147.83319,1082.744,-63,-112,-1976,21,-10,46,76,107,0
96147.859,1082.7698,-368,-17,-5341,8,4,56,74,118,0
96147.8603,1082.7711,-96,-99,-5114,-27,-56,37,71,66,0
96147.86159,1082.7724,-200,69,-792,-46,-62,1,54,24,0
96147.89157,1082.8024,-54,72,-5360,-31,-83,-7,48,42,0
96147.89286,1082.8037,53,89,1852,-18,-70,16,80,88,0
96147.89408,1082.8049,-98,125,-1612,-9,-60,36,65,67,0
96147.94015,1082.851,162,17,-3012,-4,-40,57,109,28,0
96147.9416,1082.8524,-36,106,2399,-2,4,52,114,27,0
96147.94289,1082.8537,36,140,-4475,-17,-4,55,106,29,0
96147.96265,1082.8735,86,148,-64,-15,13,32,84,40,0
96147.96396,1082.8748,-225,239,-2393,9,27,32,93,32,0
96147.96524,1082.8761,0,91,-5663,38,-14,28,85,-30,0
96147.96679,1082.8776,-100,-3,432,17,25,69,40,-39,0
96147.96814,1082.879,-111,41,-4887,13,-1,71,37,-34,0
96147.96963,1082.8805,69,16,-1015,-10,43,86,62,-54,0
96147.97101,1082.8818,-234,83,-3826,-9,40,77,60,-100,0
96147.97278,1082.8836,51,62,-5596,-18,30,68,20,-130,0
96147.97413,1082.8849,-147,111,-1375,37,44,38,13,-145,0
96148.05008,1082.9609,-86,175,-4470,31,57,43,-2,-140,0
96148.05167,1082.9625,-8,43,3084,26,48,-14,16,-116,0
96148.05314,1082.964,-540,63,531,73,80,-4,47,-87,0
96148.0928,1083.0036,-167,-17,-2085,65,51,-15,52,-40,0
96148.09426,1083.0051,-226,45,1477,88,47,15,41,-48,0
96148.09555,1083.0064,-132,59,-6805,66,68,10,22,-58,0
96148.09702,1083.0078,-143,-17,-404,69,79,-8,27,-63,0
96148.09847,1083.0093,-558,-53,61,75,97,15,13,-38,0
96148.09986,1083.0107,-237,-121,-4849,95,48,45,4,-42,0
96148.10143,1083.0123,-367,-228,-231,92,85,57,14,-77,0
96148.10269,1083.0135,-470,-196,-5617,125,105,42,1,-90,0
96148.10894,1083.0198,-284,-294,249,157,108,58,16,-61,0
96148.12278,1083.0336,-586,-187,-1674,156,117,63,23,-77,0
96148.12409,1083.0349,-125,-210,-4314,158,95,52,35,-77,0
96148.12535,1083.0362,-154,-171,16,170,126,53,25,-53,0
96148.16542,1083.0762,-130,-143,-4393,173,102,58,39,-57,0
96148.16744,1083.0783,140,-79,2838,188,96,39,36,-7,0
96148.16885,1083.0797,-298,15,-352,174,87,54,41,23,0
96148.17031,1083.0811,50,-186,-3976,153,41,2,45,17,0
96148.17163,1083.0825,-48,-118,2205,145,114,-3,54,-6,0
96148.17288,1083.0837,-42,9,-3431,160,118,-37,40,-15,0
96148.17673,1083.0876,151,-108,1788,183,92,-48,43,-15,0
96148.17829,1083.0891,-220,-27,1097,132,89,-21,58,-14,0
96148.17969,1083.0905,82,-123,-3972,90,73,-6,46,-2,0
96148.20956,1083.1204,-148,-210,2486,96,70,-13,18,24,0
96148.21096,1083.1218,-217,-65,-2925,89,68,-43,6,40,0
96148.21235,1083.1232,37,-4,1745,98,34,-33,30,32,0
96148.23414,1083.145,-277,164,1581,133,36,-54,36,26,0
96148.23553,1083.1464,168,167,-1984,156,6,-69,39,14,0
96148.23677,1083.1476,228,303,2796,143,8,-52,52,25,0
96148.26507,1083.1759,287,153,-1070,163,-9,-54,71,47,0
96148.26652,1083.1773,395,137,3724,204,11,-71,22,37,0
96148.26793,1083.1788,152,208,-45,199,58,-41,-32,24,0
96148.26929,1083.1801,612,74,-1520,204,18,-8,-84,10,0
96148.27056,1083.1814,361,70,3937,197,59,-1,-93,23,0
96148.27193,1083.1827,343,152,-3031,202,57,-7,-145,16,0
96148.302,1083.2128,620,125,2692,196,57,-7,-118,21,0
96148.30342,1083.2142,336,195,1659,170,61,3,-101,28,0
96148.30468,1083.2155,568,99,-2052,171,22,2,-80,8,0
96148.30613,1083.217,515,60,5098,156,61,38,-35,20,0
96148.31387,1083.2247,277,123,-770,171,38,63,-46,60,0
96148.31536,1083.2262,511,170,3823,194,48,63,-19,59,0
96148.37547,1083.2863,115,200,3595,219,69,74,20,68,0
96148.37707,1083.2879,403,61,907,244,61,63,33,105,0
96148.37838,1083.2892,256,123,5835,244,59,88,73,123,0
96148.37988,1083.2907,-2,147,-1101,215,9,107,62,124,0
96148.38124,1083.2921,293,-49,2915,161,17,96,55,118,0
96148.38258,1083.2934,-193,20,171,113,36,83,56,124,0
96148.38415,1083.295,193,-213,-2681,118,18,79,46,124,0
96148.38544,1083.2963,-128,-193,2388,124,24,112,64,111,0
96148.38679,1083.2976,-390,-200,-5000,142,22,142,-7,102,0
96148.41871,1083.3295,-369,-240,-1776,150,4,112,-32,98,0
96148.42051,1083.3313,-402,-183,-1895,170,-11,112,-21,129,0
96148.42252,1083.3333,-91,-147,-6453,154,-65,147,-39,110,0
96148.48259,1083.3934,-266,-20,-818,161,-42,145,-8,103,0
96148.48389,1083.3947,-208,125,-6158,166,-39,127,33,82,0
96148.48513,1083.396,-48,-30,-1160,169,-6,101,31,49,0
96148.48667,1083.3975,-308,9,-2198,196,18,110,45,26,0
96148.48793,1083.3988,152,-221,-3996,164,9,66,65,-1,0
96148.4892,1083.4,1,-181,-371,140,37,56,100,34,0
96148.49075,1083.4016,-37,-103,-5046,121,30,32,108,15,0
96148.492,1083.4028,295,-301,1148,120,-16,6,115,39,0
96148.49328,1083.4041,-93,-227,-630,171,2,-3,116,33,0
96148.49468,1083.4055,210,-365,-2258,165,-39,16,137,28,0
96148.49593,1083.4068,79,-232,2019,152,-38,1,127,-2,0
96148.49727,1083.4081,80,-231,-3901,148,-54,11,129,-3,0
96148.52354,1083.4344,143,-302,-276,124,-29,-24,114,-3,0
96148.52501,1083.4358,-257,-309,-1268,136,-36,-27,78,19,0
96148.52628,1083.4371,28,-463,-6028,112,-78,-41,31,30,0
96148.55204,1083.4629,-94,-489,-1046,114,-31,-28,61,21,0
96148.55349,1083.4643,-474,-441,-6708,121,-16,4,19,-24,0
96148.55479,1083.4656,-93,-403,-1453,138,-36,15,29,-26,0
96148.60291,1083.5137,-224,-350,-1607,134,-10,33,17,-7,0
96148.60445,1083.5153,52,-519,-4977,122,-50,40,19,-26,0
96148.60579,1083.5166,-180,-412,-46,100,-49,72,50,-28,0
96148.62218,1083.533,-78,-301,-3825,88,-46,80,47,-35,0
96148.62367,1083.5345,106,-377,1512,79,-60,61,14,5,0
96148.62506,1083.5359,-306,-319,-696,110,-67,61,2,38,0
96148.62657,1083.5374,-75,-319,-2144,142,-97,56,-15,44,0
96148.62799,1083.5388,1,-158,4219,133,-98,80,26,33,0
96148.6293,1083.5401,-138,-68,-2720,113,-128,61,29,38,0
96148.67545,1083.5863,62,-25,2830,133,-123,34,42,60,0
96148.67687,1083.5877,-58,-29,1975,116,-78,67,24,74,0
96148.67815,1083.589,309,-89,-2559,112,-42,75,32,86,0
96148.68969,1083.6005,77,-142,1091,115,-13,64,30,76,0
96148.6911,1083.6019,-1,-167,-4585,88,-19,34,26,29,0
96148.69238,1083.6032,122,-204,233,60,-14,-8,69,71,0
96148.69379,1083.6046,-16,-31,-1909,61,-11,-3,50,69,0
96148.69523,1083.6061,210,-42,-3073,84,-57,-14,53,80,0
96148.69649,1083.6073,-68,24,3568,81,-22,12,57,105,0
96148.72257,1083.6334,-68,90,-666,54,-45,21,51,133,0
96148.72383,1083.6347,275,62,1390,46,-43,-4,41,141,0
96148.7252,1083.636,45,99,-1943,98,-41,-10,30,130,0
96148.75509,1083.6659,411,-25,-3230,124,-59,-9,-21,108,0
96148.75643,1083.6673,352,-36,2346,132,-54,25,-40,98,0
96148.7577,1083.6685,215,-71,-3491,178,-22,2,-51,122,0
96148.80367,1083.7145,471,-135,2169,187,-24,24,-33,118,0
96148.80516,1083.716,20,48,2530,143,6,56,-26,136,0
96148.80644,1083.7173,302,67,-2545,100,2,55,-29,134,0
96148.8078,1083.7186,293,143,4944,96,7,71,-29,160,0
96148.80905,1083.7199,340,209,-1132,65,-33,65,-54,133,0
96148.8104,1083.7212,487,89,968,16,-15,43,-80,118,0
96148.81192,1083.7227,17,15,1892,48,-10,51,-102,92,0
96148.81322,1083.724,197,-100,-2251,61,-18,47,-109,49,0
96148.81446,1083.7253,78,-156,4259,32,-16,63,-95,13,0
96148.84035,1083.7512,95,-145,-1926,6,-46,79,-92,1,0
96148.84174,1083.7526,262,-194,2501,5,-78,71,-125,-50,0
96148.84308,1083.7539,23,60,1806,9,-75,75,-106,-38,0
96148.889,1083.7998,330,26,-2074,-2,-107,49,-91,-19,0
96148.89042,1083.8012,321,33,3477,5,-111,62,-102,-4,0
96148.8917,1083.8025,310,247,-3659,7,-144,45,-132,17,0
96148.91597,1083.8268,546,87,1426,2,-162,95,-104,14,0
96148.9174,1083.8282,564,33,2161,-2,-154,134,-126,2,0
96148.91892,1083.8297,727,-149,-487,11,-181,153,-114,-1,0
96148.94263,1083.8535,382,-73,7591,47,-144,176,-82,46,0
96148.94405,1083.8549,460,-153,1932,65,-122,167,-72,42,0
96148.94531,1083.8561,498,-149,5822,43,-88,158,-69,27,0
96148.96708,1083.8779,442,-33,6334,20,-72,185,-61,8,0
96148.9685,1083.8793,868,-196,4061,0,-77,193,-82,-25,0
96148.96979,1083.8806,467,-112,8718,-1,-70,176,-92,-58,0
96149.00876,1083.9196,446,135,4883,3,-69,162,-57,-86,0
96149.01106,1083.9219,658,147,8891,54,-61,139,-43,-68,0
96149.0128,1083.9236,-66,136,6906,57,-86,109,-36,-86,0
96149.01471,1083.9255,100,24,5528,37,-95,89,-9,-106,0
96149.01611,1083.9269,-283,53,10368,53,-38,74,-18,-91,0
96149.01746,1083.9283,-149,-78,3663,38,-57,82,-44,-110,0
96149.01878,1083.9296,96,-88,7316,34,-35,82,-49,-123,0
96149.02015,1083.931,-123,-56,5125,5,0,71,-32,-95,0
96149.02154,1083.9324,198,-184,224,-28,-34,23,-40,-110,0
96149.0537,1083.9645,-15,-192,6108,-5,-12,22,-24,-92,0
96149.05511,1083.9659,1,-158,-2857,9,-17,16,-55,-104,0
96149.05641,1083.9672,306,-155,-592,22,-24,4,-112,-93,0
96149.10242,1084.0132,-170,-29,-2764,-10,-15,7,-92,-128,0
96149.10395,1084.0148,207,-49,-6614,1,-60,-9,-107,-143,0
96149.10564,1084.0165,82,87,-723,7,-40,-32,-103,-128,0
96149.1133,1084.0241,-102,14,-5791,22,-47,-61,-158,-133,0
96149.11478,1084.0256,132,-68,-351,-5,-5,-53,-182,-120,0
96149.11614,1084.027,-121,66,-1120,21,14,-68,-143,-108,0
96149.11763,1084.0285,30,-60,-4513,66,-10,-73,-183,-100,0
96149.12085,1084.0317,-170,-167,-535,57,21,-72,-182,-114,0
96149.12226,1084.0331,-319,-312,-5993,24,23,-63,-183,-71,0
96149.12368,1084.0345,-210,-361,-1491,4,48,-75,-158,-98,0
96149.12497,1084.0358,-535,-395,-1980,-31,77,-70,-116,-86,0
96149.12628,1084.0371,-165,-498,-4287,-48,47,-58,-88,-58,0
96149.15212,1084.0629,-347,-394,1563,-60,61,-62,-89,-50,0
96149.15343,1084.0643,-292,-478,-3692,-46,43,-48,-85,-62,0
96149.16128,1084.0721,99,-408,-750,-50,18,-45,-58,-41,0
96149.18526,1084.0961,-322,-340,990,-55,-2,-40,-27,-5,0
96149.18676,1084.0976,-428,-521,-1100,-25,-9,-52,-50,2,0
96149.18815,1084.099,-257,-374,2205,12,26,-38,-69,12,0
96149.2486,1084.1594,-117,-166,-3733,13,10,-58,-79,5,0
96149.25027,1084.1611,127,-180,1190,12,44,-46,-97,27,0
96149.25168,1084.1625,-172,-184,-1536,47,77,-30,-99,38,0
96149.25317,1084.164,220,-250,-6160,66,46,-63,-72,-11,0
96149.25459,1084.1654,86,-228,1374,56,70,-70,-47,-25,0
96149.25602,1084.1668,-42,-118,-4629,55,67,-79,-31,0,0
96149.25759,1084.1684,351,-178,-60,64,68,-83,-47,-4,0
96149.25907,1084.1699,-54,-62,-363,37,70,-101,-48,-35,0
96149.26034,1084.1712,249,-198,-3683,29,34,-61,-21,-31,0
96149.26189,1084.1727,77,-373,4106,38,69,-101,19,25,0
96149.26342,1084.1742,-180,-448,-2127,23,36,-126,0,-7,0
96149.26702,1084.1778,163,-419,-438,-11,51,-113,17,-15,0
96149.3089,1084.2197,25,-247,-224,-38,48,-97,38,-8,0
96149.31036,1084.2212,336,-380,-1829,-29,1,-147,45,-38,0
96149.31173,1084.2226,-76,-375,3582,-25,27,-133,20,-33,0
96149.34821,1084.259,-417,-121,-336,21,14,-151,0,-26,0
96149.34961,1084.2604,216,-121,4197,21,-14,-139,5,-4,0
96149.35084,1084.2617,130,148,3729,-9,4,-111,25,-17,0
96149.35219,1084.263,519,185,763,-10,-31,-123,15,-33,0
96149.35341,1084.2642,309,162,5819,-1,-15,-110,34,-61,0
96149.35462,1084.2654,211,41,1070,-16,-27,-82,29,-82,0
96149.38456,1084.2954,244,-100,7004,-28,30,-59,27,-57,0
96149.38594,1084.2968,-199,-22,5342,-28,35,-55,4,-66,0
96149.38743,1084.2983,180,-100,553,-28,19,-43,0,-69,0
96149.42634,1084.3372,-33,-127,7694,-6,47,-8,21,-50,0
96149.42766,1084.3385,133,-163,2501,-32,0,-20,-3,-78,0
96149.42912,1084.3399,282,-77,6030,-34,-50,-23,5,-123,0
96149.4306,1084.3414,184,66,6068,-34,-44,-4,-10,-126,0
96149.43193,1084.3428,768,124,2557,-51,-54,-16,-38,-150,0
96149.43332,1084.3441,540,231,8488,-92,-36,-46,14,-131,0
96149.43487,1084.3457,501,198,3506,-97,-46,-72,32,-91,0
96149.43615,1084.347,830,189,8465,-91,-43,-82,47,-59,0
96149.44421,1084.355,391,323,5100,-99,-8,-82,62,-53,0
96149.46507,1084.3759,562,314,-849,-110,-40,-60,41,-101,0
96149.46648,1084.3773,613,252,4429,-157,-27,-47,29,-121,0
96149.46787,1084.3787,493,329,-3718,-150,-47,-51,62,-133,0
96149.49779,1084.4086,700,299,400,-164,-33,-55,84,-136,0
96149.49922,1084.41,274,365,457,-167,-4,-39,115,-108,0
96149.50052,1084.4113,563,221,-4561,-137,-15,-3,112,-86,0
96149.53062,1084.4414,552,148,-82,-165,23,58,102,-93,0
96149.532,1084.4428,387,294,-4235,-141,7,45,116,-93,0
96149.53344,1084.4443,769,303,-1303,-158,15,45,122,-101,0
96149.53495,1084.4458,411,390,-775,-126,75,30,137,-101,0
96149.53803,1084.4489,561,341,-3398,-77,58,40,130,-98,0
96149.53934,1084.4502,441,204,1258,-69,53,63,120,-77,0
96149.56526,1084.4761,172,81,-4609,-54,44,70,118,-80,0
96149.56674,1084.4776,458,-109,-1121,-78,56,86,120,-81,0
96149.56807,1084.4789,313,72,-686,-35,92,81,114,-6,0
96149.59795,1084.5088,514,54,-3510,-20,53,68,101,10,0
96149.59951,1084.5103,438,55,1524,-41,61,72,112,26,0
96149.60073,1084.5116,166,123,-4628,-54,74,55,51,12,0
96149.64117,1084.552,430,89,860,-36,80,36,74,8,0
96149.64272,1084.5535,-101,125,177,-33,92,-2,68,56,0
96149.64403,1084.5549,206,-156,-4617,-20,49,-11,53,49,0
96149.64558,1084.5564,82,-304,1407,-24,42,-18,73,51,0
96149.64684,1084.5577,-26,-89,-2553,-37,41,-49,82,49,0
96149.64808,1084.5589,224,-190,567,-4,36,-18,89,56,0
96149.64939,1084.5602,-279,-25,475,4,90,-20,78,32,0
96149.65065,1084.5615,-463,184,-3401,39,107,5,84,7,0
96149.6519,1084.5627,-483,259,-180,64,114,13,52,34,0
96149.68291,1084.5937,-512,227,-4297,81,82,-32,12,40,0
96149.68422,1084.595,-339,186,579,63,113,-29,43,54,0
96149.6855,1084.5963,-322,146,-2307,56,165,-27,99,10,0
96149.71151,1084.6223,-46,-116,-6226,120,164,-15,119,-14,0
96149.71284,1084.6237,-173,-163,2026,140,186,-9,133,3,0
96149.71408,1084.6249,-200,-41,-2439,136,196,-41,139,-21,0
96149.7479,1084.6587,-42,101,60,127,237,-36,156,-43,0
96149.75584,1084.6667,-841,219,512,78,235,-43,185,2,0
96149.75768,1084.6685,-842,67,-3245,107,209,-47,142,-14,0
96149.78362,1084.6944,-556,55,4096,124,233,-45,148,-34,0
96149.78513,1084.696,-415,3,-2381,117,220,-39,153,-27,0
96149.78645,1084.6973,-49,-88,-986,131,231,-64,132,-36,0
96149.78997,1084.7008,-155,-8,930,143,261,-23,138,-71,0
96149.79122,1084.702,39,-86,-2296,105,222,11,152,-59,0
96149.79246,1084.7033,-111,-118,2565,115,251,37,192,-27,0
96149.7973,1084.7081,-12,45,-1609,134,218,24,170,-28,0
96149.79868,1084.7095,366,28,1010,162,236,30,174,-9,0
96149.79997,1084.7108,126,173,126,131,239,68,171,18,0
96149.81733,1084.7282,260,90,-4344,97,196,97,139,-10,0
96149.81861,1084.7294,93,128,1372,118,230,101,106,0,0
96149.81987,1084.7307,47,25,-4975,117,249,96,114,-6,0
96149.86794,1084.7788,409,-154,1106,122,264,85,117,-10,0
96149.8694,1084.7802,36,-11,1052,101,296,111,122,11,0
96149.87081,1084.7816,296,-209,-3691,66,254,85,114,-5,0
96149.88654,1084.7974,46,-55,4182,55,287,64,137,-7,0
96149.88963,1084.8005,98,-44,291,53,286,91,157,5,0
96149.89111,1084.8019,439,26,2637,40,313,85,178,3,0
96149.89265,1084.8035,188,232,719,13,346,83,164,-5,0
96149.89399,1084.8048,469,33,-2150,8,337,59,140,-23,0
96149.89523,1084.8061,271,59,2457,7,346,71,149,-16,0
96149.96116,1084.872,32,22,-2948,-11,321,84,131,-23,0
96149.96259,1084.8734,302,-90,991,-25,295,123,121,-54,0
96149.96391,1084.8747,-51,191,-760,-11,277,104,97,-50,0
96149.96542,1084.8762,244,122,-3439,22,252,86,82,-48,0
96149.96723,1084.8781,176,-29,1793,7,267,119,123,-31,0
96149.9686,1084.8794,50,-164,-6173,-5,248,103,124,-33,0
96149.97007,1084.8809,265,-258,-1280,9,218,100,112,-68,0
96149.97148,1084.8823,104,-254,1565,-10,228,104,107,-94,0
96149.97297,1084.8838,464,-356,-3257,5,190,137,88,-84,0
96150.005,1084.9158,470,-451,2309,-13,205,142,120,-65,0
96150.00671,1084.9175,188,-389,-5168,-28,208,105,130,-66,0
96150.00819,1084.919,539,-423,-1520,-17,221,62,128,-53,0
96150.00962,1084.9204,453,-239,-143,14,199,61,102,-5,0
96150.01818,1084.929,525,-257,-4035,6,162,58,91,-14,0
96150.0197,1084.9305,477,-293,440,11,185,48,83,13,0
96150.07145,1084.9823,348,-143,-4277,46,167,12,34,-28,0
96150.07314,1084.984,774,-144,-2039,44,145,-1,20,-71,0
96150.07458,1084.9854,502,-55,-2175,33,172,-40,24,-52,0
96150.07603,1084.9869,607,-75,-3714,52,142,-71,12,-33,0
96150.07749,1084.9883,386,7,2330,60,141,-71,-3,-65,0
96150.07877,1084.9896,286,114,-5337,44,147,-54,-8,-53,0
96150.08033,1084.9912,580,48,-3407,37,162,-33,-41,-97,0
96150.0816,1084.9924,202,-64,-2743,60,169,-20,-62,-151,0
96150.08292,1084.9937,399,-298,-4687,111,143,-29,-69,-174,0
96150.17276,1085.0836,522,-360,1154,155,142,-34,-80,-174,0
96150.17432,1085.0851,391,-371,-4272,146,124,-40,-83,-193,0
96150.17569,1085.0865,661,-296,-1169,148,122,-34,-53,-161,0
96150.17718,1085.088,147,-58,1245,204,109,-54,-53,-126,0
96150.17879,1085.0896,264,-43,-4228,194,66,-46,-45,-120,0
96150.18013,1085.091,151,12,1155,177,109,-37,16,-148,0
96150.18164,1085.0925,122,79,-4892,164,94,-37,40,-181,0
96150.18304,1085.0939,326,-40,-324,150,72,-46,60,-182,0
96150.18443,1085.0953,50,-62,466,142,58,-30,52,-181,0
96150.18618,1085.097,299,-99,-1671,144,44,-42,13,-178,0
96150.18773,1085.0986,212,74,4823,141,65,-33,-7,-166,0
96150.18911,1085.0999,365,302,-97,175,64,-13,-5,-111,0
96150.21308,1085.1239,539,194,3018,197,97,-44,2,-96,0
96150.2145,1085.1253,160,292,1381,194,90,-39,6,-102,0
96150.21578,1085.1266,589,242,-3029,183,20,-46,5,-77,0
96150.24165,1085.1525,575,230,2637,165,32,-47,5,-68,0
96150.24314,1085.154,464,237,-3112,145,13,-29,13,-79,0
96150.2444,1085.1552,639,45,736,111,-5,-40,-24,-67,0
96150.28069,1085.1915,346,134,3604,89,2,-44,-12,-24,0
96150.28205,1085.1929,412,-3,774,64,-34,-58,7,-15,0
96150.28364,1085.1945,133,-84,5652,50,-33,-53,6,-4,0
96150.285,1085.1958,135,-105,-1572,43,-47,-31,19,-8,0
96150.28636,1085.1972,333,-54,-59,42,-54,-18,31,-32,0
96150.28765,1085.1985,166,-5,-759,48,-68,-5,59,-46,0
96150.31552,1085.2263,481,-119,-4111,72,-111,-3,47,-76,0
96150.32358,1085.2344,509,15,2820,84,-83,-2,73,-82,0
96150.32505,1085.2359,338,66,-1241,73,-81,39,30,-43,0
96150.32651,1085.2373,566,-6,908,47,-63,36,17,-36,0
96150.3278,1085.2386,418,-66,16,19,-44,49,43,18,0
96150.32908,1085.2399,608,-106,-4018,13,-71,52,27,-18,0
96150.37305,1085.2839,347,-143,2880,5,-68,65,16,-4,0
96150.37443,1085.2853,77,-162,-2300,-1,-64,82,29,13,0
96150.37573,1085.2866,408,-215,683,7,-45,79,35,46,0
96150.38311,1085.2939,-159,0,587,42,2,94,28,58,0
96150.38433,1085.2952,196,-20,-2469,31,-9,67,6,31,0
96150.38559,1085.2964,443,-103,3898,36,51,77,-17,16,0
96150.41637,1085.3272,261,-234,970,34,15,94,3,27,0
96150.41765,1085.3285,477,-184,2733,3,10,121,-6,27,0
96150.41889,1085.3297,214,-5,2246,10,65,116,-12,63,0
96150.42239,1085.3332,569,-89,-2201,7,26,117,-68,86,0
96150.42363,1085.3345,391,-110,2236,8,55,124,-70,95,0
96150.42518,1085.336,178,-153,-3675,37,4,94,-71,72,0
96150.50144,1085.4123,417,-251,1501,58,-2,62,-70,111,0
96150.50311,1085.4139,95,-129,1921,65,59,76,-86,143,0
96150.50449,1085.4153,568,-76,-3398,95,51,59,-108,159,0
96150.51878,1085.4296,662,84,1711,111,50,114,-93,189,0
96150.52003,1085.4309,502,35,-2048,117,18,84,-136,205,0
96150.52145,1085.4323,542,-257,-144,115,-2,31,-150,200,0
96150.52302,1085.4338,12,-240,1953,143,41,32,-158,214,0
96150.52432,1085.4351,267,-271,-4264,114,28,7,-152,216,0
96150.52564,1085.4365,100,-380,-790,107,44,18,-129,189,0
96150.52705,1085.4379,-300,-399,-6585,82,41,25,-102,228,0
96150.52828,1085.4391,83,-352,-3550,83,26,25,-104,228,0
96150.52958,1085.4404,-155,-320,-445,129,38,43,-136,233,0
96150.57954,1085.4904,204,-254,-4250,137,0,66,-134,242,0
96150.58113,1085.492,312,-71,230,153,5,95,-118,189,0
96150.58253,1085.4934,70,-10,-6157,203,-2,116,-114,135,0
96150.62036,1085.5312,253,-79,-1914,230,-42,98,-105,127,0
96150.62178,1085.5326,-38,-18,721,234,-43,73,-76,121,0
96150.62323,1085.5341,175,16,-5000,217,-86,74,-86,120,0
96150.62463,1085.5355,268,1,2644,228,-76,97,-93,97,0
96150.63249,1085.5433,111,-17,-1304,224,-73,86,-87,103,0
96150.63475,1085.5456,220,-52,1065,191,-118,113,-65,103,0
96150.63631,1085.5471,-240,133,2712,199,-75,94,-69,122,0
96150.63771,1085.5485,93,44,-1271,168,-77,67,-52,103,0
96150.63902,1085.5498,-88,140,4006,190,-62,21,-40,115,0
96150.69317,1085.604,-49,254,336,170,-74,5,-55,133,0
96150.69454,1085.6054,300,270,3868,132,-88,24,-47,156,0
96150.69596,1085.6068,-196,390,2511,103,-64,46,-30,168,0
96150.6974,1085.6082,176,175,-2906,124,-65,42,-40,151,0
96150.69875,1085.6096,137,204,3684,114,-47,38,-82,154,0
96150.70005,1085.6109,271,114,-695,127,-27,45,-76,149,0
96150.70158,1085.6124,636,75,1792,94,-10,72,-94,126,0
96150.70286,1085.6137,228,118,2269,94,-6,61,-100,126,0
96150.70412,1085.6149,515,143,-2947,88,-16,61,-105,99,0
96150.70555,1085.6164,519,65,4790,50,-29,42,-83,93,0
96150.70685,1085.6177,279,115,-2342,43,-64,-10,-115,88,0
96150.70827,1085.6191,300,-49,-2491,37,-94,-60,-82,118,0
96150.76039,1085.6712,58,-47,-438,65,-81,-50,-87,87,0
96150.76186,1085.6727,190,112,-4945,56,-100,-81,-96,60,0
96150.76329,1085.6741,-127,42,2532,60,-83,-93,-84,76,0
96150.79117,1085.702,-178,-18,-1318,119,-117,-73,-63,79,0
96150.79257,1085.7034,195,-9,1450,112,-127,-72,-53,120,0
96150.79384,1085.7047,-20,122,2687,94,-102,-43,-30,112,0
96150.79513,1085.706,45,-2,-3426,74,-129,-84,-39,75,0
96150.79636,1085.7072,-3,64,1747,31,-82,-115,-45,21,0
96150.79771,1085.7085,-208,129,-2943,4,-69,-98,-72,-11,0
96150.79908,1085.7099,116,158,-76,-10,-61,-85,-79,-41,0
96150.80033,1085.7112,192,292,2920,19,-30,-90,-67,-9,0
96150.80191,1085.7127,312,247,-3696,2,-36,-103,-75,-15,0
96150.83105,1085.7419,310,178,4655,-1,-32,-112,-28,-5,0
96150.83242,1085.7432,-190,81,967,-11,-36,-127,18,29,0
96150.8337,1085.7445,244,37,3206,-6,-34,-82,16,89,0
96150.86346,1085.7743,83,272,4336,2,-31,-56,-9,129,0
96150.86498,1085.7758,473,340,-119,13,-14,-63,-8,150,0
96150.86621,1085.777,315,327,4260,15,21,-70,-3,136,0
96150.90485,1085.8157,3,328,-1815,8,58,-75,-19,87,0
96150.9063,1085.8171,439,247,-1303,-3,54,-56,-32,50,0
96150.9076,1085.8184,45,387,299,-60,69,-58,0,77,0
96150.909,1085.8198,292,367,-4391,-114,46,-74,-21,86,0
96150.91025,1085.8211,362,286,2682,-117,46,-51,-24,58,0
96150.91149,1085.8223,132,323,-2329,-130,46,-50,-9,51,0
96150.93137,1085.8422,-46,232,-1075,-141,79,-35,-22,59,0
96150.93284,1085.8437,-126,198,152,-112,102,-19,-41,49,0
96150.93411,1085.8449,201,186,-5750,-127,62,-37,-5,38,0
96150.93571,1085.8465,127,156,1403,-136,73,-10,13,70,0
96150.93709,1085.8479,-98,33,-3508,-174,70,-2,24,65,0
96150.93836,1085.8492,156,-67,-2130,-231,75,18,43,91,0
96150.99027,1085.9011,-282,51,-1818,-218,103,8,23,105,0
96150.9917,1085.9025,25,23,-6055,-201,54,-6,-25,102,0
96150.99323,1085.9041,-5,306,-817,-199,75,10,-22,98,0
96151.00312,1085.9139,-238,356,-4677,-183,89,18,-24,58,0
96151.00443,1085.9153,-33,110,-2021,-172,71,13,6,42,0
96151.00579,1085.9166,-236,59,-2475,-182,96,43,4,42,0
96151.03586,1085.9467,-71,105,-7418,-182,39,-13,-38,24,0
96151.0373,1085.9481,-104,157,-1334,-165,24,-4,-15,16,0
96151.03855,1085.9494,-242,17,-5721,-179,35,34,-11,-15,0
96151.04012,1085.9509,-32,13,-3072,-173,45,87,-10,-35,0
96151.04141,1085.9522,-460,60,-2842,-224,65,76,-21,-76,0
96151.0427,1085.9535,-230,0,-6255,-228,57,64,-56,-76,0
96151.09279,1086.0036,-39,-23,769,-190,61,81,-50,-62,0
96151.09523,1086.0061,-134,12,-4068,-162,36,85,-52,-95,0
96151.09661,1086.0074,57,34,-2024,-124,17,77,-55,-114,0
96151.13062,1086.0414,-398,21,478,-83,37,96,-63,-121,0
96151.13204,1086.0429,-593,-10,-2289,-63,-2,67,-81,-114,0
96151.13342,1086.0442,-514,63,3679,-73,-4,50,-89,-77,0
96151.13488,1086.0457,-634,155,-1207,-98,-8,62,-96,-80,0
96151.13626,1086.0471,-137,-96,-736,-100,-25,55,-126,-76,0
96151.13762,1086.0484,-270,-116,-1395,-107,-13,74,-120,-99,0
96151.16564,1086.0765,-64,-123,-5916,-108,5,46,-163,-146,0
96151.16717,1086.078,-4,-18,2976,-73,42,32,-172,-160,0
96151.16851,1086.0793,-158,59,-2362,-70,36,36,-187,-195,0
96151.21131,1086.1221,110,-155,976,-59,17,20,-153,-184,0
96151.21275,1086.1236,-370,-249,1334,-34,49,-19,-135,-179,0
96151.21404,1086.1249,-284,-234,-3841,-27,21,-39,-126,-176,0
96151.21546,1086.1263,-233,-208,3897,-3,37,-28,-157,-125,0
96151.21676,1086.1276,-331,35,-2842,1,11,-39,-171,-130,0
96151.21828,1086.1291,291,12,-1677,4,-5,-35,-168,-137,0
96151.21963,1086.1305,58,334,-93,-15,24,-49,-146,-157,0
96151.22095,1086.1318,417,341,-5419,-22,31,-89,-155,-184,0
96151.22225,1086.1331,349,380,788,3,45,-83,-143,-206,0
96151.24406,1086.1549,221,404,-2439,10,30,-80,-100,-187,0
96151.24541,1086.1562,620,303,813,10,2,-92,-76,-205,0
96151.24671,1086.1575,272,434,539,-32,19,-66,-96,-193,0
96151.30051,1086.2113,333,181,-3672,-53,25,-62,-110,-200,0
96151.30198,1086.2128,-15,28,2858,-53,51,-10,-99,-207,0
96151.30329,1086.2141,-164,101,-2056,-44,80,3,-102,-187,0
96151.30478,1086.2156,89,-8,2287,-14,50,9,-113,-181,0
96151.30633,1086.2172,-230,60,4241,-26,94,44,-107,-153,0
96151.30783,1086.2187,253,66,-1029,-4,94,47,-140,-141,0
96151.3093,1086.2201,52,53,4390,34,118,68,-133,-160,0
96151.31062,1086.2214,-314,265,-1794,21,109,52,-126,-148,0
96151.31191,1086.2227,410,215,-3002,6,97,85,-121,-150,0
96151.34516,1086.256,131,173,-492,-16,117,114,-104,-170,0
96151.34657,1086.2574,-85,-22,-2470,-24,54,104,-106,-164,0
96151.34792,1086.2587,-17,-126,2430,-9,58,89,-85,-145,0
96151.35143,1086.2623,-125,-93,-1855,-20,53,61,-97,-166,0
96151.35277,1086.2636,213,-141,1078,18,47,54,-90,-167,0
96151.35417,1086.265,-93,-53,2301,3,83,54,-92,-155,0
96151.40023,1086.3111,184,-216,-1334,-7,58,56,-102,-162,0
96151.40182,1086.3126,119,-284,3780,-23,63,37,-100,-141,0
96151.4031,1086.3139,-28,-217,-2978,-14,59,41,-66,-140,0
96151.40883,1086.3197,394,-289,-1500,24,8,42,-66,-119,0
96151.41024,1086.3211,76,-151,1119,-7,8,52,-37,-137,0
96151.41167,1086.3225,304,-198,-4664,-16,-12,86,-35,-156,0
96151.44556,1086.3564,232,-128,2824,7,17,130,-17,-153,0
96151.45373,1086.3646,71,-51,676,16,22,99,-73,-120,0
96151.45527,1086.3661,560,-10,1795,19,19,62,-88,-97,0
96151.45687,1086.3677,232,-25,2462,37,13,25,-50,-114,0
96151.45814,1086.369,357,-3,-2355,7,11,16,-32,-116,0
96151.45943,1086.3703,224,31,4118,26,9,-38,5,-95,0
96151.48923,1086.4001,-128,-77,1322,48,18,-29,4,-102,0
96151.49054,1086.4014,199,-219,3906,44,3,-42,-37,-124,0
96151.49179,1086.4026,-215,-68,4377,12,29,-17,-35,-133,0
96151.49331,1086.4041,51,-84,227,16,29,-16,-29,-134,0
96151.4946,1086.4054,67,25,5728,16,59,2,-15,-143,0
96151.49588,1086.4067,154,181,-184,1,71,6,-2,-128,0
96151.52598,1086.4368,658,96,1508,6,66,10,-31,-103,0
96151.52747,1086.4383,355,250,2478,9,83,30,-16,-118,0
96151.52875,1086.4396,291,195,-5048,4,55,-6,-44,-104,0
96151.55861,1086.4694,293,193,1015,-10,57,-16,-12,-93,0
96151.56013,1086.471,278,61,-3260,-22,90,7,-23,-110,0
96151.56138,1086.4722,780,-53,-460,-2,77,35,-14,-91,0
96151.56894,1086.4798,445,115,1183,-22,71,51,4,-59,0
96151.57022,1086.481,530,106,-3595,-31,23,72,-6,-66,0
96151.57148,1086.4823,542,-103,2025,-16,55,64,9,-55,0
96151.60343,1086.5143,464,-80,-1235,-10,60,64,1,-69,0
96151.60502,1086.5158,767,-264,1359,-24,52,86,-10,-55,0
96151.60627,1086.5171,447,-154,1197,-12,46,96,0,-58,0
96151.60776,1086.5186,323,-291,-2234,-46,16,111,34,-111,0
96151.60902,1086.5198,99,-364,4170,-19,8,126,58,-100,0
96151.61027,1086.5211,-139,-357,-770,-17,-1,129,75,-96,0
96151.66034,1086.5712,-56,-227,726,-22,2,119,95,-117,0
96151.66173,1086.5726,-306,-65,3739,-48,13,141,95,-105,0
96151.66303,1086.5739,-161,140,-2988,-42,11,165,73,-141,0
96151.666,1086.5768,-108,182,3790,-17,19,146,76,-122,0
96151.66729,1086.5781,-233,245,823,-30,4,110,66,-116,0
96151.66866,1086.5795,246,57,1750,0,-12,110,59,-89,0
96151.68207,1086.5929,-75,19,2259,-33,-5,93,37,-57,0
96151.68338,1086.5942,-157,-232,-2229,-62,-6,74,36,-51,0
96151.68474,1086.5956,-269,-116,1150,-81,33,62,8,-60,0
96151.71268,1086.6235,-393,-111,-4529,-86,54,66,-3,-83,0
96151.72065,1086.6315,15,-306,-1575,-96,53,44,-25,-120,0
96151.72215,1086.633,-250,-150,-241,-126,70,8,10,-108,0
96151.75796,1086.6688,114,-177,-6012,-136,76,-24,16,-151,0
96151.75945,1086.6703,-9,-19,24,-112,85,-20,15,-186,0
96151.76236,1086.6732,-271,-62,-7204,-91,95,-1,-12,-197,0
96151.76394,1086.6748,230,-228,-6020,-65,80,4,-39,-233,0
96151.76528,1086.6761,85,-182,-3747,-63,74,16,-66,-251,0
96151.76676,1086.6776,157,-338,-9510,-32,45,-26,-61,-260,0
96151.79665,1086.7075,112,-387,-2014,-7,27,-47,-69,-275,0
96151.79806,1086.7089,-62,-195,-4460,12,-5,-45,-96,-263,0
96151.79954,1086.7104,226,-272,-1859,69,-32,-71,-108,-239,0
96151.8011,1086.7119,-443,-215,136,28,-24,-59,-118,-262,0
96151.80237,1086.7132,-235,-426,-3645,27,-63,-36,-145,-283,0
96151.80366,1086.7145,-207,-381,1233,41,-44,-59,-139,-279,0
96151.85722,1086.768,-621,-252,-2919,30,-38,-76,-95,-229,0
96151.85988,1086.7707,94,-116,-2673,70,-65,-71,-91,-196,0
96151.86223,1086.7731,-133,-63,-1468,114,-30,-64,-103,-224,0
96151.87821,1086.789,329,-293,-5100,109,-56,-75,-116,-252,0
96151.87965,1086.7905,320,-262,803,80,-62,-70,-130,-246,0
96151.88093,1086.7918,-283,-241,-4284,59,-50,-64,-103,-250,0
96151.88444,1086.7953,312,-319,-3054,95,-63,-86,-105,-272,0
96151.8858,1086.7966,80,-203,257,107,-61,-74,-109,-274,0
96151.88717,1086.798,140,-254,-4045,135,-82,-28,-102,-266,0
96151.91711,1086.8279,30,-242,1910,138,-78,3,-104,-232,0
96151.91979,1086.8306,-90,-304,-2009,160,-49,2,-138,-276,0
96151.92214,1086.833,377,-281,-1759,130,-60,11,-151,-328,0
96151.92359,1086.8344,-153,-215,714,135,-29,-8,-100,-304,0
96151.92486,1086.8357,-10,-364,-3407,155,-83,-48,-107,-306,0
96151.92632,1086.8371,-191,-314,1568,162,-85,-89,-136,-285,0
96151.96429,1086.8751,-106,-278,-3817,144,-106,-93,-152,-268,0
96151.96593,1086.8768,224,-297,-2868,183,-149,-97,-159,-273,0
96151.96739,1086.8782,-256,-198,-243,210,-129,-104,-137,-275,0
96151.99738,1086.9082,-5,-203,-2855,192,-128,-104,-154,-254,0
96151.99892,1086.9097,-12,-200,3040,174,-134,-85,-150,-269,0
96152.00735,1086.9182,-275,-278,-3009,186,-145,-60,-126,-266,0
96152.03133,1086.9422,-5,-410,-83,178,-139,-41,-127,-267,0
96152.03274,1086.9436,-208,-181,4431,159,-101,-60,-81,-277,0
96152.03438,1086.9452,85,-246,-194,148,-105,-33,-102,-273,0
96152.03828,1086.9491,-23,-253,6419,125,-61,-23,-77,-274,0
96152.03971,1086.9505,-139,-16,1568,104,-61,-6,-20,-230,0
96152.0413,1086.9521,245,-135,1243,90,-62,27,-37,-188,0
96152.06917,1086.98,-487,-144,1999,86,-42,42,-18,-140,0
96152.07079,1086.9816,-253,-166,-4353,84,-85,3,-17,-128,0
96152.07234,1086.9832,-159,-133,1373,46,-71,-21,-21,-128,0
96152.07374,1086.9846,-494,46,-1239,46,-56,-29,-31,-149,0
96152.07529,1086.9861,-16,-4,1706,80,-69,-35,-49,-139,0
96152.07678,1086.9876,-274,64,3775,73,-54,-10,-70,-120,0
96152.10913,1087.02,-53,69,-91,75,-75,-33,-100,-65,0
96152.11053,1087.0214,-280,246,5177,81,-53,-36,-94,-21,0
96152.11203,1087.0229,-266,261,301,82,-53,-42,-64,18,0
96152.14923,1087.0601,167,200,2452,80,-73,-43,3,16,0
96152.15175,1087.0626,22,432,5139,55,-50,-20,21,18,0
96152.15372,1087.0645,56,262,110,51,-65,-35,6,76,0
96152.1557,1087.0665,43,339,3316,32,-58,-37,3,72,0
96152.15723,1087.0681,-124,369,-568,29,-33,-70,9,55,0
96152.1585,1087.0693,238,341,-1529,34,-59,-74,22,64,0
96152.18636,1087.0972,-34,338,1474,38,-63,-47,31,68,0
96152.18779,1087.0986,128,323,-3165,76,-68,-85,41,61,0
96152.189,1087.0998,103,288,3040,61,-69,-94,55,70,0
96152.19271,1087.1035,-49,281,35,81,-86,-83,55,77,0
96152.19409,1087.1049,309,184,2363,66,-96,-53,53,119,0
96152.19536,1087.1062,20,168,2898,77,-43,-34,63,127,0
96152.22714,1087.138,178,199,-4337,112,-68,-34,49,114,0
96152.22859,1087.1394,225,166,2306,74,-67,-35,37,74,0
96152.2298,1087.1406,132,274,-3167,73,-75,-78,53,82,0
96152.23121,1087.142,314,149,-1355,104,-64,-92,64,96,0
96152.23252,1087.1433,-138,99,3647,103,-66,-129,55,90,0
96152.23386,1087.1447,-173,158,-2187,97,-93,-133,48,119,0
96152.26354,1087.1744,-160,123,3206,91,-84,-134,58,128,0
96152.27193,1087.1828,-65,222,-1455,108,-95,-152,80,100,0
96152.27351,1087.1843,213,284,464,106,-121,-130,89,72,0
96152.30129,1087.2121,-198,436,4356,154,-79,-120,121,111,0
96152.30282,1087.2136,22,452,-883,128,-66,-104,151,135,0
96152.30415,1087.215,-164,283,4542,123,-55,-72,169,133,0
96152.30564,1087.2165,-341,294,-627,76,-34,-47,151,150,0
96152.30702,1087.2178,188,334,1865,61,-18,-57,135,148,0
96152.30831,1087.2191,-75,432,2727,49,12,-63,117,159,0
96152.33606,1087.2469,-30,483,-4444,39,-38,-76,88,178,0
96152.33738,1087.2482,-7,200,2560,29,-33,-52,108,175,0
96152.33865,1087.2495,-246,40,-1458,20,-53,-32,104,186,0
96152.37057,1087.2814,-18,-180,120,56,-73,-38,93,149,0
96152.37201,1087.2828,-533,-69,660,33,-47,-41,89,70,0
96152.37328,1087.2841,-418,-116,-4804,23,-31,-47,84,32,0
96152.41733,1087.3282,-262,-132,1591,8,-16,-45,68,43,0
96152.41871,1087.3295,-492,-51,-2450,39,7,-41,74,32,0
96152.42004,1087.3309,-295,34,-3763,21,15,-29,103,32,0
96152.4216,1087.3324,-737,234,-1010,20,21,-37,87,23,0
96152.42291,1087.3337,-257,204,-6512,-3,11,-55,78,2,0
96152.4244,1087.3352,-302,219,-2182,-15,17,-82,78,4,0
96152.42583,1087.3367,-441,369,-5418,-22,-14,-92,76,-4,0
96152.42724,1087.3381,-45,278,-1316,-27,-28,-87,59,-16,0
96152.42852,1087.3393,-382,257,416,-10,-4,-105,56,-10,0
96152.45652,1087.3673,-121,42,-4515,34,-55,-95,52,-19,0
96152.45799,1087.3688,-209,-146,2105,48,-51,-77,58,-65,0
96152.45935,1087.3702,-595,-41,-1715,49,-32,-88,62,-62,0
96152.48907,1087.3999,-235,-52,-1302,42,19,-85,39,-72,0
96152.49047,1087.4013,-516,-83,1756,59,34,-53,-15,-53,0
96152.49175,1087.4026,-390,-162,-6068,52,8,-68,2,-76,0
96152.4992,1087.41,-312,-128,-1008,54,26,-108,-18,-121,0
96152.50051,1087.4113,-456,11,-4487,53,48,-101,-43,-165,0
96152.50183,1087.4127,-167,-134,-1499,74,54,-114,-23,-154,0
96152.53192,1087.4427,-479,-170,1518,85,92,-116,8,-148,0
96152.53337,1087.4442,-257,-318,-3859,81,52,-145,49,-134,0
96152.53468,1087.4455,-40,-252,543,98,50,-196,58,-123,0
96152.56943,1087.4803,-150,-114,-2671,101,45,-203,43,-125,0
96152.57097,1087.4818,42,-77,-1580,81,53,-195,-9,-134,0
96152.57225,1087.4831,-127,-132,681,58,73,-192,-15,-110,0
96152.59614,1087.507,-216,-170,-5223,73,26,-199,-29,-104,0
96152.59755,1087.5084,-179,-208,1286,92,25,-179,-13,-83,0
96152.59887,1087.5097,-225,-118,-4106,105,52,-151,36,-92,0
96152.63488,1087.5457,43,-191,-2269,123,15,-169,53,-63,0
96152.63619,1087.547,-203,-135,1209,112,29,-152,68,-53,0
96152.63744,1087.5483,19,-255,-2782,102,28,-138,36,-66,0
96152.63909,1087.5499,31,-182,5026,125,77,-142,44,-9,0
96152.64059,1087.5514,-81,-24,179,143,93,-109,40,3,0
96152.64196,1087.5528,-63,-132,-1862,150,39,-104,1,6,0
96152.64342,1087.5542,-360,-101,557,130,24,-89,-19,23,0
96152.64476,1087.5556,53,-144,-4566,101,-44,-78,-25,16,0
96152.64618,1087.557,141,-117,2565,90,-22,-61,-22,24,0
96152.67611,1087.5869,-222,86,714,82,8,-75,-19,18,0
96152.67742,1087.5882,66,-119,2276,80,37,-99,-14,25,0
96152.67895,1087.5898,-246,-53,3413,55,94,-90,-30,35,0
96152.71132,1087.6221,-122,-55,-2921,68,75,-80,-43,5,0
96152.71356,1087.6244,-50,-210,3105,48,91,-81,-45,-5,0
96152.71549,1087.6263,-68,-43,-3230,5,50,-58,-108,7,0
96152.7455,1087.6563,236,34,-1087,-28,20,-8,-119,9,0
96152.74684,1087.6577,-270,-2,2396,-5,29,14,-102,13,0
96152.74817,1087.659,-172,-173,-3972,17,21,21,-118,11,0
96152.74952,1087.6603,-110,-203,783,46,36,12,-113,6,0
96152.75081,1087.6616,-426,-166,-2814,36,34,11,-139,-45,0
96152.7525,1087.6633,-143,-244,-979,32,43,-5,-155,-28,0
96152.7988,1087.7096,-513,-195,3498,53,90,4,-116,39,0
96152.80032,1087.7111,-445,-247,-3371,48,59,19,-121,42,0
96152.80203,1087.7129,-219,-225,2235,34,48,38,-111,53,0
96152.80346,1087.7143,-380,-173,600,29,29,34,-96,62,0
96152.80481,1087.7156,-115,-257,2823,31,11,34,-90,64,0
96152.80616,1087.717,-308,-117,5412,41,25,42,-48,113,0
96152.83212,1087.7429,-82,-69,-351,50,-12,37,-44,122,0
96152.83377,1087.7446,-51,-28,3689,40,-10,14,-57,110,0
96152.84174,1087.7526,-364,68,-1900,9,-1,17,-48,83,0
96152.84338,1087.7542,77,74,-814,6,-43,4,-78,97,0
96152.84469,1087.7555,-170,-7,3249,13,-19,7,-93,97,0
96152.84609,1087.7569,34,-52,-3799,5,-30,19,-89,126,0
96152.87403,1087.7849,74,-52,3205,8,-13,22,-67,114,0
96152.87534,1087.7862,-328,-37,1274,10,-15,1,-29,122,0
96152.87658,1087.7874,-350,-126,1936,48,-63,-35,-59,116,0
96152.87788,1087.7887,-603,45,3702,11,19,-10,-8,117,0
96152.87912,1087.7899,-225,101,-314,-21,-2,-7,-27,119,0
96152.88039,1087.7912,310,68,5339,-54,17,25,-36,186,0
96152.90845,1087.8193,199,139,624,-72,26,44,-25,207,0
96152.90969,1087.8205,282,-23,1599,-61,19,52,0,186,0
96152.91097,1087.8218,-253,13,2207,-32,21,50,16,197,0
96152.95284,1087.8637,2,-148,-1232,-19,-6,70,37,216,0
96152.95573,1087.8666,0,-112,4327,-10,2,85,53,241,0
96152.95711,1087.8679,-100,-32,-472,-6,2,96,49,263,0
96152.9585,1087.8693,300,-58,-447,-34,-13,123,26,224,0
96152.95987,1087.8707,55,44,4008,-80,15,171,22,208,0
96152.96129,1087.8721,95,193,-878,-62,-12,169,17,215,0
96152.98835,1087.8992,138,204,5162,-20,12,202,13,221,0
96152.99042,1087.9012,233,134,152,16,5,233,28,229,0
96152.99231,1087.9031,228,-7,322,31,-27,200,67,237,0
96153.02008,1087.9309,-63,76,2498,-1,-1,218,94,241,0
96153.02134,1087.9322,159,-34,-1451,-18,4,195,49,227,0
96153.02261,1087.9334,199,51,2995,-46,25,193,26,233,0
96153.04861,1087.9594,-70,36,914,-49,48,163,6,211,0
96153.04987,1087.9607,209,-38,698,-52,50,126,-3,157,0
96153.05114,1087.962,-104,-6,2061,-44,78,140,-1,169,0
96153.05249,1087.9633,-300,-174,-2693,-61,65,136,-6,148,0
96153.05388,1087.9647,54,-173,2048,-58,63,158,23,135,0
96153.05511,1087.9659,-288,-162,-4317,-25,66,165,1,79,0
96153.08285,1087.9937,70,-120,-3978,14,59,191,-18,8,0
96153.08411,1087.9949,10,-24,937,17,122,195,-15,-7,0
96153.08538,1087.9962,42,-36,-4049,14,111,138,-25,-4,0
96153.11514,1088.026,-202,-215,1808,24,136,143,-7,0,0
96153.11651,1088.0273,-567,-82,-1735,24,121,140,-48,-8,0
96153.11777,1088.0286,-141,-143,-1335,50,95,92,-18,-21,0
96153.1729,1088.0837,-463,-195,2221,41,140,96,-12,-23,0
96153.17445,1088.0853,-499,-206,-4235,50,107,88,8,-48,0
96153.1758,1088.0866,-237,-98,1234,56,112,94,37,-21,0
96153.17717,1088.088,-372,43,-152,64,78,85,41,-39,0
96153.1784,1088.0892,-52,-95,876,43,53,79,70,-22,0
96153.17976,1088.0906,-385,-155,3131,7,88,97,125,6,0
96153.18117,1088.092,-222,-165,-3700,-30,69,65,138,-23,0
96153.18256,1088.0934,-23,-198,2583,-34,81,50,131,-34,0
96153.18386,1088.0947,-346,-108,-1178,-62,87,67,127,-39,0
96153.20585,1088.1167,-14,-124,305,-56,63,78,85,-31,0
96153.20739,1088.1182,-176,5,4896,-67,47,44,65,38,0
96153.20876,1088.1196,-43,-47,-1028,-85,13,19,50,51,0
96153.2367,1088.1475,232,-151,4530,-57,20,49,41,60,0
96153.23816,1088.149,-161,-200,2753,-44,26,26,60,111,0
96153.23941,1088.1502,38,-230,-108,-77,0,12,60,126,0
96153.24073,1088.1516,-263,-124,2719,-30,35,37,60,113,0
96153.24199,1088.1528,-324,-233,-2434,-23,23,28,59,115,0
96153.24319,1088.154,-760,-245,793,-23,27,20,89,108,0
96153.27212,1088.1829,-970,-224,-78,-17,42,-1,74,110,0
96153.27339,1088.1842,-284,-286,252,-8,52,-29,92,73,0
96153.2759,1088.1867,-165,-14,4423,0,69,5,112,102,0
96153.30579,1088.2166,100,81,681,0,59,8,107,90,0
96153.30706,1088.2179,-168,-60,7612,14,81,-6,103,95,0
96153.3083,1088.2191,-357,77,1321,10,64,7,109,111,0
96153.31166,1088.2225,180,-88,562,-6,51,5,71,141,0
96153.31295,1088.2238,-36,-56,2467,-20,95,20,66,171,0
96153.31423,1088.2251,-6,-155,-3472,-18,81,20,26,113,0
96153.34834,1088.2592,104,-311,3503,-40,84,26,37,102,0
96153.34965,1088.2605,-166,-163,-696,-83,118,19,47,86,0
96153.351,1088.2618,220,-184,-1321,-76,106,26,7,81,0
96153.3829,1088.2937,9,-63,2598,-47,154,21,14,101,0
96153.3844,1088.2952,112,14,-2706,-40,154,12,-18,95,0
96153.38569,1088.2965,374,-75,1904,-25,182,50,-26,113,0
96153.38712,1088.2979,42,-23,-2125,-49,187,34,32,85,0
96153.38838,1088.2992,363,-180,527,-68,202,8,3,108,0
96153.38967,1088.3005,-10,74,2229,-76,219,35,18,99,0
96153.42258,1088.3334,171,38,-3280,-70,232,58,16,79,0
96153.42397,1088.3348,-18,-41,1215,-65,255,48,5,36,0
96153.42528,1088.3361,-194,-52,-3315,-122,264,22,16,31,0
96153.45111,1088.3619,183,-181,-1480,-114,233,-1,3,42,0
96153.45256,1088.3634,-25,-45,1992,-123,226,-20,19,45,0
96153.45647,1088.3673,181,29,-4783,-100,177,-29,3,46,0
96153.4866,1088.3974,312,-72,2294,-95,155,-28,11,11,0
96153.48801,1088.3988,53,-44,-276,-95,153,-23,0,15,0
96153.48933,1088.4002,-54,-95,5,-104,145,-14,26,11,0
96153.49079,1088.4016,-100,-14,4237,-91,149,19,62,12,0
96153.4921,1088.4029,174,-46,-2789,-114,163,2,34,-25,0
96153.49334,1088.4042,244,-44,-43,-147,177,-17,32,-45,0
96153.53863,1088.4495,30,42,-3177,-150,161,-6,50,-41,0
96153.54097,1088.4518,485,-155,-248,-134,100,-15,47,-38,0
96153.54302,1088.4538,217,53,2237,-102,148,2,53,-30,0
96153.54453,1088.4554,279,249,-5193,-70,129,-2,22,-25,0
96153.54808,1088.4589,282,197,1493,-69,145,22,28,-59,0
96153.5495,1088.4603,-5,294,-790,-83,195,47,23,-62,0
96153.5593,1088.4701,323,234,-1014,-74,180,51,21,-54,0
96153.56064,1088.4715,227,374,2222,-68,185,29,28,-65,0
96153.56193,1088.4728,281,354,-2288,-73,157,21,26,-27,0
96153.60171,1088.5125,454,238,4283,-83,204,29,16,-5,0
96153.603,1088.5138,212,183,-553,-87,214,12,17,13,0
96153.60427,1088.5151,556,61,-1784,-90,198,-34,20,22,0
96153.60563,1088.5165,261,167,1437,-106,208,-32,20,19,0
96153.60686,1088.5177,308,171,-2108,-97,171,-35,17,21,0
96153.60808,1088.5189,153,109,641,-103,184,-30,46,43,0
96153.64358,1088.5544,-180,24,-4100,-83,187,-47,45,33,0
96153.64494,1088.5558,50,5,-2768,-63,156,-66,19,18,0
96153.64646,1088.5573,-402,232,-446,-88,160,-57,10,5,0
96153.67626,1088.5871,-625,264,-5994,-102,127,-33,-14,-6,0
96153.67764,1088.5885,-239,135,-2146,-82,117,-46,-38,10,0
96153.67891,1088.5897,-447,40,-6718,-96,113,-46,-44,-20,0
96153.68241,1088.5932,-175,-10,-5274,-96,59,-46,-20,-16,0
96153.68368,1088.5945,-400,181,-578,-84,62,-57,-51,-4,0
96153.68503,1088.5959,6,167,-5694,-71,48,-77,-62,-23,0
96153.72778,1088.6386,200,390,-719,-62,111,-75,-39,-34,0
96153.72932,1088.6401,-99,582,-3214,-68,93,-26,-53,-28,0
96153.73082,1088.6416,196,526,-5047,-60,57,-51,-42,-12,0
96153.73235,1088.6432,-15,564,-534,-71,72,-69,-51,6,0
96153.73362,1088.6444,19,513,-3870,-81,57,-100,-95,-10,0
96153.73489,1088.6457,79,538,1727,-45,79,-88,-90,-3,0
96153.7586,1088.6694,-309,586,-1895,-37,106,-120,-110,-13,0
96153.76012,1088.6709,-266,521,-3088,-14,104,-122,-116,-25,0
96153.7616,1088.6724,-328,552,-877,-15,127,-117,-109,-42,0
96153.76524,1088.6761,-218,433,-5668,-13,97,-107,-114,1,0
96153.76654,1088.6774,-208,227,-178,-31,105,-96,-99,9,0
96153.768,1088.6788,-408,241,-3513,-34,114,-77,-129,-1,0
96153.82805,1088.7389,-242,166,-2530,-28,75,-86,-138,17,0
96153.82943,1088.7403,-322,284,2360,-52,64,-80,-92,69,0
96153.83076,1088.7416,-183,265,-3437,-41,46,-92,-100,49,0
96153.83226,1088.7431,57,237,818,-49,13,-116,-79,58,0
96153.83358,1088.7444,-15,269,-2794,-49,35,-104,-97,24,0
96153.83485,1088.7457,236,70,-3333,-51,68,-111,-84,29,0
96153.90493,1088.8158,24,249,2567,-58,47,-143,-77,68,0
96153.90692,1088.8177,37,255,-2138,-80,37,-114,-99,98,0
96153.90837,1088.8192,211,35,2647,-89,33,-94,-73,124,0
96153.90986,1088.8207,-297,121,-2214,-89,44,-113,-54,133,0
96153.91118,1088.822,17,52,-3457,-94,45,-119,-38,79,0
96153.91251,1088.8233,170,146,-114,-73,18,-112,-2,42,0
96153.91386,1088.8247,273,197,-5481,-57,-4,-138,-18,39,0
96153.91509,1088.8259,442,112,1493,-49,-16,-112,-46,36,0
96153.91634,1088.8272,235,161,-747,-35,-16,-104,-61,53,0
96153.91775,1088.8286,394,11,-2690,-31,-36,-91,-68,38,0
96153.91923,1088.8301,74,131,2020,17,-24,-109,-83,15,0
96153.92047,1088.8313,123,175,-5097,33,-42,-162,-95,18,0
96153.94438,1088.8552,213,108,428,20,-28,-146,-74,4,0
96153.94585,1088.8567,93,78,-2478,23,-13,-133,-55,-5,0
96153.9472,1088.858,212,19,-3655,47,-50,-138,-42,-38,0
96153.97544,1088.8863,-10,126,905,50,-63,-132,-53,-40,0
96153.97688,1088.8877,-375,37,-4553,23,-128,-153,-39,-39,0
96153.98502,1088.8958,-24,-138,631,9,-115,-134,2,-36,0
96153.98663,1088.8975,-637,-68,-1440,-2,-95,-103,-8,-17,0
96153.98805,1088.8989,-335,-94,-3179,-8,-105,-117,-27,-25,0
96153.98933,1088.9002,-587,-33,-1059,-6,-103,-121,11,-75,0
96154.01318,1088.924,-624,-72,-6926,-11,-136,-97,-12,-116,0
96154.01458,1088.9254,-211,69,-2073,7,-98,-119,-14,-119,0
96154.01594,1088.9268,-222,142,-4989,-9,-88,-129,-9,-118,0
96154.04365,1088.9545,349,28,-2983,12,-113,-95,17,-101,0
96154.04496,1088.9558,28,-7,3619,33,-78,-62,33,-96,0
96154.04637,1088.9572,-140,-32,-2447,77,-125,-82,8,-119,0
96154.07643,1088.9873,-337,-62,1282,108,-117,-120,-8,-72,0
96154.07784,1088.9887,-644,75,-446,76,-126,-124,-25,-62,0
96154.07912,1088.9899,-14,2,-702,86,-135,-76,-1,-56,0
96154.11295,1089.0238,-347,24,4962,86,-92,-106,31,-44,0
96154.11441,1089.0252,-405,-115,211,73,-76,-140,3,-37,0
96154.11583,1089.0267,-341,-170,3897,105,-77,-134,6,-25,0
96154.11736,1089.0282,-840,-56,2127,111,-80,-132,52,-9,0
96154.11864,1089.0295,-375,-79,1654,150,-68,-128,89,7,0
96154.11989,1089.0307,-723,54,4275,128,-50,-143,83,24,0
96154.14727,1089.0581,-495,89,-1305,117,-37,-130,70,48,0
96154.14869,1089.0595,-127,67,5689,143,-43,-138,103,64,0
96154.15005,1089.0609,-248,243,1733,159,-53,-154,103,67,0
96154.18393,1089.0948,50,90,616,136,-83,-188,71,65,0
96154.18534,1089.0962,-94,77,3750,126,-67,-204,38,66,0
96154.18666,1089.0975,-127,85,-3806,102,-56,-221,11,41,0
96154.18821,1089.099,14,-18,1303,93,-38,-240,19,40,0
96154.19015,1089.101,-322,150,232,59,-30,-233,-15,32,0
96154.19236,1089.1032,42,273,-3602,39,-65,-222,0,33,0
96154.21838,1089.1292,-147,225,1926,5,-33,-217,32,0,0
96154.22004,1089.1309,-157,154,-2304,32,-49,-199,13,3,0
96154.22151,1089.1323,-257,172,-1006,80,-31,-218,13,-4,0
96154.26934,1089.1802,-227,250,-3273,93,-27,-206,20,-39,0
96154.27075,1089.1816,285,288,-2440,116,-68,-221,41,-47,0
96154.27231,1089.1831,-265,397,1071,89,-38,-195,71,-45,0
96154.28047,1089.1913,169,316,-3482,67,-38,-204,38,-36,0
96154.28197,1089.1928,561,189,4270,95,-19,-220,34,-31,0
96154.28353,1089.1944,145,295,1684,93,36,-183,92,-30,0
96154.28503,1089.1959,108,191,306,105,38,-166,75,-43,0
96154.28646,1089.1973,-382,271,3604,111,91,-137,84,-39,0
96154.28787,1089.1987,-4,150,-4647,78,97,-111,62,-68,0
96154.32417,1089.235,156,-64,400,90,100,-109,36,-42,0
96154.32555,1089.2364,-413,-32,-2127,100,94,-75,21,-20,0
96154.32723,1089.2381,-448,61,-3266,101,74,-131,-8,-34,0
96154.32862,1089.2394,-478,114,3220,99,74,-160,-56,-8,0
96154.32994,1089.2408,-256,19,-2035,103,37,-170,-86,-8,0
96154.3314,1089.2422,-177,50,2600,101,54,-171,-92,8,0
96154.36173,1089.2726,-401,204,1133,138,99,-137,-104,28,0
96154.36357,1089.2744,444,275,1022,117,98,-103,-122,61,0
96154.36538,1089.2762,-48,294,4497,92,114,-57,-113,122,0
96154.39328,1089.3041,-20,320,-73,92,64,-37,-123,128,0
96154.39471,1089.3055,222,356,6142,113,87,-48,-106,148,0
96154.39601,1089.3068,-105,278,811,128,88,-36,-64,175,0
96154.41776,1089.3286,1,160,-2446,106,86,-96,-70,150,0
96154.41921,1089.33,-192,166,2361,100,98,-89,-80,159,0
96154.42049,1089.3313,-14,44,-5000,99,48,-104,-109,125,0
96154.42661,1089.3374,-85,75,554,127,27,-92,-134,119,0
96154.42806,1089.3389,-171,292,-489,122,-9,-67,-152,141,0
96154.42957,1089.3404,450,355,-1804,110,-71,-31,-165,157,0
96154.45763,1089.3685,240,464,2295,101,-65,-13,-153,147,0
96154.45922,1089.37,204,400,-4049,81,-85,-48,-164,116,0
96154.4606,1089.3714,207,278,-1437,97,-90,-16,-135,113,0
96154.46212,1089.3729,-164,297,-3895,85,-96,26,-133,94,0
96154.46348,1089.3743,277,146,-2096,81,-96,1,-109,95,0
96154.46476,1089.3756,107,205,1297,104,-111,8,-102,95,0
96154.49489,1089.4057,263,170,-5754,124,-157,-19,-145,86,0
96154.49642,1089.4072,400,-17,-1358,173,-135,-31,-145,74,0
96154.49803,1089.4089,142,-86,-4577,181,-133,-32,-142,99,0
96154.53396,1089.4448,444,0,-4984,211,-165,-54,-124,93,0
96154.53537,1089.4462,165,218,1982,190,-160,-58,-115,113,0
96154.54352,1089.4543,279,76,-4545,169,-195,-56,-141,112,0
96154.54524,1089.4561,291,85,1517,172,-204,-98,-150,67,0
96154.54731,1089.4581,207,121,822,173,-215,-113,-136,90,0
96154.54871,1089.4595,209,228,-3621,171,-237,-109,-109,99,0
96154.57008,1089.4809,-93,402,-346,144,-211,-82,-109,103,0
96154.57175,1089.4826,105,198,-4994,143,-207,-100,-112,87,0
96154.57315,1089.484,245,35,-1825,139,-203,-60,-99,73,0
96154.60106,1089.5119,57,-55,-3960,113,-211,-46,-101,33,0
96154.60259,1089.5134,239,95,-3112,129,-233,-63,-72,24,0
96154.60396,1089.5148,218,140,662,104,-195,-84,-37,26,0
96154.64383,1089.5547,211,229,-5609,81,-211,-92,-37,5,0
96154.64528,1089.5561,101,153,339,79,-145,-77,-26,-43,0
96154.64662,1089.5574,-274,146,-1390,82,-151,-74,-24,-66,0
96154.64817,1089.559,287,-40,-2194,84,-157,-58,-58,-71,0
96154.64978,1089.5606,3,105,2561,69,-143,-36,-43,-107,0
96154.65311,1089.5639,113,183,-5859,92,-178,-48,-46,-126,0
96154.65455,1089.5654,287,223,-759,76,-177,-90,-24,-142,0
96154.65615,1089.567,-21,197,-1380,110,-133,-39,7,-178,0
96154.65765,1089.5685,189,60,-3163,112,-134,-23,-10,-199,0
96154.68358,1089.5944,77,192,783,93,-120,-11,7,-247,0
96154.68485,1089.5957,-8,183,-5299,93,-145,-23,4,-264,0
96154.68612,1089.5969,194,125,821,121,-111,-27,26,-263,0
96154.7169,1089.6277,19,154,-1315,121,-93,-29,60,-264,0
96154.7184,1089.6292,307,291,-2338,116,-143,-35,40,-236,0
96154.71975,1089.6306,-16,217,1886,120,-167,-37,72,-241,0
96154.74769,1089.6585,-57,80,-3180,138,-214,-47,85,-242,0
96154.74913,1089.66,135,-81,2044,134,-207,-53,100,-241,0
96154.75041,1089.6612,-405,-162,-1728,145,-172,-22,75,-229,0
96154.75198,1089.6628,23,-258,-1297,147,-156,-19,71,-206,0
96154.75326,1089.6641,-169,-125,6651,104,-119,-26,77,-206,0
96154.75463,1089.6655,95,-84,2037,104,-116,-31,67,-164,0
96154.78449,1089.6953,165,-74,10276,102,-115,-29,53,-152,0
96154.78572,1089.6965,-413,130,8963,97,-115,-42,40,-107,0
96154.78702,1089.6978,-32,104,6964,102,-104,-71,24,-82,0
96154.83563,1089.7465,-284,98,10959,90,-58,-67,49,-81,0
96154.83716,1089.748,-255,140,6321,71,-34,-49,81,-80,0
96154.83857,1089.7494,86,-5,10064,76,-23,-38,74,-103,0
96154.84002,1089.7508,52,3,8049,68,-4,-41,70,-97,0
96154.8417,1089.7525,362,13,5956,41,-4,-75,64,-71,0
96154.84299,1089.7538,40,-47,10426,65,-24,-66,85,-21,0
96154.86441,1089.7752,-245,-171,5707,64,-62,-60,77,13,0
96154.86576,1089.7766,-244,-149,8927,66,-39,-76,65,39,0
96154.86701,1089.7778,-439,-70,6322,60,-40,-90,61,90,0
96154.86859,1089.7794,153,-249,6275,44,-38,-131,44,99,0
96154.86995,1089.7808,168,-156,11086,48,-20,-126,33,139,0
96154.87147,1089.7823,181,-75,2421,9,-19,-88,-27,118,0
96154.89933,1089.8102,-134,-218,6231,-48,-22,-60,-58,115,0
96154.90088,1089.8117,-434,-211,2667,-58,0,-64,-71,109,0
96154.90235,1089.8132,20,-343,-3653,-43,-30,-54,-111,120,0
96154.95386,1089.8647,-139,-315,-337,-29,9,-66,-145,115,0
96154.9553,1089.8661,-52,-280,-6352,-27,-15,-71,-142,100,0
96154.95665,1089.8675,-1,-353,-3413,-49,-27,-98,-144,102,0
96154.96225,1089.8731,-268,-185,-5949,-58,-33,-111,-132,71,0
96154.96372,1089.8745,-96,-262,-7308,-36,-68,-139,-121,68,0
96154.96518,1089.876,-190,-188,-180,-27,-34,-102,-138,47,0
96154.99492,1089.9057,-151,-151,-5919,-26,-31,-106,-147,36,0
96154.99634,1089.9072,-310,-172,-439,-16,-16,-129,-117,42,0
96154.99767,1089.9085,-256,-145,-748,-38,-18,-116,-124,15,0
96154.99922,1089.91,-185,-121,-1332,-44,-61,-126,-172,8,0
96155.00051,1089.9113,-259,-96,2352,-70,-30,-104,-194,31,0
96155.00177,1089.9126,-324,-79,-5582,-95,-70,-89,-199,-26,0
96155.03784,1089.9487,-88,-164,98,-113,-73,-82,-159,-28,0
96155.03925,1089.9501,-404,18,-691,-128,-53,-58,-159,-28,0
96155.04069,1089.9515,-78,-77,-3125,-144,-21,-39,-181,-34,0
96155.04423,1089.955,-355,-190,2728,-160,-4,-15,-164,5,0
96155.04551,1089.9563,-249,-304,-3587,-174,-24,7,-169,35,0
96155.04692,1089.9577,-117,-259,749,-166,-12,17,-166,53,0
96155.07947,1089.9903,-428,-142,-1865,-176,15,26,-162,59,0
96155.08082,1089.9916,-161,-164,-4655,-168,26,20,-149,17,0
96155.08918,1090,-653,-148,191,-141,55,51,-135,10,0
96155.11312,1090.0239,-654,-250,-5132,-125,18,82,-134,17,0
96155.11449,1090.0253,-215,-243,341,-92,-1,43,-144,17,0
96155.1158,1090.0266,-302,-101,-1015,-54,-5,18,-132,17,0
96155.11731,1090.0281,45,-41,-1547,-11,-12,-30,-141,48,0
96155.11859,1090.0294,-26,67,2373,14,15,-54,-161,81,0
96155.11981,1090.0306,-84,-2,-4126,16,9,-71,-161,82,0
96155.15107,1090.0619,-327,-144,720,19,-9,-40,-180,65,0
96155.15252,1090.0633,-746,-31,-166,49,33,-32,-158,88,0
96155.15389,1090.0647,-687,-269,-2411,87,55,-5,-141,71,0
96155.18371,1090.0945,-574,-263,4214,103,72,45,-116,85,0
96155.18515,1090.096,-329,-77,-3556,114,60,38,-121,97,0
96155.18656,1090.0974,-141,-148,309,86,56,39,-132,109,0
96155.21867,1090.1295,-471,-111,-2264,71,30,29,-121,99,0
96155.22012,1090.1309,-174,-358,-4008,78,23,7,-153,96,0
96155.22144,1090.1323,-480,-362,1143,56,64,-22,-144,98,0
96155.2229,1090.1337,-182,-370,-3467,10,49,-51,-131,86,0
96155.22445,1090.1353,-128,-363,1867,2,64,-62,-150,72,0
96155.22586,1090.1367,-208,-178,2332,-15,79,-34,-122,102,0
96155.22732,1090.1381,187,-155,3214,-11,61,-7,-113,99,0
96155.22886,1090.1397,251,-68,8984,-4,75,-24,-105,106,0
96155.23022,1090.141,163,-5,3578,-31,22,-16,-144,88,0
96155.26225,1090.1731,349,-100,8108,2,18,4,-152,116,0
96155.26357,1090.1744,125,-208,7452,-23,26,3,-167,104,0
96155.26488,1090.1757,333,-314,6014,-38,0,-2,-202,111,0
96155.30092,1090.2117,354,-185,10653,-88,33,23,-178,158,0
96155.30238,1090.2132,140,-46,5101,-127,29,3,-197,172,0
96155.30382,1090.2146,409,-63,10431,-165,29,12,-200,170,0
96155.30535,1090.2162,-31,110,10156,-192,42,22,-221,169,0
96155.3067,1090.2175,545,117,8208,-221,67,35,-241,213,0
96155.30804,1090.2189,539,91,11773,-254,78,69,-197,243,0
96155.34617,1090.257,386,30,6635,-255,68,79,-172,283,0
96155.34764,1090.2585,256,-57,9808,-240,96,82,-134,266,0
96155.34911,1090.2599,129,-49,3387,-187,128,111,-102,239,0
96155.37141,1090.2822,487,-277,1295,-196,127,105,-105,223,0
96155.37287,1090.2837,211,-111,4922,-220,136,109,-122,226,0
96155.37424,1090.2851,139,-101,-3622,-221,119,73,-141,207,0
96155.39991,1090.3107,438,1,669,-238,115,50,-134,221,0
96155.4013,1090.3121,245,96,787,-198,120,41,-156,219,0
96155.40259,1090.3134,507,-64,-1999,-192,91,28,-140,235,0
96155.40405,1090.3149,371,-76,2827,-165,101,44,-148,289,0
96155.40537,1090.3162,405,78,-2157,-125,93,7,-142,323,0
96155.40934,1090.3202,603,-32,930,-111,89,-23,-103,310,0
96155.43353,1090.3444,239,98,-1391,-95,113,-38,-81,289,0
96155.43487,1090.3457,361,154,-5721,-88,77,-81,-117,283,0
96155.43612,1090.3469,160,52,-2770,-72,62,-73,-105,269,0
96155.46606,1090.3769,59,1,-9367,-37,47,-70,-136,238,0
96155.46748,1090.3783,358,-109,-4494,-72,44,-49,-112,195,0
96155.46901,1090.3798,96,60,-4661,-84,61,-50,-76,201,0
96155.47055,1090.3814,240,-75,-7235,-89,67,-66,-38,241,0
96155.47205,1090.3829,190,61,-129,-82,46,-48,-24,246,0
96155.47338,1090.3842,127,64,-6340,-86,18,-8,-20,268,0
96155.50353,1090.4144,74,-9,-3181,-67,-2,9,-19,274,0
96155.50512,1090.4159,-162,64,-5423,-59,-12,-14,-34,278,0
96155.50654,1090.4174,241,15,-7302,-60,-48,-28,-49,285,0
96155.53658,1090.4474,80,-12,-45,-70,-9,-39,17,292,0
96155.53804,1090.4489,137,-9,-5818,-98,-54,-48,-10,229,0
96155.53944,1090.4503,137,-222,-2942,-108,-75,-66,28,185,0
96155.56725,1090.4781,-279,-129,-1728,-84,-63,-39,93,148,0
96155.56858,1090.4794,82,-112,-2970,-33,-97,-35,86,185,0
96155.5699,1090.4807,-208,-43,1562,-64,-74,-33,91,210,0
96155.59102,1090.5018,-265,-143,-2743,-56,-61,-30,93,242,0
96155.59259,1090.5034,253,-192,146,-22,-37,-22,96,253,0
96155.59397,1090.5048,-487,-91,-3691,-41,-8,6,94,218,0
96155.59554,1090.5064,-26,-160,-6183,-30,-32,20,95,175,0
96155.59682,1090.5076,-567,-54,-641,-19,1,16,110,148,0
96155.59809,1090.5089,-151,49,-5142,3,-10,47,123,123,0
96155.62599,1090.5368,274,90,-671,7,2,75,119,149,0
96155.62736,1090.5382,-81,208,-789,25,6,103,78,146,0
96155.62908,1090.5399,189,0,-3860,39,-14,103,55,140,0
96155.69172,1090.6025,-195,-48,-126,55,11,98,34,107,0
96155.6937,1090.6045,-322,-204,-3763,35,30,113,-1,103,0
96155.69511,1090.6059,-198,-301,2,40,41,102,13,120,0
96155.69733,1090.6082,-494,-182,-1874,39,64,118,-2,119,0
96155.70081,1090.6116,31,-191,-4608,16,26,132,-36,67,0
96155.70218,1090.613,-126,64,832,26,24,133,-32,25,0
96155.70359,1090.6144,-228,47,-3067,16,-17,121,-42,4,0
96155.70495,1090.6158,57,-47,2484,-17,-56,122,-23,-3,0
96155.70621,1090.617,-233,15,-437,-25,-73,156,-4,-12,0
96155.72828,1090.6391,144,67,-3628,-23,-128,169,-34,2,0
96155.72961,1090.6404,147,62,2708,-39,-152,158,-40,11,0
96155.73088,1090.6417,368,145,-1888,-32,-160,137,12,35,0
96155.73237,1090.6432,470,-57,3420,-43,-128,142,34,73,0
96155.73368,1090.6445,146,-44,1780,-65,-111,138,46,80,0
96155.73494,1090.6458,348,-176,-2932,-81,-117,145,66,55,0
96155.76886,1090.6797,160,-49,4163,-123,-111,117,48,57,0
96155.77015,1090.681,228,-5,-2220,-107,-82,138,29,58,0
96155.77138,1090.6822,493,-114,2252,-123,-49,143,17,83,0
96155.79533,1090.7062,197,142,273,-134,-50,162,7,121,0
96155.79699,1090.7078,861,174,-916,-142,-62,163,-14,119,0
96155.79828,1090.7091,565,227,2959,-131,5,179,-21,133,0
96155.82816,1090.739,128,388,-2978,-115,-24,180,-8,134,0
96155.82966,1090.7405,221,375,-367,-86,-46,213,-17,137,0
96155.83115,1090.742,-72,400,-3516,-83,-33,215,-44,93,0
96155.84282,1090.7536,244,251,-6302,-63,-52,198,-78,62,0
96155.84433,1090.7552,102,228,1038,-57,-4,192,-82,93,0
96155.84561,1090.7564,249,300,-3016,-55,-18,178,-90,116,0
96155.87853,1090.7894,321,186,586,-42,-33,125,-86,118,0
96155.8803,1090.7911,53,224,-1615,-63,-40,161,-98,106,0
96155.88209,1090.7929,227,180,-5180,-92,-53,125,-129,71,0
96155.88407,1090.7949,28,183,929,-86,10,103,-77,41,0
96155.88604,1090.7969,-126,235,-3940,-68,38,80,-102,62,0
96155.888,1090.7988,345,214,1461,-63,43,15,-69,89,0
96155.91785,1090.8287,130,239,1944,-59,62,9,-53,121,0
96155.91923,1090.8301,444,246,-2853,-101,35,13,-76,112,0
96155.92738,1090.8382,184,161,-297,-93,71,33,-98,96,0
96155.92917,1090.84,136,-34,-5013,-122,85,24,-86,40,0
96155.93055,1090.8414,396,-58,1293,-126,97,53,-73,12,0
96155.93183,1090.8427,134,105,-94,-125,84,65,-11,6,0
96155.95374,1090.8646,505,99,-1606,-119,82,56,-3,23,0
96155.95512,1090.8659,396,23,2923,-139,87,59,13,4,0
96155.95657,1090.8674,229,92,-3600,-101,66,43,9,-3,0
96155.98659,1090.8974,454,81,880,-106,37,25,67,-2,0
96155.98799,1090.8988,87,193,451,-113,23,13,82,-4,0
96155.98946,1090.9003,508,-59,-2430,-94,12,4,60,-5,0
96156.02349,1090.9343,-56,-15,1801,-125,38,-13,67,-25,0
96156.02503,1090.9359,-112,4,-3757,-134,12,-1,70,-37,0
96156.0263,1090.9371,119,10,72,-143,-5,-7,52,-22,0
96156.02777,1090.9386,231,182,-855,-108,3,-18,40,-31,0
96156.02909,1090.9399,459,48,-5022,-104,-13,-20,59,-65,0
96156.03042,1090.9412,365,0,-492,-106,20,-38,101,-93,0
96156.07448,1090.9853,220,62,-4732,-98,19,-33,117,-84,0
96156.07587,1090.9867,395,63,-319,-74,15,-34,104,-72,0
96156.0772,1090.988,42,231,-1321,-46,19,-23,89,-28,0
96156.07865,1090.9895,389,162,-2211,-48,-23,-30,85,-9,0
96156.07992,1090.9907,227,198,3404,-61,5,-48,74,7,0
96156.0814,1090.9922,186,214,-3316,-57,-16,-65,59,27,0
96156.09712,1091.0079,319,161,654,-58,-39,-74,64,27,0
96156.09852,1091.0093,-3,13,643,-35,8,-36,38,24,0
96156.09979,1091.0106,268,-92,-3553,-8,-13,-26,62,-25,0
96156.12757,1091.0384,232,-5,3451,33,10,-5,78,-18,0
96156.12884,1091.0397,264,115,-2605,37,-40,24,41,-20,0
96156.13005,1091.0409,417,202,-1312,31,-11,10,20,0,0
96156.16164,1091.0725,122,201,-2275,26,-9,5,18,-45,0
96156.1631,1091.0739,369,98,-3699,53,-64,3,18,-84,0
96156.16452,1091.0753,441,168,2446,113,-41,31,15,-57,0
96156.19447,1091.1053,29,139,-2257,152,-19,13,-15,-71,0
96156.19573,1091.1066,392,-85,4135,115,-24,-14,-49,-75,0
96156.19699,1091.1078,-155,-55,3882,143,-3,-43,-29,-29,0
96156.19828,1091.1091,-185,-89,355,118,3,-79,-43,-5,0
96156.19967,1091.1105,54,80,3873,109,24,-79,-52,-10,0
96156.20775,1091.1186,120,154,-3591,112,-17,-87,-83,-43,0
96156.23112,1091.1419,236,159,775,113,-72,-82,-75,-56,0
96156.23252,1091.1433,-8,254,-416,124,-63,-78,-96,-105,0
96156.23384,1091.1447,267,75,-4040,108,-118,-71,-95,-112,0
96156.23543,1091.1463,246,63,963,59,-105,-61,-75,-156,0
96156.23676,1091.1476,103,-36,-4830,49,-146,-72,-71,-168,0
96156.23809,1091.1489,42,-116,-1140,10,-161,-110,-66,-174,0
96156.27029,1091.1811,-3,5,-1148,6,-163,-88,-48,-183,0
96156.27167,1091.1825,287,18,-2771,-6,-173,-106,-63,-191,0
96156.27306,1091.1839,40,124,1415,-1,-119,-70,-25,-189,0
96156.30298,1091.2138,120,143,-2685,5,-123,-92,-31,-133,0
96156.30434,1091.2152,453,49,2680,10,-152,-99,-26,-89,0
96156.30563,1091.2165,-89,125,655,36,-132,-108,-20,-48,0
96156.30696,1091.2178,198,6,-3037,52,-138,-96,-19,-29,0
96156.30818,1091.219,353,-35,4739,60,-91,-66,-17,-34,0
96156.30944,1091.2203,-211,-131,-2165,47,-100,-84,-2,-16,0
96156.33934,1091.2502,-153,-220,1199,29,-63,-79,20,-16,0
96156.34069,1091.2515,-406,4,862,22,-29,-66,10,-14,0
96156.34203,1091.2529,-188,2,-2145,56,-43,-48,-8,-14,0
96156.37446,1091.2853,-360,144,3590,74,-8,-48,39,-9,0
96156.37657,1091.2874,-320,196,-596,106,-14,-57,70,27,0
96156.37855,1091.2894,65,126,1114,121,8,-95,71,74,0
96156.40465,1091.3155,-282,-1,-253,105,-23,-97,54,75,0
96156.40609,1091.3169,5,-132,-2153,94,-100,-114,74,30,0
96156.40745,1091.3183,-270,46,1575,62,-81,-103,50,59,0
96156.44137,1091.3522,-399,123,-4784,95,-129,-105,48,49,0
96156.44276,1091.3536,42,19,-105,152,-107,-118,75,45,0
96156.44403,1091.3549,-355,142,-710,146,-66,-130,61,37,0
96156.44767,1091.3585,-255,-92,-2474,138,-72,-132,71,47,0
96156.45013,1091.361,-306,-121,3658,141,-34,-108,86,26,0
96156.45163,1091.3625,-314,-73,-3198,142,-25,-98,62,0,0
96156.50971,1091.4205,-236,-196,2825,157,-8,-78,71,-16,0
96156.5111,1091.4219,-590,-161,1795,145,17,-79,56,-15,0
96156.51244,1091.4233,-282,-266,-2865,180,6,-106,24,-41,0
96156.51378,1091.4246,-371,-47,1411,192,71,-128,46,-71,0
96156.5218,1091.4326,-288,126,-2904,180,54,-157,12,-62,0
96156.52325,1091.4341,80,62,-146,166,50,-138,8,-50,0
96156.52494,1091.4358,-222,147,1534,174,81,-112,46,-44,0
96156.52621,1091.437,52,-47,-1101,209,58,-133,69,-34,0
96156.52752,1091.4383,-98,-168,2660,227,98,-75,82,-38,0
96156.54536,1091.4562,-120,-192,-2165,205,75,-46,103,-32,0
96156.54668,1091.4575,141,-240,1956,185,89,-36,111,-58,0
96156.548,1091.4588,-57,-188,2388,174,123,-69,119,-87,0
96156.54942,1091.4602,104,-340,397,183,119,-74,134,-89,0
96156.55073,1091.4616,-179,-327,3124,161,126,-78,110,-93,0
96156.55229,1091.4631,-445,-378,-4293,133,90,-77,108,-110,0
96156.58451,1091.4953,17,-356,217,141,98,-72,91,-123,0
96156.58586,1091.4967,-288,-2,-1942,97,156,-72,95,-106,0
96156.58712,1091.4979,254,-140,-5839,65,143,-68,96,-78,0
96156.61887,1091.5297,214,-236,975,49,121,-74,158,-53,0
96156.62045,1091.5313,161,-366,-4421,53,117,-100,143,-85,0
96156.62201,1091.5328,67,-359,-283,50,73,-146,162,-94,0
96156.65392,1091.5647,-232,-315,1041,20,93,-137,176,-66,0
96156.6557,1091.5665,22,-280,-3798,26,68,-120,167,-78,0
96156.65712,1091.5679,-42,-160,525,-12,96,-115,161,-62,0
96156.65864,1091.5695,-8,-76,-2730,-4,67,-86,144,-78,0
96156.65989,1091.5707,148,-165,2354,4,34,-96,111,-56,0
96156.66115,1091.572,-109,-28,1763,26,49,-79,112,-29,0
96156.69525,1091.6061,106,-41,-3698,53,-16,-58,77,-52,0
96156.69653,1091.6074,-15,-159,2777,58,-8,-34,38,-46,0
96156.69776,1091.6086,-165,-158,-3014,53,4,-64,55,-71,0
96156.6991,1091.6099,139,-118,-424,56,7,-100,76,-129,0
96156.70033,1091.6112,-215,-137,736,61,12,-96,72,-153,0
96156.70159,1091.6124,-98,-244,-4001,64,-3,-109,72,-213,0
96156.73432,1091.6451,-109,-116,2591,74,17,-126,90,-225,0
96156.73573,1091.6466,-68,-72,-1427,44,16,-117,82,-207,0
96156.73716,1091.648,207,-215,2796,40,4,-125,91,-179,0
96156.76496,1091.6758,-344,-74,4329,24,38,-90,110,-198,0
96156.7664,1091.6772,1,-25,446,20,2,-110,102,-202,0
96156.76771,1091.6785,-80,36,4449,0,22,-95,97,-174,0
96156.77589,1091.6867,-65,65,422,-17,5,-90,85,-115,0
96156.77757,1091.6884,-76,-165,5311,-15,-3,-65,68,-69,0
96156.77883,1091.6897,-436,-186,4047,12,5,-43,80,-42,0
96156.81387,1091.7247,-262,-121,-1078,-5,-29,-47,51,22,0
96156.81512,1091.7259,-201,-55,4633,-30,-21,-30,68,43,0
96156.81633,1091.7272,-386,-29,-1767,-57,-23,-30,84,36,0
96156.8178,1091.7286,-12,-63,4181,-44,-49,-50,86,3,0
96156.81907,1091.7299,-165,138,3665,-22,-65,-62,79,9,0
96156.82032,1091.7311,75,12,-1393,-72,-65,-70,97,19,0
96156.84811,1091.7589,-83,11,3331,-95,-29,-25,146,19,0
96156.84942,1091.7602,12,10,-3304,-108,-27,-30,147,-34,0
96156.85066,1091.7615,283,-98,1174,-52,-37,-28,166,-41,0
96156.88068,1091.7915,-82,183,1177,-77,-48,-29,161,-33,0
96156.8821,1091.7929,199,66,-2083,-71,-58,-41,117,-8,0
96156.88334,1091.7942,104,78,1556,-71,-4,-27,121,-15,0
96156.91112,1091.8219,78,195,-3232,-74,-18,-20,106,-35,0
96156.91257,1091.8234,432,-67,430,-76,-39,-29,114,-20,0
96156.91388,1091.8247,-50,-50,578,-82,-13,-38,94,-28,0
96156.91539,1091.8262,-200,-25,-1049,-58,-12,-71,81,18,0
96156.9168,1091.8276,-294,-20,5939,-25,27,-92,61,34,0
96156.91808,1091.8289,-391,21,-483,-48,53,-89,43,51,0
96156.97757,1091.8884,-88,-38,3444,-34,77,-86,52,66,0
96156.97892,1091.8897,-107,49,2534,-43,100,-86,63,72,0
96156.98019,1091.891,41,215,-5245,-48,79,-104,70,16,0
96156.99803,1091.9089,-101,252,-1030,-66,95,-83,96,16,0
96156.99951,1091.9103,23,182,-6668,-96,94,-75,89,-27,0
96157.00073,1091.9116,353,14,-2245,-69,83,-91,37,-10,0
96157.00234,1091.9132,-225,-18,-785,-96,97,-84,21,-41,0
96157.00378,1091.9146,-296,-29,-4531,-124,66,-98,-8,-93,0
96157.00512,1091.9159,-455,-38,1705,-101,124,-70,-11,-107,0
96157.00671,1091.9175,-352,-64,-4281,-54,122,-41,-35,-175,0
96157.00796,1091.9188,-262,-260,1255,-77,147,-43,-21,-209,0
96157.00929,1091.9201,-692,-249,-738,-108,181,-66,-2,-185,0
96157.03523,1091.9461,-704,-409,-3653,-94,112,-86,21,-195,0
96157.03654,1091.9474,-592,-319,1723,-74,144,-130,39,-220,0
96157.04427,1091.9551,-414,-55,-4159,0,149,-161,38,-256,0
96157.06617,1091.977,-213,-110,-404,18,121,-145,19,-248,0
96157.0677,1091.9785,-564,-18,1301,41,143,-132,31,-198,0
96157.06899,1091.9798,-130,-128,-4434,29,85,-119,-14,-188,0
96083.09065,1018.0015,-27,228,480,87,92,9,-33,-41,0
96083.09234,1018.0032,-25,201,-3940,93,66,10,-15,-81,0
96083.09359,1018.0044,90,253,1760,72,61,31,-5,-131,0
96083.09483,1018.0057,-98,273,-2767,70,59,12,7,-97,0
96083.09667,1018.0075,201,-28,-2450,60,32,-17,7,-139,0
96083.0979,1018.0087,-221,-195,-1160,34,10,-25,-1,-155,0
96083.09913,1018.01,-75,-272,-6533,27,-37,-16,2,-190,0
96083.10054,1018.0114,24,-74,-1338,35,-27,2,-12,-208,0
96083.1018,1018.0126,-39,29,-5036,28,-44,4,-36,-170,0
96083.1031,1018.0139,212,-49,-2885,57,-66,-12,-59,-133,0
96083.10514,1018.016,-54,137,-1270,63,-48,-14,-35,-138,0
96083.10671,1018.0175,186,129,-3949,72,-101,15,-34,-121,0
96083.10815,1018.019,182,223,1213,102,-118,18,-22,-109,0
96083.18449,1018.0953,-94,357,-3406,95,-97,25,-45,-91,0
96083.18596,1018.0968,281,250,-1253,111,-117,53,-24,-118,0
96083.18747,1018.0983,-207,271,-262,134,-79,51,7,-121,0
96083.18889,1018.0997,-195,106,-5972,96,-93,61,35,-117,0
96083.19046,1018.1013,-149,167,1126,75,-104,50,17,-118,0
96083.19178,1018.1026,-313,338,-3086,112,-108,46,12,-130,0
96083.19325,1018.1041,131,231,-141,127,-140,58,0,-134,0
96083.19451,1018.1053,-58,304,2800,109,-82,64,16,-120,0
96083.19598,1018.1068,55,242,-3846,53,-75,82,-17,-95,0
96083.19761,1018.1084,44,-7,624,40,-45,70,1,-61,0
96083.19899,1018.1098,16,107,-4381,16,-25,93,19,-98,0
96083.20038,1018.1112,289,83,-2631,-48,-23,90,73,-107,0
96083.25262,1018.1634,-22,233,-301,-46,-8,95,89,-72,0
96083.25414,1018.165,131,182,-5861,-44,-20,61,99,-120,0
96083.25575,1018.1666,25,185,-1554,-42,-41,75,102,-157,0
96083.30197,1018.2128,-259,235,-5276,-76,-59,83,152,-165,0
96083.30356,1018.2144,370,268,-2351,-125,-115,65,147,-172,0
96083.30505,1018.2159,-20,254,913,-132,-91,84,138,-174,0
96083.31787,1018.2287,142,39,-3073,-146,-91,75,117,-171,0
96083.3195,1018.2303,124,-27,4830,-135,-52,87,110,-152,0
96083.32098,1018.2318,-88,142,785,-128,-47,122,76,-122,0
96083.32256,1018.2334,311,30,2528,-78,-59,128,86,-133,0
96083.33025,1018.2411,-132,236,2420,-82,-44,136,58,-152,0
96083.33175,1018.2426,120,123,-3066,-40,-18,147,4,-172,0
96083.33356,1018.2444,-41,-49,2889,-69,3,145,-7,-146,0
96083.335,1018.2458,-275,-6,-2058,-87,-17,166,15,-150,0
96083.33645,1018.2473,197,-17,144,-75,-14,136,-4,-166,0
96083.35419,1018.265,27,78,2734,-47,23,167,11,-145,0
96083.35547,1018.2663,134,138,-2053,-5,-24,158,18,-146,0
96083.35697,1018.2678,100,269,1128,7,-1,161,18,-137,0
96083.39136,1018.3022,-33,316,-1729,-4,15,138,22,-107,0
96083.3928,1018.3036,288,81,2338,29,-26,140,20,-94,0
96083.39424,1018.3051,-246,89,2988,38,-41,142,1,-84,0
96083.39562,1018.3064,-153,42,-3998,33,-93,116,-14,-101,0
96083.39686,1018.3077,-11,-58,3419,37,-83,70,32,-121,0
96083.39835,1018.3092,-425,-91,-1284,25,-67,26,-2,-106,0
96083.42636,1018.3372,-52,-154,-989,20,-66,39,3,-83,0
96083.42782,1018.3386,-235,-13,1235,6,-68,81,25,-69,0
96083.42907,1018.3399,109,-235,-5407,-14,-78,92,13,-88,0
96083.45689,1018.3677,103,-314,1867,-39,-65,66,20,-92,0
96083.45831,1018.3691,-244,-320,-2549,-21,-76,49,5,-21,0
96083.45957,1018.3704,62,-328,-958,1,-104,5,-3,-34,0
96083.49344,1018.4043,-206,-253,1200,-1,-103,13,38,-29,0
96083.49472,1018.4055,-41,-281,-4542,15,-119,8,33,-71,0
96083.49596,1018.4068,-168,-349,-730,40,-67,-8,26,-108,0
96083.49749,1018.4083,-471,-246,-3076,76,-31,-11,26,-132,0
96083.49885,1018.4097,-62,-194,813,72,-30,9,19,-105,0
96083.50013,1018.411,-317,-158,4226,74,-4,2,24,-59,0
96083.5015,1018.4123,-93,-216,-1011,85,-11,-16,9,-19,0
96083.50282,1018.4136,79,-99,5680,65,37,-59,-12,26,0
96083.50408,1018.4149,-21,34,-1179,23,32,-48,-59,63,0
96083.53004,1018.4409,381,76,1020,-17,-13,-71,-51,70,0
96083.53142,1018.4422,195,209,4949,5,54,-54,-21,73,0
96083.53272,1018.4435,360,196,-1384,-15,4,-37,-20,49,0
96083.58668,1018.4975,257,42,5770,-43,9,-51,0,93,0
96083.5882,1018.499,49,-76,1182,-53,36,-62,-12,119,0
96083.58987,1018.5007,409,-238,136,-52,42,-75,-22,157,0
96083.5995,1018.5103,84,-103,3701,-51,78,-58,-7,153,0
96083.60718,1018.518,133,22,-2916,-27,45,-59,-52,208,0
96083.60896,1018.5198,301,-94,1203,-25,56,-84,-97,231,0
96083.61046,1018.5213,-2,-52,-2110,2,46,-76,-123,238,0
96083.61196,1018.5228,417,-166,793,8,3,-107,-143,269,0
96083.61554,1018.5264,235,-25,2001,-8,23,-111,-161,292,0
96083.63447,1018.5453,378,-17,-3318,-7,-12,-119,-168,276,0
96083.63583,1018.5467,391,-98,2381,17,-20,-117,-154,287,0
96083.63712,1018.5479,-6,-144,-3666,2,-17,-130,-125,262,0
96083.66701,1018.5778,148,-197,-3779,19,-18,-165,-129,221,0
96083.6684,1018.5792,-87,-195,426,55,17,-150,-131,207,0
96083.66968,1018.5805,287,-201,-3984,94,-29,-178,-152,176,0
96083.70566,1018.6165,359,-99,3703,115,-3,-178,-129,212,0
96083.70702,1018.6178,222,171,-426,110,20,-181,-124,208,0
96083.70835,1018.6192,557,149,15,102,-1,-191,-106,182,0
96083.70983,1018.6207,167,150,3291,77,27,-182,-67,170,0
96083.71452,1018.6253,184,65,-2655,53,5,-200,-93,127,0
96083.71595,1018.6268,101,85,570,45,-21,-222,-106,115,0
96083.74187,1018.6527,-99,31,-4609,20,-8,-231,-105,116,0
96083.74326,1018.6541,125,-62,-2467,-8,-23,-246,-69,109,0
96083.74464,1018.6555,-31,27,85,-30,28,-236,-42,115,0
96083.74613,1018.657,174,-111,-4940,-27,11,-263,-38,104,0
96083.74744,1018.6583,135,-157,2481,-5,-14,-283,4,113,0
96083.74889,1018.6597,-16,-11,-4229,-4,-28,-253,-17,105,0
96083.80461,1018.7154,206,-156,-3758,-32,-44,-251,-13,87,0
96083.80609,1018.7169,-143,-164,645,-22,16,-243,4,103,0
96083.8074,1018.7182,-36,-327,-5210,-45,-1,-242,-10,101,0
96083.81033,1018.7212,236,-357,-377,-72,29,-232,-27,66,0
96083.81173,1018.7226,23,-248,-2633,-78,32,-217,-36,22,0
96083.81297,1018.7238,370,-180,-2319,-76,34,-222,-5,-26,0
96083.8145,1018.7253,140,-153,228,-91,37,-212,17,-44,0
96083.81587,1018.7267,180,-265,-4180,-51,-4,-211,-23,-94,0
96083.81721,1018.728,129,-254,875,-38,-8,-209,-19,-91,0
96083.84296,1018.7538,-97,-62,-1147,-46,-9,-242,-58,-79,0
96083.84424,1018.7551,283,-7,-1574,-86,-26,-250,-78,-96,0
96083.84554,1018.7564,12,94,1675,-98,21,-244,-59,-97,0
96083.92578,1018.8366,140,-1,-2855,-86,-9,-228,-73,-108,0
96083.92736,1018.8382,51,-96,2274,-56,23,-229,-77,-110,0
96083.9288,1018.8396,-85,-53,-3086,-70,-13,-248,-78,-132,0
96083.9323,1018.8431,237,-67,-1034,-87,-39,-272,-81,-126,0
96083.93358,1018.8444,8,35,3855,-82,-2,-262,-76,-102,0
96083.935,1018.8458,189,-21,-1433,-62,-29,-260,-78,-115,0
96083.9366,1018.8474,173,39,3905,-29,-26,-247,-65,-120,0
96083.93803,1018.8489,-25,-30,-297,-34,-18,-227,-48,-111,0
96083.93949,1018.8503,309,-116,-2095,-36,-39,-233,-41,-129,0
96083.94119,1018.852,85,8,1965,-13,-40,-210,-68,-157,0
96083.94256,1018.8534,57,124,-3366,-3,-40,-203,-45,-107,0
96083.94383,1018.8547,63,72,2631,-29,-29,-191,-24,-72,0
96083.96967,1018.8805,-34,131,1237,-24,-39,-203,-1,-36,0
96083.97115,1018.882,180,82,3110,14,-19,-215,2,-11,0
96083.97252,1018.8833,-104,159,6586,4,13,-179,-8,52,0
96084.02069,1018.9315,56,92,501,-19,-16,-177,-12,51,0
96084.02211,1018.9329,162,-31,5825,-35,-3,-151,-2,58,0
96084.02353,1018.9344,-86,65,2095,13,6,-134,30,71,0
96084.03726,1018.9481,278,-61,1747,41,0,-147,57,76,0
96084.0386,1018.9494,-99,-8,5066,34,32,-159,70,32,0
96084.0399,1018.9507,-48,135,-551,56,11,-154,73,34,0
96084.04133,1018.9522,130,225,5866,41,26,-137,89,71,0
96084.04266,1018.9535,-69,304,-476,-10,36,-109,101,27,0
96084.04671,1018.9575,411,220,-741,-25,49,-98,93,-22,0
96084.07465,1018.9855,179,213,3512,-25,68,-39,95,-1,0
96084.07612,1018.9869,220,-69,229,-21,63,-47,93,9,0
96084.07742,1018.9882,308,-2,5560,-14,95,-59,95,-5,0
96084.10946,1019.0203,115,-37,1064,-49,105,-42,68,-9,0
96084.11095,1019.0218,571,-97,691,-64,125,-21,63,12,0
96084.11227,1019.0231,389,-57,2564,-103,165,16,57,22,0
96084.11361,1019.0244,398,-59,-3301,-106,136,8,74,23,0
96084.11501,1019.0258,492,53,1245,-82,122,13,59,-4,0
96084.11639,1019.0272,334,227,-1693,-66,126,37,65,-52,0
96084.14207,1019.0529,354,253,-2451,-62,126,41,48,-77,0
96084.14367,1019.0545,71,223,674,-104,134,32,12,-35,0
96084.15144,1019.0623,123,65,-4124,-94,92,-5,-27,-1,0
96084.15296,1019.0638,199,82,1107,-86,84,-7,10,-5,0
96084.15432,1019.0651,-74,267,-1440,-62,39,-44,-22,-10,0
96084.15577,1019.0666,340,311,-231,-77,10,-59,-25,-44,0
96084.21591,1019.1267,281,347,3178,-98,-5,-22,15,-41,0
96084.21753,1019.1284,411,61,-1497,-103,-22,-47,10,-72,0
96084.21892,1019.1297,479,57,4283,-82,10,-75,2,-48,0
96084.22043,1019.1313,126,241,1694,-78,37,-46,-2,-41,0
96084.22185,1019.1327,543,209,4212,-37,46,-61,-48,-18,0
96084.22845,1019.1393,418,382,8888,-50,92,-64,-35,-32,0
96084.23031,1019.1411,354,273,4667,-63,97,-36,-19,-48,0
96084.23184,1019.1427,343,128,10295,-70,93,-10,-17,-9,0
96084.23318,1019.144,41,255,5798,-88,99,5,-35,30,0
96084.25512,1019.1659,439,198,5825,-109,64,-6,-18,65,0
96084.25657,1019.1674,310,247,10643,-103,106,23,-49,51,0
96084.25789,1019.1687,116,128,3246,-131,84,-12,-61,69,0
96084.286,1019.1968,88,-102,10605,-139,107,-4,-80,89,0
96084.28732,1019.1981,-143,-21,5875,-171,87,8,-93,107,0
96084.2886,1019.1994,324,-1,4535,-159,55,36,-77,137,0
96084.31859,1019.2294,213,225,7693,-141,115,26,-50,149,0
96084.32011,1019.2309,223,306,448,-127,97,-20,-44,96,0
96084.32176,1019.2326,172,249,2647,-166,113,-25,-9,94,0
96084.32312,1019.2339,-93,230,-1315,-227,117,-37,11,44,0
96084.32443,1019.2353,-14,86,-1455,-225,99,-46,34,34,0
96084.32577,1019.2366,-264,77,972,-212,115,-50,50,85,0
96084.35301,1019.2638,-84,44,-3055,-199,109,-79,54,125,0
96084.35453,1019.2654,204,212,2011,-164,162,-42,91,146,0
96084.35595,1019.2668,-11,205,-2005,-157,142,-52,102,154,0
96084.38379,1019.2946,270,77,-1759,-145,94,-66,70,150,0
96084.38532,1019.2961,38,112,2104,-117,110,-41,79,168,0
96084.38659,1019.2974,344,160,-5817,-113,90,-35,26,126,0
96084.43264,1019.3435,213,78,554,-135,115,17,53,107,0
96084.4342,1019.345,-142,27,-3173,-176,112,7,78,90,0
96084.43564,1019.3465,63,-54,-2659,-186,110,-11,94,85,0
96084.43742,1019.3482,-147,22,1680,-157,139,-16,131,129,0
96084.43867,1019.3495,29,63,-5153,-171,121,-28,140,102,0
96084.44632,1019.3571,96,55,-1652,-178,169,-53,180,90,0
96084.44785,1019.3587,-177,279,-5521,-166,153,-46,161,90,0
96084.44927,1019.3601,149,162,-4867,-148,103,-37,133,70,0
96084.45057,1019.3614,-180,189,-2782,-141,103,18,127,60,0
96084.55957,1019.4704,-152,45,-6696,-165,90,15,99,34,0
96084.56107,1019.4719,-43,28,-184,-162,96,13,90,39,0
96084.56242,1019.4732,-230,83,-4586,-156,108,9,32,22,0
96084.56385,1019.4747,99,86,-1869,-134,80,-23,63,18,0
96084.56516,1019.476,-259,202,1025,-128,81,-44,99,63,0
96084.56657,1019.4774,-100,203,-6545,-157,27,-69,81,48,0
96084.56797,1019.4788,237,190,1304,-181,40,-79,56,18,0
96084.56923,1019.4801,-120,340,-2243,-153,62,-118,35,23,0
96084.57093,1019.4818,163,92,-2177,-137,52,-137,32,65,0
96084.57229,1019.4831,-174,50,398,-129,96,-141,31,83,0
96084.57363,1019.4845,-164,-168,-4826,-119,94,-119,33,57,0
96084.57495,1019.4858,-232,-177,-205,-67,99,-114,74,64,0
96084.57645,1019.4873,-480,-19,-1620,-30,82,-109,78,76,0
96084.57774,1019.4886,83,-42,-1894,10,93,-103,77,82,0
96084.57943,1019.4903,134,70,1201,-5,118,-139,101,97,0
96084.6375,1019.5483,312,104,-3337,4,89,-172,122,91,0
96084.63885,1019.5497,360,167,2033,5,106,-179,101,119,0
96084.64012,1019.5509,201,298,-1766,38,120,-177,115,124,0
96084.64156,1019.5524,556,225,1138,100,112,-189,106,149,0
96084.64286,1019.5537,153,268,6327,119,139,-154,134,188,0
96084.64461,1019.5554,325,150,929,123,129,-162,113,163,0
96084.64619,1019.557,416,220,7909,148,142,-142,90,202,0
96084.65085,1019.5617,152,278,6679,158,108,-168,60,182,0
96084.65225,1019.5631,476,138,5958,161,68,-201,24,202,0
96084.65362,1019.5644,92,144,8874,146,106,-193,13,231,0
96084.65515,1019.566,315,201,2401,133,93,-171,-9,200,0
96084.65648,1019.5673,426,150,6997,138,87,-148,0,207,0
96084.74069,1019.6515,97,258,2501,107,51,-127,22,188,0
96084.74219,1019.653,343,377,2498,132,13,-110,17,191,0
96084.74359,1019.6544,-78,438,5905,127,16,-71,20,202,0
96084.74513,1019.656,-125,186,1145,81,-26,-80,17,229,0
96084.75254,1019.6634,-174,-59,8101,56,33,-73,32,210,0
96084.75434,1019.6652,-495,-121,2987,70,50,-67,37,196,0
96084.75825,1019.6691,-240,-166,2941,79,-4,-76,57,185,0
96084.75963,1019.6705,-471,-154,6205,59,24,-88,108,203,0
96084.76106,1019.6719,-381,-228,-924,61,15,-120,123,202,0
96084.76246,1019.6733,-217,-279,2923,30,42,-98,115,197,0
96084.76372,1019.6745,-396,-133,-2119,15,6,-85,118,136,0
96084.76499,1019.6758,-198,-173,-4172,21,9,-85,118,109,0
96084.80844,1019.7193,-167,-107,-647,0,39,-77,118,112,0
96084.80987,1019.7207,72,-63,-4880,-21,23,-85,119,169,0
96084.81123,1019.7221,114,60,-1003,-18,44,-78,122,207,0
96084.84325,1019.7541,-158,14,-3988,-25,67,-45,146,190,0
96084.84453,1019.7554,88,-139,-4250,-26,38,-24,131,187,0
96084.84577,1019.7566,-202,-4,-1153,-38,75,-11,141,155,0
96084.84722,1019.758,-89,-20,-6443,12,40,32,119,167,0
96084.8485,1019.7593,70,25,-231,39,27,55,93,158,0
96084.84999,1019.7608,-129,154,-3671,42,37,22,94,151,0
96084.85156,1019.7624,146,53,-3913,41,30,24,69,144,0
96084.85293,1019.7638,-149,41,301,55,45,0,111,205,0
96084.85425,1019.7651,-77,-132,-5347,67,20,-19,114,215,0
96084.88016,1019.791,225,-67,-126,44,50,24,120,223,0
96084.8815,1019.7923,-84,58,-3576,59,65,17,105,187,0
96084.88282,1019.7936,436,-102,-4067,50,47,16,116,183,0
96084.90685,1019.8177,-12,-218,-342,29,33,25,141,222,0
96084.90826,1019.8191,50,-364,-5313,11,-7,43,119,232,0
96084.90951,1019.8203,223,-315,-418,22,13,25,116,210,0
96084.94308,1019.8539,93,-162,-4550,41,-11,21,140,199,0
96084.94448,1019.8553,324,-281,-4220,29,-6,17,112,200,0
96084.94606,1019.8569,121,-322,-1140,49,9,18,109,221,0
96084.94758,1019.8584,164,-283,-5625,92,-7,35,77,210,0
96084.94897,1019.8598,186,-263,-3,105,-39,54,29,197,0
96084.95021,1019.861,17,-83,-4923,76,-53,77,-6,202,0
96084.97804,1019.8889,360,-70,-4738,46,-35,46,-37,174,0
96084.97942,1019.8902,244,-92,-33,31,47,48,-7,174,0
96084.98067,1019.8915,229,41,-6546,4,8,25,-27,170,0
96084.98239,1019.8932,153,179,-1639,-9,24,-6,-32,147,0
96084.99054,1019.9014,-136,85,-3462,-28,35,-25,-46,117,0
96084.99233,1019.9032,344,68,-4305,-37,13,-11,-39,122,0
96085.03627,1019.9471,224,74,-257,-8,19,0,-22,143,0
96085.03779,1019.9486,345,-150,-5392,13,8,-12,-46,150,0
96085.03916,1019.95,350,-250,-699,-15,29,-27,-68,153,0
96085.05083,1019.9617,100,-161,-3219,-29,16,-29,-53,137,0
96085.05215,1019.963,570,-272,-3977,-76,7,-42,-40,110,0
96085.05342,1019.9642,323,-147,-473,-92,90,-14,-51,72,0
96085.05509,1019.9659,318,-167,-4045,-109,103,0,-28,21,0
96085.05652,1019.9673,480,-253,1329,-135,100,-9,-23,0,0
96085.05781,1019.9686,-43,-238,-1979,-126,67,-45,-23,9,0
96085.08604,1019.9969,212,-130,-2610,-117,42,-49,-56,-27,0
96085.08746,1019.9983,52,-113,1325,-110,74,-42,-53,-39,0
96085.08878,1019.9996,126,-101,-6121,-60,55,-71,-35,-57,0
96085.15095,1020.0618,259,-47,-1562,-51,22,-65,-40,-71,0
96085.15252,1020.0633,-45,17,-3802,-12,-17,-10,-35,-96,0
96085.15391,1020.0647,345,-119,-3305,3,-84,23,2,-92,0
96085.15543,1020.0663,6,-38,967,9,-104,21,-3,-81,0
96085.15683,1020.0677,-89,-57,-4084,-15,-139,13,-25,-123,0
96085.16136,1020.0722,188,-27,-4,-23,-93,6,-22,-137,0
96085.16299,1020.0738,33,229,-2496,7,-92,7,8,-126,0
96085.16433,1020.0752,504,152,-3519,5,-126,18,-2,-130,0
96085.1656,1020.0764,164,111,655,10,-109,36,-15,-135,0
96085.19764,1020.1085,160,135,-4126,44,-127,-19,-8,-163,0
96085.19928,1020.1101,195,-125,2517,70,-121,13,25,-179,0
96085.20068,1020.1115,35,-88,-3291,69,-113,13,24,-186,0
96085.22258,1020.1334,274,-230,-3340,43,-132,5,10,-197,0
96085.224,1020.1348,106,-5,1841,55,-83,-7,58,-179,0
96085.22545,1020.1363,286,32,-2974,70,-68,-27,80,-175,0
96085.32168,1020.2325,431,226,399,49,-97,5,112,-219,0
96085.32313,1020.234,132,242,-2626,39,-100,49,87,-235,0
96085.32452,1020.2353,240,123,-4213,24,-143,22,109,-231,0
96085.32804,1020.2389,-109,164,721,14,-160,0,122,-205,0
96085.32939,1020.2402,225,171,-4188,3,-184,-1,132,-214,0
96085.33077,1020.2416,299,169,1680,22,-174,13,163,-222,0
96085.34201,1020.2528,163,379,-1548,22,-126,22,159,-183,0
96085.34357,1020.2544,507,308,-3745,7,-130,24,130,-184,0
96085.34488,1020.2557,207,378,-1534,-17,-104,28,158,-201,0
96085.34637,1020.2572,277,348,-5780,2,-157,13,137,-188,0
96085.34767,1020.2585,360,283,155,4,-174,8,120,-162,0
96085.34915,1020.26,88,371,-4186,-16,-177,-1,111,-170,0
96085.35441,1020.2652,142,75,-2066,-41,-188,4,63,-149,0
96085.35588,1020.2667,-297,148,779,-20,-169,-5,68,-152,0
96085.35749,1020.2683,-220,143,-6420,-5,-189,-16,31,-132,0
96085.37715,1020.288,121,33,-332,-1,-181,-6,31,-141,0
96085.37865,1020.2895,-144,141,-3668,19,-150,-2,23,-169,0
96085.38014,1020.291,211,200,-5861,67,-160,-5,11,-211,0
96085.412,1020.3228,76,270,-414,77,-101,-7,0,-255,0
96085.41348,1020.3243,126,272,-5624,97,-91,5,-13,-268,0
96085.41476,1020.3256,235,272,-127,120,-99,44,-9,-282,0
96085.41631,1020.3271,111,162,-2866,122,-96,42,2,-305,0
96085.42195,1020.3328,481,93,-1804,134,-104,15,16,-347,0
96085.4233,1020.3341,25,193,2284,120,-99,6,34,-330,0
96085.42474,1020.3356,-108,229,-4558,134,-125,-4,67,-333,0
96085.42603,1020.3369,-54,104,987,147,-80,-12,64,-316,0
96085.42745,1020.3383,-351,87,-1051,174,-97,-22,56,-324,0
96085.45538,1020.3662,-31,-88,-2625,155,-145,-46,54,-343,0
96085.45667,1020.3675,-453,-154,2280,121,-122,-64,73,-332,0
96085.45796,1020.3688,-319,-161,-3876,115,-112,-74,131,-289,0
96085.46174,1020.3726,93,-136,373,131,-109,-73,103,-279,0
96085.46336,1020.3742,0,-45,-2291,137,-110,-80,67,-309,0
96085.4647,1020.3755,392,41,-3932,85,-124,-41,0,-335,0
96085.52031,1020.4311,-26,142,1762,70,-114,-43,-17,-346,0
96085.52176,1020.4326,-118,98,-3905,62,-165,-1,-33,-347,0
96085.52308,1020.4339,-37,100,694,96,-193,-2,-25,-340,0
96085.52455,1020.4354,-490,117,-2314,126,-203,-14,-13,-378,0
96085.52592,1020.4367,-118,77,-3195,161,-219,-33,-35,-415,0
96085.52719,1020.438,-287,123,588,184,-181,-31,-55,-413,0
96085.55503,1020.4659,-199,119,-5134,188,-182,-40,-80,-439,0
96085.5624,1020.4732,-60,165,634,182,-178,-29,-73,-427,0
96085.56392,1020.4747,-239,272,-2589,187,-176,21,-66,-445,0
96085.56541,1020.4762,200,90,-2351,182,-218,14,-71,-437,0
96085.56668,1020.4775,-51,234,3282,189,-222,-6,-38,-384,0
96085.56804,1020.4789,123,249,-2862,186,-231,-6,-59,-371,0
96085.61218,1020.523,44,127,2183,176,-194,-3,-56,-342,0
96085.61359,1020.5244,-64,-26,-430,166,-198,10,-63,-329,0
96085.61495,1020.5258,234,-46,473,181,-193,-59,-71,-284,0
96085.62263,1020.5335,-112,24,4559,212,-190,-93,-42,-240,0
96085.62398,1020.5348,-242,-27,-1944,228,-217,-88,-66,-254,0
96085.62531,1020.5361,-97,-243,5017,218,-229,-47,-59,-231,0
96085.65135,1020.5622,-293,-253,2531,177,-207,-74,-95,-234,0
96085.65283,1020.5637,105,-236,1348,156,-228,-88,-85,-251,0
96085.65435,1020.5652,-60,28,6120,151,-212,-69,-95,-227,0
96085.68656,1020.5974,76,227,-156,180,-211,-60,-146,-222,0
96085.68808,1020.5989,262,157,3970,204,-213,-47,-139,-226,0
96085.68952,1020.6003,-35,166,956,201,-194,-48,-132,-197,0
96085.69118,1020.602,355,123,554,197,-199,-66,-133,-205,0
96085.69249,1020.6033,178,216,6910,194,-184,-42,-153,-150,0
96085.69375,1020.6046,222,275,-315,199,-195,-43,-180,-118,0
96085.72365,1020.6345,410,100,5943,203,-166,-53,-195,-109,0
96085.72512,1020.6359,-87,286,1922,175,-127,-56,-143,-94,0
96085.72693,1020.6377,341,144,270,144,-112,-40,-97,-71,0
96085.72834,1020.6392,82,209,3436,83,-71,-24,-69,-50,0
96085.72962,1020.6404,-84,225,-3870,41,-122,-32,-106,-80,0
96085.736,1020.6468,146,131,-72,63,-149,-40,-140,-78,0
96085.77592,1020.6867,-37,175,-774,72,-117,-41,-164,-103,0
96085.7774,1020.6882,182,86,-464,74,-160,-70,-152,-98,0
96085.77881,1020.6896,163,122,4908,68,-130,-54,-113,-63,0
96085.78984,1020.7007,192,69,-1485,82,-146,-44,-146,-61,0
96085.79135,1020.7022,151,-69,3237,71,-157,-62,-149,-52,0
96085.79268,1020.7035,21,-119,1222,74,-188,-93,-119,-24,0
96085.82675,1020.7376,312,-294,143,88,-191,-98,-133,-7,0
96085.82823,1020.7391,-63,-263,4050,110,-145,-108,-97,-42,0
96085.83635,1020.7472,59,-230,-1583,112,-124,-96,-90,-21,0
96085.83793,1020.7488,307,-368,3705,60,-117,-82,-56,-17,0
96085.83932,1020.7501,55,-370,2932,87,-114,-50,-62,1,0
96085.84067,1020.7515,114,-475,122,75,-115,-51,-113,4,0
96085.87966,1020.7905,-70,-389,4127,53,-61,-27,-144,-42,0
96085.88104,1020.7919,234,-325,-1817,83,-80,-42,-159,-99,0
96085.88235,1020.7932,279,-260,2835,77,-44,-13,-141,-82,0
96085.9182,1020.829,213,-183,2728,91,-51,-17,-143,-46,0
96085.91965,1020.8305,391,-262,3016,69,-68,-42,-139,-24,0
96085.92094,1020.8318,14,-449,4799,59,-35,-40,-124,43,0
96085.92241,1020.8332,130,-519,-1198,30,-41,-42,-103,23,0
96085.92379,1020.8346,168,-436,2582,31,-18,-67,-117,27,0
96085.92978,1020.8406,-69,-443,-671,10,-31,-61,-72,27,0
96085.95362,1020.8644,281,-577,122,0,-65,-56,-48,30,0
96085.95508,1020.8659,-66,-476,5160,14,-13,-63,13,36,0
96085.95646,1020.8673,-19,-407,-3296,18,-25,-65,28,30,0
96085.99032,1020.9011,89,-429,1365,39,-28,-73,20,52,0
96085.99186,1020.9027,-218,-358,1221,55,-24,-102,51,93,0
96085.99333,1020.9042,58,-286,-2839,54,9,-97,94,144,0
96085.99482,1020.9056,-91,-204,1577,48,59,-94,80,189,0
96085.9961,1020.9069,161,-110,-3133,53,84,-79,34,187,0
96085.99739,1020.9082,304,-86,2703,62,102,-94,27,213,0
96085.99911,1020.9099,-31,-81,723,83,102,-102,56,222,0
96086.00039,1020.9112,358,-122,-1154,32,120,-121,67,233,0
96086.00171,1020.9125,39,20,3505,52,139,-96,29,225,0
96086.02957,1020.9404,125,60,-16,54,98,-78,10,213,0
96086.03101,1020.9418,263,67,6475,24,62,-111,-3,223,0
96086.03248,1020.9433,-213,41,3775,26,52,-146,-52,218,0
96086.10058,1021.0114,281,-132,2833,-11,6,-132,-82,227,0
96086.10221,1021.013,-29,-216,7152,-12,45,-98,-109,228,0
96086.10408,1021.0149,-192,-353,865,-18,49,-58,-117,246,0
96086.10563,1021.0165,-284,-444,4164,-21,76,-36,-123,261,0
96086.10773,1021.0186,-616,-330,323,-26,70,-22,-97,233,0
96086.10929,1021.0201,-160,-377,-3292,6,69,16,-102,202,0
96086.11091,1021.0217,-417,-331,1699,3,80,29,-121,203,0
96086.11962,1021.0304,-303,-255,-2691,35,84,-37,-137,207,0
96086.12125,1021.0321,44,-118,296,60,88,-36,-115,184,0
96086.1392,1021.05,14,67,-1102,33,95,-28,-79,176,0
96086.14057,1021.0514,413,4,-2745,-32,84,-7,-105,173,0
96086.14194,1021.0528,129,-39,-199,-71,118,29,-82,165,0
96086.16388,1021.0747,199,-57,-4392,-68,88,36,-72,151,0
96086.16523,1021.0761,392,-68,2333,-54,84,10,-33,149,0
96086.16672,1021.0775,32,-80,-908,-13,82,33,-11,163,0
96086.19864,1021.1095,302,-170,-1852,0,92,5,1,135,0
96086.19997,1021.1108,56,-231,4473,6,118,-9,15,139,0
96086.20127,1021.1121,-18,-245,-1536,-18,115,-27,37,146,0
96086.20285,1021.1137,196,-233,3626,-46,116,-22,56,141,0
96086.20429,1021.1151,143,35,521,-73,111,-24,45,141,0
96086.20555,1021.1164,530,89,-2763,-122,99,-15,57,121,0
96086.207,1021.1178,364,69,1645,-147,132,-31,44,120,0
96086.20834,1021.1192,329,24,-1736,-110,125,11,5,109,0
96086.20996,1021.1208,359,-52,2442,-68,99,0,37,123,0
96086.29831,1021.2091,49,26,2318,-86,109,-16,51,146,0
96086.29973,1021.2106,280,-146,1565,-56,125,-6,85,203,0
96086.30122,1021.212,171,13,4580,-55,168,23,74,206,0
96086.30267,1021.2135,102,22,-298,-46,168,33,57,198,0
96086.30401,1021.2148,87,9,3844,-56,179,60,104,225,0
96086.30538,1021.2162,-169,180,-1154,-25,191,74,88,258,0
96086.30685,1021.2177,58,188,-3763,15,152,60,47,218,0
96086.30814,1021.219,-24,216,3317,22,155,44,49,250,0
96086.30939,1021.2202,-24,52,-3203,41,100,29,17,270,0
96086.31078,1021.2216,170,57,2050,28,84,-7,36,255,0
96086.31213,1021.223,5,135,538,20,71,-5,11,242,0
96086.31336,1021.2242,171,106,-2846,-16,31,8,6,219,0
96086.33931,1021.2501,19,217,1161,-39,61,40,8,183,0
96086.34062,1021.2514,48,85,-4545,-44,33,13,6,148,0
96086.34186,1021.2527,19,-68,-437,-61,43,28,27,167,0
96086.36784,1021.2787,41,-25,1,-54,24,32,24,214,0
96086.36928,1021.2801,250,-114,-919,-55,22,12,-1,230,0
96086.37072,1021.2815,-30,44,3182,-78,55,-1,65,193,0
96086.40272,1021.3135,71,14,-3820,-100,75,0,57,168,0
96086.40401,1021.3148,357,-41,3323,-108,71,28,65,140,0
96086.41209,1021.3229,-61,45,488,-96,84,5,120,128,0
96086.41358,1021.3244,140,-55,-1272,-90,88,-33,98,119,0
96086.41488,1021.3257,-229,-346,2946,-72,114,-24,99,130,0
96086.41623,1021.3271,-153,-417,-3625,-18,91,-33,106,143,0
96086.43542,1021.3462,234,-367,2268,-6,100,-62,163,147,0
96086.43703,1021.3479,-117,-137,1720,3,89,-84,161,162,0
96086.43829,1021.3491,109,-72,-65,16,81,-83,132,195,0
96086.46607,1021.3769,-260,-12,3314,6,89,-77,120,195,0
96086.46742,1021.3782,-378,-79,-3207,28,81,-101,110,175,0
96086.4688,1021.3796,-378,-140,-110,31,73,-95,123,171,0
96086.51667,1021.4275,-730,-100,-515,7,70,-63,145,189,0
96086.51805,1021.4289,-224,-183,-368,-29,66,-64,152,182,0
96086.51976,1021.4306,-421,-174,2432,-51,56,-80,178,221,0
96086.53429,1021.4451,-440,-171,-3078,-43,14,-93,159,221,0
96086.53563,1021.4465,-249,-58,1552,-9,34,-67,148,227,0
96086.53698,1021.4478,-621,-22,-1178,-24,53,-42,146,221,0
96086.53835,1021.4492,-256,-289,-3433,-19,40,-51,138,198,0
96086.5396,1021.4504,-436,-303,1914,-10,83,-41,135,141,0
96086.54099,1021.4518,-322,-390,-5162,29,85,-52,123,141,0
96086.62106,1021.5319,-199,-352,-1197,32,103,-52,134,122,0
96086.62262,1021.5334,-469,-363,-2603,23,136,-39,131,143,0
96086.62416,1021.535,-225,-239,-5454,46,103,-61,127,140,0
96086.63526,1021.5461,-315,-34,-1964,68,151,-57,100,130,0
96086.63655,1021.5474,-126,-70,-6883,51,119,-64,52,93,0
96086.63801,1021.5488,12,-61,-2067,40,89,-80,49,91,0
96086.63942,1021.5502,-187,30,-2164,37,126,-97,51,60,0
96086.64068,1021.5515,302,-51,-1603,22,110,-80,19,62,0
96086.64199,1021.5528,248,-98,3253,3,147,-83,0,105,0
96086.64339,1021.5542,167,-108,-4555,-2,136,-59,-40,86,0
96086.64505,1021.5559,386,-120,-1263,-10,151,-52,-61,83,0
96086.64645,1021.5573,259,119,-3748,-34,168,-20,-98,75,0
96086.67239,1021.5832,766,47,-4266,-28,105,-30,-114,77,0
96086.67383,1021.5847,480,272,2398,-53,116,-58,-82,48,0
96086.67507,1021.5859,428,462,-3061,-82,92,-88,-73,21,0
96086.715,1021.6258,560,319,899,-101,86,-95,-82,-19,0
96086.7226,1021.6334,178,278,780,-61,83,-93,-69,-8,0
96086.72407,1021.6349,438,149,-3012,-49,49,-95,-68,-18,0
96086.72561,1021.6364,222,148,2436,-59,89,-91,-89,-4,0
96086.72699,1021.6378,10,-92,-600,-53,86,-108,-71,-24,0
96086.72821,1021.639,269,-63,1882,2,84,-108,-67,3,0
96086.72969,1021.6405,-51,45,412,-35,115,-126,-68,18,0
96086.73099,1021.6418,317,31,-2379,-91,62,-140,-70,27,0
96086.73231,1021.6431,17,34,365,-71,49,-110,-22,35,0
96086.78029,1021.6911,-200,1,-3115,-38,36,-132,-17,58,0
96086.78183,1021.6927,-25,-90,3956,-21,52,-152,-2,89,0
96086.78346,1021.6943,-272,63,918,-40,64,-146,3,81,0
96086.8154,1021.7262,203,66,-2440,-37,75,-146,-35,78,0
96086.8179,1021.7287,-227,84,1764,-58,114,-107,-24,80,0
96086.81952,1021.7303,-206,-20,-3384,-83,146,-142,-20,45,0
96086.82107,1021.7319,-17,24,1631,-83,148,-119,-8,11,0
96086.82231,1021.7331,-221,102,423,-54,161,-130,23,-16,0
96086.8236,1021.7344,183,4,-1811,-21,159,-109,31,-8,0
96086.82511,1021.7359,-204,38,1229,-22,167,-87,39,-20,0
96086.82641,1021.7372,-137,7,-3264,-40,181,-94,34,-24,0
96086.82801,1021.7388,128,0,1049,-52,166,-112,66,-14,0
96086.86199,1021.7728,-244,107,-688,-55,169,-94,62,-7,0
96086.86343,1021.7743,103,7,-1997,-44,125,-103,84,-23,0
96086.86488,1021.7757,-225,-109,2411,-53,149,-108,67,-14,0
96086.86845,1021.7793,-371,-148,-3010,-69,97,-115,42,1,0
96086.86983,1021.7807,-99,-185,2014,-101,70,-100,43,-12,0
96086.87131,1021.7821,-371,24,-129,-129,88,-104,29,-10,0
96086.92326,1021.8341,18,-77,-1563,-95,69,-94,-40,-16,0
96086.92477,1021.8356,-291,-56,4875,-112,103,-82,-8,-21,0
96086.92638,1021.8372,-300,-151,-2135,-128,60,-62,-19,-49,0
96086.92792,1021.8387,74,-125,1714,-124,42,-72,-44,-54,0
96086.92917,1021.84,-235,-130,892,-132,96,-38,-71,-68,0
96086.93048,1021.8413,76,-200,-1259,-119,80,-55,-84,-56,0
96086.93208,1021.8429,-58,-257,2246,-120,73,-54,-98,-30,0
96086.93343,1021.8443,3,-211,-5033,-117,48,-36,-95,-22,0
96086.93479,1021.8456,132,-121,-1004,-105,53,-18,-58,-24,0
96086.96906,1021.8799,-218,72,-795,-100,82,4,-45,-40,0
96086.97055,1021.8814,-22,90,-3205,-71,70,49,-28,-21,0
96086.97179,1021.8826,-366,-17,1201,-69,83,44,-26,7,0
96087.0296,1021.9404,-494,-133,-3554,-74,67,16,-60,2,0
96087.031,1021.9418,-216,-248,188,-75,60,10,-80,3,0
96087.03245,1021.9433,-553,-139,-3150,-60,37,46,-120,-47,0
96087.03414,1021.945,-210,-184,-4516,-61,7,65,-125,-85,0
96087.03542,1021.9462,-269,-126,3256,-42,10,71,-109,-59,0
96087.03673,1021.9475,-60,-45,-2453,-21,-13,85,-92,-4,0
96087.03813,1021.949,176,-71,3028,-26,-25,113,-53,-16,0
96087.03952,1021.9503,-70,37,986,-44,13,101,-12,4,0
96087.041,1021.9518,-106,-156,-3349,-5,22,74,-12,-13,0
96087.07099,1021.9818,-295,-57,3693,-2,23,76,12,-52,0
96087.07236,1021.9832,-317,-79,-1383,-11,-34,55,-6,-13,0
96087.07389,1021.9847,-107,-164,1957,-17,-26,20,-15,28,0
96087.09399,1022.0048,-260,-154,1475,-4,-13,-6,-9,33,0
96087.09547,1022.0063,328,-208,-976,12,-40,12,-24,46,0
96087.09671,1022.0075,155,-171,3343,-29,0,34,-31,34,0
96087.14277,1022.0536,221,-139,-1164,-45,7,21,-96,8,0
96087.14421,1022.055,505,-76,1795,-52,10,1,-131,-7,0
96087.14556,1022.0564,52,27,-1382,-27,26,14,-88,22,0
96087.15944,1022.0703,334,34,-5094,-23,27,36,-97,12,0
96087.16086,1022.0717,210,-3,457,-39,49,27,-88,-8,0
96087.16235,1022.0732,31,-173,-5383,-14,16,15,-105,-21,0
96087.16385,1022.0747,212,-156,-801,1,1,4,-136,-7,0
96087.16509,1022.0759,-101,-134,-1382,46,16,13,-139,-22,0
96087.16647,1022.0773,170,-219,-3543,73,11,-16,-131,31,0
96087.2185,1022.1293,-102,-167,2726,109,10,-32,-120,39,0
96087.22,1022.1308,-421,-187,-2605,126,-4,-41,-127,64,0
96087.22155,1022.1324,-209,-203,820,120,28,-50,-109,72,0
96087.22925,1022.1401,-458,-308,774,118,43,-59,-121,78,0
96087.23065,1022.1415,-343,-309,-2308,154,0,-89,-128,90,0
96087.23196,1022.1428,-348,-278,3325,163,63,-106,-116,90,0
96087.2335,1022.1443,-286,-272,-2263,155,87,-117,-146,57,0
96087.23485,1022.1457,-63,-287,1873,163,79,-107,-137,40,0
96087.24252,1022.1533,-456,-235,-2,165,71,-79,-116,71,0
96087.26049,1022.1713,-58,-206,-1135,186,49,-57,-103,77,0
96087.26197,1022.1728,-158,-3,3253,178,46,-57,-133,66,0
96087.26332,1022.1741,-398,78,-2546,191,19,-58,-149,56,0
96087.26493,1022.1758,-285,34,819,196,21,-108,-145,58,0
96087.26624,1022.1771,-446,10,-333,179,36,-74,-129,40,0
96087.27297,1022.1838,-180,-34,-3310,166,-19,-89,-147,26,0
96087.32839,1022.2392,-268,80,1680,185,-23,-105,-113,49,0
96087.32988,1022.2407,-235,91,-5296,189,-45,-75,-120,33,0
96087.33129,1022.2421,44,97,-2505,172,-36,-109,-147,27,0
96087.33265,1022.2435,-253,157,-2178,165,-23,-123,-138,24,0
96087.33397,1022.2448,-50,38,-4523,141,-42,-117,-122,-13,0
96087.33523,1022.2461,-173,55,-498,162,-65,-135,-106,-82,0
96087.33679,1022.2476,-303,97,-5003,183,-88,-164,-112,-76,0
96087.33814,1022.249,-8,94,-39,184,-81,-165,-108,-12,0
96087.33947,1022.2503,-302,188,-226,194,-60,-168,-103,18,0
96087.37118,1022.282,-88,67,-1515,217,-62,-155,-108,38,0
96087.37393,1022.2848,-343,124,3343,219,-11,-127,-57,15,0
96087.37529,1022.2861,-748,74,-3675,201,-4,-97,-19,11,0
96087.39707,1022.3079,-271,71,1427,197,7,-92,-14,35,0
96087.39846,1022.3093,-664,120,1532,160,15,-107,-31,35,0
96087.39973,1022.3106,-255,97,-2856,134,-21,-85,14,32,0
96087.43367,1022.3445,-164,99,1981,104,-25,-68,41,10,0
96087.43505,1022.3459,-217,7,-2834,107,-57,-80,28,-4,0
96087.4363,1022.3471,150,19,538,89,-45,-100,3,9,0
96087.43769,1022.3485,-107,139,-188,126,-55,-100,-25,38,0
96087.43903,1022.3499,1,81,-2675,141,-104,-106,-55,16,0
96087.44032,1022.3511,-198,105,23,121,-85,-104,-41,10,0
96087.47223,1022.3831,-76,9,-6078,104,-142,-57,-55,-27,0
96087.47355,1022.3844,54,-76,-94,106,-155,-47,-34,-57,0
96087.47485,1022.3857,-107,53,156,122,-151,-44,12,-61,0
96087.50253,1022.4134,257,50,-3965,121,-169,-43,13,-67,0
96087.50408,1022.4149,-137,24,2352,118,-151,-50,-14,-68,0
96087.50575,1022.4166,-122,91,-4471,114,-188,-29,-35,-62,0
96087.54325,1022.4541,272,68,1071,115,-195,25,-27,-73,0
96087.55099,1022.4618,90,46,1193,179,-161,65,-1,-119,0
96087.55252,1022.4633,556,74,-2794,178,-143,52,-17,-146,0
96087.55415,1022.465,447,70,4413,173,-111,73,-24,-129,0
96087.55548,1022.4663,338,102,-625,167,-145,98,-20,-164,0
96087.55678,1022.4676,570,140,2576,168,-125,130,8,-169,0
96087.58069,1022.4915,222,151,399,166,-105,100,-7,-160,0
96087.58216,1022.493,411,149,-2578,181,-129,66,-23,-172,0
96087.58339,1022.4942,271,136,2069,181,-86,45,-34,-182,0
96087.63848,1022.5493,180,215,-3544,168,-87,36,-63,-131,0
96087.63971,1022.5505,314,119,-441,148,-72,23,-48,-121,0
96087.64093,1022.5518,-259,148,-2952,131,-41,25,-10,-129,0
96087.64229,1022.5531,19,191,-4785,150,-80,-4,-19,-125,0
96087.64352,1022.5543,-161,257,1904,146,-49,2,-26,-85,0
96087.645,1022.5558,-73,85,-3873,130,-82,-12,-6,-82,0
96087.64657,1022.5574,167,113,2051,145,-82,-3,-1,-63,0
96087.64798,1022.5588,-238,114,3299,162,-61,-13,-4,-36,0
96087.64936,1022.5602,61,89,-1120,152,-93,-25,-38,-34,0
96087.65085,1022.5617,-101,239,3388,119,-76,9,-82,-50,0
96087.65214,1022.563,-199,140,-3105,129,-59,25,-116,-52,0
96087.6534,1022.5642,267,79,1171,133,-54,6,-134,-46,0
96087.67939,1022.5902,-189,292,734,151,-53,9,-114,-47,0
96087.68077,1022.5916,122,196,-1061,142,-56,35,-130,-59,0
96087.682,1022.5928,-94,199,3053,158,-42,61,-133,-76,0
96087.76217,1022.673,-452,196,-3150,139,-26,80,-112,-103,0
96087.76356,1022.6744,-230,203,1064,143,-55,76,-47,-94,0
96087.76496,1022.6758,-483,391,-955,104,-54,80,-9,-81,0
96087.77758,1022.6884,2,207,-3267,103,-100,57,-18,-133,0
96087.77895,1022.6898,-167,99,3452,91,-76,77,26,-131,0
96087.78032,1022.6911,-373,12,-2269,136,-74,65,24,-77,0
96087.78176,1022.6926,-167,-5,1731,178,-53,80,-4,-93,0
96087.783,1022.6938,-624,-3,186,168,-13,55,9,-98,0
96087.78433,1022.6952,-29,-83,-4090,154,-39,44,22,-82,0
96087.78579,1022.6966,13,146,2195,151,-50,45,35,-83,0
96087.78703,1022.6979,-33,71,-2789,128,-97,38,88,-63,0
96087.78826,1022.6991,125,-22,606,172,-105,15,87,-19,0
96087.79794,1022.7088,-126,34,1577,191,-58,-1,110,-8,0
96087.79949,1022.7103,346,-9,-3090,190,-9,-36,89,-10,0
96087.80078,1022.7116,123,127,-74,168,-15,-54,97,-39,0
96087.84281,1022.7536,180,206,-3655,179,-58,-78,85,-15,0
96087.84422,1022.755,397,335,260,171,-38,-98,90,-53,0
96087.84552,1022.7563,236,297,638,161,-43,-62,95,-63,0
96087.88563,1022.7965,316,313,-2181,146,-24,-93,72,-73,0
96087.88696,1022.7978,120,206,2796,169,23,-87,48,-57,0
96087.8882,1022.799,-76,203,-5255,192,20,-103,11,-58,0
96087.88964,1022.8005,210,150,-2272,183,58,-111,36,-43,0
96087.89091,1022.8017,-199,165,-935,179,33,-137,42,-68,0
96087.8922,1022.803,162,44,-5076,172,33,-156,55,-95,0
96087.89355,1022.8044,73,37,2430,188,77,-151,81,-74,0
96087.89499,1022.8058,-131,87,-2344,172,59,-129,91,-64,0
96087.89631,1022.8071,-108,26,-963,205,47,-108,86,-99,0
96087.95029,1022.8611,-461,79,-482,204,65,-89,68,-106,0
96087.95172,1022.8625,-229,52,-3957,202,44,-70,45,-134,0
96087.95295,1022.8638,-138,203,134,211,44,-72,34,-143,0
96087.96042,1022.8712,-361,212,-4709,243,36,-77,47,-123,0
96087.96198,1022.8728,-201,110,460,265,51,-91,44,-87,0
96087.96331,1022.8741,-330,43,389,252,90,-76,12,-73,0
96087.96483,1022.8757,-34,-177,-535,229,38,-60,11,-71,0
96087.96608,1022.8769,-56,-5,6183,241,60,-31,40,-40,0
96087.96735,1022.8782,-72,-25,-749,237,48,-37,26,2,0
96087.99308,1022.9039,296,79,2409,210,2,-49,40,16,0
96087.9944,1022.9052,-6,187,1263,196,19,-52,55,-19,0
96087.99564,1022.9065,-40,154,-4165,199,13,-79,28,-70,0
96088.02586,1022.9367,-353,37,3174,211,32,-67,82,-92,0
96088.0272,1022.938,-171,49,-1837,212,17,-49,87,-102,0
96088.02844,1022.9393,264,3,1915,181,34,-18,65,-109,0
96088.07058,1022.9814,5,102,2754,132,22,2,86,-100,0
96088.07198,1022.9828,164,16,-1466,134,-6,19,60,-87,0
96088.07326,1022.9841,-18,-125,3145,147,17,23,28,-74,0
96088.07454,1022.9854,-354,-79,-3105,162,-8,8,64,-56,0
96088.07579,1022.9866,-193,-171,2226,160,-36,6,38,-56,0
96088.08344,1022.9943,-449,-48,354,150,-43,36,14,-88,0
96088.1074,1023.0182,2,-214,-3922,143,-63,35,8,-88,0
96088.10882,1023.0196,-121,-138,2043,141,-52,-4,19,-61,0
96088.11008,1023.0209,-106,-18,-4888,159,-57,-30,17,-66,0
96088.11158,1023.0224,166,-36,-935,168,-89,-14,33,-64,0
96088.11286,1023.0237,-41,79,-188,166,-104,15,39,-67,0
96088.11413,1023.025,358,34,-4969,175,-117,21,26,-120,0
96088.16045,1023.0713,269,51,963,191,-83,13,7,-116,0
96088.16192,1023.0727,60,31,-1527,234,-67,24,17,-108,0
96088.16322,1023.074,327,88,2533,215,-39,10,62,-111,0
96088.17478,1023.0856,244,101,2928,205,-20,-18,78,-116,0
96088.17615,1023.087,403,-60,915,211,-56,-50,58,-132,0
96088.1776,1023.0884,9,23,4354,208,-84,-42,93,-118,0
96088.20963,1023.1205,-88,-151,-2219,189,-96,-29,78,-135,0
96088.21094,1023.1218,92,-168,1356,170,-100,-31,80,-154,0
96088.21222,1023.123,-234,-109,-550,135,-48,-69,90,-122,0
96088.21353,1023.1244,-92,-259,-2902,127,-72,-84,91,-108,0
96088.21479,1023.1256,-512,-316,3717,134,-57,-95,91,-109,0
96088.21646,1023.1273,-478,-208,-2274,108,-68,-134,94,-97,0
96088.2805,1023.1913,-31,-228,2250,123,-95,-141,99,-70,0
96088.28201,1023.1928,-211,7,1365,102,-16,-150,92,-81,0
96088.28377,1023.1946,137,16,-2535,116,-9,-131,77,-102,0
96088.28514,1023.196,-20,73,2256,118,45,-142,56,-99,0
96088.28656,1023.1974,-65,34,-1181,92,44,-136,36,-103,0
96088.28788,1023.1987,112,156,803,109,46,-108,38,-88,0
96088.28938,1023.2002,-113,201,2041,75,81,-124,48,-45,0
96088.29071,1023.2015,92,71,828,85,83,-159,43,-22,0
96088.29204,1023.2029,48,147,6514,110,61,-148,69,35,0
96088.34619,1023.257,85,193,1368,120,29,-154,44,47,0
96088.34767,1023.2585,715,114,2542,104,17,-129,54,71,0
96088.34905,1023.2599,312,183,1456,59,20,-82,24,49,0
96088.40734,1023.3182,465,38,-3308,36,-19,-93,9,23,0
96088.40886,1023.3197,350,40,1926,10,18,-117,-26,-15,0
96088.41027,1023.3211,331,-109,-2075,-3,19,-154,-67,-6,0
96088.41368,1023.3245,527,-35,2055,-70,6,-170,-81,-4,0
96088.41494,1023.3258,277,123,821,-72,49,-163,-51,-3,0
96088.42319,1023.334,415,283,-5368,-104,-2,-164,-25,-21,0
96088.42473,1023.3356,347,305,214,-130,-4,-184,5,-9,0
96088.42601,1023.3368,279,365,-5035,-119,16,-194,-7,-11,0
96088.42747,1023.3383,513,221,-2220,-91,16,-194,-16,-16,0
96088.43231,1023.3431,232,243,205,-92,0,-170,18,17,0
96088.4338,1023.3446,638,73,-3766,-91,0,-173,27,30,0
96088.43512,1023.3459,259,13,1408,-70,52,-161,19,15,0
96088.43656,1023.3474,-80,58,-3730,-84,53,-132,-4,7,0
96088.43785,1023.3487,437,-61,-1107,-59,34,-144,-34,-46,0
96088.43912,1023.3499,26,5,-615,-41,23,-162,-54,-56,0
96088.48938,1023.4002,386,-81,-2145,-14,-31,-158,-47,-38,0
96088.49107,1023.4019,72,16,2881,-6,-9,-156,-49,-8,0
96088.4927,1023.4035,-212,46,-1917,-37,1,-135,-53,-50,0
96088.49423,1023.4051,6,-122,3160,-75,21,-133,-52,-35,0
96088.49562,1023.4064,-104,-32,4427,-76,57,-103,-14,-41,0
96088.49688,1023.4077,292,38,-2151,-60,37,-141,-32,-46,0
96088.49817,1023.409,86,57,4316,-27,72,-159,6,-47,0
96088.49941,1023.4102,127,115,-532,-18,76,-162,18,-33,0
96088.50067,1023.4115,377,137,2949,-18,44,-213,10,5,0
96088.52861,1023.4394,6,107,3306,12,77,-229,43,32,0
96088.53004,1023.4409,322,97,767,28,88,-236,35,73,0
96088.53136,1023.4422,175,117,4180,65,88,-207,48,129,0
96088.5349,1023.4457,-105,80,-2095,88,38,-255,21,102,0
96088.53638,1023.4472,301,97,1013,61,13,-248,14,72,0
96088.53783,1023.4487,3,175,-83,70,45,-239,-9,81,0
96088.59592,1023.5067,285,80,-1923,58,8,-243,-6,103,0
96088.59731,1023.5081,179,111,3649,42,58,-187,11,116,0
96088.59894,1023.5098,18,118,-2947,7,51,-179,4,89,0
96088.60046,1023.5113,155,-81,2358,10,22,-150,-2,61,0
96088.60203,1023.5129,-264,-40,2262,20,35,-132,-2,33,0
96088.6034,1023.5142,-170,-54,-2330,11,31,-100,-13,7,0
96088.60492,1023.5157,-186,-33,4840,26,46,-68,-29,57,0
96088.60618,1023.517,-323,-45,-2005,69,40,-61,-41,46,0
96088.60745,1023.5183,-42,-82,-206,55,45,-60,-41,9,0
96088.63735,1023.5482,-26,78,2190,43,67,-74,-18,46,0
96088.63864,1023.5495,120,-55,-302,37,54,-91,1,55,0
96088.64749,1023.5583,207,-91,5078,39,99,-60,24,75,0
96088.66943,1023.5803,-126,33,-917,45,101,-43,50,85,0
96088.67084,1023.5817,265,-97,2177,11,77,-61,55,93,0
96088.67229,1023.5831,-64,-35,1109,-7,89,-55,24,68,0
96088.7063,1023.6171,154,-68,-2994,-32,78,-65,21,54,0
96088.70763,1023.6185,130,-8,1966,-27,119,-45,48,43,0
96088.70889,1023.6197,178,121,-4875,-6,121,-52,34,27,0
96088.71021,1023.621,451,85,-625,10,138,-39,-2,-16,0
96088.71146,1023.6223,82,129,-307,-17,130,-5,-20,-7,0
96088.71282,1023.6236,306,92,-4622,-69,111,-3,-1,9,0
96088.74266,1023.6535,234,102,1258,-82,118,27,37,30,0
96088.74464,1023.6555,162,35,-2655,-77,78,-12,33,34,0
96088.74649,1023.6573,358,-127,1895,-59,65,-16,64,7,0
96088.77233,1023.6832,1,2,3886,-69,67,-13,66,24,0
96088.77371,1023.6845,257,-10,647,-72,66,-54,63,54,0
96088.77495,1023.6858,182,-27,5550,-136,104,-50,74,66,0
96088.81101,1023.7218,-103,5,1268,-122,98,-38,82,95,0
96088.81252,1023.7233,166,17,2697,-112,88,-38,113,94,0
96088.81391,1023.7247,25,117,3297,-96,98,-38,104,79,0
96088.81537,1023.7262,357,11,-1691,-131,101,-42,67,94,0
96088.81665,1023.7275,240,-99,3007,-107,130,-20,56,89,0
96088.82182,1023.7326,-238,-237,-4765,-88,110,-43,42,58,0
96088.84772,1023.7585,127,-338,-1673,-89,117,-26,26,24,0
96088.84919,1023.76,-172,-296,677,-52,155,-27,35,31,0
96088.85058,1023.7614,26,-312,-4020,-44,154,-43,30,49,0
96088.91059,1023.8214,26,-233,2718,-58,145,-44,-11,51,0
96088.91193,1023.8228,-107,-276,-1175,-56,117,-44,-28,70,0
96088.91315,1023.824,-23,-281,28,-64,109,-45,-52,45,0
96088.9148,1023.8256,-372,-88,-410,-45,113,-92,-80,44,0
96088.91609,1023.8269,-61,-30,-3391,-70,84,-82,-90,44,0
96088.91744,1023.8283,-193,-116,4488,-96,76,-68,-50,75,0
96088.91888,1023.8297,-542,-101,804,-42,104,-65,-52,109,0
96088.92019,1023.831,-505,-86,1396,-6,110,-78,-59,115,0
96088.92162,1023.8324,-730,-43,1089,0,104,-116,-48,117,0
96088.9231,1023.8339,-254,17,-2029,31,53,-130,-31,131,0
96088.92444,1023.8353,-169,-7,3253,36,64,-150,-4,127,0
96088.93247,1023.8433,-189,-61,-3402,18,94,-176,-21,122,0
96089.04233,1023.9532,46,22,-1911,-1,104,-166,-65,124,0
96089.04366,1023.9545,-113,-5,-663,-7,133,-180,-36,121,0
96089.0449,1023.9557,219,-55,-4346,28,109,-192,-50,85,0
96089.04637,1023.9572,260,107,3038,67,132,-175,-49,102,0
96089.04759,1023.9584,144,289,-1811,70,106,-155,-65,114,0
96089.04893,1023.9598,546,103,-877,76,69,-138,-48,90,0
96089.05041,1023.9612,319,-40,2610,81,113,-131,-48,112,0
96089.05186,1023.9627,588,-183,188,87,80,-159,-65,141,0
96089.05335,1023.9642,435,-201,6453,105,94,-165,-52,171,0
96089.05474,1023.9656,181,-93,388,94,83,-118,-34,159,0
96089.0561,1023.9669,446,-149,3909,72,73,-106,-18,191,0
96089.05741,1023.9682,-240,-62,4075,78,94,-99,28,228,0
96089.08339,1023.9942,88,-94,525,92,96,-114,28,271,0
96089.0848,1023.9956,-20,70,4885,107,149,-141,84,294,0
96089.08612,1023.9969,-66,37,-312,65,126,-175,99,314,0
96089.1463,1024.0571,318,-112,3499,73,126,-169,96,312,0
96089.14775,1024.0586,76,-48,3289,131,163,-155,53,327,0
96089.14954,1024.0604,159,-158,-4803,132,106,-144,8,314,0
96089.151,1024.0618,-10,-174,-637,116,78,-120,25,282,0
96089.15226,1024.0631,-222,-119,-3827,83,82,-97,0,224,0
96089.15352,1024.0643,84,-124,-380,79,70,-109,17,213,0
96089.15492,1024.0657,-121,52,-58,71,74,-131,28,221,0
96089.15631,1024.0671,148,143,-6452,87,53,-126,48,202,0
96089.1577,1024.0685,136,230,-802,87,45,-103,41,173,0
96089.15921,1024.07,129,284,-4041,85,17,-75,31,162,0
96089.16068,1024.0715,342,337,475,56,-17,-73,27,154,0
96089.16214,1024.073,27,361,396,56,-1,-79,67,188,0
96089.2283,1024.1391,306,-18,-3253,47,-2,-76,35,207,0
96089.2298,1024.1406,213,-192,2981,5,9,-91,59,223,0
96089.23114,1024.142,-11,-206,-1104,3,38,-88,56,218,0
96089.23264,1024.1435,291,-94,498,-4,18,-86,23,190,0
96089.23405,1024.1449,99,-52,987,-28,-8,-91,20,183,0
96089.23542,1024.1462,142,-121,-4398,-3,-22,-135,10,181,0
96089.23707,1024.1479,93,-204,2339,-12,-10,-143,49,141,0
96089.24554,1024.1564,10,-110,-2311,-7,-50,-129,35,99,0
96089.24702,1024.1578,376,59,-152,-20,-37,-126,52,77,0
96089.24843,1024.1593,253,175,1590,-15,-12,-125,53,39,0
96089.25248,1024.1633,401,108,-2601,-14,-44,-143,50,35,0
96089.25383,1024.1647,134,-53,697,-32,-28,-96,80,15,0
96089.26955,1024.1804,90,-139,-4420,-63,-57,-81,57,60,0
96089.27088,1024.1817,533,-130,-2707,-62,-84,-77,62,9,0
96089.27217,1024.183,243,144,-1930,-62,-64,-67,88,4,0
96089.33227,1024.2431,504,115,-4366,-35,-64,-49,113,13,0
96089.33378,1024.2446,367,-1,3798,-18,-32,-17,118,21,0
96089.33515,1024.246,270,-171,-1587,1,-27,-21,116,16,0
96089.3366,1024.2474,523,-260,-296,20,-77,-29,104,29,0
96089.33791,1024.2487,422,-186,-84,13,-74,-40,108,-8,0
96089.33923,1024.2501,487,-204,-3932,21,-114,-39,66,-29,0
96089.34461,1024.2554,293,-203,2299,9,-117,-36,74,15,0
96089.34601,1024.2568,168,-109,-2090,6,-113,-59,98,11,0
96089.34726,1024.2581,369,-43,-78,7,-105,-69,68,-14,0
96089.37129,1024.2821,-181,1,2595,-11,-80,-59,60,-17,0
96089.37282,1024.2836,87,0,-1838,-25,-130,-60,33,5,0
96089.37422,1024.285,-26,61,1465,-33,-105,-49,67,-31,0
96089.39802,1024.3088,-210,65,-4019,-28,-128,-28,58,-46,0
96089.39942,1024.3102,48,26,-1517,-33,-164,-35,44,-32,0
96089.40074,1024.3116,-20,82,1299,-68,-129,-45,38,-19,0
96089.43678,1024.3476,237,91,-3870,-75,-186,-62,30,-6,0
96089.43821,1024.349,84,40,2327,-65,-139,-41,3,15,0
96089.43949,1024.3503,-96,11,-3524,-53,-137,-11,-45,33,0
96089.44086,1024.3517,406,-242,-246,-61,-117,-38,-82,57,0
96089.44212,1024.3529,-12,-305,2280,-29,-112,-30,-123,59,0
96089.44341,1024.3542,-7,-326,-4233,-58,-163,-37,-147,57,0
96089.44497,1024.3558,-47,-193,1830,-52,-167,-35,-124,48,0
96089.44629,1024.3571,-66,-211,-3366,-27,-161,14,-120,67,0
96089.44751,1024.3583,232,-147,-3010,-16,-193,4,-70,38,0
96089.47132,1024.3821,142,-89,-2263,12,-173,35,-32,23,0
96089.47278,1024.3836,299,-211,-5651,28,-199,21,-49,-1,0
96089.47408,1024.3849,335,-3,378,29,-214,10,-49,-30,0
96089.53219,1024.443,141,25,-3881,38,-215,25,-74,-39,0
96089.53381,1024.4446,400,-118,-678,22,-182,70,-63,-48,0
96089.53525,1024.4461,-72,87,-1510,-5,-188,112,-50,-114,0
96089.54425,1024.4551,210,44,-3973,-29,-211,74,-72,-135,0
96089.54564,1024.4565,26,135,4489,-18,-176,103,-91,-134,0
96089.54697,1024.4578,58,310,-862,-5,-204,125,-127,-116,0
96089.54858,1024.4594,181,188,171,-11,-216,142,-118,-100,0
96089.54989,1024.4607,-264,232,3447,-31,-193,159,-93,-114,0
96089.55123,1024.4621,-63,91,-921,-57,-178,145,-56,-97,0
96089.57698,1024.4878,-58,81,4562,-34,-112,102,-33,-121,0
96089.57835,1024.4892,-54,-13,-882,-49,-103,101,-20,-121,0
96089.57995,1024.4908,252,-153,1103,-53,-123,122,-24,-47,0
96089.6099,1024.5207,-246,-250,1089,-72,-103,141,-24,-30,0
96089.61133,1024.5221,-168,-386,-4241,-60,-85,113,-53,-35,0
96089.61261,1024.5234,-81,-444,242,-15,-73,106,-76,-81,0
96089.65873,1024.5696,-24,-306,-4404,-14,-93,116,-97,-89,0
96089.6602,1024.571,223,-222,-718,15,-81,112,-99,-102,0
96089.66163,1024.5725,-115,20,1636,39,-28,121,-96,-141,0
96089.67762,1024.5884,96,-26,-3369,49,-15,134,-102,-142,0
96089.67899,1024.5898,98,-20,1688,45,-20,114,-115,-185,0
96089.68027,1024.5911,159,65,-3290,-4,-20,109,-127,-209,0
96089.7584,1024.6692,589,-33,-2039,-35,-24,131,-144,-264,0
96089.76014,1024.671,274,-131,-438,-22,-18,143,-124,-262,0
96089.76215,1024.673,302,-276,-6298,-17,-27,113,-110,-277,0
96089.76387,1024.6747,124,-320,2329,-13,-70,113,-104,-266,0
96089.76523,1024.6761,-154,-87,-2347,7,-95,139,-85,-254,0
96089.76662,1024.6774,237,38,1231,-30,-128,119,-65,-221,0
96089.76808,1024.6789,-89,217,3715,-35,-94,82,-78,-179,0
96089.76963,1024.6805,157,154,29,-5,-89,69,-65,-181,0
96089.77101,1024.6818,103,-78,6948,-13,-63,38,-67,-170,0
96089.7725,1024.6833,-4,-200,2754,-1,-63,58,-89,-161,0
96089.77392,1024.6847,232,-99,4529,36,-42,27,-72,-140,0
96089.77523,1024.6861,-100,94,6496,53,-17,52,-35,-84,0
96089.77659,1024.6874,86,-114,652,30,-43,56,-34,-72,0
96089.77787,1024.6887,-130,-108,3776,39,-11,65,-17,-49,0
96089.78618,1024.697,-181,-57,-1427,43,-28,62,-29,-50,0
96089.79994,1024.7108,103,-31,1577,45,-34,28,-19,-52,0
96089.80127,1024.7121,-277,164,3247,25,21,29,-22,-24,0
96089.80264,1024.7135,-70,116,-819,66,12,42,-29,-18,0
96089.82453,1024.7354,-298,-37,6097,68,60,77,-11,5,0
96089.82604,1024.7369,-334,-188,1733,75,100,78,-4,56,0
96089.82743,1024.7383,53,-281,1655,62,134,99,-3,62,0
96089.86549,1024.7763,-207,-62,2732,47,152,118,34,37,0
96089.86779,1024.7786,-80,77,-2139,31,127,127,19,45,0
96089.86914,1024.78,42,200,2389,21,175,141,33,21,0
96089.87066,1024.7815,-90,248,-1373,9,202,189,39,18,0
96089.87189,1024.7827,169,132,1135,-16,204,173,54,20,0
96089.87313,1024.784,-77,90,941,-40,225,160,50,50,0
96089.90299,1024.8138,252,317,-2700,-56,202,123,3,68,0
96089.90449,1024.8153,297,386,2174,-38,231,141,21,79,0
96089.90585,1024.8167,154,383,-4151,-18,246,155,5,63,0
96089.96385,1024.8747,211,297,-2756,11,187,152,37,75,0
96089.96517,1024.876,-141,221,-276,-4,160,124,62,58,0
96089.96662,1024.8774,-34,106,-2986,10,143,82,25,24,0
96089.9681,1024.8789,-35,114,5270,0,159,73,17,40,0
96089.96949,1024.8803,-211,245,-893,-43,147,91,34,60,0
96089.97095,1024.8818,76,200,5,-64,138,68,28,85,0
96089.97245,1024.8833,-511,244,2291,-66,163,53,29,107,0
96089.97393,1024.8848,-166,17,-2714,-46,129,66,35,112,0
96089.97533,1024.8862,-308,-31,415,-32,167,69,29,73,0
96089.97683,1024.8877,-410,44,-3177,-23,170,51,31,50,0
96089.97827,1024.8891,10,-141,53,-6,166,-4,58,75,0
96089.97958,1024.8904,-354,-17,2439,8,181,-41,85,56,0
96090.00569,1024.9165,-294,-101,-1090,2,144,-64,98,70,0
96090.00822,1024.919,-338,-130,5907,-8,167,-44,95,125,0
96090.0098,1024.9206,-650,-150,-525,-21,154,-67,95,145,0
96090.06975,1024.9806,-341,-142,1336,-45,146,-87,61,126,0
96090.07124,1024.9821,-553,-88,2661,-82,153,-99,51,130,0
96090.07268,1024.9835,-189,-33,-3650,-90,115,-112,34,76,0
96090.07414,1024.985,-132,43,4267,-73,95,-97,52,77,0
96090.0754,1024.9862,81,158,254,-34,79,-92,7,64,0
96090.08385,1024.9947,429,96,1173,16,31,-108,-14,40,0
96090.09058,1025.0014,43,228,3366,-3,40,-79,14,59,0
96090.09217,1025.003,221,197,594,-21,-7,-99,32,67,0
96090.09348,1025.0043,83,260,7953,12,15,-90,24,92,0
96090.16948,1025.0803,120,314,4495,20,20,-75,46,98,0
96090.17095,1025.0818,300,297,6284,14,16,-37,41,129,0
96090.17236,1025.0832,0,325,5312,-11,28,-47,27,106,0
96090.17382,1025.0846,130,235,1680,20,6,-68,35,62,0
96090.17504,1025.0859,64,48,8831,60,35,-53,85,62,0
96090.1763,1025.0871,-402,126,2785,66,29,-14,87,79,0
96090.17781,1025.0886,-148,-43,5196,75,42,-24,58,62,0
96090.17905,1025.0899,-478,29,6963,76,96,-27,42,72,0
96090.18032,1025.0911,-99,135,679,81,87,-27,28,60,0
96090.18389,1025.0947,-54,-22,7084,55,122,-28,29,89,0
96090.18512,1025.0959,-384,-14,1903,32,127,-18,3,123,0
96090.18936,1025.1002,4,-34,2398,52,151,-12,-23,124,0
96090.21517,1025.126,-234,102,2778,46,171,-33,-17,91,0
96090.21665,1025.1275,203,119,-1328,29,163,1,-47,102,0
96090.21798,1025.1288,439,167,1822,-11,172,32,-38,119,0
96090.2193,1025.1301,246,211,-2187,-37,173,7,-30,146,0
96090.22055,1025.1314,253,137,-1230,-63,135,-10,-45,152,0
96090.22182,1025.1326,-323,102,-968,-74,155,3,-77,157,0
96090.2697,1025.1805,-150,-98,-5673,-69,138,-92,-118,142,0
96090.27118,1025.182,-92,-132,2366,-79,145,-109,-85,124,0
96090.27261,1025.1834,-266,-104,-2061,-54,177,-118,-61,155,0
96090.28427,1025.1951,67,-119,-1612,-42,201,-132,-58,165,0
96090.28554,1025.1964,-350,48,262,6,255,-112,-73,188,0
96090.28683,1025.1977,-38,5,-4492,16,220,-115,-90,163,0
96090.28845,1025.1993,88,-11,1494,23,231,-136,-68,182,0
96090.28989,1025.2007,-50,17,-2361,44,233,-128,-53,172,0
96090.29131,1025.2021,204,41,-2249,48,196,-141,-62,201,0
96090.32176,1025.2326,-37,154,-418,38,197,-115,-66,187,0
96090.32375,1025.2346,89,55,-3639,112,210,-54,-56,181,0
96090.32535,1025.2362,12,-60,1067,170,196,-16,-31,230,0
96090.3473,1025.2581,-311,-189,-2875,178,214,-7,-54,272,0
96090.35508,1025.2659,-135,-180,185,168,208,40,-17,279,0
96090.35678,1025.2676,-138,-135,1244,154,201,45,-2,297,0
96090.39683,1025.3077,-43,-113,-4243,154,171,42,-11,289,0
96090.3983,1025.3091,-125,-143,1540,133,187,30,8,285,0
96090.39963,1025.3104,-248,-165,-2729,116,197,-3,-12,296,0
96090.4292,1025.34,70,-297,-409,129,163,-12,-19,297,0
96090.43043,1025.3413,-159,-152,1673,136,165,1,3,309,0
96090.43174,1025.3426,-65,-221,-6027,136,126,-15,-2,285,0
96090.43303,1025.3439,-25,-195,1163,140,121,18,-48,286,0
96090.43428,1025.3451,-287,0,-3467,136,126,61,-53,289,0
96090.4358,1025.3466,263,101,-3747,149,85,71,-26,262,0
96090.43717,1025.348,5,126,-866,133,75,57,-31,240,0
96090.43853,1025.3494,198,95,-6630,132,44,28,-45,206,0
96090.43982,1025.3506,281,52,-1896,137,46,27,-56,203,0
96090.46786,1025.3787,113,151,-3378,139,46,26,-70,217,0
96090.46928,1025.3801,314,61,-1248,125,29,35,-44,201,0
96090.47063,1025.3815,-46,81,-650,126,36,9,-25,199,0
96090.50047,1025.4113,43,5,-6005,107,-6,-14,-51,173,0
96090.50182,1025.4126,207,51,1995,76,-11,1,-31,182,0
96090.50309,1025.4139,47,259,-1683,100,-40,-6,-23,185,0
96090.53503,1025.4459,196,-12,1889,87,-47,21,-17,159,0
96090.53653,1025.4474,-319,-11,5546,76,-58,58,-42,171,0
96090.54028,1025.4511,-203,-31,643,88,-87,93,-27,186,0
96090.5742,1025.485,-72,-38,6446,103,-90,119,17,156,0
96090.57563,1025.4865,-453,8,4029,120,-91,134,32,158,0
96090.57696,1025.4878,-336,53,2427,94,-90,117,11,148,0
96090.57846,1025.4893,-606,45,5212,82,-54,97,1,146,0
96090.57975,1025.4906,-385,-157,2129,86,-107,87,1,158,0
96090.58131,1025.4921,-312,-104,8681,103,-97,87,25,152,0
96090.58285,1025.4937,-369,-28,4568,98,-90,87,19,150,0
96090.58424,1025.4951,-193,-70,4514,128,-72,108,-3,164,0
96090.58572,1025.4965,-558,220,6074,149,-59,114,-21,139,0
96090.63915,1025.55,-261,183,1257,149,-61,103,-32,165,0
96090.64058,1025.5514,-162,34,6476,146,-25,103,-12,169,0
96090.64194,1025.5528,-271,25,2442,130,-27,126,-8,162,0
96090.64352,1025.5543,30,-36,4100,125,-56,108,-21,159,0
96090.65119,1025.562,-341,38,6052,126,-57,104,-15,152,0
96090.65296,1025.5638,-110,-11,-1493,130,-30,99,-28,134,0
96090.65445,1025.5653,-59,-100,4461,136,-4,104,-61,154,0
96090.65574,1025.5666,-197,-97,725,115,12,96,-92,180,0
96090.65701,1025.5678,112,-229,972,134,-10,84,-122,241,0
96090.68267,1025.5935,-414,-79,2528,94,17,88,-109,250,0
96090.68402,1025.5948,-547,-79,-2845,95,17,87,-111,251,0
96090.68532,1025.5961,-299,-110,1466,125,41,97,-71,270,0
96090.71124,1025.6221,-489,38,-2778,152,65,104,-63,284,0
96090.71278,1025.6236,159,-19,-2153,168,84,116,-72,284,0
96090.71409,1025.6249,-137,84,-3209,202,86,131,-64,306,0
96090.74203,1025.6529,6,85,-8177,248,72,135,-56,268,0
96090.74334,1025.6542,158,45,-2785,264,91,156,-66,274,0
96090.74462,1025.6554,-174,104,-6650,257,76,130,-62,255,0
96090.74609,1025.6569,175,33,-4608,246,15,127,-51,270,0
96090.7474,1025.6582,-64,123,-365,231,-16,153,-67,270,0
96090.74883,1025.6597,-37,3,-6703,219,-21,143,-57,222,0
96090.77683,1025.6877,4,-173,551,228,0,115,-44,213,0
96090.77817,1025.689,-381,-73,-3427,261,10,166,-62,192,0
96090.77942,1025.6902,151,-248,-3077,228,-33,176,-61,173,0
96090.84731,1025.7581,-223,-88,1095,219,5,159,-59,169,0
96090.84893,1025.7598,-136,-5,-2746,216,-40,192,-75,175,0
96090.85037,1025.7612,-50,0,1670,188,-32,179,-81,196,0
96090.85604,1025.7669,-259,88,-2563,164,-36,162,-103,224,0
96090.85755,1025.7684,71,175,-1553,153,-32,154,-132,237,0
96090.85899,1025.7698,-119,250,-1871,103,10,175,-141,256,0
96090.86052,1025.7713,-9,271,-5729,100,-24,153,-158,272,0
96090.86186,1025.7727,109,320,2415,105,-34,152,-148,257,0
96090.86314,1025.774,-247,282,-3505,82,-32,110,-104,268,0
96090.86714,1025.778,353,167,-1263,94,-56,82,-101,264,0
96090.86859,1025.7794,272,212,436,97,-32,93,-74,312,0
96090.87006,1025.7809,329,110,-6872,132,-28,77,-72,267,0
96090.981,1025.8918,173,80,16,150,-11,85,-80,274,0
96090.98248,1025.8933,-19,211,-5021,150,-10,91,-97,257,0
96090.98394,1025.8948,323,220,-6352,123,-29,95,-79,228,0
96090.99149,1025.9023,-60,240,-1322,110,-7,101,-50,202,0
96090.99294,1025.9038,-31,226,-5951,94,-7,70,-17,162,0
96090.99427,1025.9051,64,384,-1410,48,-44,75,-15,145,0
96090.99572,1025.9065,-25,494,-5131,16,-71,56,-20,101,0
96090.99701,1025.9078,440,353,-3685,30,-124,30,-14,97,0
96090.99836,1025.9092,57,312,-910,42,-105,43,15,73,0
96090.99985,1025.9107,84,258,-5642,53,-115,36,11,49,0
96091.00129,1025.9121,258,314,1180,59,-87,45,7,41,0
96091.00262,1025.9134,-69,246,-4669,47,-96,32,-9,9,0
96091.00421,1025.915,39,213,-2484,46,-120,18,-6,-10,0
96091.00548,1025.9163,-237,436,-1004,41,-126,-24,31,23,0
96091.00679,1025.9176,-136,365,-6099,49,-124,-34,7,28,0
96091.02673,1025.9376,-373,196,1228,92,-95,-20,29,62,0
96091.02816,1025.939,-659,101,-495,111,-94,-22,29,56,0
96091.0295,1025.9403,-372,64,-59,131,-103,-21,34,63,0
96091.06071,1025.9715,-210,37,2822,118,-103,9,41,77,0
96091.062,1025.9728,-287,89,-3357,112,-137,-4,44,63,0
96091.06322,1025.974,-192,166,1206,119,-142,-33,68,33,0
96091.06468,1025.9755,-131,191,-1994,106,-153,-51,91,39,0
96091.06601,1025.9768,169,137,-1509,85,-181,-66,62,30,0
96091.06727,1025.9781,-348,396,213,62,-188,-26,57,18,0
96091.1012,1026.012,-208,449,-4093,61,-187,0,45,-12,0
96091.10265,1026.0135,-188,541,1958,46,-159,2,32,3,0
96091.10408,1026.0149,-357,348,-3245,24,-144,-23,45,39,0
96091.10552,1026.0163,150,-5,-3522,20,-162,-40,31,-5,0
96091.10682,1026.0176,-187,108,-604,31,-125,-23,28,-36,0
96091.10817,1026.019,51,88,-5745,8,-178,39,36,-25,0
96091.1561,1026.0669,1,229,1949,9,-145,62,55,2,0
96091.15755,1026.0684,-188,297,234,18,-109,43,42,15,0
96091.15878,1026.0696,71,214,-208,23,-155,54,33,14,0
96091.16425,1026.0751,-151,412,3912,-7,-107,44,84,-11,0
96091.1656,1026.0764,-33,438,-1969,-10,-79,16,106,25,0
96091.16686,1026.0777,-160,399,1319,15,-36,12,128,40,0
96091.20072,1026.1115,-504,366,-2595,7,-33,0,136,49,0
96091.20249,1026.1133,-161,277,-2394,17,-17,-17,170,51,0
96091.20391,1026.1147,-344,270,197,7,-19,-4,172,45,0
96091.21188,1026.1227,-213,100,-2992,55,-65,18,180,47,0
96091.21338,1026.1242,-206,56,755,66,-62,31,180,48,0
96091.21486,1026.1257,-370,66,-4039,54,-38,18,161,42,0
96091.261,1026.1718,-65,90,-1839,53,-68,13,145,40,0
96091.26231,1026.1731,-385,83,2022,68,-78,-16,162,56,0
96091.2636,1026.1744,-266,-120,-2674,48,-94,-5,167,49,0
96091.26708,1026.1779,-269,-140,2276,16,-87,-3,176,7,0
96091.26835,1026.1792,-523,-168,-2950,-18,-92,-11,190,-10,0
96091.26971,1026.1805,-267,-198,-4191,-21,-81,-31,185,-16,0
96091.27119,1026.182,-599,-150,-463,3,-44,17,178,-18,0
96091.27258,1026.1834,-428,-100,-6853,7,-102,-3,185,-24,0
96091.2739,1026.1847,-256,-78,-2510,-14,-98,30,156,-38,0
96091.37017,1026.281,-545,1,-5602,-44,-110,16,115,-63,0
96091.37159,1026.2824,-244,89,-4060,-46,-135,-29,142,-64,0
96091.37303,1026.2839,-582,256,-607,-42,-149,-10,192,-58,0
96091.37478,1026.2856,-219,168,-4458,-22,-167,4,169,-52,0
96091.37612,1026.2869,87,227,1885,-27,-124,36,216,-18,0
96091.37744,1026.2883,-59,270,-2313,-21,-93,33,245,-46,0
96091.37886,1026.2897,123,259,-701,-25,-95,-5,244,-80,0
96091.38013,1026.291,-318,395,2780,15,-62,-22,229,-83,0
96091.38159,1026.2924,-40,334,-3560,19,-90,-21,230,-80,0
96091.38308,1026.2939,-75,480,747,-11,-80,-41,217,-90,0
96091.38633,1026.2972,-202,397,-2775,-24,-53,-80,160,-90,0
96091.38769,1026.2985,-63,364,-2092,-33,-76,-101,144,-113,0
96091.4136,1026.3244,-386,401,3461,-50,-55,-103,134,-66,0
96091.41494,1026.3258,-174,315,-189,-42,-72,-114,89,-53,0
96091.41633,1026.3272,-120,401,4683,-6,-63,-104,124,-55,0
96091.46621,1026.377,-333,538,-820,10,-41,-86,149,-40,0
96091.46784,1026.3787,85,472,-935,30,-30,-90,119,-51,0
96091.46922,1026.38,-216,532,130,37,32,-47,137,-91,0
96091.4768,1026.3876,79,474,-5428,34,-17,-51,102,-114,0
96091.47817,1026.389,-116,516,1473,45,-10,-40,108,-116,0
96091.47953,1026.3904,-612,583,-3236,61,-29,-21,146,-131,0
96091.48267,1026.3935,-285,517,-2741,63,-40,-43,118,-118,0
96091.49053,1026.4014,-467,580,829,75,-5,-47,123,-120,0
96091.49203,1026.4029,-218,494,-4890,94,-31,-42,149,-141,0
96091.51791,1026.4287,-52,430,2300,109,28,-50,163,-132,0
96091.51922,1026.43,-194,534,-440,150,29,-48,130,-86,0
96091.52068,1026.4315,306,586,-1057,125,21,-38,92,-68,0
96091.52219,1026.433,-48,533,4251,98,56,-73,79,-67,0
96091.52357,1026.4344,-94,589,-1435,89,70,-102,65,-87,0
96091.52489,1026.4357,198,667,2630,100,59,-80,28,-63,0
96091.59921,1026.51,219,814,-1263,82,94,-92,41,-65,0
96091.6008,1026.5116,413,579,871,91,60,-114,61,-43,0
96091.60208,1026.5129,225,466,2721,108,57,-124,65,-65,0
96091.60545,1026.5163,160,281,-289,77,38,-79,60,-53,0
96091.60679,1026.5176,-52,197,5908,85,66,-42,90,-26,0
96091.60824,1026.5191,-484,224,1527,58,64,-43,73,-2,0
96091.60995,1026.5208,-208,205,633,40,47,-62,32,16,0
96091.61164,1026.5225,-713,241,3092,30,76,-40,15,24,0
96091.61293,1026.5238,-257,131,-2029,56,60,-38,11,37,0
96091.61439,1026.5252,55,38,2759,61,64,-66,55,34,0
96091.61576,1026.5266,-261,-49,1118,51,71,-85,70,36,0
96091.61724,1026.5281,-92,-156,1023,80,45,-94,64,61,0
96091.64718,1026.558,-330,-17,3813,83,79,-63,54,43,0
96091.64856,1026.5594,35,67,-1114,95,62,9,83,33,0
96091.64981,1026.5606,24,175,3294,93,89,26,133,19,0
96091.65115,1026.562,-33,243,966,98,112,18,122,-4,0
96091.65238,1026.5632,276,96,923,96,93,-27,88,-1,0
96091.65378,1026.5646,53,146,3112,95,148,-2,106,-2,0
96091.70335,1026.6142,-49,123,-1956,85,130,-41,97,10,0
96091.70477,1026.6156,-5,115,2621,101,123,-55,154,5,0
96091.70608,1026.6169,-238,125,-1188,113,94,-75,148,38,0
96091.7421,1026.6529,359,-122,-1990,98,63,-81,112,54,0
96091.74351,1026.6543,18,124,416,106,102,-104,129,77,0
96091.745,1026.6558,202,122,-4769,97,68,-104,120,57,0
96091.74653,1026.6574,311,109,2329,115,80,-81,128,51,0
96091.74783,1026.6587,20,212,-2870,87,69,-87,106,28,0
96091.74907,1026.6599,407,97,-4089,52,54,-88,82,-17,0
96091.77936,1026.6902,12,211,1631,44,41,-94,69,-13,0
96091.78078,1026.6916,-35,54,-2728,29,14,-100,68,16,0
96091.78888,1026.6997,-141,164,1984,1,23,-115,80,43,0
96091.79062,1026.7014,-209,258,-1232,3,0,-116,80,20,0
96091.79208,1026.7029,313,156,-968,9,-2,-147,78,20,0
96091.79359,1026.7044,117,226,1328,7,38,-153,81,12,0
96091.81354,1026.7244,248,361,-3470,14,35,-192,72,18,0
96091.81488,1026.7257,293,325,3963,9,57,-160,80,33,0
96091.81614,1026.727,201,211,-87,3,90,-169,76,45,0
96091.84592,1026.7567,264,-51,-791,3,88,-175,70,41,0
96091.8473,1026.7581,-177,-91,777,-12,78,-179,103,30,0
96091.84866,1026.7595,-120,-163,-6327,-2,27,-147,108,3,0
96091.85017,1026.761,-76,-102,-662,-3,60,-110,86,-20,0
96091.8515,1026.7623,-248,-20,-2966,37,47,-90,88,-53,0
96091.85276,1026.7636,321,-51,-3474,22,37,-90,97,-80,0
96091.90068,1026.8115,-251,-120,3264,0,45,-87,85,-68,0
96091.90225,1026.8131,-191,-257,-2450,20,30,-98,78,-78,0
96091.90367,1026.8145,98,-204,-102,21,-2,-72,91,-63,0
96091.90516,1026.816,-171,-194,-2745,9,-30,-84,97,-89,0
96091.90646,1026.8173,27,-291,-2828,4,-33,-86,105,-103,0
96091.90772,1026.8185,180,-153,2392,32,-1,-78,125,-76,0
96091.93366,1026.8445,5,-182,-594,17,2,-71,125,-35,0
96091.93509,1026.8459,162,-152,5755,14,61,-29,169,10,0
96091.93633,1026.8472,-71,-146,2525,33,78,-36,163,16,0
96091.93772,1026.8485,36,-138,2113,-21,57,-41,147,35,0
96091.93901,1026.8498,-86,-113,4529,-34,70,-21,164,41,0
96091.94026,1026.8511,-8,-225,-4173,-83,42,-66,161,48,0
96091.9713,1026.8821,-43,-224,1204,-90,42,-43,175,96,0
96091.97261,1026.8834,-272,-201,-1382,-99,27,-68,175,116,0
96091.97389,1026.8847,-191,-283,-1988,-89,0,-81,96,123,0
96092.02992,1026.9407,-205,48,343,-65,13,-78,78,89,0
96092.03142,1026.9422,-44,138,-2969,-53,-2,-44,93,73,0
96092.03271,1026.9435,-72,84,1536,-45,6,-31,88,73,0
96092.03406,1026.9449,-488,93,-3094,-42,1,-42,88,20,0
96092.03534,1026.9462,-101,-62,-1407,-26,-47,-41,79,57,0
96092.0366,1026.9474,-464,41,2563,-20,-44,-43,52,97,0
96092.06654,1026.9774,-412,98,-4163,-43,-73,-22,45,97,0
96092.07422,1026.985,-353,121,401,-76,-36,-18,86,67,0
96092.07658,1026.9874,-463,165,-4617,-66,-11,-17,84,46,0
96092.07806,1026.9889,287,41,-5312,-80,-11,-41,100,21,0
96092.07931,1026.9901,-17,172,307,-94,9,-30,89,49,0
96092.0805,1026.9913,99,332,-5053,-103,-1,-90,78,52,0
96092.1384,1027.0492,196,389,88,-131,3,-118,88,21,0
96092.13987,1027.0507,-51,399,-2671,-125,17,-145,78,22,0
96092.1413,1027.0521,-61,220,-2890,-103,-5,-153,86,10,0
96092.14273,1027.0536,-359,184,2647,-111,20,-158,72,8,0
96092.14398,1027.0548,-112,98,-346,-127,2,-190,59,25,0
96092.1453,1027.0561,-149,113,5354,-114,2,-197,84,74,0
96092.14678,1027.0576,-361,117,1329,-94,-38,-200,60,48,0
96092.15075,1027.0616,35,10,1925,-85,-33,-199,56,42,0
96092.1522,1027.063,-401,96,2870,-65,1,-174,80,44,0
96092.17606,1027.0869,-284,73,-3466,-60,-17,-165,59,51,0
96092.17758,1027.0884,-53,-3,3207,-82,22,-145,47,59,0
96092.17901,1027.0898,-331,102,675,-78,11,-125,64,51,0
96092.20898,1027.1198,-120,-34,1494,-60,-17,-124,70,74,0
96092.21052,1027.1213,-179,136,4293,-73,9,-116,81,61,0
96092.21178,1027.1226,-99,98,-2921,-70,-10,-108,65,43,0
96092.26965,1027.1805,-54,46,3753,-58,7,-103,55,16,0
96092.27095,1027.1818,-93,219,2002,-62,11,-91,60,27,0
96092.27221,1027.183,335,217,-252,-39,-3,-106,78,70,0
96092.27369,1027.1845,-198,257,5352,-17,33,-103,55,82,0
96092.27497,1027.1858,-204,168,263,2,-13,-78,15,92,0
96092.27633,1027.1872,-192,74,3617,17,28,-52,36,105,0
96092.27779,1027.1886,-300,-29,184,-1,35,-38,49,85,0
96092.2791,1027.1899,334,-9,1992,25,8,-22,27,99,0
96092.28033,1027.1912,-53,50,6038,46,0,17,37,110,0
96092.28165,1027.1925,-104,22,865,76,-32,21,26,116,0
96092.2829,1027.1937,97,34,8020,72,-52,29,32,162,0
96092.28415,1027.195,-272,228,2232,84,-36,52,18,195,0
96092.31805,1027.2289,152,245,665,85,-53,54,-2,200,0
96092.31936,1027.2302,-125,305,4633,69,-9,47,-11,179,0
96092.32063,1027.2315,-120,225,-1641,73,-9,70,8,146,0
96092.32217,1027.233,-143,81,5572,91,24,74,31,139,0
96092.32343,1027.2343,-443,167,2359,86,43,84,17,158,0
96092.33138,1027.2422,-64,213,1664,69,15,65,4,125,0
96092.35319,1027.264,-95,399,6000,50,64,76,-11,166,0
96092.35474,1027.2656,189,427,-135,43,63,60,-48,179,0
96092.35627,1027.2671,264,367,3436,36,67,87,-32,166,0
96092.388,1027.2988,-7,482,512,40,65,116,-50,105,0
96092.3894,1027.3002,57,297,979,36,72,89,-36,100,0
96092.39068,1027.3015,-132,452,1398,16,115,87,-38,92,0
96092.42557,1027.3364,-20,505,-5542,-24,123,92,-51,44,0
96092.42701,1027.3378,122,417,-1151,-46,148,93,-23,44,0
96092.42846,1027.3393,-129,345,-5207,-56,162,140,-40,2,0
96092.42993,1027.3408,176,185,-5598,-61,124,149,-72,-36,0
96092.43122,1027.342,-24,257,-681,-66,190,134,-46,-25,0
96092.43252,1027.3433,172,315,-6086,-96,157,119,-34,-31,0
96092.46253,1027.3734,311,344,-1019,-106,126,126,4,-62,0
96092.46396,1027.3748,19,422,-1810,-85,112,117,14,-114,0
96092.46532,1027.3761,418,226,-2526,-57,113,86,3,-140,0
96092.46673,1027.3776,120,416,44,-63,183,69,33,-157,0
96092.46819,1027.379,111,335,-5362,-97,165,15,5,-174,0
96092.46945,1027.3803,226,230,225,-111,123,-10,-9,-122,0
96092.49738,1027.4082,46,195,-1384,-118,75,-47,12,-86,0
96092.49874,1027.4096,227,114,-1263,-111,77,-49,10,-79,0
96092.49998,1027.4108,-114,115,2297,-85,71,-32,-18,-65,0
96092.52996,1027.4408,118,103,-2679,-93,56,-14,-18,-113,0
96092.53146,1027.4423,466,144,4695,-120,64,-25,-11,-94,0
96092.53274,1027.4436,340,274,509,-131,79,-57,-55,-114,0
96092.53424,1027.4451,614,199,-341,-100,71,-101,-88,-152,0
96092.53547,1027.4463,495,114,4308,-85,54,-86,-101,-185,0
96092.53679,1027.4476,524,104,-905,-127,54,-114,-101,-184,0
96092.56654,1027.4774,729,147,5288,-150,39,-147,-87,-122,0
96092.56789,1027.4787,352,109,2764,-121,26,-116,-122,-74,0
96092.56931,1027.4801,377,-101,-248,-124,4,-117,-132,-33,0
96092.61736,1027.5282,110,-117,3592,-118,3,-117,-139,-25,0
96092.61885,1027.5297,240,-203,-1399,-141,-15,-143,-166,5,0
96092.62012,1027.5309,126,-275,4620,-120,-10,-162,-154,48,0
96092.62165,1027.5325,-113,-68,1699,-111,-33,-153,-171,85,0
96092.62967,1027.5405,275,-42,1541,-104,-34,-129,-148,129,0
96092.63112,1027.5419,-22,84,4102,-116,0,-110,-65,130,0
96092.65307,1027.5639,115,113,-1019,-102,-31,-98,-57,103,0
96092.65447,1027.5653,190,3,5297,-106,-27,-74,-54,136,0
96092.65574,1027.5666,-220,71,1006,-85,-22,-66,-74,137,0
96092.68958,1027.6004,77,101,-537,-58,-17,-62,-87,137,0
96092.69098,1027.6018,170,250,5194,-97,-17,-67,-52,110,0
96092.69224,1027.6031,112,220,-334,-89,-16,-43,-47,115,0
96092.69363,1027.6045,41,226,4605,-134,2,-30,-29,123,0
96092.69486,1027.6057,-48,231,1094,-127,23,-19,-31,134,0
96092.69642,1027.6072,558,9,-1102,-130,40,0,27,123,0
96092.72821,1027.639,254,215,3374,-139,59,8,44,101,0
96092.72964,1027.6405,300,169,-1782,-146,29,-22,72,81,0
96092.73097,1027.6418,199,127,1168,-168,15,-14,74,60,0
96092.73233,1027.6432,-210,37,-1159,-164,7,-39,55,30,0
96092.73364,1027.6445,387,-21,-1379,-160,-24,-70,45,19,0
96092.73497,1027.6458,237,86,242,-129,21,-71,19,4,0
96092.76559,1027.6764,233,248,-6236,-109,-19,-81,12,-37,0
96092.76697,1027.6778,490,253,-120,-147,-63,-90,20,-41,0
96092.76835,1027.6792,71,290,-3119,-137,-50,-65,11,-47,0
96092.79826,1027.7091,244,402,-4022,-112,-72,-38,2,-70,0
96092.79964,1027.7105,78,394,1717,-128,-81,-11,9,-81,0
96092.80095,1027.7118,228,393,-4053,-87,-109,-3,-2,-67,0
96092.82884,1027.7397,379,353,2224,-92,-89,-14,-14,-40,0
96092.83031,1027.7411,53,309,-1792,-68,-84,-7,-17,-53,0
96092.83161,1027.7424,363,146,-2961,-49,-88,-36,-16,-64,0
96092.83552,1027.7463,138,199,1236,-75,-22,-54,-9,-76,0
96092.83677,1027.7476,231,244,-4090,-84,-9,-54,-49,-69,0
96092.83814,1027.749,454,204,447,-86,43,-81,-56,-83,0
96092.87228,1027.7831,176,153,-1427,-96,43,-99,-56,-68,0
96092.87365,1027.7845,488,113,-3189,-146,11,-120,-44,-67,0
96092.8749,1027.7857,246,190,1131,-155,46,-132,-3,-69,0
96092.87639,1027.7872,154,158,-3992,-142,25,-146,20,-101,0
96092.87772,1027.7885,228,102,764,-149,62,-127,30,-119,0
96092.88563,1027.7965,-31,149,-3062,-179,112,-84,23,-156,0
96092.91268,1027.8235,307,-40,-1938,-184,78,-86,22,-200,0
96092.91403,1027.8249,-52,-18,4502,-170,137,-115,72,-209,0
96092.91532,1027.8261,8,-30,-586,-156,137,-116,35,-201,0
96092.94732,1027.8581,199,-80,4960,-93,147,-130,38,-177,0
96092.9488,1027.8596,47,102,543,-94,150,-118,22,-147,0
96092.95013,1027.861,488,133,-2087,-113,100,-134,25,-171,0
96092.99818,1027.909,288,194,3291,-126,112,-145,35,-134,0
96092.99959,1027.9104,241,267,-1282,-133,88,-129,9,-152,0
96093.00091,1027.9117,461,249,2912,-154,100,-150,39,-159,0
96093.00476,1027.9156,135,367,453,-132,126,-168,43,-129,0
96093.00622,1027.917,410,169,-620,-122,113,-163,26,-91,0
96093.00763,1027.9185,195,58,4643,-97,116,-160,28,-57,0
96093.01169,1027.9225,214,119,-394,-82,88,-161,44,-64,0
96093.01347,1027.9243,518,189,3292,-63,90,-167,73,-30,0
96093.01498,1027.9258,331,228,230,-85,134,-135,71,-33,0
96093.05103,1027.9619,284,-57,-657,-78,130,-118,36,-51,0
96093.05248,1027.9633,30,-136,3654,-42,122,-103,75,-32,0
96093.05399,1027.9648,30,-250,-3814,-50,71,-57,89,-32,0
96093.05972,1027.9705,35,-194,2178,-43,63,-23,78,-15,0
96093.06115,1027.972,-225,-47,2220,-19,68,-15,54,2,0
96093.06245,1027.9733,171,-16,-537,-21,54,0,54,-8,0
96093.1165,1028.0273,59,64,2697,-47,69,41,41,12,0
96093.11863,1028.0295,22,4,-1433,-50,48,48,22,-4,0
96093.12,1028.0308,202,-86,1946,-70,66,49,59,-6,0
96093.12156,1028.0324,-318,33,-2043,-94,77,61,31,-30,0
96093.12286,1028.0337,-65,-4,-2368,-84,53,53,22,-38,0
96093.12417,1028.035,31,58,21,-73,83,54,-38,-24,0
96093.12557,1028.0364,-45,-36,-6587,-71,74,53,-62,-51,0
96093.12684,1028.0377,-117,-50,-1622,-36,46,54,-51,-83,0
96093.12811,1028.0389,-478,180,-4412,-45,51,53,-48,-98,0
96093.15601,1028.0668,-86,152,-5252,-22,17,48,-51,-93,0
96093.15779,1028.0686,-368,89,1269,-21,4,75,-39,-50,0
96093.15972,1028.0705,-334,44,-4250,4,-13,83,-41,-74,0
96093.16207,1028.0729,6,145,1828,8,-27,68,-30,-115,0
96093.16408,1028.0749,-13,203,1632,-4,-21,53,-30,-91,0
96093.17195,1028.0828,341,-136,-841,-18,-19,72,-68,-78,0
96093.19447,1028.1053,7,-160,2904,14,-14,86,-55,-62,0
96093.19586,1028.1067,-222,-171,-4516,35,-20,60,-81,-59,0
96093.19711,1028.1079,-233,-212,-1273,22,3,47,-64,-98,0
96093.22677,1028.1376,-415,-148,-745,1,-9,35,-33,-109,0
96093.22826,1028.1391,-13,-132,-1854,20,-41,13,-64,-88,0
96093.22949,1028.1403,-39,-56,2797,45,-52,40,-61,-83,0
96093.2308,1028.1416,-132,-70,-2056,47,-54,55,-25,-66,0
96093.23201,1028.1428,195,-62,3070,20,-78,69,7,-49,0
96093.23331,1028.1441,-87,19,1096,51,-37,92,15,-26,0
96093.26491,1028.1757,279,65,804,62,-74,59,0,-10,0
96093.26626,1028.1771,177,159,5565,99,-57,74,15,-4,0
96093.2676,1028.1784,213,216,-3477,114,-71,44,-3,-16,0
96093.29544,1028.2063,-211,77,343,130,-85,10,11,-8,0
96093.2967,1028.2075,-573,4,-1749,127,-75,-10,38,-19,0
96093.29796,1028.2088,-421,-108,-3497,91,-89,-50,19,-15,0
96093.32776,1028.2386,-647,28,2633,90,-55,-63,22,8,0
96093.32909,1028.2399,-640,59,-3794,83,-61,-70,-7,1,0
96093.33049,1028.2413,-532,-138,800,64,-48,-75,22,2,0
96093.35452,1028.2653,-763,-160,-911,39,-43,-67,29,25,0
96093.35592,1028.2667,-613,-342,-1875,42,-64,-81,29,25,0
96093.35718,1028.268,-633,-317,1940,60,-42,-107,52,17,0
96093.35851,1028.2693,-466,-247,-2455,53,-53,-112,41,27,0
96093.35978,1028.2706,170,-147,961,51,-50,-129,27,33,0
96093.36102,1028.2718,-318,-169,-1762,51,-60,-120,32,29,0
96093.38895,1028.2998,-161,-152,-2425,36,-80,-155,-16,4,0
96093.39023,1028.3011,-595,-94,893,27,-85,-155,13,5,0
96093.39146,1028.3023,-393,-143,-6869,14,-81,-142,13,-21,0
96093.42142,1028.3322,-219,-170,-2269,32,-73,-124,19,-44,0
96093.42279,1028.3336,-495,-213,-3580,52,-62,-125,9,-44,0
96093.42472,1028.3355,-156,-389,-2971,37,-26,-130,26,-45,0
96093.42615,1028.337,16,-331,3333,40,-3,-110,32,-33,0
96093.42744,1028.3383,102,-399,-1958,14,-5,-85,16,-23,0
96093.42872,1028.3395,278,-323,203,7,6,-79,8,-22,0
96093.45895,1028.3698,-96,-343,176,21,14,-61,9,11,0
96093.46669,1028.3775,-69,-379,-1078,-3,-10,-90,-10,50,0
96093.46812,1028.3789,-202,-208,2298,-21,1,-93,-26,66,0
96093.50892,1028.4197,-236,-101,-2763,-25,-23,-95,-18,40,0
96093.51028,1028.4211,19,7,3271,-32,-33,-78,-9,4,0
96093.51154,1028.4224,-179,122,389,-58,23,-67,-11,2,0
96093.54546,1028.4563,514,205,-3404,-67,23,-72,-44,4,0
96093.54673,1028.4576,753,157,431,-76,66,-123,-37,11,0
96093.54804,1028.4589,667,16,-5374,-63,7,-149,-111,-1,0
96093.54944,1028.4603,760,6,-426,-51,0,-146,-137,-22,0
96093.55077,1028.4616,172,-76,-2160,-71,4,-131,-146,-51,0
96093.5521,1028.4629,91,-171,-3660,-55,-9,-115,-138,-81,0
96093.58205,1028.4929,-19,-166,1380,-46,37,-104,-167,-76,0
96093.58349,1028.4943,452,-175,-3189,-64,5,-125,-160,-65,0
96093.58497,1028.4958,448,-157,-869,-89,-29,-119,-160,-50,0
96093.59049,1028.5013,347,45,-3982,-105,-35,-103,-165,-55,0
96093.59197,1028.5028,820,-50,-5412,-84,-32,-77,-176,-72,0
95995.09047,930.0013,-92,125,2473,198,67,0,-21,16,0
95995.09175,930.0026,38,239,-3970,210,57,-29,-11,36,0
95995.12151,930.0323,307,137,3752,194,52,-20,-19,63,0
95995.1229,930.0337,-175,195,1158,179,73,-49,-31,85,0
95995.12432,930.0351,215,152,-531,175,57,-48,-14,135,0
95995.15616,930.067,-8,92,4648,157,115,-28,8,129,0
95995.15744,930.0683,-69,-71,-2975,151,117,-25,2,121,0
95995.15873,930.0696,-63,-56,1747,163,116,-6,-7,42,0
95995.18664,930.0975,-181,126,664,177,97,18,-4,-11,0
95995.18803,930.0989,177,125,-166,188,101,36,-4,-19,0
95995.19068,930.1015,-149,140,1485,142,113,48,36,4,0
95995.19216,930.103,74,219,-4222,142,101,35,12,-4,0
95995.19361,930.1044,120,300,1579,161,121,34,-6,-1,0
95995.19491,930.1057,-138,149,-297,185,146,17,4,0,0
95995.22062,930.1314,-28,-12,297,212,120,25,-25,23,0
95995.22192,930.1327,-497,44,3171,220,133,22,-40,40,0
95995.22315,930.134,-427,150,-2932,220,153,24,-14,42,0
95995.25515,930.166,-186,238,1436,248,166,65,-30,38,0
95995.25655,930.1674,-428,162,-538,246,168,125,-30,44,0
95995.26384,930.1747,-72,198,-4115,198,157,125,-52,38,0
95995.29585,930.2067,-361,283,1591,179,169,126,-48,-14,0
95995.29743,930.2083,-436,225,-2679,168,120,121,-56,-26,0
95995.29876,930.2096,-103,143,232,170,86,138,-31,-48,0
95995.30023,930.2111,-414,73,-3400,168,96,141,-86,-72,0
95995.30162,930.2124,19,152,-4318,176,60,101,-110,-97,0
95995.30297,930.2138,56,205,2015,157,50,91,-88,-83,0
95995.33086,930.2417,107,237,-1162,146,23,87,-108,-66,0
95995.33234,930.2432,241,307,4009,111,15,50,-79,-14,0
95995.33365,930.2445,-29,318,1259,89,51,3,-63,31,0
95995.33512,930.2459,239,193,652,106,74,-11,-61,62,0
95995.33638,930.2472,7,266,5019,145,106,-24,-23,110,0
95995.33785,930.2487,105,252,-1841,155,105,17,-40,88,0
95995.38575,930.2966,238,103,5684,141,137,30,-75,75,0
95995.38707,930.2979,-140,82,2139,149,173,29,-80,48,0
95995.38841,930.2992,24,126,-2092,148,143,29,-89,20,0
95995.40438,930.3152,-436,148,2570,186,152,23,-93,22,0
95995.40599,930.3168,-176,108,-1344,187,118,46,-155,59,0
95995.40726,930.3181,209,241,1638,177,91,44,-150,73,0
95995.40885,930.3197,-70,237,-109,129,67,36,-115,57,0
95995.41005,930.3209,163,209,-1081,79,49,37,-122,24,0
95995.41148,930.3223,-114,257,3537,82,85,67,-102,48,0
95995.44351,930.3543,12,240,-2504,41,49,58,-101,90,0
95995.44503,930.3559,295,181,3945,10,64,73,-73,101,0
95995.44636,930.3572,-202,161,45,21,54,71,-92,89,0
95995.47625,930.3871,126,146,-1122,25,49,79,-88,115,0
95995.47767,930.3885,-299,45,3008,30,59,76,-81,104,0
95995.47895,930.3898,-195,49,-4844,51,67,57,-90,88,0
95995.4805,930.3913,168,157,1295,47,57,14,-38,78,0
95995.48179,930.3926,-109,219,-2383,3,65,28,-32,67,0
95995.48304,930.3939,202,60,-4204,8,-6,6,-64,57,0
95995.51708,930.4279,47,-20,-183,14,31,1,-37,48,0
95995.51852,930.4293,69,-50,-5724,10,21,-19,-54,-6,0
95995.51981,930.4306,225,-107,-454,-1,21,-36,-29,-52,0
95995.5577,930.4685,-31,-88,-867,-32,22,-66,-30,-59,0
95995.56494,930.4758,388,-158,-3394,-24,4,-97,-71,-54,0
95995.56643,930.4773,205,-74,391,-22,51,-73,-64,-64,0
95995.56782,930.4786,281,33,-5224,-39,24,-80,-101,-22,0
95995.56907,930.4799,276,137,2082,-60,-1,-52,-73,-8,0
95995.57033,930.4812,-178,122,-2059,-87,8,-42,-101,-13,0
95995.59431,930.5051,74,26,-2500,-105,10,-51,-97,-12,0
95995.59567,930.5065,-252,14,1808,-117,56,-33,-112,1,0
95995.597,930.5078,-345,-41,-4535,-116,72,-1,-126,-2,0
95995.62277,930.5336,-250,93,2333,-108,76,-49,-124,-1,0
95995.6241,930.5349,-401,141,644,-108,87,-43,-116,21,0
95995.62566,930.5365,-114,85,289,-81,75,-37,-134,10,0
95995.62717,930.538,-351,156,3912,-105,74,-13,-95,39,0
95995.62849,930.5393,-368,136,-2879,-92,40,-12,-109,86,0
95995.62973,930.5406,-4,54,2705,-66,48,-36,-121,67,0
95995.66596,930.5768,-367,30,2477,-54,62,-51,-156,68,0
95995.66734,930.5782,38,-129,757,-27,57,-43,-173,81,0
95995.66858,930.5794,-141,-131,4564,-45,55,-43,-156,82,0
95995.66997,930.5808,-86,-148,-1858,-59,-13,-64,-162,76,0
95995.67121,930.582,111,-156,3351,-82,-41,-39,-164,38,0
95995.67246,930.5833,-379,-336,-319,-77,-41,-8,-166,-6,0
95995.73195,930.6428,-99,-284,-64,-72,-45,-27,-159,30,0
95995.73363,930.6445,-205,-217,3647,-74,-24,-33,-143,76,0
95995.73497,930.6458,-173,-127,-2120,-57,-39,-52,-120,83,0
95995.73639,930.6472,-92,-155,3663,-66,3,-33,-80,107,0
95995.73767,930.6485,-511,-202,435,-85,4,-49,-76,102,0
95995.73895,930.6498,-192,-336,-1896,-96,3,-40,-82,82,0
95995.76471,930.6755,-138,-358,1721,-84,39,-29,-70,101,0
95995.76628,930.6771,-127,-343,-5077,-93,24,2,-95,87,0
95995.76771,930.6785,-89,-311,-2241,-112,-20,-8,-84,58,0
95995.7889,930.6997,-766,-276,-4507,-108,-19,-15,-68,68,0
95995.79026,930.7011,-223,-287,-3105,-95,-45,-16,-59,67,0
95995.79176,930.7026,-334,-126,-995,-94,-44,8,-105,53,0
95995.79338,930.7042,-376,-110,-8185,-110,-29,22,-138,9,0
95995.79479,930.7056,-149,-141,-4006,-82,-55,10,-170,-21,0
95995.7962,930.707,-423,-269,-6511,-59,-93,2,-190,-47,0
95995.81787,930.7287,-69,-370,-5881,-61,-114,4,-222,-76,0
95995.81982,930.7306,-271,-414,-628,-65,-106,20,-206,-47,0
95995.82105,930.7319,-313,-397,-6352,-61,-132,-5,-194,-42,0
95995.84531,930.7561,101,-374,148,-54,-125,-22,-174,-49,0
95995.84669,930.7575,20,-296,-2726,-57,-82,-28,-183,-75,0
95995.84821,930.759,240,-379,-4251,-42,-107,-14,-177,-111,0
95995.87613,930.787,82,-456,2089,-15,-87,-21,-141,-95,0
95995.87769,930.7885,-37,-559,-530,1,-81,-17,-157,-75,0
95995.87915,930.79,-11,-610,3291,-8,-83,1,-145,-59,0
95995.90901,930.8198,-487,-663,4509,-26,-110,-21,-123,-64,0
95995.91086,930.8217,-194,-622,4191,-12,-95,0,-135,-63,0
95995.91235,930.8232,-706,-610,8310,-52,-20,-17,-121,-24,0
95995.91393,930.8248,-477,-443,1165,-52,-65,-20,-117,-10,0
95995.9152,930.826,181,-191,7754,-29,-48,16,-88,-25,0
95995.91651,930.8273,-28,-99,4669,-42,-67,52,-90,-32,0
95995.94676,930.8576,155,-154,4126,-18,-46,26,-85,-1,0
95995.94814,930.859,-181,-164,8772,10,-4,18,-68,20,0
95995.94945,930.8603,-184,-152,1618,14,-27,1,-66,7,0
95995.98327,930.8941,88,-150,7133,2,-24,3,-59,16,0
95995.98481,930.8956,-158,-97,5984,0,10,19,-62,-12,0
95995.98609,930.8969,241,-104,4951,-16,-2,-10,-47,-1,0
95995.98756,930.8984,9,-139,9956,-35,30,-14,-47,32,0
95995.98891,930.8997,86,-228,5176,-35,17,33,-42,33,0
95995.99016,930.901,199,-109,8762,-14,26,34,36,54,0
95996.01832,930.9291,232,63,6247,30,48,36,39,46,0
95996.01968,930.9305,384,55,4848,48,48,31,15,41,0
95996.02103,930.9319,153,114,5745,72,72,46,43,90,0
95996.05086,930.9617,-86,131,-1566,40,66,27,49,96,0
95996.05234,930.9632,73,110,3556,33,107,0,40,116,0
95996.05394,930.9648,-257,79,201,29,102,14,74,136,0
95996.05554,930.9664,190,105,-1565,32,61,22,79,143,0
95996.05683,930.9677,198,141,1134,2,60,44,63,149,0
95996.05804,930.9689,110,246,-6062,-34,24,32,60,109,0
95996.11013,931.021,195,144,-612,-12,35,3,105,129,0
95996.11155,931.0224,-84,5,-2673,-19,40,-14,95,139,0
95996.11871,931.0295,118,-142,-4629,-2,43,-51,63,139,0
95996.12025,931.0311,-234,-64,1171,-16,55,-48,52,126,0
95996.12166,931.0325,-176,-91,-4195,-28,11,-26,52,138,0
95996.12309,931.0339,53,-44,-176,-68,41,-25,43,128,0
95996.15709,931.0679,-150,13,-733,-51,54,-24,38,152,0
95996.15843,931.0693,279,-72,-396,-25,56,-74,51,165,0
95996.15969,931.0705,-23,118,3373,-8,84,-88,91,207,0
95996.18943,931.1003,-123,235,-2829,13,91,-64,115,222,0
95996.19106,931.1019,212,142,1678,10,85,9,121,211,0
95996.1926,931.1034,-109,141,-1516,-19,76,33,124,175,0
95996.19414,931.105,102,-5,-1200,25,20,14,149,157,0
95996.19546,931.1063,-184,20,2459,38,42,-1,136,180,0
95996.19703,931.1079,-215,-26,-4964,13,40,-27,87,190,0
95996.19847,931.1093,-289,35,-934,15,55,-26,131,202,0
95996.20334,931.1142,-514,59,-1944,4,59,-47,146,221,0
95996.20478,931.1156,-106,-65,-5993,-32,24,-35,121,227,0
95996.23673,931.1476,-514,-76,-1345,-1,40,-13,92,216,0
95996.23819,931.149,-341,-90,-6003,16,32,-8,77,216,0
95996.23954,931.1504,-103,-162,-1592,-23,16,13,57,222,0
95996.26952,931.1803,-463,-204,-1598,21,37,50,62,219,0
95996.27092,931.1817,-309,-105,-3129,57,67,59,17,206,0
95996.27225,931.1831,-472,-111,-31,90,93,81,29,230,0
95996.27369,931.1845,-833,-338,-4981,97,52,71,-6,206,0
95996.27504,931.1859,-721,-330,-171,99,55,71,5,159,0
95996.27642,931.1872,-998,-255,-3098,69,65,70,3,159,0
95996.3081,931.2189,-420,-166,-3492,76,73,68,21,153,0
95996.30937,931.2202,-517,-23,1957,52,94,82,65,158,0
95996.31062,931.2214,-203,78,-2099,38,54,119,54,155,0
95996.3424,931.2532,-21,-6,4069,13,72,147,105,171,0
95996.34365,931.2545,-351,-91,2241,18,90,136,100,143,0
95996.34489,931.2557,62,-88,1754,23,64,137,95,110,0
95996.34622,931.257,-232,74,8269,-7,97,169,89,135,0
95996.34746,931.2583,-410,-4,2985,-44,66,162,84,145,0
95996.3487,931.2595,-101,150,5971,-78,51,144,106,156,0
95996.37844,931.2893,-281,279,4660,-118,91,98,102,183,0
95996.37976,931.2906,90,248,3169,-100,75,68,93,192,0
95996.38673,931.2976,-55,249,6506,-61,133,56,101,209,0
95996.41069,931.3215,-115,326,221,-63,80,22,112,187,0
95996.41211,931.3229,179,371,6350,-72,93,37,122,173,0
95996.41336,931.3242,-104,287,3778,-47,144,45,128,153,0
95996.41502,931.3258,193,157,3771,-35,95,32,155,155,0
95996.41626,931.3271,3,168,10283,-41,140,49,158,189,0
95996.4176,931.3284,-131,172,2735,0,120,8,103,161,0
95996.44746,931.3583,-43,165,8947,33,135,20,114,181,0
95996.44876,931.3596,-318,141,6367,21,162,51,101,185,0
95996.44999,931.3608,116,-15,227,50,169,27,118,129,0
95996.50981,931.4206,-134,-147,2155,64,169,17,138,93,0
95996.51163,931.4225,-339,-156,-3988,45,91,31,112,89,0
95996.513,931.4238,-130,-75,-1090,21,20,32,104,103,0
95996.51433,931.4252,-600,-32,-1718,-8,-13,14,72,113,0
95996.51562,931.4264,-105,-119,-2152,-16,-35,3,69,174,0
95996.51687,931.4277,-312,-57,281,-25,0,5,77,194,0
95996.51822,931.429,-81,-167,-6695,-30,-13,30,55,182,0
95996.5195,931.4303,162,-57,-2729,-50,23,50,54,174,0
95996.52075,931.4316,-105,-10,-5825,-22,14,34,57,110,0
95996.5485,931.4593,41,-63,-5677,-14,-17,-19,68,104,0
95996.54982,931.4606,-180,16,-251,-33,-11,-72,43,112,0
95996.55268,931.4635,-166,-102,-5915,-40,-16,-93,15,60,0
95996.55621,931.467,112,-63,873,0,-25,-83,39,73,0
95996.55753,931.4684,-162,-42,1479,36,-24,-59,47,116,0
95996.55888,931.4697,130,-86,-1156,66,-11,-58,58,162,0
95996.59298,931.5038,79,66,2229,90,30,-65,47,181,0
95996.59432,931.5051,94,52,-3694,89,2,-60,13,159,0
95996.59563,931.5065,394,96,1483,132,6,-85,-3,174,0
95996.62769,931.5385,350,155,557,149,3,-53,25,152,0
95996.62908,931.5399,568,115,-1383,123,-19,-44,64,133,0
95996.63037,931.5412,271,48,2665,132,-4,-69,66,126,0
95996.63194,931.5428,50,37,-3292,140,-40,-84,44,146,0
95996.63326,931.5441,164,-26,1721,122,-59,-75,46,163,0
95996.63452,931.5453,-189,-43,-1188,139,-56,-73,17,147,0
95996.66239,931.5732,243,-80,-744,159,-78,-84,28,119,0
95996.66371,931.5745,49,-71,3559,173,-55,-96,55,138,0
95996.67092,931.5817,191,99,-4163,153,-110,-94,44,128,0
95996.69495,931.6058,446,245,870,127,-106,-93,64,93,0
95996.69641,931.6072,12,153,812,165,-120,-58,95,94,0
95996.69782,931.6086,445,71,-534,167,-150,-63,79,102,0
95996.69929,931.6101,114,241,3439,178,-141,-61,76,92,0
95996.70053,931.6114,157,242,761,195,-152,-40,58,95,0
95996.70194,931.6128,401,229,5886,202,-175,-5,69,75,0
95996.7299,931.6407,-38,255,2265,189,-165,-35,38,47,0
95996.73117,931.642,228,181,206,150,-172,-53,35,32,0
95996.73241,931.6432,-73,66,5583,135,-157,-58,39,44,0
95996.76038,931.6712,-29,131,800,128,-177,-74,23,49,0
95996.76201,931.6728,316,79,5038,95,-168,-65,25,48,0
95996.76339,931.6742,44,24,2072,93,-172,-68,15,70,0
95996.81735,931.7282,361,-40,-250,126,-192,-65,22,8,0
95996.8187,931.7295,100,-19,7345,134,-208,-67,26,24,0
95996.81998,931.7308,145,101,1523,104,-214,-58,-9,49,0
95996.83385,931.7447,441,-14,6000,85,-218,-48,-13,75,0
95996.83646,931.7473,38,16,3382,65,-181,-20,6,58,0
95996.83773,931.7486,321,133,521,73,-152,15,8,65,0
95996.86558,931.7764,23,43,5229,70,-87,24,7,86,0
95996.86691,931.7777,-13,-15,-735,38,-91,39,-14,73,0
95996.8682,931.779,206,24,4543,37,-76,24,-25,75,0
95996.86954,931.7804,-397,76,2139,27,-71,60,-23,76,0
95996.87078,931.7816,-73,-51,1475,4,-67,49,-32,39,0
95996.87209,931.7829,-221,35,3435,9,-39,35,-26,47,0
95996.89985,931.8107,-349,71,-2176,15,-80,35,-41,24,0
95996.90131,931.8121,-306,62,4386,19,-58,37,-35,-5,0
95996.90272,931.8135,-485,41,599,19,-65,47,-53,-27,0
95996.90826,931.8191,-154,44,-1788,40,-106,16,-65,-76,0
95996.9097,931.8205,-293,165,4727,43,-97,13,-79,-56,0
95996.91111,931.8219,-377,-5,-688,83,-117,-2,-65,-64,0
95996.941,931.8518,-204,-109,3838,54,-111,1,-76,-56,0
95996.94242,931.8532,-560,-262,3189,30,-93,9,-85,-96,0
95996.94391,931.8547,-279,-256,-405,22,-108,16,-75,-143,0
95996.97178,931.8826,-324,-274,4039,15,-111,2,-50,-147,0
95996.97311,931.8839,-26,-301,-2721,35,-111,-7,-78,-139,0
95996.98039,931.8912,239,-43,1436,21,-115,-4,-97,-153,0
95996.98205,931.8929,-235,105,2176,64,-93,5,-120,-167,0
95996.9834,931.8942,-54,-7,-24,42,-131,-21,-100,-177,0
95996.98487,931.8957,-324,7,6436,83,-94,-10,-68,-180,0
95997.01282,931.9236,-332,-80,2345,97,-112,-36,-110,-164,0
95997.01425,931.9251,-40,-56,7044,90,-109,-43,-111,-172,0
95997.01564,931.9265,-455,-38,3143,71,-123,-71,-89,-165,0
95997.04768,931.9585,-321,-91,712,59,-137,-93,-79,-153,0
95997.04905,931.9599,-508,-27,4394,24,-132,-63,-59,-191,0
95997.05041,931.9612,-509,107,-1200,9,-182,-49,-46,-191,0
95997.05195,931.9628,-37,86,5549,-13,-170,-79,-5,-202,0
95997.05324,931.9641,-271,78,4308,-34,-141,-89,-7,-196,0
95997.05451,931.9653,130,82,-211,-41,-164,-70,-29,-171,0
95997.08266,931.9935,-1,93,3838,-27,-144,-25,-49,-153,0
95997.08427,931.9951,-20,36,-148,36,-157,-19,-33,-170,0
95997.08598,931.9968,108,85,4997,41,-135,-53,-21,-128,0
95997.08763,931.9985,-265,22,2640,40,-80,-75,-36,-163,0
95997.08907,931.9999,-60,60,977,55,-68,-99,-24,-168,0
95997.09052,932.0013,-202,133,5744,65,-71,-64,-16,-143,0
95997.11646,932.0273,-25,61,-610,64,-77,-92,-77,-151,0
95997.11782,932.0286,131,52,3357,62,-48,-116,-92,-183,0
95997.11921,932.03,-186,121,2484,96,-44,-130,-87,-188,0
95997.14908,932.0599,61,189,-348,109,-41,-163,-84,-208,0
95997.15052,932.0613,10,111,7320,120,-47,-139,-106,-193,0
95997.15198,932.0628,42,127,1903,122,-59,-136,-127,-173,0
95997.18807,932.0989,265,84,5096,122,-36,-172,-124,-173,0
95997.18949,932.1003,-120,-23,3104,111,-17,-158,-119,-153,0
95997.19082,932.1016,135,7,-1885,72,-32,-141,-131,-136,0
95997.19247,932.1033,-116,91,3509,56,-6,-92,-111,-155,0
95997.19383,932.1047,-116,77,-854,59,-4,-99,-135,-164,0
95997.19523,932.1061,-50,-31,4555,68,-21,-107,-141,-169,0
95997.22738,932.1382,-284,-166,3560,100,-37,-92,-128,-141,0
95997.22908,932.1399,101,-109,608,91,-114,-66,-91,-182,0
95997.23058,932.1414,-214,-106,4980,119,-136,-73,-69,-180,0
95997.23891,932.1497,-334,-34,578,142,-164,-51,-11,-138,0
95997.24033,932.1512,-146,-71,5128,154,-132,-64,26,-119,0
95997.24178,932.1526,-474,-35,2480,160,-108,-79,40,-111,0
95997.27374,932.1846,-80,-5,707,156,-120,-123,49,-94,0
95997.27516,932.186,-166,138,3868,162,-43,-155,53,-98,0
95997.2765,932.1873,-71,166,-3782,136,-56,-168,55,-104,0
95997.27815,932.189,93,24,3029,104,-77,-149,3,-100,0
95997.27958,932.1904,-172,61,3707,85,-48,-167,-12,-73,0
95997.281,932.1918,305,78,352,85,-82,-151,-20,-66,0
95997.31287,932.2237,118,24,5620,46,-24,-150,-1,-57,0
95997.31421,932.225,202,114,-1761,49,-33,-145,-36,-40,0
95997.31574,932.2266,333,103,1047,86,-24,-142,-39,-55,0
95997.34555,932.2564,-132,82,2439,95,0,-130,-49,-58,0
95997.34713,932.258,22,-43,898,109,-23,-166,-52,-49,0
95997.34865,932.2595,-163,-127,5358,124,-4,-173,-45,-29,0
95997.35054,932.2614,-195,-203,199,126,-44,-182,-55,2,0
95997.35188,932.2627,206,-111,5362,169,-76,-190,-9,-9,0
95997.35332,932.2641,-138,-101,3291,205,-95,-178,11,-35,0
95997.38131,932.2921,14,-48,317,175,-79,-171,2,-78,0
95997.38282,932.2936,-202,23,4927,155,-83,-131,9,-36,0
95997.38418,932.295,-255,-34,-1051,171,-104,-166,17,-43,0
95997.41216,932.323,-43,-60,5872,180,-62,-156,11,-1,0
95997.4137,932.3245,-459,-15,4203,151,-38,-152,16,-13,0
95997.41535,932.3262,35,133,1012,113,-71,-130,4,-5,0
95997.41696,932.3278,-153,172,4325,129,-35,-111,30,-26,0
95997.41836,932.3292,-293,82,-1031,78,-28,-117,62,-41,0
95997.41982,932.3306,76,81,4550,77,-41,-103,69,-14,0
95997.45173,932.3626,-444,92,4770,45,-38,-129,93,30,0
95997.45313,932.364,-195,-15,1527,58,-57,-148,62,14,0
95997.45444,932.3653,-512,-255,4174,49,-57,-174,32,48,0
95997.48614,932.397,-685,-492,-1615,48,-77,-186,35,47,0
95997.48769,932.3985,-436,-376,2815,40,-60,-166,58,56,0
95997.48938,932.4002,-593,-335,1180,84,-52,-105,94,45,0
95997.491,932.4018,-372,-360,-130,71,-81,-72,93,104,0
95997.49244,932.4033,-536,-391,6106,72,-46,-78,120,116,0
95997.50005,932.4109,-684,-395,-2076,62,-43,-72,124,142,0
95997.53,932.4408,-481,-296,712,72,-17,-57,120,124,0
95997.53139,932.4422,-748,-193,709,100,-22,-83,109,115,0
95997.5327,932.4435,-266,-271,-2532,100,-40,-110,118,59,0
95997.56064,932.4715,-274,-125,3432,54,28,-120,146,37,0
95997.56216,932.473,-275,-162,-674,51,33,-130,157,33,0
95997.56365,932.4745,-159,-88,2203,38,26,-114,131,42,0
95997.5948,932.5056,-545,-36,1341,47,56,-106,117,71,0
95997.59618,932.507,-202,-164,-290,57,46,-96,116,69,0
95997.59815,932.509,-367,-166,5452,64,78,-100,134,70,0
95997.59974,932.5106,-386,-283,-815,105,74,-94,119,64,0
95997.6011,932.5119,-47,-342,1896,109,55,-105,135,62,0
95997.60243,932.5133,-270,-153,-688,110,54,-88,119,73,0
95997.63244,932.5433,-68,-111,-1372,109,41,-96,109,74,0
95997.63375,932.5446,-144,-112,5224,112,63,-105,127,92,0
95997.63506,932.5459,-173,-134,-2387,104,58,-102,113,70,0
95997.6672,932.578,65,-158,-203,87,30,-92,97,86,0
95997.66876,932.5796,-298,-114,-1998,124,9,-80,82,72,0
95997.67025,932.5811,-4,-164,-5096,108,-8,-56,61,75,0
95997.7021,932.6129,-246,-185,151,100,3,-61,56,106,0
95997.70371,932.6145,-367,-411,-4058,110,-10,-38,31,129,0
95997.70513,932.616,-10,-372,-297,119,16,-35,26,118,0
95997.70652,932.6173,-382,-367,-230,129,17,-41,15,117,0
95997.70788,932.6187,-118,-343,-2450,106,-31,-64,-11,67,0
95997.70918,932.62,-243,-331,950,47,-19,-48,-10,64,0
95997.71296,932.6238,-163,-321,-3794,17,-14,-34,7,75,0
95997.71432,932.6251,237,-279,714,40,4,-6,-1,96,0
95997.71563,932.6264,-23,-315,-1582,42,-16,-9,26,94,0
95997.7476,932.6584,256,-320,-2695,40,-46,-22,13,104,0
95997.74904,932.6599,8,-50,4022,11,-41,5,38,137,0
95997.75043,932.6613,-499,136,-4119,-27,-14,-7,12,126,0
95997.78238,932.6932,91,57,1182,-17,1,23,-6,145,0
95997.78389,932.6947,-350,-61,-321,-33,4,17,-49,118,0
95997.7853,932.6961,255,-121,-3679,0,0,5,-52,83,0
95997.78696,932.6978,372,-51,1852,-17,57,5,-36,66,0
95997.79436,932.7052,203,-6,-4568,-31,89,60,-21,71,0
95997.79574,932.7066,294,166,-2429,-38,81,60,-49,63,0
95997.83163,932.7425,23,236,-1734,-11,42,69,-44,102,0
95997.83311,932.7439,656,177,-1586,-7,4,76,-33,125,0
95997.83442,932.7452,500,205,4319,2,27,92,-12,144,0
95997.83799,932.7488,371,47,402,-34,20,101,10,123,0
95997.83943,932.7503,322,-144,4993,-22,25,116,8,132,0
95997.84085,932.7517,-47,-221,740,2,50,116,3,124,0
95997.87672,932.7875,178,-253,-2172,-27,10,140,-9,99,0
95997.87835,932.7892,-36,-49,4208,-40,37,174,11,75,0
95997.87975,932.7906,34,-58,-992,-38,20,194,12,75,0
95997.88124,932.7921,279,-154,3674,-59,33,195,-4,84,0
95997.8827,932.7935,-225,-117,1278,-86,37,214,3,90,0
95997.88425,932.7951,75,-56,-3718,-90,35,240,-21,59,0
95997.92222,932.833,-175,37,919,-91,60,225,-30,75,0
95997.92379,932.8346,-99,-152,-1789,-42,61,215,-46,81,0
95997.92529,932.8361,125,-50,2633,-8,27,225,-14,108,0
95997.92683,932.8377,18,214,51,-70,12,231,4,104,0
95997.92846,932.8393,394,149,-1754,-67,-55,229,-12,79,0
95997.92975,932.8406,135,215,1143,-55,-46,216,7,34,0
95997.96384,932.8747,-80,256,-3725,-98,-27,158,-5,28,0
95997.96526,932.8761,195,127,2132,-68,-34,139,2,35,0
95997.96681,932.8776,-115,128,-670,-31,3,133,29,3,0
95997.96848,932.8793,253,171,-3879,-15,-4,132,31,-13,0
95997.97019,932.881,199,192,3485,6,32,143,61,-21,0
95997.97161,932.8824,105,106,-3813,16,-8,125,54,-27,0
95998.00173,932.9126,91,231,1870,9,-17,120,47,-41,0
95998.00308,932.9139,-129,195,1149,11,-12,108,56,3,0
95998.00451,932.9153,241,202,-2507,14,-52,113,19,-15,0
95998.03848,932.9493,178,294,4901,21,-36,140,21,7,0
95998.04,932.9508,85,300,-62,2,-58,147,22,31,0
95998.04131,932.9521,283,291,1620,35,-22,113,-9,25,0
95998.04284,932.9537,83,358,604,64,17,116,-14,61,0
95998.04418,932.955,452,409,-2080,64,23,75,7,77,0
95998.04552,932.9563,391,472,2540,55,26,68,31,106,0
95998.07249,932.9833,182,478,-3592,81,14,48,13,100,0
95998.07381,932.9846,603,523,-468,114,-5,66,-32,56,0
95998.08118,932.992,267,467,-2069,111,-13,79,-42,22,0
95998.10497,933.0158,577,302,-2236,147,-26,58,-27,34,0
95998.10623,933.0171,326,423,2331,175,8,48,-40,25,0
95998.10744,933.0183,248,361,-5458,160,34,59,-31,-21,0
95998.13734,933.0482,481,412,-2339,170,42,71,-31,-28,0
95998.13877,933.0496,51,390,-2935,200,31,100,-73,-36,0
95998.14003,933.0509,359,477,-7755,225,0,89,-113,-52,0
95998.14137,933.0522,297,401,-945,221,58,104,-123,-81,0
95998.14259,933.0534,379,363,-4868,215,45,118,-97,-123,0
95998.1438,933.0546,564,377,-250,197,13,73,-81,-128,0
95998.18196,933.0928,104,453,-29,212,13,91,-39,-120,0
95998.18381,933.0946,377,416,-1065,191,-21,91,-79,-121,0
95998.18528,933.0961,165,362,1010,168,5,91,-98,-140,0
95998.18685,933.0977,82,117,-3803,178,15,86,-104,-139,0
95998.18832,933.0991,411,141,1525,195,1,51,-75,-141,0
95998.18965,933.1005,16,296,-952,222,-3,55,-48,-155,0
95998.22059,933.1314,369,201,-2368,231,-38,20,-72,-150,0
95998.22183,933.1327,73,295,5888,232,-48,18,-71,-99,0
95998.2231,933.1339,-169,349,-1505,226,-100,14,-83,-106,0
95998.25487,933.1657,209,482,2735,244,-121,23,-95,-77,0
95998.25628,933.1671,-125,509,2461,223,-133,15,-31,-16,0
95998.25773,933.1686,197,427,-2015,207,-135,54,-39,-11,0
95998.26945,933.1803,-5,423,2654,226,-105,91,-54,-6,0
95998.27082,933.1816,12,245,-1465,244,-103,74,-31,11,0
95998.27219,933.183,58,232,3352,203,-141,61,13,35,0
95998.3022,933.213,-228,81,4082,175,-122,34,-2,87,0
95998.30367,933.2145,236,44,-186,179,-134,55,-54,109,0
95998.305,933.2158,-47,134,5737,143,-161,52,-36,123,0
95998.3329,933.2437,-157,187,-460,102,-150,54,-33,139,0
95998.33427,933.2451,-72,161,4219,99,-136,78,-48,147,0
95998.33578,933.2466,-496,107,1436,142,-147,106,-16,138,0
95998.33718,933.248,-22,167,-1912,140,-174,100,5,121,0
95998.33852,933.2493,-92,193,2211,128,-151,60,-6,105,0
95998.33984,933.2507,-86,83,-1996,140,-178,28,-57,103,0
95998.36658,933.2774,8,101,3636,147,-201,27,-48,135,0
95998.37372,933.2845,-389,125,3290,148,-156,31,-82,121,0
95998.3753,933.2861,-164,89,-931,183,-162,36,-77,135,0
95998.40131,933.3121,-358,70,4008,204,-121,4,-65,124,0
95998.40281,933.3136,-252,68,-929,185,-93,-16,-76,137,0
95998.40417,933.315,-123,115,2167,205,-86,-14,-69,144,0
95998.40564,933.3165,-445,-4,1824,220,-39,-35,-71,129,0
95998.40713,933.318,-126,8,-1963,233,-47,-50,-70,122,0
95998.40844,933.3193,-288,60,3254,243,-44,-38,-42,147,0
95998.44007,933.3509,-438,22,-2080,223,-39,-21,-59,163,0
95998.44141,933.3522,24,93,2272,203,-47,-31,-79,179,0
95998.44287,933.3537,-151,92,2361,153,-17,-31,-66,184,0
95998.47474,933.3856,237,69,-794,118,-33,-10,-75,176,0
95998.47631,933.3871,37,125,4566,137,-37,-16,-45,146,0
95998.4777,933.3885,-255,177,-2458,166,-49,8,-57,135,0
95998.47923,933.3901,-77,212,-254,192,-55,47,-26,101,0
95998.48055,933.3914,-316,228,-539,195,-60,39,-9,87,0
95998.48194,933.3928,-165,112,-4025,204,-107,15,-23,74,0
95998.51132,933.4221,-210,-2,3805,245,-91,11,-23,52,0
95998.51282,933.4236,-326,8,-854,294,-93,47,-42,77,0
95998.51413,933.425,-26,222,1342,281,-97,46,-34,82,0
95998.57814,933.489,-402,285,570,258,-50,-1,-33,62,0
95998.57968,933.4905,-137,281,-2615,243,-64,-13,-34,50,0
95998.58099,933.4918,-333,179,1955,236,-49,-14,-44,35,0
95998.58239,933.4932,-569,73,-4607,223,-76,-3,-47,6,0
95998.58362,933.4944,-414,86,-803,221,-101,34,-18,0,0
95998.58503,933.4959,-548,115,-339,228,-97,49,-21,-1,0
95998.58652,933.4973,-214,58,-606,253,-137,23,-78,-4,0
95998.58795,933.4988,-451,42,5845,263,-87,1,-67,19,0
95998.58936,933.5002,-323,-170,-1289,229,-106,4,-77,31,0
95998.61552,933.5263,-70,-35,1986,218,-83,7,-103,26,0
95998.61697,933.5278,-320,31,1375,189,-82,-2,-129,22,0
95998.61825,933.5291,-146,30,-2501,222,-108,10,-128,38,0
95998.65,933.5608,-133,-18,3733,192,-7,14,-110,33,0
95998.65132,933.5621,-191,135,-1962,175,-2,-4,-103,30,0
95998.65261,933.5634,-33,178,-131,167,28,-38,-109,38,0
95998.65996,933.5708,-261,104,1018,164,67,-43,-93,19,0
95998.66128,933.5721,65,103,-2131,165,68,-19,-107,14,0
95998.66293,933.5738,-166,120,2051,170,94,-32,-97,20,0
95998.71673,933.6276,-285,144,-5016,150,81,-29,-80,12,0
95998.71809,933.6289,-50,121,-2091,142,59,-46,-69,-22,0
95998.71935,933.6302,-359,93,-3501,139,56,-29,-65,-65,0
95998.72078,933.6316,-99,-130,-5907,115,39,10,-62,-77,0
95998.72221,933.633,-167,-129,-933,108,66,23,-62,-105,0
95998.72357,933.6344,-447,-320,-6293,145,45,28,-111,-105,0
95998.72522,933.636,-213,-225,-167,145,42,19,-92,-67,0
95998.72657,933.6374,-376,-162,1802,106,28,37,-112,-65,0
95998.72792,933.6387,-149,-135,-1326,53,-18,22,-120,-71,0
95998.76177,933.6726,-233,-126,2839,19,35,29,-125,-78,0
95998.76306,933.6739,-170,-151,-1454,17,42,17,-127,-90,0
95998.76436,933.6752,219,-99,682,18,45,15,-160,-77,0
95998.7682,933.679,-185,-227,-378,-9,61,11,-136,-65,0
95998.76955,933.6804,-16,-426,-940,-72,39,-5,-177,-37,0
95998.77088,933.6817,-141,-495,5168,-78,52,7,-181,38,0
95998.81328,933.7241,-273,-509,-1098,-71,34,-5,-187,27,0
95998.81473,933.7256,-184,-382,1559,-52,36,14,-219,5,0
95998.81612,933.7269,-452,-201,-816,-66,65,32,-235,29,0
95998.82162,933.7324,-131,-229,-3693,-55,41,20,-256,-1,0
95998.82297,933.7338,-230,-366,1914,-94,26,51,-228,-29,0
95998.82425,933.7351,-263,-245,-4564,-96,-13,72,-161,-30,0
95998.85615,933.767,-31,-13,-149,-106,-20,71,-111,-3,0
95998.85763,933.7685,-368,42,930,-126,14,58,-104,10,0
95998.85919,933.77,62,10,-575,-102,4,53,-112,4,0
95998.86077,933.7716,-104,94,4628,-85,35,73,-86,6,0
95998.86206,933.7729,-195,-45,-2504,-78,33,65,-106,-28,0
95998.86336,933.7742,-94,86,-109,-94,8,38,-86,-28,0
95998.9133,933.8241,-324,81,1113,-99,46,31,-71,-20,0
95998.91476,933.8256,-36,98,-2192,-75,50,7,-53,-34,0
95998.91637,933.8272,-293,1,3350,-65,95,-2,-38,-28,0
95998.93001,933.8408,-481,132,-1934,-63,142,13,-53,28,0
95998.93128,933.8421,-65,121,1055,-77,171,17,-52,4,0
95998.93838,933.8492,-447,88,-736,-57,175,36,-54,-24,0
95998.943,933.8538,-242,-36,-4284,-47,151,15,-57,-34,0
95998.94444,933.8553,-248,126,3232,-36,197,-6,-33,-24,0
95998.94574,933.8566,-241,8,-2467,-3,176,-27,-7,-27,0
95998.96544,933.8763,60,-77,1065,1,181,-52,55,-46,0
95998.96684,933.8777,-431,18,1339,25,200,-42,46,-13,0
95998.96829,933.8791,-60,31,-1099,6,179,-63,73,-10,0
95998.99805,933.9089,-226,163,4196,31,186,-62,60,7,0
95998.99931,933.9101,-261,223,-3555,53,159,-81,35,6,0
95999.00058,933.9114,-5,157,-2632,59,150,-73,17,-9,0
95999.0342,933.945,-454,163,-2400,64,158,-59,48,0,0
95999.03566,933.9465,-235,159,-3380,40,127,-64,41,3,0
95999.03854,933.9494,-222,126,3420,48,164,-58,29,16,0
95999.04,933.9508,-180,310,-2810,88,165,-42,33,4,0
95999.04124,933.9521,229,429,-711,105,150,-64,30,-1,0
95999.04253,933.9534,-184,418,-1179,103,195,-51,43,14,0
95999.08648,933.9973,184,311,-2567,95,168,-90,61,-10,0
95999.08786,933.9987,52,395,2562,107,214,-90,70,18,0
95999.08913,934,-98,457,-2439,115,204,-82,84,21,0
95999.10075,934.0116,-9,534,1717,133,151,-87,90,39,0
95999.10206,934.0129,-350,506,1679,141,164,-71,97,71,0
95999.10333,934.0142,323,427,-4211,154,148,-68,97,34,0
95999.10462,934.0154,-26,454,2228,163,136,-89,121,24,0
95999.10987,934.0207,-80,389,-2324,154,121,-119,99,22,0
95999.11114,934.022,90,324,709,143,153,-125,103,30,0
95999.13688,934.0477,-126,375,1,131,148,-137,103,65,0
95999.13821,934.049,286,428,-1529,129,157,-157,63,70,0
95999.13947,934.0503,146,521,3169,126,149,-152,44,99,0
95999.18621,934.097,181,374,-311,79,113,-151,-4,101,0
95999.18787,934.0987,444,448,3080,74,149,-135,17,140,0
95999.18918,934.1,-189,468,1126,100,179,-128,12,150,0
95999.20081,934.1116,72,420,-1875,95,154,-138,-17,150,0
95999.20239,934.1132,-29,356,3218,97,171,-128,5,176,0
95999.20399,934.1148,-124,151,-3058,89,155,-107,-29,136,0
95999.20556,934.1164,64,-35,779,72,167,-114,-42,132,0
95999.21328,934.1241,-181,-79,1840,76,169,-94,-16,134,0
95999.21472,934.1255,-91,-85,-3988,46,147,-99,-27,112,0
95999.26685,934.1777,-160,-15,-422,22,127,-41,-23,106,0
95999.26836,934.1792,-198,-7,-6083,33,56,-20,-52,115,0
95999.27004,934.1809,100,-14,-1498,32,65,-12,-35,124,0
95999.30185,934.2127,-284,124,-604,27,43,-6,-6,150,0
95999.30321,934.214,237,233,-3648,39,-7,-29,31,179,0
95999.30449,934.2153,-38,284,1906,31,13,-47,48,195,0
95999.30583,934.2167,-102,242,-1731,54,21,-81,66,208,0
95999.31122,934.222,299,246,2666,44,1,-110,85,208,0
95999.31251,934.2233,-81,266,1125,7,31,-138,53,216,0
95999.31406,934.2249,244,134,-1042,-22,-6,-142,32,213,0
95999.31533,934.2262,-29,276,4744,-54,32,-120,55,203,0
95999.31666,934.2275,-65,307,-793,-52,14,-122,110,202,0
95999.31801,934.2288,190,194,3689,-32,10,-110,146,169,0
95999.31949,934.2303,-88,174,2530,-49,30,-70,162,132,0
95999.3208,934.2316,148,1,-3531,-49,2,-110,113,111,0
95999.42071,934.3315,56,151,1946,-69,8,-119,110,111,0
95999.42219,934.333,69,230,-3631,-98,-8,-112,134,98,0
95999.42347,934.3343,423,243,-237,-103,-13,-119,159,93,0
95999.43376,934.3446,-1,95,1579,-100,52,-108,165,95,0
95999.43501,934.3458,108,-18,-1657,-56,41,-98,131,117,0
95999.43634,934.3472,-123,96,4148,-58,75,-86,140,156,0
95999.43788,934.3487,-261,75,-1001,-52,60,-103,141,176,0
95999.43912,934.3499,25,228,-385,-70,52,-104,116,162,0
95999.44061,934.3514,-367,308,-1841,-87,60,-56,107,122,0
95999.44211,934.3529,-141,259,-5434,-87,72,-61,129,138,0
95999.44342,934.3542,-175,243,-751,-81,133,-69,162,124,0
95999.44479,934.3556,-382,128,-6183,-110,129,-50,126,121,0
95999.44621,934.357,83,150,-1526,-88,98,-76,139,165,0
95999.45263,934.3635,-262,111,-598,-77,145,-112,150,150,0
95999.45406,934.3649,-182,9,-5335,-62,82,-87,154,148,0
95999.52418,934.435,-196,198,634,-29,112,-101,194,116,0
95999.52561,934.4364,-394,225,-3980,-10,95,-71,172,88,0
95999.52706,934.4379,-77,313,-2195,-1,91,-64,165,86,0
95999.5469,934.4577,-517,165,-230,35,138,-62,156,58,0
95999.54839,934.4592,-177,178,-5126,71,122,-94,118,25,0
95999.54975,934.4606,-338,176,1149,104,136,-103,158,8,0
95999.55134,934.4622,-693,298,-2880,127,133,-119,165,4,0
95999.55264,934.4635,-530,288,-830,115,109,-135,122,2,0
95999.55404,934.4649,-586,383,-1621,135,103,-131,118,-29,0
95999.55555,934.4664,-426,231,-4414,95,61,-137,118,-79,0
95999.55686,934.4677,-637,81,2959,96,70,-143,122,-80,0
95999.55822,934.469,-772,-12,-4228,102,74,-146,125,-117,0
95999.61431,934.5251,-520,51,-1127,115,74,-124,133,-146,0
95999.61586,934.5267,-816,37,-2059,105,94,-106,106,-140,0
95999.61735,934.5282,-508,74,-6843,51,67,-132,77,-175,0
95999.61896,934.5298,-666,185,-276,83,104,-129,50,-210,0
95999.62039,934.5312,-789,210,-4296,113,47,-113,76,-238,0
95999.62184,934.5327,-400,245,-1390,86,17,-116,71,-273,0
95999.62331,934.5341,-711,161,-944,57,33,-119,54,-285,0
95999.62478,934.5356,-435,44,-5349,15,-3,-120,34,-254,0
95999.62607,934.5369,-526,129,54,-17,8,-98,46,-245,0
95999.62753,934.5384,-595,119,-5019,-27,-13,-91,34,-210,0
95999.62924,934.5401,-553,123,-2585,-23,6,-96,54,-186,0
95999.63061,934.5414,-818,114,-1604,-2,36,-81,77,-188,0
95999.71872,934.6295,-319,270,-4388,8,6,-61,37,-187,0
95999.72133,934.6322,-422,341,3713,17,46,-63,30,-132,0
95999.72289,934.6337,-422,357,-2054,-3,31,-59,44,-117,0
95999.72435,934.6352,144,502,1342,20,-5,-49,36,-127,0
95999.72575,934.6366,-48,564,1337,64,9,-50,40,-116,0
95999.7271,934.6379,76,385,-3834,97,12,-49,52,-105,0
95999.7286,934.6394,-187,315,3274,96,33,-37,51,-94,0
95999.72994,934.6408,-502,247,-2653,100,9,-50,61,-106,0
95999.73121,934.642,-17,244,228,110,-42,-78,112,-92,0
95999.73272,934.6435,-428,235,1525,92,-7,-102,117,-58,0
95999.7341,934.6449,-39,267,-3033,73,-13,-117,77,-73,0
95999.73538,934.6462,-259,446,378,71,-8,-124,78,-72,0
95999.75724,934.6681,-504,445,-4050,68,-26,-113,63,-65,0
95999.7585,934.6693,-30,422,-169,53,4,-142,42,-60,0
95999.7657,934.6765,-376,404,-84,48,17,-153,30,-59,0
95999.78748,934.6983,-162,425,-3914,79,1,-153,23,-55,0
95999.78888,934.6997,-412,488,2379,75,24,-127,52,-43,0
95999.79032,934.7011,-405,555,-5260,64,41,-105,76,-60,0
95999.82234,934.7332,86,576,-1604,80,24,-113,62,-67,0
95999.82375,934.7346,-493,528,-791,82,34,-120,63,-73,0
95999.82519,934.736,-104,421,-5512,81,26,-112,45,-95,0
95999.8267,934.7375,-83,479,38,66,22,-106,31,-86,0
95999.82823,934.7391,-80,424,-4249,52,14,-136,21,-95,0
95999.82956,934.7404,199,423,-2339,35,15,-169,20,-112,0
95999.85568,934.7665,-313,346,331,50,3,-173,26,-110,0
95999.85705,934.7679,-93,280,-2984,77,43,-167,39,-118,0
95999.85832,934.7691,-111,282,3910,105,74,-151,14,-63,0
95999.88823,934.7991,-102,291,-1411,113,58,-138,3,-36,0
95999.88984,934.8007,40,164,2367,96,51,-122,-14,-54,0
95999.89133,934.8022,-223,333,1119,87,64,-99,-17,-51,0
95999.92743,934.8383,-320,265,-4405,45,28,-123,-17,-48,0
95999.9287,934.8395,-548,243,2619,24,22,-97,-34,-11,0
95999.92991,934.8407,-605,259,-3731,36,-7,-85,-77,-20,0
95999.93136,934.8422,88,205,-768,81,-5,-102,-68,-9,0
95999.9326,934.8434,-219,172,-271,106,28,-72,-78,-8,0
95999.93389,934.8447,-85,148,-4728,85,7,-56,-41,-18,0
95999.9618,934.8726,-15,133,3604,75,29,-28,-31,-23,0
95999.96336,934.8742,-159,104,-1321,64,4,-27,-37,-12,0
95999.96483,934.8757,-174,57,377,43,24,-31,-71,7,0
95999.96635,934.8772,-754,179,996,82,60,-4,-95,14,0
95999.96766,934.8785,-150,10,-1945,104,62,1,-105,33,0
95999.96888,934.8797,16,53,4441,101,82,-14,-80,58,0
96000.03107,934.9419,-91,137,181,79,84,-34,-62,60,0
96000.03238,934.9432,235,179,1692,40,74,-25,-79,36,0
96000.03365,934.9445,-54,175,1730,34,101,4,-111,11,0
96000.03526,934.9461,248,120,-939,15,29,6,-109,23,0
96000.03649,934.9473,35,148,4353,35,63,3,-103,57,0
96000.03776,934.9486,-264,146,-3844,40,65,-12,-106,7,0
96000.0391,934.9499,52,115,813,56,55,-3,-95,-11,0
96000.04038,934.9512,-129,180,1875,45,79,-34,-55,-30,0
96000.04761,934.9584,84,152,-1494,27,37,-43,-37,-6,0
96000.09341,935.0042,181,188,4847,16,25,-45,2,29,0
96000.09467,935.0055,173,4,-1317,-14,23,-37,38,35,0
96000.09591,935.0067,278,-10,-399,-27,4,-46,40,-11,0
96000.15726,935.0681,-10,90,896,21,-31,-25,53,-40,0
96000.15879,935.0696,253,12,-1910,35,-46,-48,66,-45,0
96000.16014,935.071,189,30,2411,37,-38,-51,76,-42,0
96000.16172,935.0725,27,33,-2648,28,-39,-27,52,-72,0
96000.163,935.0738,368,-105,1222,-2,-55,-32,69,-104,0
96000.16426,935.0751,78,-65,28,-43,-51,-40,41,-165,0
96000.16577,935.0766,242,30,-3561,-56,-102,-64,23,-166,0
96000.16713,935.078,252,121,1966,-87,-92,-85,17,-126,0
96000.16866,935.0795,-200,86,-4509,-95,-69,-95,-30,-137,0
96000.19452,935.1053,288,146,-1017,-63,-85,-102,-16,-152,0
96000.19603,935.1069,248,112,-382,-48,-73,-91,-41,-162,0
96000.19735,935.1082,384,-29,-6187,-26,-112,-85,-68,-191,0
96000.22136,935.1322,269,-98,1141,-9,-100,-87,-42,-198,0
96000.22274,935.1336,305,85,-3309,-31,-162,-116,-27,-139,0
96000.22428,935.1351,449,62,-896,-19,-198,-130,-60,-90,0
96000.23415,935.145,178,101,2320,8,-188,-129,-61,-115,0
96000.23554,935.1464,387,96,-1236,25,-196,-123,-63,-144,0
96000.23679,935.1476,186,177,1960,16,-174,-116,-68,-151,0
96000.23834,935.1492,0,129,-4393,-26,-182,-111,-70,-170,0
96000.23976,935.1506,592,100,129,-74,-163,-83,-63,-189,0
96000.24113,935.152,312,195,1282,-56,-138,-68,-59,-172,0
96000.27329,935.1841,458,198,-1438,-31,-149,-47,-35,-154,0
96000.27472,935.1855,331,215,2234,-21,-122,-1,19,-131,0
96000.276,935.1868,335,240,-4783,-22,-133,-25,6,-165,0
96000.27755,935.1884,435,407,-2245,-21,-129,-25,0,-183,0
96000.27881,935.1896,252,389,18,-49,-140,-10,-33,-160,0
96000.28008,935.1909,362,323,-5480,-45,-169,1,-40,-184,0
96000.3371,935.2479,85,251,1497,-45,-142,-22,-2,-210,0
96000.33859,935.2494,-27,380,-2068,-26,-170,-24,-34,-217,0
96000.34001,935.2508,163,496,-1611,0,-204,-18,-5,-219,0
96000.34157,935.2524,-126,524,1596,20,-228,-6,6,-227,0
96000.34888,935.2597,373,469,-1107,37,-272,-8,8,-223,0
96000.351,935.2618,240,378,3960,65,-239,7,15,-196,0
96000.35246,935.2633,96,410,-2486,61,-248,-23,13,-199,0
96000.35373,935.2646,416,420,678,57,-239,-74,-23,-194,0
96000.35533,935.2662,-119,335,133,83,-211,-77,-23,-167,0
96000.37701,935.2878,227,281,-2266,87,-240,-86,-91,-188,0
96000.37833,935.2892,-56,125,5553,107,-200,-102,-90,-197,0
96000.37967,935.2905,-70,188,-707,76,-204,-121,-88,-192,0
96000.40948,935.3203,347,194,2710,94,-198,-80,-94,-206,0
96000.41085,935.3217,52,202,3849,99,-170,-72,-121,-154,0
96000.41216,935.323,-147,176,-1923,67,-197,-109,-135,-130,0
96000.4464,935.3572,40,201,3612,68,-209,-109,-155,-135,0
96000.44783,935.3587,176,306,-2391,58,-203,-102,-148,-119,0
96000.44919,935.36,340,318,332,42,-196,-120,-128,-119,0
96000.45073,935.3616,-367,235,1988,69,-182,-109,-123,-134,0
96000.45204,935.3629,-58,224,-1782,113,-225,-117,-123,-123,0
96000.4533,935.3641,-135,189,2828,81,-178,-134,-99,-144,0
96000.47925,935.3901,-271,122,-751,65,-170,-169,-57,-143,0
96000.48061,935.3914,73,41,893,83,-165,-164,-31,-150,0
96000.48187,935.3927,-9,38,2435,100,-121,-158,-15,-129,0
96000.51184,935.4227,239,-11,-938,96,-119,-176,-43,-109,0
96000.51335,935.4242,191,-15,4935,50,-72,-171,-49,-107,0
96000.5148,935.4256,163,-62,70,50,-91,-137,-48,-100,0
96000.54785,935.4587,493,-20,685,45,-114,-117,-45,-107,0
96000.54947,935.4603,294,-2,500,38,-68,-100,-22,-132,0
96000.55083,935.4617,295,-147,-5187,54,-91,-82,-29,-162,0
96000.55222,935.463,151,-21,156,31,-84,-88,-31,-162,0
96000.55347,935.4643,110,-38,-1994,56,-76,-82,-41,-145,0
96000.55494,935.4658,454,20,980,53,-67,-66,-62,-142,0
96000.58303,935.4939,145,25,2667,36,-26,-31,-102,-127,0
96000.58452,935.4953,160,-170,-1779,21,-17,-25,-111,-143,0
96000.58585,935.4967,-150,-236,1386,-10,-14,-41,-127,-143,0
96000.58755,935.4984,-308,-248,-2595,-31,-4,-11,-130,-133,0
96000.58882,935.4996,85,-225,1074,-37,7,-6,-123,-97,0
96000.59608,935.5069,-235,-212,2331,-44,62,-15,-90,-71,0
96000.64017,935.551,69,-285,-882,-34,48,-19,-79,-49,0
96000.64176,935.5526,303,-159,6205,-60,75,-28,-100,-44,0
96000.64304,935.5539,228,-30,-1620,-85,75,-16,-146,-58,0
96000.65474,935.5656,448,-68,673,-110,80,-21,-158,-42,0
96000.6561,935.5669,120,22,2726,-83,67,23,-131,-11,0
96000.6576,935.5684,331,71,-3204,-69,14,31,-142,-12,0
96000.65914,935.57,302,7,2379,-65,23,52,-130,16,0
96000.66049,935.5713,43,-43,-905,-33,17,48,-132,20,0
96000.6618,935.5726,318,-2,486,-11,-3,24,-135,26,0
96000.6898,935.6006,90,207,770,-1,7,21,-165,4,0
96000.69109,935.6019,433,61,-3028,5,-26,6,-211,-26,0
96000.69239,935.6032,230,17,2408,24,-10,10,-205,-53,0
96000.74262,935.6534,166,-33,28,55,-45,-6,-162,10,0
96000.74409,935.6549,257,65,958,95,-51,-12,-146,48,0
96000.74547,935.6563,-82,-42,739,86,-16,-10,-136,103,0
96000.81329,935.7241,137,-170,-2195,88,-40,-36,-86,130,0
96000.81473,935.7256,89,-165,3812,86,-29,-48,-71,145,0
96000.81599,935.7268,-89,4,-3313,113,-24,-65,-63,145,0
96000.81739,935.7282,274,-147,262,124,4,-31,-74,165,0
96000.81868,935.7295,98,-124,-17,91,25,-31,-94,133,0
96000.8201,935.7309,144,-56,-6706,70,-3,-57,-114,110,0
96000.82147,935.7323,78,131,-964,39,-26,-88,-92,109,0
96000.82281,935.7336,65,109,-4238,45,-68,-98,-77,48,0
96000.82424,935.7351,389,-88,-2094,70,-117,-95,-75,47,0
96000.82577,935.7366,64,-120,-1512,91,-106,-79,-54,23,0
96000.82716,935.738,284,-95,-5526,79,-101,-60,-57,-9,0
96000.82858,935.7394,189,11,405,111,-77,-28,-34,-5,0
96000.85434,935.7652,89,-20,-3227,127,-103,-60,-15,-22,0
96000.85595,935.7668,376,-153,761,123,-124,-99,-10,-27,0
96000.85731,935.7681,23,-97,-240,145,-73,-82,15,-35,0
96000.85874,935.7696,199,-33,-4692,139,-49,-81,-2,-103,0
96000.86004,935.7709,257,-21,2178,124,-10,-100,14,-120,0
96000.86131,935.7721,8,48,-2457,117,-17,-90,13,-140,0
96000.92198,935.8328,305,7,164,147,-38,-59,-15,-138,0
96000.92909,935.8399,-23,-22,2664,160,-34,-69,-46,-126,0
96000.93072,935.8415,103,11,-4042,180,-46,-51,-87,-120,0
96000.93428,935.8451,116,75,1042,192,-46,-56,-72,-131,0
96000.93561,935.8464,-96,45,-4033,182,-44,-87,-77,-150,0
96000.93689,935.8477,190,62,-2082,218,-54,-104,-76,-163,0
96000.93835,935.8492,-105,71,267,213,-47,-104,-94,-196,0
96000.93973,935.8506,44,57,-4120,234,-105,-159,-101,-192,0
96000.94103,935.8519,192,58,3235,271,-94,-179,-116,-103,0
96000.96156,935.8724,-96,23,-1079,261,-48,-174,-116,-87,0
96000.96287,935.8737,261,61,1865,240,-78,-183,-85,-105,0
96000.96428,935.8751,-29,120,1490,231,-57,-185,-105,-71,0
96001.01818,935.929,-13,85,-2486,208,-56,-151,-110,-35,0
96001.01952,935.9303,-145,96,4560,217,-39,-106,-104,-21,0
96001.0208,935.9316,-474,186,-1209,233,-6,-104,-95,-29,0
96001.02217,935.933,-130,111,625,241,-8,-84,-76,-24,0
96001.02341,935.9342,-117,97,530,241,15,-99,-46,-51,0
96001.02474,935.9356,276,59,-3394,220,11,-122,-65,-82,0
96001.02826,935.9391,158,66,3968,211,29,-172,-39,-88,0
96001.0297,935.9405,157,91,-50,214,35,-200,-38,-78,0
96001.03118,935.942,576,53,1944,212,-1,-195,-21,-50,0
96001.06509,935.9759,238,265,1435,225,22,-171,-17,-18,0
96001.06642,935.9772,447,262,-3744,247,-20,-215,-33,-21,0
96001.06767,935.9785,374,283,-479,265,-43,-186,-42,-24,0
96001.06908,935.9799,164,374,-6081,261,-32,-174,-40,-57,0
96001.07034,935.9812,548,282,-2444,257,-17,-165,-46,-69,0
96001.07161,935.9824,251,145,-1381,234,15,-138,-66,-68,0
96001.11822,936.029,389,215,-4724,224,-9,-138,-100,-90,0
96001.11966,936.0305,621,399,3104,227,18,-126,-114,-54,0
96001.12094,936.0318,459,514,-1924,255,36,-114,-128,-27,0
96001.1243,936.0351,849,434,1711,268,60,-99,-130,-15,0
96001.12561,936.0364,388,208,1874,254,42,-124,-129,-37,0
96001.12704,936.0379,411,148,-4088,260,30,-147,-132,-69,0
96001.15891,936.0697,219,37,2062,245,42,-134,-92,-59,0
96001.16022,936.071,-207,-118,-3588,240,34,-151,-129,-43,0
96001.16728,936.0781,238,-148,-1625,252,46,-131,-142,-52,0
96001.16876,936.0796,-96,-29,587,238,74,-127,-133,-84,0
96001.17018,936.081,11,105,-3984,204,57,-138,-153,-117,0
96001.17154,936.0824,-40,162,1358,213,96,-164,-162,-107,0
96001.21759,936.1284,-267,77,-1131,216,95,-153,-132,-92,0
96001.21901,936.1298,63,185,681,179,119,-135,-131,-65,0
96001.22028,936.1311,-385,86,274,144,130,-142,-140,-49,0
96001.22178,936.1326,-127,108,-3547,108,105,-174,-155,-29,0
96001.22307,936.1339,-45,231,3310,103,109,-191,-127,-19,0
96001.2243,936.1351,-245,321,-3365,119,82,-193,-81,8,0
96001.25636,936.1672,80,383,-1370,129,104,-143,-46,1,0
96001.25777,936.1686,-179,467,1117,130,127,-111,-30,-50,0
96001.25905,936.1699,14,419,-4507,145,124,-117,-21,-67,0
96001.26043,936.1713,141,297,1013,149,115,-122,-6,-64,0
96001.26169,936.1725,-51,84,-4076,157,106,-127,-28,-86,0
96001.263,936.1738,368,162,-169,175,74,-97,-36,-80,0
96001.31551,936.2263,98,264,3254,180,78,-101,-69,-35,0
96001.31696,936.2278,302,96,609,207,53,-126,-60,-22,0
96001.31839,936.2292,209,160,5469,216,69,-106,-45,8,0
96001.35232,936.2631,8,45,235,224,85,-105,-50,17,0
96001.35377,936.2646,101,102,1484,193,63,-88,-56,30,0
96001.35777,936.2686,-73,49,2320,145,111,-82,-21,11,0
96001.35916,936.27,138,73,-4245,125,115,-56,-19,5,0
96001.36064,936.2715,126,0,3146,87,118,-64,14,13,0
96001.36199,936.2728,-5,90,-5,76,102,-65,45,31,0
96001.36329,936.2741,340,214,2441,74,91,-86,56,42,0
96001.36461,936.2754,-177,173,3661,89,116,-91,45,50,0
96001.36597,936.2768,-262,48,-4124,103,118,-115,25,94,0
96001.38772,936.2985,-229,218,1954,115,127,-112,43,126,0
96001.38908,936.2999,-237,239,142,126,116,-122,36,156,0
96001.39039,936.3012,194,210,-180,134,110,-114,66,167,0
96001.41818,936.329,-209,114,1774,104,107,-153,91,176,0
96001.41956,936.3304,-36,66,-3983,102,80,-183,103,189,0
96001.421,936.3318,-265,107,-480,91,103,-156,126,163,0
96001.46087,936.3717,-496,237,-4080,65,110,-139,124,121,0
96001.46836,936.3792,-305,243,-2303,73,88,-92,125,92,0
96001.46985,936.3807,-347,194,-2166,55,119,-79,144,72,0
96001.47126,936.3821,-63,179,-7163,45,77,-76,128,27,0
96001.47253,936.3834,-121,210,-834,68,103,-73,118,-17,0
96001.47397,936.3848,-300,168,-4286,63,89,-94,89,-53,0
96001.49386,936.4047,140,166,-1097,25,31,-116,75,-34,0
96001.49547,936.4063,-71,322,-83,54,32,-115,82,-21,0
96001.49696,936.4078,375,195,-4281,79,35,-113,81,-73,0
96001.53108,936.4419,248,30,3619,104,60,-109,105,-61,0
96001.53276,936.4436,46,108,-1228,115,63,-127,103,-71,0
96001.53404,936.4449,204,180,-1646,85,24,-126,140,-54,0
96001.53559,936.4464,-375,77,369,89,38,-119,134,-71,0
96001.5369,936.4477,-268,94,-4349,137,14,-83,118,-70,0
96001.53832,936.4491,-243,36,1413,153,-3,-47,136,-51,0
96001.59452,936.5053,-494,27,-2228,148,-27,-19,104,-41,0
96001.59622,936.507,-302,65,-1494,119,-12,-13,136,-56,0
96001.59756,936.5084,-305,28,-851,66,38,-18,183,-88,0
96001.59908,936.5099,-59,-42,-4187,60,40,-51,161,-94,0
96001.60087,936.5117,-105,-78,2444,83,112,-76,173,-84,0
96001.60236,936.5132,-104,-73,-1565,109,91,-80,158,-54,0
96001.60397,936.5148,183,-99,-1566,107,46,-76,158,-33,0
96001.60533,936.5162,-249,-79,-605,96,50,-75,151,-40,0
96001.60673,936.5176,-55,-77,-5079,111,16,-82,140,-72,0
96001.63873,936.5496,111,-92,3704,119,21,-83,141,-54,0
96001.64024,936.5511,-309,-177,1223,89,-8,-85,176,-34,0
96001.64158,936.5524,115,-291,3120,56,29,-108,178,-65,0
96001.64301,936.5538,-255,-358,4348,58,99,-110,208,-51,0
96001.64436,936.5552,-117,-292,-1145,86,71,-108,222,-47,0
96001.64562,936.5564,-183,-219,3553,102,76,-93,224,-11,0
96001.70787,936.6187,-295,-173,-120,96,69,-93,190,1,0
96001.70924,936.6201,298,-133,2556,126,86,-83,175,30,0
96001.71055,936.6214,76,-98,2621,111,92,-55,187,28,0
96001.71209,936.6229,238,-155,-547,115,38,-84,168,25,0
96001.7134,936.6242,-125,-129,4984,127,68,-123,149,-31,0
96001.7147,936.6255,-324,-217,-1526,115,77,-141,137,-31,0
96001.72205,936.6329,80,-266,-150,122,71,-145,91,-33,0
96001.72397,936.6348,-278,-104,3054,156,81,-127,92,-30,0
96001.72573,936.6366,-89,-128,-2531,152,41,-99,91,-81,0
96001.80706,936.7179,-26,-30,3692,175,53,-69,104,-86,0
96001.80859,936.7194,266,-30,-195,210,16,-42,90,-48,0
96001.80997,936.7208,580,110,1209,218,-7,-28,85,-59,0
96001.81132,936.7221,151,164,4948,225,54,-11,73,-76,0
96001.8127,936.7235,-75,123,1628,186,41,-41,38,-75,0
96001.81412,936.7249,65,97,6030,133,56,-99,58,-88,0
96001.81563,936.7265,-115,-25,3777,111,53,-81,78,-109,0
96001.81698,936.7278,205,-139,7501,115,75,-89,72,-85,0
96001.81852,936.7293,-31,0,9452,125,95,-100,68,-57,0
96001.81988,936.7307,257,47,6716,138,105,-119,51,-42,0
96001.82118,936.732,83,21,11382,151,161,-148,41,-51,0
96001.82263,936.7335,-52,-62,4190,151,164,-133,10,-66,0
96001.91055,936.8214,160,-112,6674,140,131,-107,20,-75,0
96001.91205,936.8229,-190,-44,9597,125,194,-104,19,-79,0
96001.91346,936.8243,98,45,5112,125,155,-75,28,-54,0
96001.91486,936.8257,136,75,10588,88,185,-63,8,-37,0
96001.91641,936.8272,-100,26,5289,83,170,-54,-11,-57,0
96001.91778,936.8286,160,-53,6248,64,147,-56,5,-53,0
96001.9194,936.8302,-68,28,8307,69,155,-79,-7,-63,0
96001.92079,936.8316,-67,111,5135,96,173,-73,-11,-56,0
96001.92208,936.8329,-5,198,10735,68,199,-56,-31,-42,0
96001.9236,936.8344,-80,264,3498,38,178,-59,-23,-66,0
96001.92493,936.8358,233,187,4403,42,178,-76,3,-87,0
96001.92992,936.8407,69,181,3941,72,210,-88,41,-41,0
96001.94961,936.8604,386,199,-2775,104,185,-109,-1,-41,0
96001.95091,936.8617,446,261,3551,114,212,-118,-3,-53,0
96001.95257,936.8634,264,343,-3083,132,217,-134,-18,-22,0
96001.95395,936.8648,740,360,-2823,101,217,-131,-43,-18,0
96001.95524,936.8661,436,300,214,105,257,-91,-66,27,0
96001.95662,936.8674,610,145,-5869,130,247,-99,-96,2,0
96002.00875,936.9196,544,20,-75,144,277,-132,-102,-9,0
96002.01017,936.921,87,-16,-4293,149,269,-103,-83,-23,0
96002.01783,936.9287,346,-73,-4016,149,242,-108,-95,-28,0
96002.04573,936.9566,84,69,-724,136,267,-103,-99,-16,0
96002.04735,936.9582,204,-162,-5135,147,239,-82,-116,13,0
96002.04883,936.9597,161,-136,662,137,243,-82,-104,53,0
96002.05052,936.9613,29,-207,-3396,91,243,-84,-76,84,0
96002.05207,936.9629,459,-125,-3292,130,269,-49,-88,48,0
96002.05349,936.9643,197,-92,-932,139,250,-24,-85,23,0
96002.05492,936.9657,440,-88,-3850,142,207,-58,-83,24,0
96002.05628,936.9671,466,-70,1838,162,223,-41,-75,43,0
96002.05769,936.9685,178,18,-4059,142,208,4,-102,45,0
96002.1098,937.0206,357,-81,-2575,147,188,24,-107,24,0
96002.11134,937.0222,-13,-186,-644,134,243,44,-122,-7,0
96002.11283,937.0237,203,-272,-4432,127,204,18,-145,-23,0
96002.14873,937.0596,374,-236,1792,113,191,8,-136,-1,0
96002.15029,937.0611,232,-105,-1084,120,187,-3,-141,-4,0
96002.15169,937.0625,540,-107,-2627,90,169,-4,-131,-40,0
96002.15311,937.0639,221,-119,-197,105,185,1,-144,-59,0
96002.15444,937.0653,186,-7,-4579,109,149,-3,-125,-68,0
96002.15573,937.0666,305,47,-1067,117,114,30,-133,-64,0
96002.15726,937.0681,184,99,-4908,118,93,39,-117,-92,0
96002.15868,937.0695,229,-27,-2860,121,68,17,-114,-113,0
96002.15998,937.0708,10,-29,242,140,34,10,-114,-102,0
96002.22263,937.1335,63,-174,-4613,120,-20,27,-142,-72,0
96002.22418,937.135,99,-195,3058,118,-2,13,-129,-98,0
96002.22556,937.1364,-191,-177,-1486,135,-24,34,-144,-87,0
96002.22697,937.1378,132,-172,2094,153,-28,41,-149,-81,0
96002.22839,937.1392,9,-209,7991,145,14,64,-141,-39,0
96002.2297,937.1405,273,-420,4855,119,-24,84,-167,-23,0
96002.2311,937.1419,145,-435,11082,88,-29,102,-155,-33,0
96002.23243,937.1433,15,-449,7345,95,-46,126,-134,-23,0
96002.23378,937.1446,223,-479,5769,125,-104,105,-116,-47,0
96002.2919,937.2027,-115,-251,6699,90,-107,116,-125,-84,0
96002.29341,937.2042,56,-217,915,84,-112,93,-108,-105,0
96002.29493,937.2058,41,-159,7653,127,-94,98,-110,-82,0
96002.32688,937.2377,-109,-178,4877,110,-91,124,-96,-89,0
96002.33396,937.2448,280,-148,5487,121,-104,120,-57,-81,0
96002.33541,937.2462,-108,-165,7032,75,-93,139,-51,-62,0
96002.33693,937.2478,294,-140,2576,53,-95,125,-74,-73,0
96002.33823,937.2491,408,26,8458,30,-90,143,-45,-75,0
96002.3397,937.2505,-207,19,2634,15,-50,162,-27,-63,0
96002.34109,937.2519,-104,-6,5012,20,-33,125,-10,-74,0
96002.34262,937.2534,-260,82,9144,16,-7,108,26,-14,0
96002.34404,937.2549,-82,-22,4287,6,-9,99,60,-27,0
96002.36981,937.2806,-114,-4,8774,-34,35,101,95,-51,0
96002.37112,937.2819,-169,132,2216,-52,60,88,66,-82,0
96002.37242,937.2832,269,210,228,-48,58,103,59,-92,0
96002.37376,937.2846,191,244,2607,-69,91,131,72,-78,0
96002.37513,937.286,366,139,-2350,-46,87,94,121,-55,0
96002.37649,937.2873,180,-14,3034,-8,78,82,130,-21,0
96002.43736,937.3482,-353,-69,-277,14,85,112,117,14,0
96002.43984,937.3507,-42,62,-875,5,74,127,88,-1,0
96002.44241,937.3532,-176,-39,-902,9,109,157,83,-7,0
96002.44493,937.3558,-106,-82,-6196,-1,125,144,64,-17,0
96002.44616,937.357,-33,-110,930,-20,160,133,56,-29,0
96002.44751,937.3583,-252,-165,-5496,-27,199,141,84,-42,0
96002.44901,937.3598,4,-54,-6458,-43,205,120,112,-88,0
96002.45033,937.3612,-152,-29,-1848,-27,208,110,89,-73,0
96002.4518,937.3626,87,-102,-6149,-18,146,98,121,-69,0
96002.47718,937.388,300,-185,-188,-10,140,66,114,-72,0
96002.47858,937.3894,65,-232,-4186,5,134,92,107,-73,0
96002.47985,937.3907,519,-179,-4737,3,111,79,85,-49,0
96002.4814,937.3922,296,-153,-2825,-18,105,56,89,-78,0
96002.48269,937.3935,392,-402,-8029,-14,91,37,87,-142,0
96002.48399,937.3948,456,-382,-1438,-25,109,68,103,-192,0
96002.54606,937.4569,329,-370,-4277,-42,77,28,73,-173,0
96002.54763,937.4585,474,-276,-2033,-46,57,29,96,-173,0
96002.54895,937.4598,-119,-252,-1174,-42,66,33,75,-164,0
96002.55042,937.4612,165,-267,-4973,-67,64,53,39,-159,0
96002.55186,937.4627,258,-364,2862,-56,84,52,70,-133,0
96002.55329,937.4641,-26,-402,-496,-52,50,50,79,-53,0
96002.56047,937.4713,245,-452,-102,-32,56,-17,76,-48,0
96002.562,937.4728,48,-485,3220,-63,73,-21,57,-46,0
96002.56339,937.4742,78,-417,-4674,-41,26,-3,36,-29,0
96002.63563,937.5465,409,-275,352,-46,31,28,54,-3,0
96002.63703,937.5479,297,-185,-3799,-38,11,53,64,-21,0
96002.63853,937.5494,616,-241,-3758,-15,-23,70,86,-36,0
96002.67428,937.5851,376,-206,1173,-2,-14,100,66,-63,0
96002.67562,937.5864,469,-244,-2868,14,-28,73,29,-83,0
96002.67689,937.5877,446,-210,1703,9,-30,48,18,-110,0
96002.67823,937.5891,211,-207,-329,10,-24,59,10,-99,0
96002.67946,937.5903,450,-206,2016,12,-12,72,36,-61,0
96002.68079,937.5916,221,-171,3889,-1,1,58,42,-13,0
96002.68224,937.5931,381,-248,-1348,25,51,59,28,27,0
96002.6838,937.5946,399,-226,4227,21,117,94,49,85,0
96002.68519,937.596,289,-242,-2442,26,128,128,53,88,0
96002.68668,937.5975,559,-228,-946,52,144,149,49,114,0
96002.68797,937.5988,95,-257,3491,65,185,164,37,160,0
96002.69171,937.6025,123,-325,-3541,47,156,105,35,178,0
96002.73791,937.6487,386,-364,3451,74,162,77,79,201,0
96002.73936,937.6502,291,-314,728,93,153,44,86,228,0
96002.74064,937.6515,501,-300,-1311,69,157,46,36,236,0
96002.75027,937.6611,-2,-310,2006,44,161,48,15,226,0
96002.75163,937.6625,-132,-331,-2220,26,120,26,-13,209,0
96002.75288,937.6637,44,-126,1157,-4,102,16,-11,205,0
96002.75444,937.6653,-234,-257,-1313,-10,103,39,17,212,0
96002.7557,937.6665,383,-383,-2045,-44,105,29,-1,173,0
96002.75697,937.6678,98,-447,-624,-32,152,53,-13,171,0
96002.78897,937.6998,362,-280,-5753,-46,132,36,8,146,0
96002.79064,937.7015,294,-145,869,-14,116,29,52,148,0
96002.79224,937.7031,-97,-189,-3629,-30,67,17,42,144,0
96002.79376,937.7046,224,-215,-2530,-22,66,-7,32,125,0
96002.79507,937.7059,47,-211,631,-11,73,25,30,146,0
96002.79634,937.7072,219,-247,-5014,54,42,28,26,109,0
96002.85067,937.7615,212,-180,2831,94,54,7,9,86,0
96002.85216,937.763,-90,-16,-779,128,50,-11,-1,54,0
96002.85393,937.7648,348,57,-1606,122,65,-53,10,39,0
96002.86514,937.776,153,35,1103,106,95,-74,5,32,0
96002.86661,937.7774,347,26,-1951,117,61,-109,-5,21,0
96002.86899,937.7798,131,7,3203,107,94,-116,18,33,0
96002.87047,937.7813,-69,-68,249,71,56,-113,36,57,0
96002.87176,937.7826,123,-72,-61,97,70,-133,17,72,0
96002.87305,937.7839,-173,-84,-443,107,107,-82,48,57,0
96002.89388,937.8047,73,-183,-6160,134,73,-75,58,51,0
96002.89517,937.806,93,-201,868,134,74,-40,79,62,0
96002.89639,937.8072,-34,-76,-2703,157,78,10,107,62,0
96002.96063,937.8715,607,16,-2970,178,72,37,120,48,0
96002.96209,937.8729,292,31,775,171,100,63,132,70,0
96002.96347,937.8743,233,-78,-6087,182,64,53,133,63,0
96002.96497,937.8758,392,-70,-1717,218,59,77,101,51,0
96002.96857,937.8794,195,-25,-4191,197,46,76,110,53,0
96002.96984,937.8807,461,-104,-3738,225,26,53,77,47,0
96002.97148,937.8823,417,-92,1073,233,34,64,80,61,0
96002.9728,937.8836,743,33,-5716,223,-26,30,54,62,0
96002.97414,937.885,996,36,-1326,238,-36,10,41,28,0
96002.99808,937.9089,618,-10,-4260,242,-14,44,28,16,0
96002.99932,937.9101,1036,-80,-2249,193,-17,60,19,15,0
96003.00055,937.9114,712,-38,2122,155,22,87,11,59,0
96003.02649,937.9373,644,-199,-3130,177,3,91,-30,74,0
96003.028,937.9388,424,-161,3765,168,6,106,-46,80,0
96003.02944,937.9403,-152,-76,-2239,176,1,119,-24,41,0
96003.06474,937.9756,180,-141,-255,183,-12,108,-48,46,0
96003.06609,937.9769,-25,-87,4583,162,-11,107,9,90,0
96003.06731,937.9781,104,-105,-1624,177,-21,111,-13,122,0
96003.06897,937.9798,251,-109,3154,204,-42,129,10,88,0
96003.07026,937.9811,117,-50,-745,214,-58,109,12,63,0
96003.0718,937.9826,495,23,-2901,215,-77,84,-31,74,0
96003.10579,938.0166,227,17,635,185,-43,58,-29,48,0
96003.10726,938.0181,492,65,-4069,194,-63,51,-37,22,0
96003.10869,938.0195,596,141,248,172,-61,66,-51,44,0
96003.13654,938.0474,392,102,-3888,170,-79,58,-90,48,0
96003.13793,938.0488,614,-6,-1142,155,-108,68,-75,19,0
96003.13919,938.05,166,33,1669,191,-86,49,-86,-8,0
96003.17692,938.0877,341,75,-3577,213,-136,44,-98,-17,0
96003.17847,938.0893,411,61,3197,200,-112,32,-93,-15,0
96003.1799,938.0907,127,-71,-99,170,-104,8,-63,15,0
96003.18132,938.0921,494,-83,-724,177,-125,-2,-60,44,0
96003.1826,938.0934,115,-102,1525,150,-90,-13,-35,-5,0
96003.18385,938.0947,266,-66,-3848,209,-120,-7,-50,-32,0
96003.18542,938.0962,446,114,2278,229,-113,-12,-23,-36,0
96003.18687,938.0977,381,191,-1031,210,-84,-25,-50,-17,0
96003.18824,938.0991,673,85,-1591,200,-99,-2,-52,12,0
96003.28641,938.1972,466,-14,1213,150,-67,12,-34,40,0
96003.28779,938.1986,529,6,-3724,113,-71,10,-84,7,0
96003.28908,938.1999,297,100,1354,116,-63,34,-100,21,0
96003.30285,938.2137,238,117,-1809,108,-44,41,-96,10,0
96003.30416,938.215,696,159,-964,78,-40,49,-85,29,0
96003.30539,938.2162,275,218,2518,41,-35,37,-38,27,0
96003.30696,938.2178,271,294,-1384,38,-21,25,-71,37,0
96003.30827,938.2191,361,492,5102,56,-21,16,-78,29,0
96003.30949,938.2203,41,376,1546,78,-1,29,-89,80,0
96003.31102,938.2218,444,421,293,78,-30,28,-92,101,0
96003.31241,938.2232,188,310,3461,110,8,29,-54,99,0
96003.31374,938.2246,109,199,-5238,147,25,42,-37,108,0
96003.40174,938.3126,88,220,323,186,75,45,-40,86,0
96003.4033,938.3141,-195,215,-3362,146,83,34,-33,52,0
96003.40494,938.3158,235,89,-2834,130,48,0,-63,60,0
96003.40643,938.3172,-121,116,1761,108,77,-30,-36,39,0
96003.40781,938.3186,-12,79,-3835,92,47,-47,-42,40,0
96003.40924,938.3201,105,118,-758,101,4,-34,-11,4,0
96003.41078,938.3216,-158,126,-1948,107,2,-50,10,-8,0
96003.41203,938.3229,292,209,-3387,114,5,-51,42,-37,0
96003.41328,938.3241,-149,300,-526,123,8,-14,69,-66,0
96003.41708,938.3279,134,215,-4537,152,-17,-33,76,-76,0
96003.41893,938.3298,357,86,1525,172,2,-31,61,-76,0
96003.42032,938.3311,151,187,-3976,143,2,21,57,-60,0
96003.42191,938.3327,369,35,-1705,189,-10,10,88,-49,0
96003.42323,938.3341,-56,119,3185,197,36,14,109,14,0
96003.42448,938.3353,143,62,-2171,176,15,6,135,39,0
96003.48222,938.393,98,78,2989,133,35,20,151,95,0
96003.48376,938.3946,-133,55,496,130,78,13,118,114,0
96003.48519,938.396,433,-28,-1207,156,67,46,104,122,0
96003.48678,938.3976,147,-53,2291,132,90,16,103,123,0
96003.48804,938.3989,261,136,-2960,87,50,-19,110,147,0
96003.48935,938.4002,482,111,2849,69,68,-45,67,179,0
96003.49087,938.4017,175,68,545,68,88,-12,14,183,0
96003.49223,938.4031,607,101,-635,42,96,-19,17,177,0
96003.49348,938.4043,459,125,251,81,96,-2,40,159,0
96003.49492,938.4057,492,-21,-4683,117,67,-13,12,145,0
96003.49653,938.4074,616,-57,1040,129,66,-15,17,137,0
96003.49787,938.4087,105,-10,-2335,102,94,-3,25,147,0
96003.51573,938.4266,517,-21,-1668,97,98,1,38,108,0
96003.51706,938.4279,330,31,1277,115,117,-3,62,100,0
96003.51835,938.4292,320,-24,-4508,125,73,4,59,87,0
96003.57315,938.484,330,-78,1413,109,124,7,47,87,0
96003.57457,938.4854,71,94,-3104,88,100,19,16,63,0
96003.57583,938.4867,375,42,-5448,74,58,21,-8,52,0
96003.58336,938.4942,4,85,-1608,91,66,32,-68,48,0
96003.58473,938.4956,107,135,-4822,102,-5,8,-47,62,0
96003.58606,938.4969,359,150,1967,116,-8,40,-12,50,0
96003.62598,938.5368,125,254,-491,114,13,40,-41,45,0
96003.62756,938.5384,388,230,-883,139,4,33,-27,63,0
96003.62908,938.5399,142,330,2893,137,48,80,-13,68,0
96003.63055,938.5414,-166,202,-2206,154,29,81,4,83,0
96003.63204,938.5429,-182,231,4120,129,32,66,8,100,0
96003.63348,938.5443,-104,219,-1372,100,77,44,13,111,0
96003.63493,938.5458,272,130,-2616,71,78,42,28,94,0
96003.63621,938.547,-134,245,1255,87,59,51,43,114,0
96003.63747,938.5483,118,304,-5687,83,0,9,35,82,0
96003.67948,938.5903,368,256,-906,71,42,-24,14,63,0
96003.6809,938.5917,96,266,-3558,37,32,-53,2,38,0
96003.68215,938.593,325,166,-2887,34,30,-15,-4,27,0
96003.69261,938.6034,-46,333,2451,42,57,8,17,41,0
96003.69388,938.6047,467,288,-3978,31,54,54,-29,37,0
96003.69512,938.6059,660,296,-883,15,47,41,-41,25,0
96003.7228,938.6336,176,332,-4412,-6,46,41,-71,13,0
96003.73023,938.6411,729,300,-2508,6,25,44,-67,-3,0
96003.73175,938.6426,550,82,2508,35,21,58,-44,8,0
96003.73324,938.6441,621,-66,-4486,80,-32,36,-78,27,0
96003.73451,938.6453,400,-80,645,58,-31,12,-84,27,0
96003.73582,938.6466,-192,-128,-3313,58,-10,22,-116,58,0
96003.80286,938.7137,65,-62,-2989,60,-27,11,-140,86,0
96003.80423,938.7151,-28,119,832,72,2,-10,-147,59,0
96003.80551,938.7163,53,231,-3615,73,-55,-29,-128,35,0
96003.80692,938.7177,326,297,4478,97,-23,-38,-127,71,0
96003.80815,938.719,-46,142,2204,76,-20,-38,-95,145,0
96003.80944,938.7203,-160,-11,-1862,74,-50,-107,-111,146,0
96003.81084,938.7217,-398,-9,1460,82,-62,-154,-138,117,0
96003.8121,938.7229,-389,-31,-3942,89,-60,-166,-135,81,0
96003.81338,938.7242,-295,-129,930,107,-54,-180,-137,86,0
96003.84291,938.7537,-601,72,-2126,141,-47,-167,-110,90,0
96003.84444,938.7553,28,274,-3614,141,-54,-169,-101,82,0
96003.84571,938.7565,-615,409,1768,185,-45,-153,-70,127,0
96003.91981,938.8306,-14,348,-3183,207,-88,-131,-60,135,0
96003.92121,938.832,249,318,3080,187,-91,-95,-21,142,0
96003.92249,938.8333,-117,168,828,175,-75,-67,10,124,0
96003.93635,938.8472,278,78,997,188,-100,-37,-23,76,0
96003.93781,938.8486,-384,155,2672,192,-38,-46,5,56,0
96003.93936,938.8502,-467,174,-5853,171,-26,-46,-26,63,0
96003.94083,938.8517,-227,205,511,169,-10,-65,-13,65,0
96003.94221,938.853,-452,131,-1672,137,13,-50,12,51,0
96003.94346,938.8543,-161,77,-2786,144,34,-89,-11,55,0
96003.94507,938.8559,-350,183,2225,172,51,-44,21,19,0
96003.94656,938.8574,-282,344,-4207,147,62,-16,-6,24,0
96003.94782,938.8586,-394,418,1335,148,49,-11,51,48,0
96003.9493,938.8601,-806,325,-2770,170,31,-27,64,51,0
96003.95056,938.8614,-87,152,-1926,192,30,-24,48,43,0
96003.95185,938.8627,-556,31,494,197,63,-23,59,40,0
96004.01154,938.9224,-640,-66,-6806,164,55,12,32,44,0
96004.01292,938.9237,-527,242,-1856,154,87,25,32,17,0
96004.0142,938.925,-616,308,-4914,156,76,27,-16,2,0
96004.02172,938.9325,-94,290,-5183,166,7,-6,-55,-19,0
96004.02339,938.9342,-309,164,611,170,-22,12,-87,-45,0
96004.02494,938.9358,-117,33,-5787,204,-37,36,-106,-42,0
96004.0264,938.9372,-124,-31,-1149,193,-46,34,-124,-47,0
96004.02777,938.9386,-452,-84,-4117,187,-43,38,-121,-104,0
96004.02904,938.9399,-1,-154,-4660,186,-72,17,-110,-121,0
96004.04892,938.9597,-131,-299,1495,185,-84,3,-32,-115,0
96004.05035,938.9612,-235,-323,-3338,169,-109,-2,-23,-88,0
96004.0519,938.9627,-65,-206,1452,136,-90,-23,-13,-96,0
96004.11793,939.0288,-311,-33,446,133,-99,-33,-7,-87,0
96004.11959,939.0304,79,17,-707,136,-95,-41,-1,-107,0
96004.12099,939.0318,118,25,1038,143,-75,-27,8,-86,0
96004.1227,939.0335,415,-13,-3670,143,-77,-44,-78,-107,0
96004.12397,939.0348,468,-20,809,144,-41,-33,-85,-56,0
96004.12559,939.0364,-10,-105,-2107,168,-33,-44,-81,-81,0
96004.12755,939.0384,304,-202,-2599,156,-69,-45,-81,-121,0
96004.12911,939.0399,232,-213,1615,167,-19,-70,-91,-107,0
96004.13054,939.0414,192,-317,-4483,181,-80,-103,-114,-98,0
96004.22047,939.1313,357,-286,-80,175,-83,-58,-97,-119,0
96004.222,939.1328,39,-290,-2330,159,-87,-25,-115,-135,0
96004.22338,939.1342,335,-331,-3031,156,-98,-30,-89,-130,0
96004.22488,939.1357,106,-304,2586,168,-59,-48,-76,-124,0
96004.22663,939.1375,122,-382,-4329,161,-62,-67,-87,-120,0
96004.22802,939.1388,332,-402,-762,168,-88,-49,-84,-137,0
96004.22975,939.1406,-25,-351,-1199,145,-122,-37,-66,-145,0
96004.23117,939.142,183,-250,-1622,149,-159,-36,-42,-138,0
96004.23267,939.1435,-184,-202,1692,127,-139,-28,-16,-136,0
96004.23424,939.1451,-379,-119,-2194,130,-139,-12,7,-99,0
96004.2357,939.1465,-108,-80,4051,126,-120,-27,4,-59,0
96004.24057,939.1514,-262,23,-489,147,-75,-27,-6,-54,0
96004.2422,939.153,69,-4,-759,120,-97,-52,-18,-32,0
96004.24351,939.1543,-323,133,3216,110,-124,-60,-10,-48,0
96004.24504,939.1559,-244,19,-3006,131,-165,-53,-21,-19,0
96004.31219,939.223,-105,25,2550,141,-193,-66,-30,18,0
96004.3201,939.2309,-450,72,1029,135,-179,-76,-40,63,0
96004.32202,939.2328,142,177,922,118,-203,-89,-46,52,0
96004.32348,939.2343,32,274,4698,118,-166,-112,-37,57,0
96004.3248,939.2356,76,256,-641,116,-185,-123,-39,59,0
96004.32609,939.2369,150,82,5467,88,-229,-142,-20,77,0
96004.32757,939.2384,-65,58,3362,60,-241,-125,-16,85,0
96004.32885,939.2397,328,175,1548,33,-248,-114,-5,76,0
96004.33029,939.2411,176,160,4216,-5,-180,-150,-8,105,0
96004.35224,939.2631,229,25,-3109,-33,-173,-144,-16,104,0
96004.35368,939.2645,424,20,1586,-3,-132,-146,12,97,0
96004.35525,939.2661,129,207,-2197,14,-112,-138,58,78,0
96004.35661,939.2674,400,95,-843,57,-136,-130,94,55,0
96004.35789,939.2687,313,83,5225,50,-110,-117,82,86,0
96004.35909,939.2699,322,59,-1434,55,-93,-120,80,72,0
96004.41101,939.3218,574,118,4696,57,-61,-129,114,67,0
96004.41248,939.3233,321,132,2497,55,-46,-99,134,79,0
96004.41545,939.3263,620,-48,-284,56,-54,-59,126,81,0
96004.41691,939.3277,349,68,5364,57,-50,-28,159,90,0
96004.41838,939.3292,463,189,-498,51,-46,-50,143,57,0
96004.41981,939.3306,466,241,4840,63,-21,-52,132,70,0
96004.44771,939.3585,120,319,4270,53,29,-53,111,79,0
96004.4491,939.3599,561,240,2637,88,4,-60,117,111,0
96004.45035,939.3612,355,284,4595,88,23,-72,98,92,0
96004.45164,939.3625,327,253,-2259,62,2,-71,94,62,0
96004.45311,939.3639,372,261,3217,73,-9,-66,62,56,0
96004.45439,939.3652,350,154,2078,95,16,-76,81,65,0
96004.50803,939.4189,671,103,1603,113,8,-75,83,81,0
96004.50946,939.4203,157,74,6282,94,46,-2,107,100,0
96004.51069,939.4215,111,156,-621,96,13,13,85,130,0
96004.52436,939.4352,340,129,5652,115,14,-31,65,151,0
96004.52574,939.4366,264,116,3682,122,48,6,52,156,0
96004.52697,939.4378,616,94,2630,148,44,-9,40,175,0
96004.52842,939.4392,515,183,6346,123,29,-6,41,179,0
96004.52967,939.4405,627,235,1414,110,37,-12,25,199,0
96004.53085,939.4417,806,240,3380,128,34,-3,15,197,0
96004.55923,939.4701,604,103,2598,127,2,-1,27,195,0
96004.56635,939.4772,1006,161,2597,126,-46,-32,53,195,0
96004.5679,939.4787,807,213,5677,99,-6,-10,62,267,0
96004.58975,939.5006,886,167,1123,100,-12,13,55,302,0
96004.5912,939.502,954,231,6842,95,16,27,59,349,0
96004.59249,939.5033,564,295,2499,82,36,52,47,355,0
96004.66474,939.5756,893,114,595,62,4,29,46,349,0
96004.66613,939.577,612,135,4143,52,28,40,53,355,0
96004.66763,939.5785,509,136,-3755,47,38,34,32,287,0
96004.68737,939.5982,776,316,-121,56,96,58,53,276,0
96004.68873,939.5996,626,202,-1829,60,70,49,82,247,0
96004.6902,939.601,1049,42,-4243,63,28,5,80,248,0
96004.74424,939.6551,759,138,667,48,39,-5,74,237,0
96004.74686,939.6577,915,333,-4978,84,25,-41,82,208,0
96004.7482,939.659,958,334,-807,97,12,-33,84,204,0
96004.74958,939.6604,667,230,-867,61,-3,-50,87,175,0
96004.75084,939.6617,986,174,-1165,72,-7,-69,104,150,0
96004.75211,939.6629,763,133,3748,114,19,-61,124,105,0
96004.75355,939.6644,849,-6,-71,154,-8,-10,123,93,0
96004.75482,939.6656,1036,-40,4509,133,17,-18,123,107,0
96004.75614,939.667,769,23,717,137,54,-13,102,83,0
96004.75751,939.6683,1006,-52,443,145,71,-25,115,36,0
96004.75878,939.6696,719,4,5008,149,112,-41,131,34,0
96004.76018,939.671,761,-79,-1743,127,91,-57,146,36,0
96004.76508,939.6759,715,-131,4176,139,128,-63,175,65,0
96004.76645,939.6773,300,-155,1283,126,177,-102,161,61,0
96004.76782,939.6786,746,-226,-2088,123,177,-110,152,31,0
96004.78963,939.7005,280,-372,3302,135,202,-108,162,12,0
96004.79098,939.7018,277,-361,-1983,116,192,-90,135,5,0
96004.79224,939.7031,533,-273,1941,91,170,-81,129,6,0
96004.81401,939.7248,185,-259,-1997,62,161,-59,120,-17,0
96004.81538,939.7262,481,-277,-2441,37,142,-72,96,-62,0
96004.81686,939.7277,154,-350,1806,32,98,-46,141,-56,0
96004.83659,939.7474,229,-256,-3194,45,66,-38,146,-56,0
96004.83792,939.7487,415,-215,1695,69,92,-27,148,-10,0
96004.83921,939.75,140,-222,-3309,47,104,5,164,6,0
96004.86461,939.7754,506,-318,-4793,29,97,-49,153,24,0
96004.87196,939.7828,402,-259,3105,58,102,-39,160,13,0
96004.87341,939.7842,313,-181,-2711,20,88,-52,170,24,0
96004.87495,939.7858,291,-335,896,-9,112,-56,199,79,0
96004.87623,939.7871,139,-217,441,-17,99,-55,210,97,0
96004.87771,939.7885,536,-298,-686,-24,80,-101,183,98,0
96004.90559,939.8164,316,-98,1747,-15,99,-124,188,62,0
96004.90711,939.8179,385,-131,-3865,-23,69,-136,180,70,0
96004.90839,939.8192,487,-272,1489,-39,68,-177,181,70,0
96004.91006,939.8209,67,-270,-418,-52,91,-203,191,57,0
96004.91138,939.8222,469,-352,-3528,-61,49,-230,160,17,0
96004.91273,939.8236,36,-398,52,-91,64,-228,169,8,0
96004.94076,939.8516,-197,-416,-6301,-102,10,-206,145,34,0
96004.94213,939.853,-163,-457,-207,-74,-8,-213,178,37,0
96004.94338,939.8542,-333,-501,-4586,-43,-29,-191,180,36,0
96004.97513,939.886,31,-385,-5023,-34,-94,-166,171,43,0
96004.97659,939.8874,-162,-280,-1106,-13,-60,-144,184,57,0
96004.97794,939.8888,-71,-303,-5211,-12,-17,-129,166,31,0
96005.00405,939.9149,46,-329,2038,-44,-8,-138,156,28,0
96005.00542,939.9162,-335,-380,935,-32,8,-82,129,19,0
96005.00675,939.9176,39,-369,-1007,-17,-3,-103,93,4,0
96005.00839,939.9192,134,-129,2934,-4,38,-94,89,-5,0
96005.00966,939.9205,327,24,-4041,22,5,-84,105,-18,0
96005.01091,939.9217,377,-47,124,81,-18,-70,110,-25,0
96005.03691,939.9477,-7,-98,-1078,84,-44,-89,134,-14,0
96005.03834,939.9492,434,-384,-345,91,-96,-85,90,39,0
96005.03966,939.9505,120,-305,2058,101,-91,-92,62,74,0
96005.06954,939.9804,222,-226,-4951,135,-88,-87,4,57,0
96005.07091,939.9817,413,-253,845,124,-41,-45,-16,21,0
96005.07216,939.983,206,-237,-2330,120,-50,-36,-48,-10,0
95720.15024,655.0611,506,104,-1672,-131,33,-104,52,405,0
95720.15168,655.0625,97,-12,-604,-101,66,-38,80,401,0
95720.15295,655.0638,330,-212,-3422,-110,70,-23,56,397,0
95720.15454,655.0654,162,-235,3074,-111,129,-7,72,385,0
95720.15595,655.0668,-46,-292,-785,-90,117,-18,28,365,0
95720.15729,655.0681,382,-281,-413,-78,103,-43,65,355,0
95720.15878,655.0696,-109,-206,432,-102,77,13,100,341,0
95720.16009,655.0709,4,-192,-4721,-80,58,1,89,295,0
95720.16135,655.0722,133,-20,-351,-87,104,17,107,260,0
95720.18981,655.1006,124,58,-2145,-85,106,13,102,252,0
95720.19129,655.1021,238,132,615,-49,49,26,72,264,0
95720.19263,655.1035,-515,24,-1231,-81,65,10,68,253,0
95720.25154,655.1624,-291,-149,-5572,-94,54,-27,61,229,0
95720.25299,655.1638,-281,-192,-927,-91,82,-14,42,172,0
95720.25433,655.1652,-401,-272,-4766,-66,59,5,34,183,0
95720.25566,655.1665,75,-243,-1799,-42,41,20,51,190,0
95720.25693,655.1678,-38,-77,-383,-53,79,35,82,188,0
95720.25826,655.1691,257,-125,-4066,-52,59,15,83,210,0
95720.25989,655.1707,33,-76,1652,-26,90,22,98,228,0
95720.26135,655.1722,-193,-177,-4076,-35,81,40,77,205,0
95720.26621,655.177,231,-117,-2785,-58,49,64,90,168,0
95720.26789,655.1787,97,122,-939,-74,71,46,90,151,0
95720.26927,655.1801,298,146,-4489,-48,31,41,62,109,0
95720.2705,655.1813,39,195,461,-30,21,17,104,95,0
95720.31649,655.2273,-141,78,-2182,-56,-4,33,94,94,0
95720.31788,655.2287,232,78,1095,-57,-29,47,89,114,0
95720.31912,655.2299,-343,109,1260,-79,2,56,124,138,0
95720.35311,655.2639,-208,-33,-1983,-114,-20,60,158,149,0
95720.35441,655.2652,132,29,1380,-103,-15,65,160,148,0
95720.35568,655.2665,-346,-83,-3576,-72,-12,90,123,139,0
95720.35887,655.2697,20,-127,-2508,-82,-44,106,90,98,0
95720.36507,655.2759,-214,-192,-1089,-70,-3,102,81,79,0
95720.36665,655.2775,86,-276,-4074,-69,23,94,90,44,0
95720.36812,655.2789,-74,-121,828,-72,48,113,88,21,0
95720.36945,655.2803,-192,-73,-2150,-76,81,117,85,-1,0
95720.37078,655.2816,122,-73,-1698,-86,68,73,87,18,0
95720.38862,655.2994,-274,-95,455,-65,87,68,113,33,0
95720.38994,655.3008,-72,-82,-4547,-32,65,55,138,16,0
95720.39169,655.3025,-133,23,98,-37,76,56,124,37,0
95720.46419,655.375,-336,-41,-3130,-75,94,59,141,10,0
95720.46566,655.3765,-80,62,-331,-57,55,83,149,27,0
95720.46904,655.3799,-249,37,1030,-48,72,112,146,31,0
95720.50903,655.4199,163,2,-3387,-28,50,94,102,21,0
95720.51037,655.4212,201,205,2224,-15,29,62,78,12,0
95720.51157,655.4224,57,94,-1157,-55,22,68,66,-7,0
95720.51303,655.4239,221,124,37,-67,35,43,33,-3,0
95720.51425,655.4251,-102,67,2400,-70,80,35,56,-59,0
95720.51563,655.4265,180,208,-2453,-63,-4,38,50,-86,0
95720.51704,655.4279,359,411,2718,-36,9,28,34,-57,0
95720.51833,655.4292,93,230,-701,-49,9,37,9,-47,0
95720.51962,655.4304,294,116,206,-24,-20,26,20,-83,0
95720.52103,655.4319,-120,135,3171,-14,-26,16,76,-90,0
95720.52231,655.4331,-29,185,-1394,6,-57,14,53,-40,0
95720.5236,655.4344,117,366,1784,18,-36,2,33,5,0
95720.55375,655.4646,-178,234,-1003,15,-45,3,14,7,0
95720.55518,655.466,240,146,1216,11,-26,-41,38,28,0
95720.55667,655.4675,29,187,1781,-3,22,-48,71,6,0
95720.58453,655.4954,121,36,-1913,-22,-25,-53,66,-36,0
95720.58582,655.4966,169,155,2585,-42,-43,-49,39,-47,0
95720.58715,655.498,121,159,-3294,-46,-27,-91,5,-55,0
95720.60493,655.5158,429,140,-2598,-68,-24,-97,-24,-55,0
95720.60621,655.517,177,172,-1050,-86,5,-77,-29,-67,0
95720.60754,655.5184,261,15,-4534,-81,-20,-106,-30,-43,0
95720.60922,655.52,156,91,2135,-96,13,-114,-14,-34,0
95720.61049,655.5213,-63,98,-2139,-91,34,-127,-19,-61,0
95720.61181,655.5226,122,94,-1638,-86,7,-118,-46,-87,0
95720.64865,655.5595,33,159,98,-99,29,-89,-54,-117,0
95720.65635,655.5672,27,141,-3634,-79,-33,-72,-45,-108,0
95720.65776,655.5686,170,150,1907,-73,-26,-55,-60,-134,0
95720.67752,655.5883,-107,19,-1019,-63,-9,-34,-65,-106,0
95720.67909,655.5899,254,-120,481,-16,-46,-23,-74,-85,0
95720.68047,655.5913,-241,-99,1433,11,-49,-45,-70,-77,0
95720.71086,655.6217,-233,-145,-2776,39,-64,-77,-83,-85,0
95720.71235,655.6232,-59,-3,2605,35,-30,-71,-61,-94,0
95720.71359,655.6244,-120,-48,-1481,53,-40,-32,-42,-96,0
95720.71511,655.6259,138,-89,1142,62,-11,-42,-58,-101,0
95720.71659,655.6274,-451,-67,2691,75,32,-34,-85,-91,0
95720.71785,655.6287,-176,-94,-4268,53,34,-45,-118,-82,0
95720.74563,655.6565,-267,-45,1347,52,8,-38,-108,-112,0
95720.74731,655.6581,-606,-166,-447,57,-8,-41,-108,-93,0
95720.74865,655.6595,-378,-140,-82,40,-42,-48,-139,-67,0
95720.75007,655.6609,-759,-24,2098,59,-41,-50,-145,-80,0
95720.7513,655.6621,-280,-56,-412,62,-45,-44,-159,-38,0
95720.75257,655.6634,345,83,4537,87,-56,-10,-114,-38,0
95720.81282,655.7236,284,120,-307,61,-66,-42,-105,-52,0
95720.81414,655.725,622,177,-314,29,-74,-54,-140,-80,0
95720.81547,655.7263,127,211,892,18,-68,-56,-166,-79,0
95720.81693,655.7278,291,190,-2460,-9,-108,-94,-194,-114,0
95720.81819,655.729,364,291,1779,23,-49,-87,-165,-114,0
95720.81952,655.7303,150,173,-1663,28,-15,-92,-135,-112,0
95720.82094,655.7318,484,87,343,35,-35,-63,-129,-101,0
95720.82227,655.7331,277,70,3679,47,-46,-43,-110,-89,0
95720.82374,655.7346,213,-112,-1887,56,-105,-68,-128,-73,0
95720.85211,655.7629,213,-149,2368,50,-117,-66,-148,-63,0
95720.85497,655.7658,-86,-27,-56,13,-103,-88,-142,-80,0
95720.85743,655.7683,302,24,938,14,-99,-98,-119,-81,0
95720.91738,655.8282,230,178,4418,33,-33,-107,-129,-55,0
95720.91894,655.8298,580,21,884,31,-22,-126,-134,-26,0
95720.9207,655.8315,673,40,4983,32,4,-137,-96,-6,0
95720.92235,655.8332,455,29,1982,28,24,-160,-53,3,0
95720.92389,655.8347,537,176,2588,54,9,-177,-33,29,0
95720.92524,655.8361,263,314,3788,32,32,-148,-24,62,0
95720.93126,655.8421,491,458,492,2,5,-161,-21,34,0
95720.93256,655.8434,585,653,6035,18,34,-164,-9,46,0
95720.93384,655.8447,429,669,1980,11,-15,-126,3,32,0
95720.95789,655.8687,872,649,3619,-19,-22,-97,0,33,0
95720.95936,655.8702,634,689,6719,-12,-3,-59,-10,35,0
95720.96065,655.8715,720,509,368,11,-30,-42,-14,32,0
95720.9885,655.8993,723,402,6086,7,27,-44,2,46,0
95720.99002,655.9008,441,208,2987,11,41,-87,22,79,0
95720.99133,655.9022,820,363,1930,1,38,-67,38,104,0
95721.03729,655.9481,485,645,4274,0,76,-43,64,111,0
95721.03868,655.9495,651,452,955,-12,65,-19,80,120,0
95721.03995,655.9508,894,539,4209,-7,64,-39,115,139,0
95721.05364,655.9645,613,537,698,-7,75,-39,92,171,0
95721.0552,655.966,735,534,902,10,99,-47,53,176,0
95721.0567,655.9675,178,512,2203,15,160,-44,18,212,0
95721.05815,655.969,76,376,-443,16,146,-65,17,218,0
95721.05951,655.9703,183,450,5229,12,164,-83,24,224,0
95721.06075,655.9716,94,616,971,11,180,-68,22,235,0
95721.06219,655.973,576,559,2222,24,194,-41,46,265,0
95721.06342,655.9742,224,387,3581,19,192,-19,46,266,0
95721.06487,655.9757,398,320,-2163,51,192,-27,30,281,0
95721.09288,656.0037,697,555,2489,51,182,-45,68,293,0
95721.0942,656.005,400,506,211,44,221,-3,90,295,0
95721.09542,656.0062,702,461,-243,37,246,-12,110,260,0
95721.12324,656.0341,394,466,3657,55,266,13,126,259,0
95721.12462,656.0354,452,398,-514,58,232,-6,126,279,0
95721.12584,656.0367,590,366,3325,39,224,-3,85,258,0
95721.13336,656.0442,335,317,1391,57,234,34,88,266,0
95721.13461,656.0454,649,295,1538,70,203,53,94,261,0
95721.13585,656.0467,408,468,1268,83,231,71,91,254,0
95721.16368,656.0745,144,178,-4041,94,185,69,74,215,0
95721.16494,656.0758,392,747,2037,90,164,60,80,208,0
95721.16619,656.077,65,720,-366,107,174,74,83,231,0
95721.19808,656.1089,252,799,-514,115,158,50,99,250,0
95721.19956,656.1104,-39,794,1668,99,203,27,108,233,0
95721.2009,656.1117,323,701,-3040,100,186,22,101,203,0
95721.23452,656.1453,215,532,2895,59,175,19,74,261,0
95721.23595,656.1468,-389,290,-1896,53,194,-2,63,266,0
95721.23729,656.1481,-205,87,-2043,49,197,-6,79,246,0
95721.23871,656.1495,-587,118,844,40,213,-26,44,226,0
95721.24013,656.1509,-378,-63,-3228,17,192,-46,23,212,0
95721.24152,656.1523,-247,-238,2297,51,160,-23,45,231,0
95721.26134,656.1722,-748,-363,-499,86,152,-63,28,221,0
95721.26303,656.1739,-99,-373,-301,111,104,-52,24,226,0
95721.26444,656.1753,-426,-226,463,85,76,-44,19,213,0
95721.29633,656.2072,-522,-367,-4788,75,25,-93,25,179,0
95721.29784,656.2087,-370,-230,1542,56,5,-72,6,186,0
95721.29932,656.2101,-632,-165,-1588,32,23,-66,-4,152,0
95721.34142,656.2522,-326,-180,-1747,-7,32,-42,-58,137,0
95721.34306,656.2539,-902,-78,1414,-11,52,-46,-84,103,0
95721.34461,656.2554,-795,-228,-3186,16,66,-37,-100,93,0
95721.34607,656.2569,-589,-254,2259,45,85,-26,-118,121,0
95721.34731,656.2581,-1006,-234,-1473,41,60,-7,-120,110,0
95721.34858,656.2594,-742,-191,-2632,35,45,-25,-112,59,0
95721.35013,656.261,-654,12,1323,19,61,-12,-119,10,0
95721.35162,656.2624,-609,-123,-3188,53,53,0,-115,-14,0
95721.35315,656.264,-474,-187,-437,48,62,-22,-90,-12,0
95721.38312,656.2939,-754,-189,-2617,61,79,8,-72,-5,0
95721.3844,656.2952,-344,-174,-1568,56,71,-2,-21,-2,0
95721.38562,656.2964,-511,-38,211,57,88,0,-41,26,0
95721.38698,656.2978,-445,-10,-2568,58,26,6,-31,53,0
95721.38827,656.2991,-205,166,2236,18,4,39,-12,96,0
95721.38954,656.3004,-251,297,-2571,0,9,16,-36,59,0
95721.44102,656.3518,30,200,-3027,-3,9,-11,-18,18,0
95721.44325,656.3541,-241,344,1478,-23,43,9,16,-47,0
95721.44566,656.3565,-125,367,-3657,-16,23,8,33,-73,0
95721.44796,656.3588,195,414,3014,-19,40,4,51,-73,0
95721.44984,656.3607,-266,375,-96,0,30,3,34,-60,0
95721.45107,656.3619,115,339,-1171,16,-5,22,35,-51,0
95721.47695,656.3878,-110,429,2598,24,57,1,18,-48,0
95721.47836,656.3892,128,166,-1107,-3,47,-26,-11,-49,0
95721.47963,656.3905,198,182,1069,-32,50,-20,-6,-58,0
95721.55196,656.4628,-110,186,-869,-50,14,3,5,-46,0
95721.5534,656.4642,220,297,-698,-67,19,-14,3,-53,0
95721.55461,656.4654,-34,367,3076,-55,36,6,13,-20,0
95721.55598,656.4668,132,197,-335,-37,27,0,48,-10,0
95721.55725,656.4681,380,315,4325,-9,17,-23,35,-3,0
95721.55861,656.4694,368,294,1528,-32,39,-11,29,38,0
95721.56034,656.4712,602,353,566,-18,92,14,9,35,0
95721.56186,656.4727,240,405,4661,-2,126,8,24,42,0
95721.56331,656.4741,-280,272,-765,-1,86,-15,51,55,0
95721.56483,656.4757,-277,425,2778,-6,99,-29,54,62,0
95721.56608,656.4769,-489,377,-315,-39,109,-35,29,62,0
95721.56731,656.4781,-173,374,-801,-41,122,-54,35,76,0
95721.58727,656.4981,-401,492,2973,-36,125,-38,79,61,0
95721.58856,656.4994,-395,407,-1557,-64,129,-13,82,51,0
95721.58983,656.5007,-211,508,2714,-66,111,-15,78,68,0
95721.66944,656.5803,-597,435,825,-63,123,36,62,119,0
95721.67072,656.5815,-131,467,1326,-39,95,41,29,133,0
95721.67199,656.5828,-373,525,3845,-77,127,11,33,162,0
95721.68401,656.5948,-366,338,-1002,-93,109,-4,91,150,0
95721.68529,656.5961,-297,440,3620,-109,144,13,107,141,0
95721.68661,656.5974,-411,550,573,-109,175,22,93,193,0
95721.688,656.5988,74,452,-1144,-114,158,5,99,200,0
95721.68928,656.6001,-250,528,3609,-84,143,1,81,208,0
95721.69053,656.6014,-283,464,-2096,-103,113,39,66,206,0
95721.69209,656.6029,-41,525,1643,-92,121,59,77,217,0
95721.6934,656.6042,-324,339,-1769,-99,128,65,96,214,0
95721.69482,656.6056,28,260,-3545,-118,78,75,100,175,0
95721.72669,656.6375,-145,386,668,-123,64,62,150,170,0
95721.72805,656.6389,-44,236,-3827,-118,28,17,122,199,0
95721.7293,656.6401,9,241,347,-125,2,10,97,200,0
95721.78733,656.6982,-286,263,-2270,-102,2,-14,77,202,0
95721.78862,656.6994,146,105,-3380,-99,-24,-34,53,196,0
95721.78985,656.7007,-238,239,424,-89,29,-46,37,209,0
95721.79135,656.7022,-279,265,-2896,-73,29,-76,33,168,0
95721.79272,656.7035,-7,451,1313,-50,59,-86,36,164,0
95721.79399,656.7048,-422,419,-1781,-81,60,-101,78,162,0
95721.79977,656.7106,-81,313,-1416,-98,33,-126,57,172,0
95721.80141,656.7122,-245,232,1977,-64,58,-115,68,178,0
95721.80269,656.7135,-240,83,-3712,-97,33,-142,86,184,0
95721.80413,656.715,-148,34,93,-143,54,-118,102,152,0
95721.80536,656.7162,-696,51,-3271,-145,62,-105,56,141,0
95721.80662,656.7174,-439,96,-3703,-148,47,-112,52,148,0
95721.83449,656.7453,-325,398,1389,-153,35,-116,107,177,0
95721.83584,656.7467,-137,234,-2325,-152,24,-108,144,198,0
95721.83714,656.748,-48,353,-138,-131,49,-87,152,194,0
95721.85894,656.7698,-371,337,-1122,-99,74,-72,152,137,0
95721.8604,656.7712,235,260,-2969,-95,93,-73,157,121,0
95721.86166,656.7725,-6,389,232,-99,114,-37,195,105,0
95721.8937,656.8045,372,269,-2944,-55,88,-70,166,95,0
95721.89508,656.8059,567,149,1731,-63,101,-63,139,75,0
95721.89634,656.8072,405,186,-1178,-118,147,-76,133,40,0
95721.89796,656.8088,876,200,-928,-117,109,-103,106,81,0
95721.8992,656.81,937,170,3788,-117,136,-75,114,122,0
95721.9006,656.8114,813,190,-2466,-106,120,-81,113,137,0
95721.95387,656.8647,984,193,1080,-119,116,-62,175,131,0
95721.95541,656.8662,598,198,-1670,-113,158,-47,195,134,0
95721.95671,656.8675,944,92,-3649,-100,137,-56,179,160,0
95721.96844,656.8793,654,199,315,-120,131,-56,167,162,0
95721.96987,656.8807,455,219,-5188,-133,129,-33,106,133,0
95721.97223,656.8831,759,270,-966,-107,95,-34,110,102,0
95721.97366,656.8845,557,308,-2688,-156,86,-44,105,106,0
95721.97499,656.8858,1125,313,-3586,-151,36,-49,106,98,0
95721.97628,656.8871,883,324,-244,-155,44,-15,136,51,0
95722.00324,656.9141,756,166,-4857,-185,0,-54,140,-5,0
95722.0054,656.9162,592,192,-884,-187,45,-30,158,-2,0
95722.00748,656.9183,316,121,-1432,-156,80,-3,177,-1,0
95722.03541,656.9462,767,88,-2510,-111,87,-1,182,-20,0
95722.03696,656.9478,696,135,1980,-85,138,28,148,-9,0
95722.03832,656.9491,707,12,-2331,-76,123,16,101,-21,0
95722.07852,656.9893,642,29,826,-81,141,49,52,-15,0
95722.0845,656.9953,484,12,-1616,-103,158,73,35,-34,0
95722.08578,656.9966,849,65,-2795,-96,109,75,23,-38,0
95722.08729,656.9981,397,287,1416,-64,152,49,40,-44,0
95722.08965,657.0005,379,187,-4467,-63,165,44,26,-105,0
95722.09118,657.002,617,199,-11,-77,170,43,-10,-131,0
95722.11504,657.0259,289,65,-489,-77,174,38,-16,-130,0
95722.11727,657.0281,771,-6,-1554,-54,163,25,-14,-146,0
95722.11861,657.0294,452,150,1727,-48,173,-8,-3,-158,0
95722.12016,657.031,590,83,-2195,-28,145,-18,-32,-159,0
95722.12147,657.0323,460,180,2615,3,157,-1,-17,-144,0
95722.12274,657.0336,49,82,-97,-27,179,13,-44,-150,0
95722.18322,657.094,378,-81,-2919,5,125,28,-35,-179,0
95722.18488,657.0957,317,-103,570,42,152,45,-41,-177,0
95722.18623,657.0971,174,-147,-5009,43,174,25,-66,-223,0
95722.18768,657.0985,599,-26,-1081,51,171,19,-48,-208,0
95722.18911,657.0999,132,-107,-349,27,168,14,-24,-230,0
95722.19047,657.1013,422,-101,-3034,31,148,7,32,-229,0
95722.19195,657.1028,32,20,1865,48,178,3,41,-201,0
95722.19325,657.1041,-238,10,-1386,37,140,-5,21,-192,0
95722.19463,657.1055,-45,191,1795,35,139,-32,53,-196,0
95722.22584,657.1367,-402,251,-103,12,176,-34,32,-202,0
95722.2284,657.1392,-9,333,-1151,30,139,-41,12,-180,0
95722.22972,657.1405,-131,438,2473,54,179,-15,8,-163,0
95722.25549,657.1663,-83,228,-2619,64,196,-38,-58,-154,0
95722.25688,657.1677,283,145,1769,59,152,-43,-70,-132,0
95722.25818,657.169,-12,65,905,27,150,-48,-20,-86,0
95722.28821,657.199,413,86,112,63,125,-36,-26,-111,0
95722.28956,657.2004,547,207,4444,114,128,-17,-15,-77,0
95722.29084,657.2017,656,179,-1052,112,125,-54,-24,-65,0
95722.33548,657.2463,667,253,3725,88,112,-21,-43,-41,0
95722.33691,657.2477,270,271,1847,108,146,-14,-39,2,0
95722.33839,657.2492,372,59,-1772,157,164,-30,-34,7,0
95722.37875,657.2896,113,89,2284,135,187,-14,-36,44,0
95722.3801,657.2909,219,-45,-2411,114,141,-42,-15,42,0
95722.38137,657.2922,619,16,-8,140,128,-67,-9,0,0
95722.38287,657.2937,256,-39,-1532,154,144,-75,-14,-12,0
95722.38857,657.2994,711,-211,-3023,158,109,-67,6,-7,0
95722.38985,657.3007,657,-14,-1246,134,75,-65,16,-14,0
95722.39131,657.3021,577,-222,-6273,116,22,-34,2,-52,0
95722.3927,657.3035,696,-268,-2208,95,5,-38,31,-55,0
95722.394,657.3048,417,-208,-2086,66,10,-27,39,-60,0
95722.39549,657.3063,741,-358,-3266,41,-13,-55,0,-50,0
95722.39683,657.3077,577,-275,908,8,10,-7,-33,-39,0
95722.39821,657.309,696,-319,-3472,14,23,20,-56,-22,0
95722.45811,657.3689,960,-214,1602,36,12,12,-66,9,0
95722.45956,657.3704,623,-76,390,74,59,19,-90,30,0
95722.46095,657.3718,815,-111,-2191,84,65,-22,-103,47,0
95722.46243,657.3733,598,-124,3272,44,72,-13,-122,60,0
95722.4637,657.3745,674,-259,-1994,14,42,-48,-118,18,0
95722.46515,657.376,748,-304,1984,-17,44,-78,-158,-9,0
95722.46658,657.3774,148,-256,-264,-23,52,-63,-158,-24,0
95722.46796,657.3788,624,-211,-3207,-3,6,-63,-156,-57,0
95722.4692,657.38,386,-137,1180,17,-14,-34,-123,-31,0
95722.47303,657.3839,108,-172,-2654,51,-31,-65,-109,-60,0
95722.47437,657.3852,364,-93,1926,44,4,-95,-90,-36,0
95722.47567,657.3865,-296,107,-1083,-4,50,-73,-114,-92,0
95722.52241,657.4332,-69,-44,-3528,0,28,-79,-93,-115,0
95722.52384,657.4347,-291,31,641,27,65,-52,-88,-110,0
95722.52516,657.436,-302,36,-3540,52,17,-5,-105,-48,0
95722.55699,657.4678,220,121,-967,72,-12,7,-83,-35,0
95722.5583,657.4691,-716,-110,-397,61,14,27,-59,-45,0
95722.55969,657.4705,-505,-286,-3154,62,-5,17,-43,-44,0
95722.56112,657.4719,-288,-210,262,37,-3,8,-54,-40,0
95722.56258,657.4734,-628,-267,-3567,61,-34,-15,-60,-62,0
95722.56406,657.4749,-418,-183,-748,76,-69,-2,-49,-65,0
95722.56558,657.4764,-660,-41,-2155,65,-88,-6,-67,-59,0
95722.56687,657.4777,-225,-178,-3273,51,-77,-6,-78,-61,0
95722.56817,657.479,-139,-49,1918,81,-40,-21,-50,-42,0
95722.59397,657.5048,-373,-156,-2545,134,-40,-40,-32,-53,0
95722.5953,657.5061,-30,-96,936,140,-31,-37,-16,-51,0
95722.59655,657.5074,-183,-2,-1661,135,-19,-64,-31,-68,0
95722.65494,657.5658,22,-112,-4121,150,-34,-37,7,-73,0
95722.65642,657.5672,-118,-4,1338,158,-53,-13,62,-76,0
95722.65767,657.5685,-193,-200,-3632,153,-68,-26,57,-128,0
95722.66341,657.5742,60,-250,252,187,-62,-11,49,-138,0
95722.66469,657.5755,-383,-505,123,170,-61,26,36,-119,0
95722.66605,657.5769,-255,-753,-4319,155,-105,14,9,-127,0
95722.66743,657.5783,-387,-702,302,155,-34,9,-31,-109,0
95722.66881,657.5796,-604,-776,-3182,135,-45,-41,-39,-146,0
95722.67009,657.5809,-343,-575,-302,138,-50,-26,-47,-145,0
95722.69795,657.6088,-587,-335,-153,165,-82,-1,-69,-140,0
95722.69938,657.6102,-285,-312,-1350,164,-106,-36,-106,-133,0
95722.70086,657.6117,-227,-197,1765,175,-75,-34,-77,-87,0
95722.7328,657.6436,-121,-140,-2585,153,-66,-55,-68,-47,0
95722.73429,657.6451,78,-189,1356,135,-68,-33,-45,-59,0
95722.73594,657.6468,-244,-122,-1238,118,-62,-10,-51,-80,0
95722.76602,657.6768,35,-111,-3851,134,-37,-14,-60,-79,0
95722.76754,657.6784,-204,25,1986,146,-30,-17,-56,-54,0
95722.76915,657.68,-261,-6,-2858,115,-71,-26,-90,-66,0
95722.77076,657.6816,174,-87,815,102,-92,-10,-86,-79,0
95722.77221,657.683,-517,12,660,90,-86,30,-67,-66,0
95722.77366,657.6845,12,-58,-1953,95,-68,47,-78,-82,0
95722.80168,657.7125,-113,2,3325,81,-20,52,-57,-60,0
95722.8032,657.714,-364,-75,-1625,47,-14,58,-60,-84,0
95722.80459,657.7154,-80,-54,1489,29,-26,66,-60,-89,0
95722.80615,657.717,-456,-34,110,-31,-65,83,-46,-117,0
95722.80757,657.7184,-116,-142,-3162,-40,-115,92,-44,-156,0
95722.80902,657.7198,-331,62,735,-18,-41,78,-68,-150,0
95722.88505,657.7959,-616,-82,-2560,0,-38,106,-70,-134,0
95722.88652,657.7973,-390,40,1157,-2,-43,84,-78,-144,0
95722.88786,657.7987,-619,78,1362,10,-54,81,-75,-128,0
95722.88934,657.8002,-426,152,-1099,23,-85,63,-76,-115,0
95722.89061,657.8014,-976,244,4245,17,-90,61,-58,-121,0
95722.89201,657.8028,-643,122,-1382,23,-128,45,-21,-92,0
95722.89359,657.8044,-175,97,923,21,-120,2,-9,-104,0
95722.89924,657.8101,-312,-6,2140,53,-87,-9,30,-92,0
95722.90575,657.8166,-22,-118,-528,54,-142,1,44,-100,0
95722.92366,657.8345,-346,-61,3927,85,-101,-8,28,-61,0
95722.925,657.8358,-445,-200,-2562,98,-77,0,19,-68,0
95722.92658,657.8374,-112,-213,-1073,112,-90,0,43,-65,0
95722.94846,657.8593,-675,-234,707,98,-95,-10,47,-45,0
95722.94997,657.8608,-355,-421,-1997,67,-115,-7,38,-5,0
95722.95129,657.8621,-518,-420,1043,54,-76,-14,71,30,0
95723.01542,657.9262,-649,-471,-3192,30,-57,-29,77,64,0
95723.01676,657.9276,-25,-322,495,57,-45,-7,78,71,0
95723.01842,657.9292,-242,-77,1099,49,-62,-20,53,61,0
95723.02017,657.931,-121,-48,-1753,32,-81,-19,51,63,0
95723.02159,657.9324,-105,122,1986,14,-34,-15,43,74,0
95723.02295,657.9338,-260,-65,-3338,19,-15,-1,31,83,0
95723.02451,657.9353,73,18,-1251,39,-12,-20,49,93,0
95723.02633,657.9372,-122,34,-2,45,0,-44,49,120,0
95723.02759,657.9384,155,-46,-3176,56,12,-63,40,131,0
95723.05556,657.9664,-8,69,563,83,15,-74,25,162,0
95723.05692,657.9677,-158,50,-4148,93,6,-58,6,137,0
95723.05826,657.9691,151,265,-1390,104,-8,-69,-4,149,0
95723.12016,658.031,-184,225,-28,104,-27,-86,28,167,0
95723.12167,658.0325,-63,38,-3781,81,-70,-104,21,177,0
95723.12316,658.034,42,22,1192,87,-66,-105,24,216,0
95723.12478,658.0356,-383,-90,-1843,85,-67,-143,30,237,0
95723.1261,658.0369,-103,-55,1325,75,-67,-160,47,243,0
95723.12755,658.0384,-337,-14,1652,66,-68,-172,62,271,0
95723.12906,658.0399,-139,-114,-2615,58,-119,-169,59,270,0
95723.13042,658.0412,-224,-31,1767,24,-107,-132,26,281,0
95723.13189,658.0427,-282,-67,-2677,0,-108,-116,33,283,0
95723.13323,658.044,141,-68,911,22,-110,-99,54,262,0
95723.13472,658.0455,-63,-167,1633,45,-105,-76,89,275,0
95723.13602,658.0468,255,-221,-1584,57,-134,-65,74,288,0
95723.2041,658.1149,96,-136,2916,103,-77,-37,66,315,0
95723.20631,658.1171,-188,-226,-3673,77,-96,-6,54,314,0
95723.20765,658.1185,158,-225,-1979,84,-92,-18,59,332,0
95723.20902,658.1198,-177,-145,-2145,31,-88,-38,44,319,0
95723.21467,658.1255,34,-228,-3785,29,-108,-78,13,279,0
95723.21607,658.1269,99,-83,832,80,-101,-62,4,250,0
95723.21757,658.1284,-155,-57,-3245,72,-99,-64,-2,222,0
95723.21897,658.1298,260,164,-390,111,-102,-69,4,210,0
95723.22022,658.131,-179,166,-347,108,-43,-51,28,191,0
95723.22165,658.1325,236,66,-2123,96,-32,-47,21,179,0
95723.22295,658.1338,112,131,3039,61,-20,-13,-3,195,0
95723.22422,658.135,-113,119,-2212,74,-36,-42,1,214,0
95723.30431,658.2151,336,77,-1084,75,-28,-34,56,192,0
95723.30575,658.2166,-139,23,-1100,98,-19,-9,89,163,0
95723.30708,658.2179,101,31,-4943,86,-30,-11,74,134,0
95723.3086,658.2194,278,210,2207,92,-46,11,83,130,0
95723.3099,658.2207,106,303,-1868,115,-54,41,99,141,0
95723.31132,658.2221,452,309,807,122,-90,47,113,167,0
95723.31274,658.2236,263,263,975,124,-76,14,112,134,0
95723.31423,658.2251,676,137,-1937,128,-85,2,110,128,0
95723.31579,658.2266,576,239,1151,128,-60,18,91,102,0
95723.3172,658.228,300,87,-2774,110,-89,21,79,66,0
95723.31845,658.2293,410,82,34,137,-98,1,42,43,0
95723.32444,658.2353,-150,85,350,162,-72,-17,63,26,0
95723.35026,658.2611,-153,-97,-2096,190,-108,-31,72,7,0
95723.35163,658.2624,-64,18,2215,157,-92,-64,70,58,0
95723.35314,658.264,-337,195,-3118,143,-86,-67,30,68,0
95723.40112,658.3119,68,236,-1587,107,-90,-72,20,58,0
95723.40245,658.3133,-423,224,-1558,101,-76,-48,10,83,0
95723.40371,658.3145,-69,198,-4291,92,-120,-35,4,76,0
95723.40506,658.3159,-101,420,1384,123,-90,-28,15,46,0
95723.40629,658.3171,-229,314,-2432,140,-73,-22,54,33,0
95723.40752,658.3183,222,296,-1743,112,-110,4,52,46,0
95723.41115,658.322,82,451,-152,91,-100,8,21,19,0
95723.4125,658.3233,195,323,-3372,74,-119,-15,9,18,0
95723.41377,658.3246,159,537,1242,43,-115,-26,7,34,0
95723.43851,658.3493,-191,466,-1566,26,-154,-13,-12,59,0
95723.43993,658.3508,125,333,914,13,-171,-43,5,90,0
95723.44121,658.352,-213,243,2101,25,-172,-44,51,126,0
95723.50959,658.4204,-401,1,-2079,46,-193,-39,53,126,0
95723.51114,658.422,-141,89,1187,82,-193,-6,46,135,0
95723.51247,658.4233,-65,53,-3917,80,-165,3,85,89,0
95723.51405,658.4249,213,-9,-212,68,-124,-1,68,71,0
95723.51538,658.4262,22,132,1673,88,-71,33,71,89,0
95723.51668,658.4275,153,144,-2262,102,-110,46,55,89,0
95723.51814,658.429,-128,313,1365,105,-83,35,92,96,0
95723.51945,658.4303,-490,313,-1984,79,-101,41,65,131,0
95723.52083,658.4317,-115,352,394,32,-72,57,38,79,0
95723.54069,658.4515,-294,321,2291,27,-33,75,23,65,0
95723.54209,658.4529,-270,218,-1342,25,-3,60,14,60,0
95723.54338,658.4542,-368,324,2339,29,2,47,-7,63,0
95723.57123,658.4821,-357,123,-884,0,22,40,-12,46,0
95723.57264,658.4835,102,302,-89,-41,47,42,28,52,0
95723.57388,658.4847,-333,254,538,-14,79,53,18,76,0
95723.6207,658.5315,-81,65,-2850,-31,91,24,-2,74,0
95723.6221,658.5329,-170,131,1058,-32,114,26,9,101,0
95723.62337,658.5342,-218,96,-4281,-15,89,33,-10,94,0
95723.63903,658.5499,165,147,-1486,-10,88,66,-4,104,0
95723.64029,658.5511,-121,135,-57,6,129,81,14,78,0
95723.64154,658.5524,161,44,-5632,-3,101,76,28,46,0
95723.64303,658.5539,32,139,-1115,22,99,78,9,27,0
95723.64429,658.5551,-13,7,-4028,45,104,79,0,21,0
95723.64573,658.5566,345,-131,-1507,57,91,88,-13,26,0
95723.67569,658.5865,-259,-5,265,67,84,93,-37,40,0
95723.67754,658.5884,19,128,-4238,59,28,81,-54,25,0
95723.67997,658.5908,52,215,-549,89,57,86,-21,25,0
95723.70991,658.6207,-205,87,-4398,58,61,68,-17,41,0
95723.71135,658.6222,262,83,-502,45,13,53,-17,40,0
95723.71262,658.6234,-104,188,1943,95,4,32,-40,45,0
95723.71404,658.6249,-50,1,-2831,100,11,42,-13,56,0
95723.71542,658.6262,104,90,812,100,26,50,-23,50,0
95723.71676,658.6276,-7,52,-3784,88,54,33,-27,45,0
95723.72027,658.6311,488,86,-1522,86,46,44,-34,39,0
95723.72156,658.6324,66,201,1519,70,89,47,-36,58,0
95723.72283,658.6337,275,75,-2031,98,63,36,10,37,0
95723.81884,658.7297,29,105,2374,81,76,35,7,100,0
95723.82427,658.7351,-18,118,-1443,118,93,53,-13,125,0
95723.82549,658.7363,508,236,-460,71,113,28,-42,127,0
95723.82685,658.7377,182,297,1488,101,116,11,-40,129,0
95723.82828,658.7391,244,137,-1999,87,81,9,-43,136,0
95723.82951,658.7403,319,77,3532,86,97,8,-56,140,0
95723.83092,658.7417,35,37,-529,88,123,21,-68,170,0
95723.83226,658.7431,419,24,248,52,106,21,-83,158,0
95723.83354,658.7444,133,88,2027,36,128,39,-103,147,0
95723.83496,658.7458,286,90,-779,13,90,56,-103,144,0
95723.83639,658.7472,279,123,4050,0,96,66,-97,178,0
95723.83765,658.7485,160,101,-187,62,83,60,-81,146,0
95723.89177,658.8026,489,223,-161,57,73,12,-67,129,0
95723.89322,658.804,359,208,1315,67,76,-28,-55,100,0
95723.89467,658.8055,474,-143,-2876,60,33,-47,-35,32,0
95723.9113,658.8221,596,-76,3777,68,25,-61,21,31,0
95723.91256,658.8234,440,-111,614,89,21,-42,7,37,0
95723.91389,658.8247,647,-62,585,97,-11,-7,-15,94,0
95723.91519,658.826,52,16,1995,64,23,-2,-15,116,0
95723.91639,658.8272,107,-63,-317,88,-13,-37,-8,131,0
95723.91766,658.8285,118,55,3391,67,6,-38,27,162,0
95723.91893,658.8298,-2,202,-1514,43,16,-30,11,160,0
95723.92031,658.8311,372,286,-828,43,4,-30,-8,124,0
95723.92161,658.8324,-30,276,-340,47,15,-36,6,90,0
95723.95356,658.8644,265,241,-4188,53,-2,-5,-26,28,0
95723.95493,658.8658,563,352,2795,87,-13,22,-24,36,0
95723.95621,658.867,36,407,-19,61,-12,19,-36,52,0
95724.01848,658.9293,148,481,1586,75,11,0,-43,56,0
95724.01988,658.9307,-48,419,3928,80,20,-36,-39,57,0
95724.0213,658.9321,57,247,-1771,41,19,-91,-58,19,0
95724.02281,658.9336,78,341,4549,42,7,-56,-47,59,0
95724.0242,658.935,-134,469,1234,52,-20,-2,-54,45,0
95724.02565,658.9365,250,358,2120,47,8,13,-63,40,0
95724.03133,658.9422,-5,407,2229,16,48,16,-98,22,0
95724.03268,658.9435,138,222,-2872,15,-2,-2,-124,10,0
95724.03401,658.9448,252,172,2109,22,16,-6,-126,18,0
95724.03547,658.9463,232,161,-509,-5,28,7,-127,3,0
95724.03675,658.9476,648,165,1236,-22,-8,22,-85,-2,0
95724.04278,658.9536,131,207,2142,-25,13,26,-63,5,0
95724.0586,658.9694,328,173,-2372,-17,-3,29,-68,5,0
95724.05998,658.9708,461,175,2326,28,30,6,-73,33,0
95724.06129,658.9721,150,233,-2836,25,104,-35,-74,17,0
95724.12509,659.0359,564,477,-364,38,131,-48,-54,-5,0
95724.12655,659.0374,289,461,3028,29,132,-25,-77,-8,0
95724.12815,659.039,283,470,-3889,11,98,-22,-103,10,0
95724.12986,659.0407,428,564,1003,-17,123,-18,-97,46,0
95724.13131,659.0421,300,429,-515,-44,133,-58,-86,38,0
95724.13256,659.0434,561,346,-329,-50,114,-73,-66,54,0
95724.13415,659.045,-247,252,2376,-42,141,-62,-46,103,0
95724.13549,659.0463,-400,90,-3064,-37,133,-63,-91,70,0
95724.13696,659.0478,161,143,1131,-37,157,-68,-103,19,0
95724.16697,659.0778,102,123,-993,-24,136,-57,-108,3,0
95724.16856,659.0794,524,79,1519,0,112,-66,-84,8,0
95724.17063,659.0815,16,108,3472,-6,106,-51,-85,50,0
95724.21681,659.1276,219,121,-581,-24,83,-15,-80,50,0
95724.21821,659.129,271,357,5186,-46,61,5,-59,63,0
95724.21949,659.1303,-130,455,827,-44,59,11,-66,92,0
95724.25162,659.1624,411,429,-377,-42,37,-20,-31,72,0
95724.25297,659.1638,184,629,679,-13,92,-3,-7,42,0
95724.25423,659.1651,208,433,-4344,1,72,28,-32,-27,0
95724.25569,659.1665,366,345,101,-43,107,50,-62,-87,0
95724.25696,659.1678,-11,179,-2320,-24,129,79,-111,-102,0
95724.25825,659.1691,272,174,-3489,-11,107,49,-117,-120,0
95724.25974,659.1706,-190,205,1030,-22,108,19,-89,-113,0
95724.261,659.1718,-118,135,-2221,-29,95,-3,-90,-88,0
95724.26758,659.1784,-50,122,2325,-14,124,12,-97,-63,0
95724.28533,659.1962,-332,1,-939,43,161,26,-105,-29,0
95724.28667,659.1975,327,103,-942,22,171,-17,-112,-9,0
95724.28792,659.1987,6,114,1158,8,185,-42,-131,7,0
95724.35249,659.2633,146,-139,-3098,0,168,-45,-136,24,0
95724.35421,659.265,269,15,1567,-25,159,-73,-128,14,0
95724.3556,659.2664,211,148,-1383,-24,147,-51,-126,-7,0
95724.35704,659.2679,496,343,-1298,-3,158,-55,-138,-10,0
95724.35828,659.2691,163,432,91,-9,194,-12,-85,26,0
95724.36419,659.275,405,330,-4823,9,209,-13,-39,64,0
95724.36564,659.2765,641,351,1498,-7,223,-51,-29,71,0
95724.36901,659.2798,189,193,-2463,-30,206,-62,-35,60,0
95724.37034,659.2812,436,70,-2348,-15,168,-76,-43,65,0
95724.39021,659.301,270,161,-173,6,180,-41,1,48,0
95724.39163,659.3025,389,90,-4151,-9,135,-23,1,5,0
95724.39292,659.3037,425,146,-571,-18,142,-5,11,-26,0
95724.42867,659.3395,-153,40,-2200,-38,165,-10,44,-41,0
95724.43009,659.3409,-94,-28,-1057,-27,173,-17,52,-44,0
95724.43142,659.3422,-102,-41,2320,-34,158,5,65,-59,0
95724.4328,659.3436,22,63,-3144,-39,129,-18,102,-44,0
95724.43402,659.3448,142,239,3475,21,143,-23,108,-36,0
95724.43522,659.346,-15,233,-1223,-5,116,-41,101,-47,0
95724.46527,659.3761,534,254,-649,-33,108,-79,83,-10,0
95724.46678,659.3776,41,202,1718,-33,116,-58,99,60,0
95724.46805,659.3789,65,171,-3279,-19,108,-39,71,67,0
95724.46954,659.3804,377,268,1106,-1,117,-5,85,58,0
95724.47089,659.3817,210,165,-994,2,90,3,79,49,0
95724.47233,659.3832,636,52,-2948,12,65,-9,103,31,0
95724.50429,659.4151,414,45,738,55,77,28,78,23,0
95724.5057,659.4165,454,-212,-3367,77,36,12,78,60,0
95724.50747,659.4183,355,-80,-353,70,25,30,94,62,0
95724.54429,659.4551,197,21,-1818,74,25,60,84,28,0
95724.54657,659.4574,444,72,-1153,60,-31,78,66,10,0
95724.54865,659.4595,361,140,271,35,-31,29,42,-2,0
95724.55053,659.4614,357,150,-4271,39,-36,-8,46,28,0
95724.55185,659.4627,505,309,128,41,-21,-14,9,5,0
95724.55304,659.4639,-102,271,-2721,13,-3,29,-9,-19,0
95724.58473,659.4956,431,254,-1934,10,-34,44,10,-9,0
95724.58613,659.497,234,361,1789,16,-1,81,-1,51,0
95724.58742,659.4982,303,317,-2461,17,-35,75,-6,73,0
95724.63539,659.5462,504,332,3171,-1,-9,57,6,104,0
95724.63684,659.5477,233,363,604,-43,-11,101,26,103,0
95724.63827,659.5491,516,249,-134,-36,-18,127,4,104,0
95724.64389,659.5547,197,199,2223,-25,14,139,19,60,0
95724.64537,659.5562,-10,132,-1572,-51,-13,158,-5,58,0
95724.6471,659.5579,410,328,2002,-35,10,197,27,81,0
95724.65288,659.5637,175,253,1400,-49,21,199,38,70,0
95724.65414,659.565,465,266,1165,-76,-6,182,54,92,0
95724.65537,659.5662,448,379,1884,-67,22,191,39,99,0
95724.65688,659.5677,284,341,-3065,-35,41,176,-15,128,0
95724.65827,659.5691,384,273,378,-14,56,185,-43,156,0
95724.65953,659.5704,7,175,-2711,-10,62,132,-53,143,0
95724.68563,659.5965,307,124,-546,-8,60,117,-45,107,0
95724.68711,659.5979,168,176,1856,10,96,117,-6,107,0
95724.68842,659.5992,118,-6,-4286,19,87,113,-10,46,0
95724.7505,659.6613,165,107,1155,17,149,134,-6,-13,0
95724.75204,659.6629,-236,170,453,35,191,119,15,3,0
95724.75348,659.6643,140,155,-1304,73,139,108,39,-8,0
95724.75695,659.6678,-177,190,1804,78,126,108,66,-11,0
95724.75837,659.6692,-15,122,-3508,50,100,81,54,-8,0
95724.75968,659.6705,167,155,-49,2,39,116,30,-19,0
95724.76106,659.6719,-8,195,-1709,6,13,116,16,-26,0
95724.76243,659.6733,204,247,-2662,16,-47,84,24,-37,0
95724.76373,659.6746,42,286,1520,56,-54,98,7,-25,0
95724.79357,659.7044,90,15,-2053,12,-60,126,-26,-21,0
95724.79494,659.7058,478,240,2385,2,-43,122,-40,-7,0
95724.7962,659.707,-63,223,-842,21,-29,129,-53,-3,0
95724.82001,659.7308,200,93,-924,38,-57,96,-91,-44,0
95724.82151,659.7323,120,160,3381,41,-26,96,-76,-47,0
95724.82279,659.7336,65,122,-3694,63,-35,96,-79,-23,0
95724.84846,659.7593,-13,188,2085,64,-25,64,-98,-65,0
95724.84984,659.7607,-201,89,1687,77,-17,55,-97,-32,0
95724.85108,659.7619,-1,68,508,72,-25,24,-53,-14,0
95724.85268,659.7635,-418,176,3253,70,-4,27,-31,-4,0
95724.85402,659.7648,-179,163,-1475,105,24,52,-24,-17,0
95724.85791,659.7687,52,165,2156,93,20,22,-29,-14,0
95724.8834,659.7942,-540,97,833,62,31,2,-50,-48,0
95724.88474,659.7956,-259,66,118,77,16,-58,-70,-75,0
95724.88598,659.7968,-463,201,2578,62,21,-50,-78,-57,0
95724.91597,659.8268,-373,163,-452,93,-16,-67,-80,-54,0
95724.91737,659.8282,-45,247,5035,114,-27,-78,-76,-51,0
95724.91874,659.8296,-526,322,1692,109,-38,-114,-111,-45,0
95724.97124,659.8821,-75,183,557,154,-81,-124,-101,-40,0
95724.97266,659.8835,-307,269,3061,138,-83,-163,-65,-44,0
95724.97403,659.8849,79,158,-3261,119,-107,-179,-87,-53,0
95724.98568,659.8965,270,25,1145,115,-136,-186,-118,-90,0
95724.98695,659.8978,77,46,-509,92,-112,-220,-160,-141,0
95724.98823,659.8991,323,1,-1368,89,-114,-190,-152,-141,0
95724.98968,659.9005,85,168,3804,109,-71,-205,-130,-156,0
95724.99112,659.9019,-123,83,-1561,125,-90,-202,-122,-162,0
95724.99237,659.9032,86,215,1313,144,-83,-185,-136,-184,0
95724.99383,659.9047,27,128,128,134,-91,-203,-124,-190,0
95724.99519,659.906,481,37,-903,133,-155,-223,-122,-194,0
95724.99645,659.9073,248,146,1791,99,-130,-212,-129,-177,0
95725.04785,659.9587,128,41,-3856,70,-123,-239,-169,-213,0
95725.04931,659.9601,543,60,1613,57,-100,-230,-177,-211,0
95725.05062,659.9614,198,-31,60,59,-142,-214,-175,-225,0
95725.07241,659.9832,24,3,-1283,53,-163,-214,-157,-226,0
95725.07387,659.9847,-129,212,1538,54,-118,-204,-134,-217,0
95725.07525,659.9861,131,106,-3662,53,-128,-220,-132,-239,0
95725.07676,659.9876,152,133,2282,57,-166,-209,-97,-223,0
95725.07824,659.9891,-360,279,199,21,-170,-223,-110,-202,0
95725.0796,659.9904,156,343,-1815,36,-184,-239,-144,-209,0
95725.10959,660.0204,-135,430,3611,47,-149,-219,-128,-212,0
95725.11113,660.022,126,353,-559,37,-164,-235,-113,-220,0
95725.11239,660.0232,407,397,1757,40,-168,-226,-81,-178,0
95725.11384,660.0247,12,223,1932,55,-185,-211,-59,-186,0
95725.11527,660.0261,13,-48,-31,37,-200,-220,-52,-167,0
95725.11657,660.0274,-74,-48,4119,88,-176,-203,-32,-152,0
95725.17276,660.0836,125,-50,-2123,98,-176,-205,-23,-145,0
95725.17451,660.0853,411,70,2351,87,-162,-169,-41,-136,0
95725.17594,660.0868,17,-5,930,110,-129,-168,-55,-129,0
95725.17974,660.0906,186,-159,-1140,139,-129,-193,-101,-137,0
95725.18099,660.0918,-2,-151,2611,128,-71,-185,-96,-116,0
95725.18244,660.0933,-54,-129,-3337,146,-69,-153,-89,-117,0
95725.21487,660.1257,140,38,1661,127,-74,-108,-64,-128,0
95725.2168,660.1276,-99,40,-263,112,-51,-65,-48,-122,0
95725.21809,660.1289,265,31,-1765,78,-59,-56,-35,-102,0
95725.28006,660.1909,294,93,3271,45,-21,-41,-30,-84,0
95725.28143,660.1923,449,21,-1421,64,4,-17,-15,-60,0
95725.28287,660.1937,691,154,28,53,12,-35,-14,-81,0
95725.28444,660.1953,373,64,-2003,42,22,-66,0,-47,0
95725.28578,660.1966,903,16,-2349,48,11,-71,-26,-17,0
95725.28715,660.198,579,106,665,32,13,-32,-19,-26,0
95725.28865,660.1995,441,-87,-3680,7,33,-38,-58,-10,0
95725.2899,660.2007,616,82,-172,-3,63,-57,-58,-30,0
95725.29122,660.202,162,9,917,4,81,-84,-97,-25,0
95725.29261,660.2034,607,-6,1355,26,81,-71,-128,-16,0
95725.29742,660.2082,410,93,6110,30,104,-99,-131,13,0
95725.29874,660.2096,419,-4,2352,7,78,-113,-164,-9,0
95725.34688,660.2577,503,45,6935,-23,71,-133,-147,51,0
95725.34849,660.2593,182,-112,5450,-49,62,-128,-102,86,0
95725.34979,660.2606,518,-161,2001,-11,29,-126,-82,121,0
95725.38205,660.2929,423,-15,5124,-30,54,-103,-96,191,0
95725.38342,660.2942,229,16,-382,0,35,-88,-117,196,0
95725.38482,660.2956,606,194,2820,-13,40,-99,-126,197,0
95725.38626,660.2971,444,284,2824,-79,31,-96,-115,182,0
95725.38754,660.2984,627,103,1588,-106,25,-101,-130,195,0
95725.389,660.2998,560,227,4811,-99,32,-60,-132,188,0
95725.39088,660.3017,450,141,793,-75,55,-42,-109,192,0
95725.39226,660.3031,432,173,5336,-55,28,-52,-93,223,0
95725.39373,660.3046,-222,174,2197,-55,32,-40,-142,204,0
95725.42155,660.3324,537,76,1937,-52,-50,-54,-157,209,0
95725.4231,660.3339,243,79,7289,-22,-39,-38,-103,226,0
95725.42458,660.3354,142,36,1291,-31,-89,-31,-114,228,0
95725.42601,660.3368,342,126,3937,-22,-98,-51,-101,223,0
95725.42732,660.3381,243,60,-6,-18,-88,-74,-137,191,0
95725.42855,660.3394,350,-50,-3655,-8,-90,-88,-125,174,0
95725.50457,660.4154,84,-17,1825,12,-53,-79,-93,210,0
95725.50607,660.4169,108,-55,-3794,16,-46,-85,-117,197,0
95725.5117,660.4225,210,150,-1104,30,-34,-85,-123,182,0
95725.52142,660.4322,36,108,-466,35,6,-78,-143,183,0
95725.52271,660.4335,524,131,-2243,50,-9,-69,-155,190,0
95725.524,660.4348,279,224,2202,40,13,-51,-148,200,0
95725.52551,660.4363,377,190,-3068,31,52,-59,-135,196,0
95725.52697,660.4378,507,357,290,-8,91,-21,-127,173,0
95725.52835,660.4392,194,290,-657,-30,90,-43,-92,176,0
95725.52979,660.4406,440,208,-3415,-11,51,-54,-113,142,0
95725.53104,660.4419,136,359,-744,-25,56,-94,-64,146,0
95725.53243,660.4433,-29,251,-7308,-50,32,-75,-59,118,0
95725.61246,660.5233,312,149,-1994,-53,55,-83,-78,148,0
95725.61397,660.5248,-206,145,-1124,-40,50,-74,-73,167,0
95725.61544,660.5263,252,6,-3742,2,16,-70,-110,175,0
95725.63131,660.5421,34,4,1057,16,43,-62,-101,188,0
95725.63258,660.5434,-181,-56,-4616,61,25,-82,-104,202,0
95725.63381,660.5446,247,1,-2931,85,16,-76,-96,200,0
95725.63552,660.5463,-171,75,-2015,103,23,-116,-141,166,0
95725.63705,660.5479,273,65,-4138,128,43,-123,-175,152,0
95725.63867,660.5495,-382,203,-1492,107,61,-134,-169,151,0
95725.64022,660.551,-684,174,-6174,135,35,-169,-163,132,0
95725.6415,660.5523,-393,296,-3371,122,24,-146,-130,132,0
95725.6458,660.5566,-292,438,-4661,117,21,-124,-122,114,0
95725.64727,660.5581,338,361,-5112,158,-37,-134,-119,97,0
95725.64857,660.5594,244,445,516,135,-57,-116,-95,97,0
95725.64989,660.5607,5,474,-5181,123,-56,-139,-99,92,0
95725.69607,660.6069,197,559,-2029,136,-65,-141,-71,102,0
95725.69757,660.6084,59,427,-2455,119,-37,-119,-68,81,0
95725.69885,660.6097,455,355,-3992,84,-87,-136,-45,80,0
95725.70631,660.6171,297,325,1591,103,-62,-60,-9,58,0
95725.70762,660.6184,105,94,-2309,137,-40,-68,-6,55,0
95725.7089,660.6197,370,195,537,135,-30,-50,4,43,0
95725.71049,660.6213,91,100,884,178,17,-65,15,40,0
95725.71177,660.6226,217,-86,-1930,178,22,-90,-3,61,0
95725.71315,660.624,44,-10,2196,214,75,-96,-16,89,0
95725.7396,660.6504,-38,-10,223,205,53,-123,-31,114,0
95725.74523,660.6561,136,104,3665,219,41,-128,-49,132,0
95725.74651,660.6573,-598,212,2392,213,50,-109,-46,153,0
95725.79641,660.7072,121,113,159,206,29,-112,-56,185,0
95725.79786,660.7087,4,237,6920,206,33,-92,-57,201,0
95725.79927,660.7101,-992,322,1344,188,8,-94,-37,213,0
95725.815,660.7258,-1249,378,5399,154,42,-88,-36,223,0
95725.81626,660.7271,-1526,353,4677,134,33,-95,-63,238,0
95725.81758,660.7284,-1280,174,-106,122,-4,-99,-104,258,0
95725.81909,660.7299,-1341,138,4471,142,-12,-89,-103,273,0
95725.82056,660.7314,-1296,130,460,107,0,-69,-79,235,0
95725.82191,660.7327,-948,136,3987,96,-1,-21,-93,212,0
95725.85201,660.7628,-1486,150,3597,92,23,-8,-71,216,0
95725.8535,660.7643,-1550,87,2426,93,-42,-43,-65,246,0
95725.85481,660.7656,-1780,237,5511,114,-42,-30,-22,245,0
95725.85625,660.7671,-1931,24,-72,102,-42,-14,-29,228,0
95725.85763,660.7685,-1714,92,2958,65,-11,-37,-35,227,0
95725.85898,660.7698,-1528,161,1161,67,3,-12,-21,250,0
95725.91003,660.8209,-1170,30,-1726,28,21,-18,0,245,0
95725.91146,660.8223,-1592,130,1072,8,29,-14,35,253,0
95725.91275,660.8236,-1465,224,-3339,-31,17,-8,32,285,0
95725.92229,660.8331,-1370,360,1001,-52,4,16,29,292,0
95725.92358,660.8344,-1412,382,1879,-48,24,34,-5,312,0
95725.92485,660.8357,-953,257,-1614,-14,23,20,-7,337,0
95725.95471,660.8655,-1069,280,3104,-41,42,7,23,339,0
95725.95614,660.867,-1106,183,-2816,-63,32,1,16,322,0
95725.95742,660.8682,1,79,-511,-62,77,7,24,310,0
95725.95884,660.8697,-295,38,7,-21,81,-7,5,340,0
95725.96009,660.8709,48,67,-3523,11,83,-5,-2,333,0
95725.96678,660.8776,-19,219,504,-21,92,-22,7,308,0
95725.99062,660.9014,12,188,-2934,-4,87,-32,22,318,0
95725.99213,660.903,342,85,321,35,93,-74,45,309,0
95725.99352,660.9043,-228,18,-1040,47,111,-100,55,323,0
95726.03146,660.9423,73,-127,-3068,48,104,-124,33,294,0
95726.03293,660.9437,161,10,1933,47,116,-99,9,311,0
95726.03429,660.9451,143,-53,-3403,14,118,-80,12,302,0
95726.06829,660.9791,392,158,-357,-5,145,-71,36,318,0
95726.07408,660.9849,-105,262,-102,-22,179,-74,71,309,0
95726.07534,660.9862,-662,126,-3733,-28,167,-89,54,309,0
95726.07693,660.9878,-921,221,1818,6,216,-94,82,356,0
95726.07818,660.989,-1276,233,-4998,61,224,-92,95,353,0
95726.0794,660.9902,-477,218,-3445,62,215,-78,96,358,0
95726.16137,661.0722,-44,147,-1377,92,240,-11,105,345,0
95726.1629,661.0737,497,127,-3224,76,228,1,156,330,0
95726.16422,661.075,501,365,1205,62,256,6,192,373,0
95726.1677,661.0785,326,346,-3526,72,215,3,195,349,0
95726.16898,661.0798,909,327,1192,56,202,-2,189,355,0
95726.17024,661.0811,585,182,-153,69,235,12,171,321,0
95726.17168,661.0825,377,18,-4754,47,239,33,126,299,0
95726.17308,661.0839,54,120,1266,25,236,52,124,253,0
95726.17435,661.0852,271,-57,-2655,46,219,66,110,256,0
95726.18223,661.0931,593,-165,1309,56,204,57,81,203,0
95726.18453,661.0954,368,-43,78,34,211,61,60,154,0
95726.18591,661.0967,750,-50,-3981,24,194,61,27,147,0
95726.20175,661.1126,788,-65,495,13,203,49,-3,147,0
95726.20325,661.1141,526,-78,-3393,3,181,70,-5,129,0
95726.2046,661.1154,996,-115,381,13,161,50,6,131,0
95726.23645,661.1473,423,-109,813,22,176,38,25,155,0
95726.23776,661.1486,375,-210,-2772,12,160,19,6,136,0
95726.23903,661.1499,478,5,1366,21,168,23,23,115,0
95726.24052,661.1513,601,9,-3569,13,162,43,53,91,0
95726.24181,661.1526,1131,29,588,4,125,39,81,74,0
95726.24307,661.1539,622,25,1187,-9,147,46,91,83,0
95726.24451,661.1553,855,-38,-2807,12,138,63,44,97,0
95726.24612,661.1569,732,76,2362,31,164,104,28,76,0
95726.24748,661.1583,488,48,-3053,29,174,89,0,34,0
95726.28145,661.1923,541,-63,506,60,157,105,0,54,0
95726.28283,661.1937,8,-29,1305,68,168,119,5,75,0
95726.2842,661.195,500,-71,-3042,45,149,104,-19,62,0
95726.34407,661.2549,388,65,1487,10,172,65,6,54,0
95726.3455,661.2563,33,-59,-1992,-15,182,44,15,74,0
95726.34691,661.2577,302,-81,-1278,5,174,33,17,86,0
95726.34841,661.2592,202,-88,1490,25,167,46,16,105,0
95726.35403,661.2649,325,-65,-3102,18,165,39,-7,111,0
95726.35536,661.2662,71,18,821,-30,199,31,9,126,0
95726.35671,661.2675,-183,-77,-3153,-15,178,11,24,100,0
95726.35801,661.2688,207,17,-593,-34,161,-6,15,102,0
95726.35921,661.27,-146,127,-103,-19,163,18,-12,125,0
95726.36069,661.2715,-92,-149,-4074,9,153,41,-53,122,0
95726.36204,661.2729,0,-120,1398,-36,187,68,-79,113,0
95726.36327,661.2741,-95,-200,-3064,-61,200,79,-81,126,0
95726.41255,661.3234,322,-112,-240,-44,179,47,-67,141,0
95726.41411,661.3249,1,130,-82,-28,252,48,-61,120,0
95726.41544,661.3263,384,79,-3866,-45,233,55,-45,150,0
95726.44948,661.3603,488,237,1265,-21,224,41,-29,150,0
95726.45087,661.3617,104,186,-3897,-13,201,25,-38,158,0
95726.45241,661.3632,136,163,-2797,8,164,54,-18,114,0
95726.45388,661.3647,-742,98,-1776,-12,153,52,10,119,0
95726.45526,661.3661,-257,45,-4401,-16,97,25,15,97,0
95726.45662,661.3674,-142,90,764,-28,90,22,48,147,0
95726.45804,661.3689,-329,-41,-1964,-8,142,56,60,172,0
95726.45938,661.3702,302,-139,334,1,169,69,35,167,0
95726.46065,661.3715,71,-28,386,-19,185,78,25,125,0
95726.4864,661.3972,431,120,-3052,-10,176,66,16,180,0
95726.48769,661.3985,559,238,1098,-32,190,102,26,186,0
95726.48901,661.3998,182,126,-2905,-43,201,87,-2,176,0
95726.50877,661.4196,604,55,-1938,-91,181,45,-3,167,0
95726.51011,661.4209,298,-37,256,-72,227,58,15,134,0
95726.5114,661.4222,478,-138,-5067,-87,189,43,25,132,0
95726.54113,661.452,412,9,-129,-112,242,37,64,154,0
95726.54253,661.4534,73,-132,-4217,-103,220,50,53,123,0
95726.54379,661.4546,293,-132,-2457,-64,213,34,57,130,0
95726.54515,661.456,-95,-65,-1069,-66,207,-20,54,152,0
95726.54636,661.4572,157,15,-5435,-71,194,-33,47,152,0
95726.54761,661.4584,219,233,-815,-41,221,-44,75,149,0
95726.596,661.5068,-2,202,-3102,-32,241,-52,65,142,0
95726.59737,661.5082,296,323,-1950,-25,240,-14,79,143,0
95726.59867,661.5095,2,187,-831,-23,292,-15,124,129,0
95726.60016,661.511,139,-39,-3402,-51,241,-29,101,163,0
95726.60625,661.5171,183,110,1819,-50,222,-17,120,176,0
95726.60758,661.5184,-244,152,-4060,-26,191,-28,110,185,0
95726.61731,661.5281,44,110,-2099,-48,193,-18,111,163,0
95726.61865,661.5295,-136,64,-83,-58,179,12,111,123,0
95726.62009,661.5309,64,137,-3961,-80,138,13,105,104,0
95726.64812,661.5589,217,344,160,-78,155,-15,108,128,0
95726.64952,661.5603,-304,185,-2488,-71,139,-8,101,148,0
95726.6511,661.5619,33,131,-2956,-68,105,2,130,119,0
95726.71103,661.6219,-416,160,-1953,-60,97,-4,165,132,0
95726.71244,661.6233,-402,208,-5786,-36,46,-34,159,92,0
95726.71368,661.6245,207,322,-604,-53,57,-69,152,38,0
95726.71507,661.6259,116,191,-3428,-50,45,-68,177,38,0
95726.71648,661.6273,549,105,334,-39,26,-116,179,36,0
95726.71773,661.6286,92,229,1601,-42,45,-109,206,43,0
95726.71918,661.63,172,74,-1680,-45,16,-139,196,44,0
95726.72051,661.6313,531,170,3320,-38,27,-139,193,83,0
95726.72187,661.6327,490,66,-1707,-35,14,-139,192,103,0
95726.75317,661.664,763,137,-1883,-34,-3,-148,168,71,0
95726.75445,661.6653,370,255,546,-46,5,-182,168,62,0
95726.75576,661.6666,510,104,-3090,-60,28,-223,165,72,0
95726.78761,661.6984,522,171,1922,-57,3,-208,173,80,0
95726.78925,661.7001,231,-65,-2083,-84,-2,-178,172,87,0
95726.7914,661.7022,555,-133,-1588,-61,-25,-166,184,81,0
95726.79375,661.7046,303,-65,-165,-44,3,-158,155,98,0
95726.79563,661.7065,582,-215,-3925,-19,-19,-158,159,117,0
95726.79753,661.7083,414,-217,632,-9,-21,-148,170,111,0
95726.84011,661.7509,118,-225,-3047,-31,-3,-131,198,110,0
95726.84303,661.7539,649,-106,-2261,-15,-2,-87,178,89,0
95726.84438,661.7552,310,12,-474,-11,10,-56,162,93,0
95726.84604,661.7569,377,-111,-4812,5,-14,-52,126,60,0
95726.84731,661.7581,570,-16,180,52,15,-37,151,38,0
95726.84876,661.7596,379,46,-5028,57,27,-37,157,27,0
95726.87855,661.7894,730,-125,-1771,87,-19,-24,194,56,0
95726.87988,661.7907,334,-64,-447,107,-21,-5,176,63,0
95726.88147,661.7923,402,-358,-5370,98,-56,-43,157,34,0
95726.91788,661.8287,288,-282,894,95,-66,-21,144,30,0
95726.91929,661.8301,-74,-229,-1142,122,-45,-13,143,33,0
95726.92053,661.8314,314,-186,-1271,139,-52,-5,178,49,0
95726.96054,661.8714,69,-108,292,145,-38,4,177,31,0
95726.96202,661.8728,251,-262,-3305,155,-67,35,169,10,0
95726.96351,661.8743,282,-141,2252,155,-49,22,146,24,0
95726.96496,661.8758,52,-58,-1954,162,-35,5,133,16,0
95726.96621,661.877,509,11,-1758,131,-18,-26,103,16,0
95726.96746,661.8783,117,-52,994,123,43,-25,127,20,0
95726.96897,661.8798,174,-154,-2587,121,-7,-17,137,38,0
95726.9704,661.8812,141,-101,1255,127,54,-2,126,39,0
95726.97172,661.8825,0,-142,-3043,122,59,5,110,32,0
95727.00564,661.9165,454,-49,-1937,121,42,-4,92,42,0
95727.00721,661.918,203,-118,410,117,67,17,67,40,0
95727.00911,661.9199,281,-133,-4453,105,15,40,44,35,0
95727.01085,661.9217,250,-3,1470,68,13,53,25,13,0
95727.0123,661.9231,-42,44,-1461,60,17,63,0,4,0
95727.01357,661.9244,254,51,-1627,89,-46,68,18,22,0
95727.02655,661.9374,67,73,1215,76,-12,32,22,29,0
95727.02805,661.9389,251,81,-1775,92,-58,25,-2,24,0
95727.02948,661.9403,409,95,3411,103,-41,18,15,34,0
95727.05952,661.9703,59,53,-1369,104,-81,9,36,9,0
95727.06081,661.9716,428,71,-1439,82,-95,-1,47,2,0
95727.062,661.9728,232,185,1375,52,-83,18,51,9,0
95727.09603,662.0069,385,278,-3028,47,-87,43,46,-11,0
95727.09735,662.0082,447,366,1325,35,-90,42,44,7,0
95727.09862,662.0094,111,264,-4168,59,-89,57,50,-26,0
95727.10013,662.011,415,158,-1834,69,-103,97,35,-60,0
95727.10136,662.0122,80,249,2082,85,-69,113,28,-57,0
95727.10263,662.0135,290,144,-3625,104,-100,101,73,-49,0
95727.13258,662.0434,541,367,871,147,-81,88,111,-32,0
95727.13387,662.0447,447,252,-2061,148,-80,96,117,-64,0
95727.13512,662.0459,644,193,-1345,155,-60,82,118,-57,0
95727.16943,662.0803,407,129,2232,145,-41,93,128,-56,0
95727.17116,662.082,630,105,-4004,157,-79,128,125,-54,0
95727.17253,662.0834,513,83,-633,144,-60,120,113,-21,0
95727.17902,662.0898,271,-89,-2027,144,-35,129,98,8,0
95727.18034,662.0912,619,-96,-1055,116,-36,133,107,24,0
95727.18161,662.0924,341,-65,88,119,6,132,83,43,0
95727.20551,662.1163,420,-210,-1553,107,-41,104,56,66,0
95727.20694,662.1178,161,-210,3904,142,-50,105,76,74,0
95727.20823,662.1191,-194,-260,350,145,-91,123,101,98,0
95727.23828,662.1491,361,-168,1692,126,-87,86,97,107,0
95727.2397,662.1505,-20,-49,4694,119,-60,82,61,120,0
95727.24091,662.1517,197,-4,-1540,104,-42,48,40,161,0
95727.2423,662.1531,466,223,1305,95,-25,82,36,175,0
95727.24372,662.1545,297,213,-1009,67,-43,103,44,208,0
95727.2453,662.1561,725,184,-2109,64,-64,98,59,219,0
95727.27326,662.1841,455,29,1651,52,-27,86,54,241,0
95727.27458,662.1854,598,-160,-1777,49,-70,90,59,278,0
95727.27591,662.1867,713,6,256,93,-86,69,63,256,0
95727.30782,662.2186,310,58,-3129,105,-123,41,79,226,0
95727.30932,662.2201,651,-70,-1176,128,-149,22,112,198,0
95727.3108,662.2216,352,-60,322,126,-107,12,115,182,0
95727.32854,662.2394,471,-143,-4244,74,-111,-33,110,184,0
95727.32982,662.2406,660,87,973,91,-57,-27,107,196,0
95727.3311,662.2419,335,100,-3726,81,-53,-23,113,212,0
95727.34492,662.2557,668,-44,-3471,76,-61,-52,106,175,0
95727.34654,662.2574,393,50,1519,99,-33,-76,105,172,0
95727.34794,662.2588,557,-117,-3065,103,-40,-63,96,121,0
95727.37772,662.2885,600,107,1254,116,-57,-68,141,89,0
95727.37903,662.2899,413,-44,-950,124,-67,-62,138,114,0
95727.38028,662.2911,665,-65,-1841,109,-120,-83,116,90,0
95727.43036,662.3412,364,-27,1251,95,-104,-80,112,104,0
95727.4319,662.3427,535,-68,-2505,70,-151,-93,76,100,0
95727.43315,662.344,644,63,2212,53,-143,-78,82,94,0
95727.43983,662.3507,246,-36,31,77,-134,-70,96,113,0
95727.4414,662.3522,722,76,50,85,-113,-74,106,137,0
95727.44283,662.3537,547,180,1039,59,-82,-79,94,151,0
95727.44445,662.3553,455,-18,-3659,47,-99,-91,85,110,0
95727.446,662.3568,432,-74,-237,23,-108,-141,70,59,0
95727.44727,662.3581,44,-40,-3344,37,-86,-155,97,54,0
95727.47667,662.3875,377,22,-1001,77,-81,-127,133,45,0
95727.47798,662.3888,70,209,2224,87,-27,-80,90,58,0
95727.47936,662.3902,328,88,-3028,86,-29,-106,81,3,0
95727.50718,662.418,503,174,2403,67,26,-109,98,-9,0
95727.50864,662.4195,188,102,-256,55,20,-77,95,8,0
95727.51003,662.4209,702,-32,-920,71,32,-67,95,45,0
95727.51153,662.4224,281,57,547,45,47,-62,113,39,0
95727.51281,662.4236,370,-90,-2892,38,19,-58,131,47,0
95727.51411,662.4249,673,-31,686,59,-20,-52,91,63,0
95727.54316,662.454,145,-132,-3022,48,1,-69,71,63,0
95727.54451,662.4553,408,-197,-3061,74,-4,-69,84,17,0
95727.5458,662.4566,77,-179,-932,72,-13,-64,100,-25,0
95727.57763,662.4885,264,-205,-4795,82,-46,-58,118,-74,0
95727.57916,662.49,588,-54,803,64,-19,-34,140,-95,0
95727.58063,662.4915,175,-146,-2697,74,-58,-33,142,-89,0
95727.58217,662.493,504,-131,-3435,52,-106,-68,112,-93,0
95727.58348,662.4943,213,-32,1613,63,-86,-86,99,-78,0
95727.58474,662.4956,207,-59,-4240,46,-127,-94,85,-62,0
95727.61991,662.5307,681,85,-715,44,-100,-37,109,-92,0
95727.62126,662.5321,508,125,-3979,9,-67,-46,111,-107,0
95727.6227,662.5335,960,159,-3213,5,-94,-49,128,-152,0
95727.62626,662.5371,626,259,2188,36,-50,-38,110,-137,0
95727.62749,662.5383,597,166,-2150,22,-84,-26,88,-140,0
95727.6288,662.5396,519,172,-143,-8,-79,22,59,-88,0
95727.67699,662.5878,274,144,-1818,6,-77,54,57,-107,0
95727.67849,662.5893,768,183,-1969,31,-105,38,58,-126,0
95727.68039,662.5912,334,304,253,32,-82,48,45,-101,0
95727.68583,662.5967,391,194,-4107,-9,-97,25,-4,-106,0
95727.6872,662.598,701,223,1510,-24,-86,10,-33,-103,0
95727.68855,662.5994,199,188,-2065,-2,-127,1,-44,-115,0
95727.71828,662.6291,590,200,-3008,-25,-155,-61,-28,-155,0
95727.71959,662.6304,-21,196,1427,-31,-142,-81,-5,-159,0
95727.72164,662.6325,-142,71,-5224,-19,-138,-100,-50,-168,0
95727.72298,662.6338,20,138,391,-50,-89,-94,-53,-158,0
95727.72425,662.6351,-641,4,-541,-77,-110,-137,-56,-135,0
95727.73001,662.6408,-228,-41,-1030,-105,-124,-159,-53,-90,0
95727.76409,662.6749,-361,138,2617,-79,-115,-176,-50,-68,0
95727.76638,662.6772,-141,90,-3151,-88,-107,-186,-9,-86,0
95727.76771,662.6785,-295,59,-178,-84,-105,-197,-17,-92,0
95727.76914,662.68,-512,130,-1893,-73,-54,-206,-16,-94,0
95727.77037,662.6812,-85,133,-2663,-77,-47,-187,-41,-123,0
95727.77169,662.6825,-206,245,761,-95,-7,-165,-62,-80,0
95727.8016,662.7124,-186,136,-3058,-87,-46,-162,-71,-93,0
95727.80302,662.7138,63,183,671,-85,-31,-141,-29,-114,0
95727.80431,662.7151,-214,108,-2125,-78,-48,-99,-18,-130,0
95727.83633,662.7472,147,-4,-643,-55,-59,-70,-12,-104,0
95727.83776,662.7486,6,48,2702,-67,-43,-74,11,-53,0
95727.83915,662.75,220,-87,-2113,-77,-87,-97,40,-38,0
95727.84061,662.7514,522,-41,1198,-85,-93,-81,40,-58,0
95727.84197,662.7528,7,37,-19,-65,-41,-51,22,-66,0
95727.84339,662.7542,590,55,-470,-87,-60,-70,10,-55,0
95727.87735,662.7882,460,114,1714,-75,-21,-33,35,-37,0
95727.87864,662.7895,225,-102,-3395,-58,-47,3,69,-69,0
95727.88002,662.7908,260,-64,1381,-58,-31,32,96,-83,0
95727.9079,662.8187,-134,-87,-189,-56,27,62,109,-76,0
95727.90933,662.8202,288,-211,97,-42,-6,66,85,-76,0
95727.91057,662.8214,240,-39,2742,-12,44,94,82,-69,0
95727.91208,662.8229,350,-161,-3367,-4,15,107,63,-98,0
95727.91335,662.8242,582,-362,1192,-34,3,127,56,-103,0
95727.91462,662.8254,270,-447,-1752,-45,8,109,50,-106,0
95727.94255,662.8534,573,-377,-1045,-49,17,78,16,-105,0
95727.94395,662.8548,580,-88,3104,-24,56,79,23,-64,0
95727.94528,662.8561,806,-26,-2671,-58,40,39,8,-83,0
95727.97889,662.8897,799,132,2477,-62,57,33,14,-90,0
95727.98042,662.8912,11,225,-987,-70,50,6,8,-77,0
95727.98167,662.8925,372,227,-2076,-68,-7,19,-10,-85,0
95727.98516,662.896,364,261,2132,-36,1,-19,39,-55,0
95727.98645,662.8973,399,177,-1684,-58,16,-7,41,-40,0
95727.98771,662.8985,612,279,1373,-43,17,-35,32,1,0
95728.01981,662.9306,350,191,272,-20,53,-70,44,7,0
95728.02119,662.932,787,169,-1265,-57,46,-70,56,-5,0
95728.02673,662.9376,466,144,523,-84,74,-42,59,-20,0
95728.05059,662.9614,318,98,-3144,-72,43,-26,80,-29,0
95728.05204,662.9629,755,162,1880,-76,29,-18,56,-49,0
95728.05328,662.9641,383,281,-1466,-62,59,12,38,-61,0
95728.09544,663.0063,599,253,-1680,-44,81,34,65,-77,0
95728.0968,663.0076,478,352,1631,-49,84,60,64,-75,0
95728.09812,663.0089,507,443,-3104,-60,46,72,32,-36,0
95728.09962,663.0104,603,472,800,-33,31,104,53,17,0
95728.10094,663.0118,122,584,-691,-40,57,120,24,11,0
95728.10227,663.0131,709,451,-1206,-38,77,113,28,-9,0
95728.13241,663.0432,580,512,3633,-31,127,122,0,26,0
95728.13387,663.0447,575,297,-482,-20,126,103,6,59,0
95728.13546,663.0463,724,501,2621,-14,75,125,-2,99,0
95728.13679,663.0476,352,362,1208,16,70,118,7,136,0
95728.13822,663.049,694,1,-968,2,18,61,-7,132,0
95728.13961,663.0504,592,30,1326,-13,44,64,31,120,0
95728.19167,663.1025,516,-190,-4007,-24,52,54,7,97,0
95728.19325,663.1041,633,-104,740,-26,26,68,9,85,0
95728.1946,663.1054,102,-55,-2425,-43,15,72,8,80,0
95728.19606,663.1069,569,-125,-2353,-35,21,80,9,46,0
95728.19907,663.1099,553,21,2068,-39,26,72,41,52,0
95728.20035,663.1112,629,83,-3596,-23,16,20,21,42,0
95728.22861,663.1394,927,229,658,-3,41,-8,31,73,0
95728.23008,663.1409,487,222,356,29,66,-13,65,88,0
95728.23135,663.1422,867,28,-1903,70,52,-43,52,65,0
95728.23273,663.1436,445,-57,2434,50,80,-8,34,79,0
95728.23413,663.145,312,-176,-3201,22,60,-14,11,74,0
95728.23542,663.1462,427,-159,-727,2,56,-21,27,67,0
95728.26684,663.1777,333,134,-66,-9,61,-54,17,33,0
95728.2683,663.1791,657,129,-1357,12,48,-77,15,-2,0
95728.26959,663.1804,372,135,922,7,54,-85,17,23,0
95728.30128,663.2121,205,-26,-4470,5,57,-79,12,39,0
95728.30279,663.2136,428,-34,538,-5,48,-73,21,18,0
95728.30404,663.2149,-122,-31,-431,-11,39,-80,30,48,0
95728.30555,663.2164,314,64,-1977,4,-5,-77,29,64,0
95728.30691,663.2177,102,124,2655,-2,-2,-66,-7,92,0
95728.30823,663.2191,-14,17,-3699,12,-30,-92,-17,82,0
95728.34585,663.2567,307,175,810,-19,-2,-95,6,55,0
95728.34718,663.258,94,98,999,-25,18,-77,24,19,0
95728.3484,663.2592,131,63,-874,-17,9,-105,66,19,0
95728.37619,663.287,-258,58,4694,-8,20,-118,47,25,0
95728.37759,663.2884,-44,-37,544,-14,-1,-95,70,67,0
95728.37906,663.2899,425,76,4005,-28,7,-104,105,111,0
95728.39293,663.3038,87,54,1930,-3,26,-127,106,113,0
95728.39429,663.3051,97,-37,-1693,32,18,-131,55,109,0
95728.39554,663.3064,-164,120,2396,59,31,-117,36,121,0
95728.39702,663.3078,-4,64,-1217,48,53,-132,40,118,0
95728.3983,663.3091,396,9,1052,31,43,-154,65,109,0
95728.39986,663.3107,168,-66,-1073,6,109,-141,90,117,0
95728.43187,663.3427,395,-107,-1890,-15,94,-140,123,93,0
95728.43325,663.3441,291,37,1389,15,95,-131,122,99,0
95728.43454,663.3454,94,-185,-3613,28,50,-143,96,106,0
95728.47855,663.3894,426,-26,111,49,34,-166,107,71,0
95728.47996,663.3908,186,113,-1002,41,17,-134,120,60,0
95728.4815,663.3923,429,-5,-4120,27,-20,-117,100,43,0
95728.51346,663.4243,162,73,946,11,5,-118,78,17,0
95728.51481,663.4256,25,-89,-3032,25,2,-101,65,-1,0
95728.51636,663.4272,337,-62,188,8,31,-101,64,-33,0
95728.51791,663.4287,-75,-36,966,-4,84,-94,56,-28,0
95728.51927,663.4301,37,-137,-2103,-10,77,-75,48,-43,0
95728.52082,663.4316,47,42,1491,-10,113,-42,10,-32,0
95728.52225,663.4331,258,136,-3774,6,135,-60,-3,-16,0
95728.52674,663.4376,577,202,1161,12,164,-83,23,-55,0
95728.52818,663.439,139,175,573,11,182,-82,43,-98,0
95728.55207,663.4629,99,87,-2128,8,150,-88,-4,-92,0
95728.55342,663.4642,-196,-99,3339,5,149,-66,12,-80,0
95728.55474,663.4656,-265,-163,-3652,8,126,-39,-4,-69,0
95728.58872,663.4995,97,-59,1454,22,122,-86,-47,-51,0
95728.5901,663.5009,-201,97,2629,19,102,-99,-58,-17,0
95728.59156,663.5024,459,-24,-1064,33,51,-73,-79,-49,0
95728.59312,663.5039,348,40,4119,56,76,-3,-68,-29,0
95728.59447,663.5053,173,-26,-2666,69,61,-5,-91,-51,0
95728.59576,663.5066,408,26,409,62,58,-4,-64,-89,0
95728.63015,663.541,50,34,-823,60,71,-17,-49,-121,0
95728.63157,663.5424,148,-80,-2610,19,18,-12,-83,-137,0
95728.63291,663.5437,111,-73,854,44,58,-19,-94,-204,0
95728.63444,663.5453,-88,-267,-2927,53,52,-37,-78,-206,0
95728.63601,663.5468,277,-240,116,53,23,-39,-51,-174,0
95728.63748,663.5483,-59,-332,-553,50,40,11,-69,-155,0
95728.66137,663.5722,-37,-363,-1847,65,25,19,-53,-141,0
95728.6627,663.5735,-223,-324,1465,77,55,27,-63,-91,0
95728.66424,663.5751,-318,-366,-2491,91,44,8,-65,-61,0
95728.69318,663.604,60,-291,514,114,41,-11,-92,-78,0
95728.69465,663.6055,-140,-197,-391,117,54,-20,-112,-119,0
95728.69608,663.6069,142,-187,-2085,94,2,16,-121,-158,0
95728.72403,663.6349,84,-106,2510,99,28,14,-75,-149,0
95728.72545,663.6363,-154,-302,-2056,101,25,18,-72,-162,0
95728.72695,663.6378,48,-217,539,116,-13,20,-111,-174,0
95728.73269,663.6435,-291,-118,438,119,-1,9,-137,-128,0
95728.7342,663.645,179,-87,-915,136,-14,-4,-158,-140,0
95728.73554,663.6464,156,10,3035,127,28,-38,-143,-123,0
95728.79384,663.7047,158,-141,-1954,107,35,-39,-99,-144,0
95728.79534,663.7062,304,-149,1953,103,15,-53,-72,-109,0
95728.79677,663.7076,-82,-96,-949,88,37,-35,-40,-102,0
95728.81056,663.7214,239,-52,-2753,64,40,-74,-44,-112,0
95728.81213,663.723,17,14,3786,64,58,-84,-89,-94,0
95728.81358,663.7244,-206,-103,-2608,85,57,-101,-86,-96,0
95728.81519,663.726,260,-144,-480,75,26,-107,-65,-126,0
95728.81686,663.7277,-115,-108,-361,87,27,-98,-27,-106,0
95728.81826,663.7291,7,-197,-2948,105,21,-135,-14,-110,0
95728.84593,663.7568,-130,-158,2424,144,36,-134,-24,-109,0
95728.84739,663.7582,-128,-36,-2830,98,36,-94,-6,-109,0
95728.84871,663.7595,-6,-202,-1628,75,44,-79,16,-90,0
95728.85014,663.761,-437,-257,-1424,63,55,-45,1,-100,0
95728.8516,663.7624,-167,-233,-4730,86,12,-27,-10,-153,0
95728.85307,663.7639,-137,9,611,92,25,-36,-8,-162,0
95728.88505,663.7959,53,-90,-2091,90,-2,-46,-8,-122,0
95728.88638,663.7972,481,13,783,98,-38,-89,-16,-114,0
95728.89208,663.8029,209,99,-1128,66,-21,-111,-72,-119,0
95728.92004,663.8309,478,47,-2440,68,-56,-109,-63,-106,0
95728.92142,663.8322,488,366,1725,91,-45,-137,-74,-92,0
95728.92271,663.8335,189,219,-3885,98,-22,-110,-88,-106,0
95728.92412,663.8349,363,-19,826,83,-25,-133,-107,-92,0
95728.92535,663.8362,-332,-188,1211,84,8,-155,-85,-109,0
95728.9266,663.8374,-215,-263,-3199,75,-23,-145,-68,-114,0
95728.95674,663.8676,-354,-196,1840,58,2,-130,-69,-83,0
95728.95818,663.869,-369,-154,-2904,57,-24,-136,-63,-59,0
95728.95943,663.8703,-210,-50,-1079,65,-34,-144,-62,-54,0
95728.98898,663.8998,-506,30,640,79,-23,-156,-77,-9,0
95728.99036,663.9012,-53,109,-662,135,-71,-142,-114,30,0
95728.99172,663.9025,-292,271,2335,125,-52,-133,-90,65,0
95729.01957,663.9304,-473,42,-2780,128,-61,-118,-69,66,0
95729.02102,663.9318,-113,143,828,126,-98,-88,-62,75,0
95729.02226,663.9331,-588,-71,1087,115,-58,-65,-50,127,0
95729.02769,663.9385,-426,-204,-1506,106,-62,-38,-48,144,0
95729.02901,663.9398,-540,-5,2460,123,-32,-9,-5,145,0
95729.03039,663.9412,-679,-126,-1802,128,-15,-1,1,96,0
95729.05839,663.9692,-368,21,653,121,-2,-17,-19,100,0
95729.05975,663.9706,-733,40,1707,82,35,6,19,76,0
95729.06103,663.9719,-430,-78,-2902,76,34,4,-1,83,0
95729.06234,663.9732,-268,141,2860,109,44,-17,32,69,0
95729.06354,663.9744,-568,62,-2244,63,40,-18,15,56,0
95729.06498,663.9758,-320,-29,995,40,53,-41,19,64,0
95729.09931,664.0101,-574,71,1005,67,59,-65,13,23,0
95729.10073,664.0116,-249,97,-2623,48,24,-62,-9,-13,0
95729.1022,664.013,-199,318,2430,74,18,-27,22,-56,0
95729.15823,664.0691,-434,340,-540,97,12,8,13,-45,0
95729.15973,664.0706,-68,292,1617,92,-1,9,-1,-9,0
95729.1611,664.0719,-266,360,-73,114,-1,-10,0,-21,0
95729.16872,664.0795,-87,67,-2596,119,-24,11,-11,-5,0
95729.16997,664.0808,-191,165,2329,90,21,16,-42,-5,0
95729.17131,664.0821,-225,191,-3275,128,-27,29,-80,-22,0
95729.17267,664.0835,374,65,1552,144,-32,-2,-43,-22,0
95729.17851,664.0893,-321,122,3689,138,3,15,-41,-4,0
95729.17997,664.0908,-267,138,-1485,164,-32,24,-56,37,0
95729.21019,664.121,-385,294,2088,134,10,40,-77,36,0
95729.21173,664.1225,-524,151,-1737,101,-1,45,-79,78,0
95729.21306,664.1239,-205,192,-557,113,-43,48,-78,76,0
95729.21468,664.1255,-443,199,774,55,-61,77,-53,46,0
95729.21605,664.1269,-192,83,-2881,72,-96,78,-58,25,0
95729.21771,664.1285,-202,72,3442,77,-62,100,-39,44,0
95729.25786,664.1687,-385,-16,-1368,29,-64,77,-29,29,0
95729.25936,664.1702,-119,-166,193,-13,-78,59,-27,-7,0
95729.26071,664.1715,-431,-219,1656,-26,-56,34,2,-39,0
95729.29228,664.2031,-31,-197,-1331,-28,-92,30,9,-51,0
95729.29388,664.2047,-65,57,3259,-52,-87,12,-18,-69,0
95729.2953,664.2061,-66,-66,-925,-44,-87,-9,-41,-80,0
95729.29684,664.2077,318,128,3112,-20,-114,-16,-58,-60,0
95729.29816,664.209,-273,36,4846,-30,-72,-5,-31,-11,0
95729.29942,664.2102,-57,-118,-1102,-20,-122,-11,-30,-16,0
95729.33342,664.2442,-102,-139,4763,-34,-106,0,-26,5,0
95729.33495,664.2458,-211,-117,1262,-12,-94,-22,-15,-15,0
95729.33633,664.2472,348,-24,1678,-13,-88,-23,22,-13,0
95729.33785,664.2487,-76,-14,1691,-18,-86,-39,26,-25,0
95729.33909,664.2499,79,-304,-636,-30,-115,-30,1,-15,0
95729.34031,664.2511,-146,-216,3550,-42,-129,-76,-40,-37,0
95729.36399,664.2748,-331,-259,-211,-42,-141,-107,-43,-64,0
95729.36529,664.2761,193,-252,944,-72,-148,-137,-40,-69,0
95729.36655,664.2774,116,-249,2084,-87,-86,-142,-40,-57,0
95729.37203,664.2829,182,-309,-1036,-95,-79,-154,-29,-61,0
95729.3733,664.2841,182,-48,5111,-72,-56,-148,-2,-37,0
95729.37457,664.2854,-36,-134,340,-75,-88,-128,8,-10,0
95729.40857,664.3194,302,-150,2288,-71,-75,-106,16,-17,0
95729.41088,664.3217,-76,-9,1071,-96,-34,-85,-11,-29,0
95729.41302,664.3238,228,-126,-2852,-79,-14,-114,-31,-15,0
95729.43949,664.3503,134,76,2959,-78,6,-101,-35,-29,0
95729.44087,664.3517,45,16,-574,-116,30,-129,-49,9,0
95729.44241,664.3532,257,-6,-347,-107,52,-156,-42,-2,0
95729.47074,664.3816,-106,-23,1730,-97,80,-121,-25,-25,0
95729.47221,664.383,220,-187,-2765,-65,84,-103,-46,-48,0
95729.47346,664.3843,226,-277,2088,-40,86,-78,-73,-24,0
95729.47493,664.3858,-79,-393,-3232,-11,68,-105,-87,-41,0
95729.47626,664.3871,241,-503,12,-19,44,-138,-65,-60,0
95729.47754,664.3884,-20,-326,1431,6,68,-131,-36,-73,0
95729.50723,664.4181,268,-338,-1597,4,75,-156,-47,-97,0
95729.50849,664.4193,379,-244,5226,38,112,-148,-29,-94,0
95729.50973,664.4206,48,-200,605,102,78,-125,-44,-74,0
95729.5396,664.4504,506,-330,1511,99,69,-116,-53,-60,0
95729.54105,664.4519,274,-147,1041,118,61,-86,-24,-7,0
95729.54253,664.4534,307,-124,-4136,114,27,-53,-9,-9,0
95729.54702,664.4578,179,-143,1052,108,45,-49,4,-32,0
95729.54832,664.4591,67,-295,-1430,81,54,-33,12,-75,0
95729.54963,664.4605,475,-125,-596,57,43,-2,6,-82,0
95729.57747,664.4883,333,-99,890,65,71,12,31,-109,0
95729.57875,664.4896,595,-128,-3917,75,36,-17,57,-145,0
95729.57998,664.4908,445,-120,1251,79,74,-41,58,-179,0
95729.63004,664.5409,30,-37,-1858,77,81,-38,80,-175,0
95729.63161,664.5424,400,-108,422,97,86,-45,88,-200,0
95729.63315,664.544,-18,-183,1619,90,119,-37,45,-194,0
95729.63477,664.5456,127,-412,-1290,82,128,-46,13,-171,0
95729.63601,664.5468,136,-367,4224,65,105,-80,45,-171,0
95729.63729,664.5481,-84,-370,-1277,65,106,-74,54,-168,0
95729.6651,664.5759,197,-372,1002,72,91,-93,15,-168,0
95729.66663,664.5775,-175,-231,1136,56,128,-84,-4,-162,0
95729.66785,664.5787,-136,-372,-3698,34,84,-66,7,-179,0
95729.66927,664.5801,1,-162,1249,12,93,-57,49,-181,0
95729.67065,664.5815,-161,-162,-1742,6,75,-68,27,-180,0
95729.67192,664.5827,242,-193,1683,-8,53,-89,46,-173,0
95729.70433,664.6152,-50,-111,2926,0,117,-69,75,-155,0
95729.706,664.6168,64,-188,-2434,4,116,-70,60,-133,0
95729.70788,664.6187,122,-219,3570,8,143,-95,28,-94,0
95729.73768,664.6485,-315,-222,-782,42,148,-125,26,-80,0
95729.73911,664.6499,-23,-167,1481,38,123,-138,10,-78,0
95729.74501,664.6558,45,-50,2924,17,102,-104,2,-90,0
95729.74648,664.6573,113,-60,-12,12,84,-90,23,-82,0
95729.74774,664.6586,-240,-57,4402,34,82,-75,61,-38,0
95729.74897,664.6598,-566,-130,-1255,53,42,-59,59,-27,0
95729.77292,664.6837,-130,126,-134,85,61,-4,46,-78,0
95729.77438,664.6852,-400,21,1302,80,93,-2,47,-83,0
95729.7756,664.6864,-99,10,-3416,80,55,-7,49,-79,0
95729.80148,664.7123,-147,13,2737,69,50,3,44,-62,0
95729.80291,664.7137,-430,-229,-1497,65,78,23,-3,-91,0
95729.80438,664.7152,192,-287,-1675,80,97,4,-12,-77,0
95729.84038,664.7512,198,-85,458,97,105,9,-25,-48,0
95729.8419,664.7527,407,-303,-2870,90,99,-17,-34,-36,0
95729.84329,664.7541,316,-127,508,80,128,2,-43,-65,0
95729.84474,664.7556,51,-155,-1829,85,121,41,-46,-75,0
95729.84604,664.7569,583,-143,-799,84,111,20,-35,-66,0
95729.84741,664.7582,419,-67,-595,68,132,5,-54,-78,0
95729.8953,664.8061,20,18,-4427,63,116,-13,-96,-66,0
95729.89677,664.8076,122,-18,866,72,128,-49,-89,-70,0
95729.89816,664.809,31,-108,-3222,67,142,-32,-83,-68,0
95729.89966,664.8105,493,-100,-677,61,93,-4,-69,-28,0
95729.90094,664.8118,57,-77,1989,35,114,34,-62,18,0
95729.90225,664.8131,144,-73,-2190,18,64,12,-80,46,0
95729.93419,664.845,223,61,4749,8,48,-8,-93,52,0
95729.93559,664.8464,12,19,1133,-5,48,-32,-100,67,0
95729.93687,664.8477,532,-99,-19,-7,77,-38,-74,63,0
95729.93836,664.8492,366,166,3548,-14,122,-57,-66,75,0
95729.9396,664.8504,232,184,-1398,19,102,-67,-82,87,0
95729.94102,664.8518,232,123,3494,39,117,-89,-60,116,0
95729.98925,664.9001,-9,182,-1875,42,110,-95,-73,120,0
95729.99068,664.9015,376,37,-176,51,69,-106,-92,87,0
95729.99203,664.9029,-4,-79,1015,58,101,-93,-63,104,0
95729.99638,664.9072,229,-49,-1690,95,78,-77,-71,97,0
95729.99771,664.9085,231,142,2360,123,92,-65,-61,122,0
95729.99909,664.9099,-62,111,-2840,133,84,-52,-53,125,0
95730.02899,664.9398,-115,112,-393,150,66,-30,-51,127,0
95730.03057,664.9414,-798,59,2114,163,79,-20,-15,146,0
95730.03637,664.9472,-820,-112,-3515,160,43,-17,-5,149,0
95730.03786,664.9487,-839,41,1748,158,51,-60,21,140,0
95730.03915,664.95,-1069,46,-120,160,87,-64,14,146,0
95730.04036,664.9512,-803,26,-579,137,78,-73,-8,127,0
95730.06615,664.977,-1137,135,1171,137,92,-66,0,124,0
95730.06765,664.9785,-978,71,-4252,129,55,-39,-37,89,0
95730.0689,664.9797,-685,169,47,134,83,-25,-65,77,0
95730.0726,664.9834,-870,82,-4545,157,58,-18,-107,41,0
95730.07396,664.9848,-484,74,-3744,119,50,-18,-112,13,0
95730.07531,664.9861,-770,73,203,150,111,-25,-67,18,0
