timestamp,relative_time,Ch1,Ch2,Ch3,Ch4,Ch5,Ch6,Ch7,Ch8,Ch9
238636.4215,1183.0315,-154,-82,275,59,-63,9,-156,-327,0
238636.424,1183.034,-144,-121,-259,85,-46,9,-148,-269,0
238636.4273,1183.0373,182,-102,-183,33,-35,6,-156,-242,0
238636.4492,1183.0591,266,9,12,15,-50,-4,-168,-249,0
238636.4552,1183.0652,240,-120,40,-1,-49,-3,-176,-254,0
238636.4616,1183.0716,402,-33,-521,11,-57,15,-172,-237,0
238636.465,1183.075,491,151,-297,21,-51,18,-177,-234,0
238636.4746,1183.0846,307,32,-1061,79,-34,15,-216,-270,0
238636.4799,1183.0899,166,106,-503,89,-33,33,-189,-308,0
238636.4856,1183.0956,54,59,-739,92,-12,39,-191,-343,0
238636.4932,1183.1031,-71,-111,-1820,69,25,47,-185,-380,0
238636.4976,1183.1076,-70,-176,-2390,82,25,33,-167,-395,0
238636.5027,1183.1127,270,135,-1780,71,-11,57,-196,-316,0
238636.5067,1183.1167,295,46,-1207,72,-41,46,-217,-243,0
238636.5122,1183.1222,202,-107,-1073,47,-54,34,-231,-211,0
238636.5186,1183.1286,311,-246,-1689,4,-23,39,-252,-232,0
238636.5247,1183.1347,378,-115,-1602,-32,13,36,-273,-266,0
238636.531,1183.141,514,-104,-1450,-5,34,43,-268,-321,0
238636.5383,1183.1482,697,72,-1443,16,69,54,-258,-355,0
238636.5447,1183.1547,545,9,-898,3,72,97,-245,-402,0
238636.5482,1183.1581,389,-227,-1371,11,51,118,-251,-398,0
238636.5608,1183.1708,589,-158,-1486,15,7,128,-267,-404,0
238636.5635,1183.1735,412,-80,-1546,4,25,148,-254,-367,0
238636.5658,1183.1758,358,-22,-1533,-1,9,98,-211,-328,0
238636.6023,1183.2123,590,208,-1175,5,-4,75,-160,-259,0
238636.604,1183.214,629,271,-1034,4,0,73,-139,-202,0
238636.6066,1183.2165,530,139,-817,10,-23,42,-114,-109,0
238636.6339,1183.2439,466,61,-555,-16,-12,7,-99,-48,0
238636.6364,1183.2464,519,26,259,-16,16,-28,-83,-19,0
238636.6388,1183.2488,605,-62,409,-32,11,-51,-68,-7,0
238636.6436,1183.2536,653,-135,-815,-13,6,-78,-32,53,0
238636.6462,1183.2562,644,-193,-893,-27,-15,-100,-38,99,0
238636.6477,1183.2577,716,-209,-426,-23,-56,-100,-7,148,0
238636.6721,1183.2821,602,-374,-150,-49,-46,-76,-11,216,0
238636.6747,1183.2847,524,-272,61,-82,5,-69,-8,247,0
238636.6845,1183.2945,260,-362,-460,-86,6,-55,-4,235,0
238636.6902,1183.3002,330,-264,-585,-74,9,-49,25,253,0
238636.6932,1183.3032,608,-134,-459,-53,9,-43,28,258,0
238636.6959,1183.3059,747,-181,-476,-19,35,-27,51,274,0
238636.717,1183.327,573,-258,-149,0,32,-40,34,264,0
238636.7194,1183.3294,708,-98,-93,-13,15,-80,7,262,0
238636.7216,1183.3316,716,-118,171,-37,33,-68,9,220,0
238636.7268,1183.3368,380,-253,305,-40,57,-59,24,203,0
238636.7292,1183.3392,228,-414,741,-45,44,-67,41,179,0
238636.7319,1183.3419,324,-411,1094,-48,47,-66,42,159,0
238636.7574,1183.3674,108,-417,180,-36,59,-36,59,159,0
238636.7598,1183.3698,161,-411,364,3,58,-47,51,167,0
238636.7622,1183.3722,287,-317,627,21,80,-41,29,200,0
238636.8292,1183.4392,556,-414,1115,19,77,-20,23,220,0
238636.8317,1183.4417,697,-359,1326,67,80,9,33,184,0
238636.8338,1183.4438,384,-524,944,101,101,13,43,170,0
238636.8355,1183.4454,327,-509,1227,97,107,32,39,184,0
238636.8369,1183.4469,248,-531,891,56,95,50,9,174,0
238636.8393,1183.4493,326,-416,707,56,67,66,12,142,0
238636.8408,1183.4508,345,-499,843,46,54,79,2,147,0
238636.8425,1183.4525,325,-507,142,22,38,86,-5,110,0
238636.8448,1183.4548,43,-628,-201,14,38,92,-6,91,0
238636.8778,1183.4878,32,-537,-176,5,52,71,16,60,0
238636.8881,1183.498,83,-271,298,-14,63,65,6,19,0
238636.8985,1183.5085,41,-300,224,-4,37,36,6,-22,0
238636.9028,1183.5128,-71,-351,-456,-5,43,50,-9,-19,0
238636.9059,1183.5158,213,-118,-161,19,54,48,-55,-52,0
238636.9085,1183.5185,171,-142,232,53,63,27,-57,-82,0
238636.9361,1183.5461,230,-259,-421,49,36,-5,-21,-110,0
238636.9412,1183.5512,113,-243,-385,38,17,-30,-27,-98,0
238636.9457,1183.5556,-134,-411,-286,34,-9,-61,-43,-93,0
238636.9494,1183.5594,-265,-353,-188,-9,-16,-23,-10,-135,0
238636.9522,1183.5622,-355,-357,-346,0,-28,5,-14,-159,0
238636.9546,1183.5645,-423,-341,253,12,-37,-4,-28,-150,0
238636.96,1183.57,-190,-320,548,59,-23,4,-11,-136,0
238636.9625,1183.5725,-108,-265,257,54,1,22,-17,-133,0
238636.9649,1183.5749,-375,-313,510,71,0,3,3,-89,0
238636.9881,1183.5981,-243,-235,936,78,20,29,-8,-94,0
238636.9903,1183.6003,-167,-249,925,116,61,32,-28,-107,0
238636.9932,1183.6032,-172,-354,595,136,75,35,-46,-104,0
238637.0042,1183.6142,-74,-416,359,133,83,55,-37,-124,0
238637.0058,1183.6158,133,-312,601,133,89,43,-37,-99,0
238637.0075,1183.6174,89,-268,752,131,76,14,-46,-67,0
238637.0327,1183.6427,201,-202,1104,145,82,-3,-46,-60,0
238637.0355,1183.6454,297,-190,1165,157,101,-9,-56,-93,0
238637.0378,1183.6478,125,-260,599,197,105,-11,-58,-102,0
238637.0574,1183.6674,175,-174,398,203,92,-40,-42,-77,0
238637.061,1183.671,80,-141,668,185,83,-19,-46,-31,0
238637.0692,1183.6792,-133,-211,382,167,56,-15,-49,2,0
238637.0861,1183.6961,-526,-285,-60,165,65,-56,-51,36,0
238637.0896,1183.6996,-467,-125,-374,134,76,-40,-62,51,0
238637.0927,1183.7027,-389,-110,-651,133,53,-24,-42,66,0
238637.0972,1183.7072,-411,-9,-516,155,24,-24,-26,106,0
238637.1005,1183.7105,-530,78,-48,164,17,-32,-52,140,0
238637.1039,1183.7139,-512,41,-21,194,1,-12,-58,186,0
238637.1218,1183.7318,-388,-84,-695,183,-11,10,-24,215,0
238637.1242,1183.7342,-549,-248,-1089,181,-30,20,-3,223,0
238637.1266,1183.7366,-466,-220,-521,178,-61,7,-3,219,0
238637.1783,1183.7883,-309,-79,317,182,-14,3,-8,230,0
238637.181,1183.7909,-399,-72,555,176,4,7,22,193,0
238637.1835,1183.7935,-332,-149,-346,192,2,4,61,175,0
238637.1995,1183.8095,-358,-267,147,221,-8,-3,52,152,0
238637.202,1183.812,15,59,869,215,-27,-32,48,169,0
238637.2044,1183.8144,39,93,403,190,-41,-6,59,195,0
238637.2083,1183.8182,-10,21,31,176,-25,1,17,207,0
238637.2109,1183.8209,-276,-61,358,156,-25,-11,17,230,0
238637.2132,1183.8232,-9,89,427,173,-13,-7,69,205,0
238637.2162,1183.8261,160,121,158,155,-27,-12,80,211,0
238637.2186,1183.8285,177,86,450,161,-49,-42,76,238,0
238637.221,1183.8309,-86,149,511,160,-49,-87,62,267,0
238637.2397,1183.8497,-8,103,-180,162,-56,-78,54,240,0
238637.2436,1183.8536,49,7,158,180,-65,-84,43,260,0
238637.2589,1183.8689,-144,-87,401,202,-57,-77,28,251,0
238637.2622,1183.8722,-54,-134,783,216,-37,-75,-2,237,0
238637.2649,1183.8749,264,-196,1202,193,-53,-63,14,245,0
238637.2678,1183.8778,227,-192,-209,138,-90,-72,21,239,0
238637.2821,1183.8921,238,-86,-175,44,-115,-65,36,254,0
238637.2846,1183.8946,244,-56,173,22,-106,-73,17,225,0
238637.2872,1183.8972,174,-185,463,44,-79,-83,20,200,0
238637.3106,1183.9206,61,-260,51,57,-56,-81,7,182,0
238637.3125,1183.9225,-61,-231,-288,42,-40,-53,-16,209,0
238637.3144,1183.9244,201,-260,-69,17,-8,-33,-23,243,0
238637.3391,1183.9491,234,-249,159,25,-16,-40,-4,220,0
238637.3417,1183.9517,259,-373,767,39,-34,-53,-33,150,0
238637.3444,1183.9544,51,-571,613,55,-43,-45,-17,106,0
238637.3535,1183.9635,146,-546,318,59,-35,-48,3,65,0
238637.356,1183.966,454,-368,-32,71,-32,-85,-25,31,0
238637.3588,1183.9688,551,-340,249,84,-9,-99,-26,28,0
238637.3729,1183.9829,548,-305,170,107,18,-82,-33,26,0
238637.3759,1183.9859,550,-280,711,105,24,-72,-54,-9,0
238637.3781,1183.9881,199,-557,333,97,6,-48,-73,-24,0
238637.4283,1184.0383,53,-650,542,83,1,-14,-46,-7,0
238637.4307,1184.0406,136,-640,633,92,29,14,-42,16,0
238637.433,1184.0429,51,-645,1033,85,33,19,-22,25,0
238637.436,1184.046,74,-555,690,68,40,0,-14,0,0
238637.4386,1184.0485,24,-590,16,80,59,-38,-25,37,0
238637.4416,1184.0516,22,-629,408,52,24,-11,-16,87,0
238637.45,1184.06,-105,-577,441,23,12,-23,-4,100,0
238637.4524,1184.0623,-190,-497,218,37,11,1,0,59,0
238637.455,1184.0649,-147,-478,-57,58,72,-18,20,42,0
238637.4787,1184.0887,63,-395,-1140,72,58,-17,35,-12,0
238637.484,1184.094,417,-158,-1293,78,46,-47,53,-48,0
238637.4891,1184.0991,544,-62,-1871,92,30,-53,51,-107,0
238637.5122,1184.1222,946,133,-2333,149,41,-67,34,-145,0
238637.5176,1184.1276,855,47,-2730,190,77,-66,5,-108,0
238637.5293,1184.1393,860,-148,-4069,187,94,-65,-18,-96,0
238637.5558,1184.1658,1278,-122,-3415,214,74,-51,-44,-126,0
238637.5698,1184.1798,1158,-337,-2850,228,51,-50,-57,-166,0
238637.6148,1184.2248,1083,-257,-3417,231,50,-39,-44,-186,0
238637.6356,1184.2456,1237,-216,-2230,210,26,-33,-32,-118,0
238637.647,1184.257,890,-294,-2607,158,36,-60,-45,-104,0
238637.6531,1184.2631,809,-289,-2708,133,15,-72,-79,-126,0
238637.6605,1184.2705,807,-197,-2096,168,-26,-98,-107,-125,0
238637.6627,1184.2727,690,-381,-2132,146,-44,-105,-119,-104,0
238637.6677,1184.2776,680,-411,-1038,158,-73,-95,-126,-91,0
238637.6755,1184.2855,344,-575,-2115,217,-60,-81,-175,-85,0
238637.6802,1184.2902,231,-817,-1226,239,-35,-84,-187,-77,0
238637.6837,1184.2937,328,-962,-427,247,-36,-86,-161,-53,0
238637.6875,1184.2975,160,-1060,-445,245,-66,-79,-131,-11,0
238637.6901,1184.3001,126,-877,70,244,-105,-82,-107,13,0
238637.6953,1184.3053,90,-806,-619,268,-102,-69,-72,40,0
238637.6984,1184.3084,18,-837,80,282,-102,-75,-106,57,0
238637.701,1184.311,-56,-852,634,279,-106,-80,-105,63,0
238637.7036,1184.3136,10,-802,-150,248,-102,-57,-96,39,0
238637.7066,1184.3165,0,-934,-239,235,-99,-56,-85,-16,0
238637.709,1184.319,-170,-1124,-1022,262,-97,-50,-114,-40,0
238637.7115,1184.3214,-124,-1040,-252,259,-112,-22,-107,-44,0
238637.7141,1184.3241,-145,-968,-105,210,-124,-34,-92,-75,0
238637.7165,1184.3264,-96,-977,-530,235,-114,-80,-109,-126,0
238637.7189,1184.3289,-117,-989,-149,247,-92,-93,-148,-129,0
238637.7233,1184.3333,-219,-970,-966,263,-111,-93,-174,-157,0
238637.7276,1184.3376,-105,-807,-1031,264,-152,-94,-163,-150,0
238637.7313,1184.3413,-152,-852,-641,251,-149,-94,-129,-97,0
238637.7555,1184.3654,-328,-939,-1022,290,-147,-113,-88,-65,0
238637.7583,1184.3683,-382,-1032,-704,294,-141,-147,-79,-11,0
238637.7623,1184.3723,-214,-1085,-1047,255,-146,-169,-85,9,0
238637.7675,1184.3775,-137,-1113,-206,221,-120,-171,-76,53,0
238637.776,1184.386,60,-975,858,194,-88,-162,-67,80,0
238637.7795,1184.3895,-22,-984,709,164,-78,-117,-15,90,0
238637.7949,1184.4049,-224,-1053,880,180,-40,-121,42,43,0
238637.7986,1184.4086,-329,-1060,287,194,-44,-139,43,1,0
238637.8055,1184.4154,-438,-1076,11,202,-61,-151,32,-81,0
238637.8172,1184.4272,-359,-1031,-165,195,-61,-134,38,-112,0
238637.8219,1184.4319,-307,-1041,-156,167,-18,-126,55,-94,0
238637.8258,1184.4358,-37,-915,174,163,-8,-113,52,-39,0
238637.8289,1184.4389,-152,-855,-384,191,-27,-65,55,-39,0
238637.8323,1184.4423,10,-950,-127,167,-51,-42,24,-11,0
238637.8347,1184.4447,-32,-935,-188,117,-62,-36,24,-32,0
238637.862,1184.472,51,-791,-231,91,-56,-16,22,1,0
238637.8653,1184.4753,240,-637,-94,108,-48,-5,21,52,0
238637.8709,1184.4809,119,-680,-713,94,-38,-24,-6,113,0
238637.9028,1184.5128,122,-635,20,85,-39,-43,-11,157,0
238637.9089,1184.5189,125,-604,1124,64,-29,-63,18,207,0
238637.918,1184.528,216,-453,1188,31,-9,-54,22,240,0
238637.9331,1184.5431,145,-416,998,-13,-25,-41,32,286,0
238637.9369,1184.5469,12,-438,1015,-32,-53,-68,27,349,0
238637.9427,1184.5527,-24,-300,968,-35,-48,-35,68,351,0
238637.9531,1184.5631,222,-280,1163,-39,-55,-26,68,336,0
238637.9639,1184.5738,298,-420,734,-42,-60,-32,31,298,0
238637.974,1184.584,76,-666,647,-3,-33,-17,10,267,0
238637.9877,1184.5976,-244,-691,556,39,35,-7,-7,213,0
238637.9943,1184.6043,-145,-624,730,37,31,-17,-12,121,0
238638.0067,1184.6167,-38,-505,783,19,-24,-36,-10,65,0
238638.0223,1184.6323,-2,-418,443,41,-28,-50,-27,9,0
238638.0304,1184.6403,-84,-583,-268,67,13,-47,-22,34,0
238638.0474,1184.6574,-38,-588,-992,80,-7,-62,-38,42,0
238638.0559,1184.6659,15,-489,-668,79,-18,-87,-42,43,0
238638.0625,1184.6725,77,-347,123,86,19,-70,-48,16,0
238638.0701,1184.6801,103,-354,-224,100,30,-60,-19,-12,0
238638.075,1184.685,190,-229,19,107,1,-71,-20,-10,0
238638.0786,1184.6886,-4,-303,-327,147,-29,-66,-35,-15,0
238638.0814,1184.6914,191,-221,-44,157,-8,-86,-49,-10,0
238638.0843,1184.6943,141,-319,-7,142,-28,-99,-26,-7,0
238638.0868,1184.6968,60,-374,-86,106,-27,-105,-23,-7,0
238638.0895,1184.6995,116,-300,-146,111,-4,-83,-66,-43,0
238638.0922,1184.7022,338,-242,-199,132,15,-49,-76,-50,0
238638.0954,1184.7054,475,-321,83,119,29,-32,-66,-87,0
238638.107,1184.717,607,-424,172,131,42,2,-61,-70,0
238638.1109,1184.7209,743,-612,79,135,44,6,-50,-62,0
238638.1143,1184.7243,911,-538,-63,147,41,30,-41,-44,0
238638.1167,1184.7267,765,-553,-702,163,27,38,-58,-2,0
238638.1333,1184.7433,656,-667,-932,139,20,16,-48,5,0
238638.1356,1184.7456,723,-690,-702,112,9,-18,-21,-20,0
238638.1379,1184.7479,592,-642,-808,90,-27,-16,-15,22,0
238638.153,1184.763,484,-655,-1070,109,-42,17,-29,42,0
238638.1577,1184.7677,183,-698,-1603,133,-6,49,-40,73,0
238638.1608,1184.7708,276,-657,-1603,153,24,38,-21,175,0
238638.1712,1184.7812,582,-638,-953,135,14,12,-29,251,0
238638.1745,1184.7844,907,-601,-382,97,15,-4,-34,277,0
238638.1771,1184.7871,788,-701,-474,108,-45,7,-32,307,0
238638.2124,1184.8224,715,-645,-884,104,-56,2,-41,334,0
238638.2202,1184.8302,515,-721,-624,114,-44,-18,-56,362,0
238638.2258,1184.8358,458,-701,-114,146,-35,-27,-24,402,0
238638.2369,1184.8469,335,-874,-373,159,-40,-35,-18,432,0
238638.2399,1184.8499,380,-669,-188,140,-58,-24,-2,460,0
238638.2445,1184.8545,412,-639,-453,118,-60,-29,46,455,0
238638.2488,1184.8588,486,-704,141,106,-69,-50,60,456,0
238638.2524,1184.8624,340,-637,729,104,-31,-60,55,408,0
238638.2553,1184.8653,544,-454,21,118,-48,-29,65,385,0
238638.2736,1184.8836,675,-408,-116,98,-56,-21,61,385,0
238638.278,1184.888,430,-580,-976,105,-42,-39,55,373,0
238638.2824,1184.8924,390,-580,-605,119,-47,-65,67,365,0
238638.3259,1184.9359,548,-620,-112,123,-37,-72,50,325,0
238638.3362,1184.9462,496,-741,123,118,-23,-57,18,278,0
238638.3423,1184.9523,326,-920,15,132,18,-70,5,260,0
238638.3495,1184.9595,341,-768,-979,132,-7,-40,15,245,0
238638.3589,1184.9689,247,-714,-813,137,-12,-17,13,169,0
238638.3728,1184.9828,69,-744,-314,138,-7,-32,-8,127,0
238638.3862,1184.9962,261,-650,280,158,8,-11,6,103,0
238638.3997,1185.0096,217,-622,659,172,0,42,6,69,0
238638.4029,1185.0129,124,-686,-94,188,45,52,10,21,0
238638.4076,1185.0176,198,-699,-262,178,96,25,39,38,0
238638.4147,1185.0247,395,-623,-179,155,114,23,34,27,0
238638.4375,1185.0475,391,-579,-381,195,88,40,5,-7,0
238638.4475,1185.0575,428,-542,-921,206,80,103,-3,-40,0
238638.4532,1185.0632,338,-465,-1414,193,90,152,-26,-39,0
238638.4606,1185.0706,321,-480,-1457,179,103,151,-32,-77,0
238638.4652,1185.0752,345,-575,-1503,156,90,102,-32,-127,0
238638.4693,1185.0793,454,-485,-1413,137,85,87,-63,-136,0
238638.4715,1185.0815,586,-581,-1104,106,72,91,-62,-149,0
238638.4748,1185.0848,454,-556,-1117,90,42,101,-52,-184,0
238638.4773,1185.0873,375,-501,-851,62,30,94,-53,-207,0
238638.4796,1185.0896,455,-482,-958,42,38,100,-79,-211,0
238638.4824,1185.0924,435,-549,-1449,17,76,101,-105,-216,0
238638.4852,1185.0952,424,-649,-1254,16,101,100,-95,-207,0
238638.4879,1185.0978,365,-772,-1587,33,157,74,-90,-182,0
238638.4907,1185.1007,471,-742,-1454,44,200,87,-83,-182,0
238638.4934,1185.1034,535,-555,-1064,61,214,64,-79,-191,0
238638.4973,1185.1073,473,-762,-1467,57,174,65,-64,-188,0
238638.5123,1185.1223,541,-716,-1139,60,174,65,-30,-198,0
238638.5147,1185.1246,606,-830,-1465,47,191,82,2,-209,0
238638.5177,1185.1277,546,-808,-1755,57,188,73,6,-272,0
238638.5333,1185.1433,580,-714,-1697,48,173,37,26,-265,0
238638.5356,1185.1455,626,-578,-1684,78,158,39,43,-220,0
238638.5385,1185.1484,588,-489,-1372,71,206,44,14,-186,0
238638.5521,1185.1621,261,-468,-1273,70,207,33,24,-161,0
238638.5543,1185.1643,312,-308,-239,91,212,16,46,-109,0
238638.5566,1185.1666,473,-209,390,80,201,29,42,-60,0
238638.5838,1185.1938,435,-252,551,25,203,12,42,-44,0
238638.5863,1185.1963,290,-297,265,25,194,-47,49,-52,0
238638.5896,1185.1995,195,-382,-386,24,172,-58,67,-81,0
238638.6131,1185.223,83,-397,-423,24,155,-44,47,-141,0
238638.6162,1185.2262,68,-327,400,56,141,-35,48,-177,0
238638.6191,1185.2291,-26,-432,650,100,161,-44,63,-164,0
238638.634,1185.244,-222,-632,866,105,126,-41,60,-162,0
238638.6367,1185.2467,-435,-741,582,61,110,-48,38,-177,0
238638.6394,1185.2494,-486,-617,1008,77,91,-63,11,-213,0
238638.6925,1185.3025,-489,-514,1317,79,104,-32,19,-230,0
238638.6956,1185.3055,-534,-515,1146,70,93,-53,-12,-228,0
238638.6988,1185.3088,-554,-592,978,58,100,-31,-20,-169,0
238638.7028,1185.3128,-652,-632,663,64,67,-14,-4,-145,0
238638.7059,1185.3159,-501,-652,1149,76,20,4,45,-102,0
238638.7085,1185.3184,-279,-705,1443,44,37,9,88,-69,0
238638.7112,1185.3212,-254,-736,861,1,74,24,70,-9,0
238638.7138,1185.3238,-254,-663,1043,-23,74,8,59,-17,0
238638.7163,1185.3262,-307,-625,1079,-21,75,2,30,-32,0
238638.7193,1185.3293,-225,-742,774,-10,94,2,46,-17,0
238638.7218,1185.3318,-50,-778,1038,-12,79,4,33,-7,0
238638.7242,1185.3342,-15,-751,373,-5,37,48,2,-4,0
238638.7445,1185.3545,-124,-699,-27,-4,-20,59,-22,27,0
238638.7477,1185.3576,-323,-789,-776,-8,-31,72,5,23,0
238638.7506,1185.3606,-130,-740,-828,-34,-20,71,11,26,0
238638.7768,1185.3868,-100,-650,-1053,-40,-32,59,-18,8,0
238638.78,1185.39,-223,-608,-1807,-43,-43,39,13,-12,0
238638.7815,1185.3915,-130,-762,-1730,-65,-51,40,22,-41,0
238638.7929,1185.4029,-59,-819,-1937,-92,-88,72,7,-1,0
238638.7955,1185.4054,-155,-817,-1797,-141,-114,67,-6,53,0
238638.7985,1185.4084,-15,-860,-1743,-130,-102,83,7,118,0
238638.8197,1185.4297,112,-963,-2224,-123,-80,75,3,153,0
238638.8221,1185.4321,76,-904,-1958,-126,-84,132,38,208,0
238638.8247,1185.4347,-220,-905,-2715,-99,-75,122,73,279,0
238638.8467,1185.4567,-34,-1000,-2612,-76,-75,103,108,342,0
238638.8495,1185.4594,137,-975,-2297,-82,-71,108,130,353,0
238638.8519,1185.4619,207,-852,-2786,-127,-78,113,129,393,0
238638.8657,1185.4757,364,-711,-2563,-124,-63,115,141,459,0
238638.8688,1185.4788,272,-754,-3042,-104,-54,127,164,504,0
238638.8726,1185.4826,205,-935,-3218,-93,-83,108,184,533,0
238638.8835,1185.4935,154,-913,-2912,-89,-71,82,184,592,0
238638.8861,1185.4961,229,-950,-2816,-101,-81,70,172,612,0
238638.8888,1185.4988,206,-1038,-2599,-129,-82,68,180,612,0
238638.9119,1185.5219,266,-1146,-2842,-147,-70,94,224,594,0
238638.9153,1185.5252,298,-991,-3075,-163,-55,137,228,571,0
238638.9324,1185.5423,370,-1016,-3212,-149,-64,150,247,531,0
238638.9392,1185.5492,391,-1147,-3712,-160,-72,140,263,415,0
238638.9425,1185.5525,526,-1147,-3605,-117,-67,113,247,341,0
238638.9457,1185.5557,554,-1169,-4090,-100,-97,85,251,347,0
238638.9564,1185.5664,452,-1120,-3657,-95,-78,81,267,339,0
238638.9596,1185.5695,263,-1139,-3043,-109,-88,57,249,301,0
238638.9642,1185.5742,5,-1277,-3266,-69,-78,18,254,279,0
238639.0202,1185.6302,-134,-1371,-2701,-27,-99,19,268,220,0
238639.0249,1185.6349,-301,-1278,-3106,0,-86,39,244,177,0
238639.0291,1185.6391,-330,-1234,-2930,-21,-74,71,223,209,0
238639.0382,1185.6482,-61,-1228,-2354,-38,-61,57,209,229,0
238639.0407,1185.6506,-160,-1171,-2760,-42,-63,64,179,222,0
238639.0431,1185.653,-112,-1133,-2690,-41,-45,52,151,198,0
238639.0466,1185.6566,-268,-1149,-2729,-61,-15,38,129,201,0
238639.0492,1185.6591,-172,-1174,-2685,-39,-18,15,124,236,0
238639.0523,1185.6623,-221,-986,-2069,-51,1,0,103,243,0
238639.0694,1185.6794,-114,-949,-1918,-40,12,-34,97,236,0
238639.0737,1185.6837,18,-915,-1817,-8,35,-47,81,236,0
238639.0766,1185.6866,-261,-1074,-2292,-12,58,-10,61,184,0
238639.0826,1185.6925,-220,-999,-2720,4,48,-16,62,189,0
238639.0872,1185.6972,-16,-895,-2492,12,34,2,62,231,0
238639.0928,1185.7028,-83,-900,-2538,-18,48,25,61,241,0
238639.1125,1185.7225,-261,-896,-1953,-34,55,21,45,194,0
238639.115,1185.725,-304,-829,-2286,-28,74,15,58,200,0
238639.1174,1185.7274,-324,-741,-2450,-24,66,18,54,218,0
238639.1305,1185.7405,-66,-699,-2173,-35,47,-6,33,265,0
238639.1329,1185.7429,178,-705,-2126,-76,48,7,21,268,0
238639.1359,1185.7459,115,-722,-2044,-104,82,37,35,289,0
238639.1686,1185.7786,-260,-884,-2345,-108,78,20,45,325,0
238639.1716,1185.7816,-88,-969,-1862,-89,68,-8,59,332,0
238639.1755,1185.7854,158,-985,-1265,-79,36,-17,92,377,0
238639.2107,1185.8207,-108,-1018,-1548,-82,23,-9,95,396,0
238639.2206,1185.8305,-57,-951,-1482,-81,19,-6,109,392,0
238639.2341,1185.8441,125,-870,-2341,-119,25,-32,134,355,0
238639.2708,1185.8808,291,-865,-2699,-158,11,-59,185,396,0
238639.2785,1185.8885,400,-967,-2522,-130,-9,-77,178,446,0
238639.2862,1185.8962,343,-1005,-2640,-158,-34,-55,165,443,0
238639.292,1185.902,330,-1029,-2406,-145,-52,-71,182,436,0
238639.2974,1185.9074,251,-1060,-2511,-130,-25,-57,203,436,0
238639.3049,1185.9149,224,-1072,-2272,-100,15,-45,159,388,0
238639.3172,1185.9272,188,-952,-2475,-66,44,-73,108,338,0
238639.3272,1185.9372,71,-863,-3127,-13,60,-49,97,290,0
238639.3308,1185.9408,-22,-877,-3810,64,89,-38,69,258,0
238639.3338,1185.9438,-49,-934,-4490,99,109,-70,36,238,0
238639.3361,1185.9461,106,-798,-4707,73,131,-108,5,200,0
238639.3384,1185.9483,265,-755,-4309,53,114,-135,23,129,0
238639.3416,1185.9516,274,-871,-4547,45,132,-145,35,89,0
238639.3442,1185.9542,51,-980,-4371,56,124,-153,29,43,0
238639.3466,1185.9566,-143,-1123,-4766,54,104,-144,17,78,0
238639.3494,1185.9594,-196,-1037,-4852,49,80,-168,-15,140,0
238639.3518,1185.9618,-169,-969,-4302,46,66,-156,-23,134,0
238639.3542,1185.9642,-305,-937,-4820,70,73,-179,-18,124,0
238639.3631,1185.973,-310,-925,-4807,83,79,-169,6,155,0
238639.3658,1185.9758,-140,-845,-4973,91,59,-189,29,132,0
238639.3683,1185.9783,-124,-858,-5090,84,18,-188,75,139,0
238639.3909,1186.0009,-110,-767,-4820,66,3,-182,71,164,0
238639.3935,1186.0035,60,-754,-5278,50,0,-187,51,140,0
238639.3959,1186.0059,175,-724,-5272,69,26,-218,34,92,0
238639.4449,1186.0548,107,-711,-5119,72,38,-230,28,46,0
238639.4474,1186.0574,-73,-713,-5393,63,24,-230,20,-40,0
238639.4503,1186.0603,10,-677,-5314,39,34,-227,30,-104,0
238639.4602,1186.0702,-78,-719,-5610,11,26,-213,-1,-122,0
238639.4729,1186.0828,-160,-599,-5256,-5,32,-220,-35,-178,0
238639.4778,1186.0877,-215,-597,-5535,24,11,-199,-55,-233,0
238639.4847,1186.0947,-72,-617,-5479,62,14,-189,-48,-255,0
238639.495,1186.105,76,-676,-5574,67,17,-157,-44,-280,0
238639.4989,1186.1088,93,-595,-5605,78,0,-147,-61,-318,0
238639.503,1186.1129,-5,-642,-5527,120,-9,-157,-70,-333,0
238639.5267,1186.1367,-109,-572,-5605,143,-6,-145,-62,-365,0
238639.531,1186.1409,-74,-568,-5647,145,-4,-123,-52,-400,0
238639.5356,1186.1455,-54,-577,-5522,181,-11,-73,-41,-410,0
238639.5422,1186.1522,-134,-517,-5673,167,-33,-85,-22,-366,0
238639.5489,1186.1589,-14,-527,-5677,150,-42,-125,-21,-375,0
238639.5551,1186.1651,107,-587,-5544,160,-22,-140,-35,-348,0
238639.5609,1186.1709,297,-486,-5485,182,21,-111,-25,-323,0
238639.5657,1186.1757,540,-363,-5053,190,29,-78,-16,-326,0
238639.5699,1186.1798,570,-532,-5556,233,22,-74,-20,-318,0
238639.5727,1186.1827,684,-560,-5233,225,22,-75,-8,-294,0
238639.5775,1186.1875,491,-566,-5449,210,-7,-47,-11,-243,0
238639.5819,1186.1918,354,-558,-5179,194,-13,-26,-34,-218,0
238639.5845,1186.1945,430,-578,-4246,202,23,-10,-15,-223,0
238639.587,1186.1969,337,-605,-4084,186,-5,27,1,-178,0
238639.5897,1186.1997,280,-578,-4066,156,-29,74,-14,-128,0
238639.5926,1186.2026,229,-436,-4097,133,-33,58,22,-85,0
238639.5952,1186.2051,327,-320,-4042,138,16,46,17,-71,0
238639.61,1186.22,394,-414,-3786,120,30,42,21,-43,0
238639.612,1186.222,300,-572,-4087,141,55,44,11,-27,0
238639.6145,1186.2245,263,-620,-3973,143,9,57,-9,-10,0
238639.6296,1186.2395,278,-707,-4146,106,4,46,-12,9,0
238639.6322,1186.2421,305,-708,-4315,88,20,66,12,21,0
238639.6346,1186.2446,246,-702,-3687,97,32,85,53,-15,0
238639.653,1186.263,110,-647,-4035,94,63,72,81,-21,0
238639.6555,1186.2654,-34,-619,-3644,122,66,53,89,-34,0
238639.6579,1186.2679,241,-561,-3711,127,48,56,45,-52,0
238639.6796,1186.2896,396,-559,-3405,153,10,69,54,-75,0
238639.6822,1186.2921,645,-541,-3459,178,-16,73,51,-23,0
238639.6846,1186.2946,738,-541,-3514,158,-34,49,57,13,0
238639.7142,1186.3242,736,-563,-3655,145,-31,38,51,51,0
238639.7169,1186.3268,708,-602,-3761,105,-11,47,49,86,0
238639.7192,1186.3292,876,-555,-3543,87,-2,47,56,66,0
238639.7404,1186.3504,1008,-614,-3378,89,-25,50,64,69,0
238639.7431,1186.3531,1097,-675,-3222,116,-51,31,75,61,0
238639.7456,1186.3556,1178,-586,-2743,118,-38,19,112,49,0
238639.7918,1186.4018,993,-645,-2841,109,-54,20,84,51,0
238639.7949,1186.4049,1087,-661,-3037,82,-64,36,77,16,0
238639.7977,1186.4077,925,-744,-3197,89,-48,51,62,4,0
238639.8008,1186.4108,732,-739,-3522,100,-13,82,15,-18,0
238639.8039,1186.4138,797,-490,-3378,134,-9,71,-39,-15,0
238639.8063,1186.4162,841,-301,-3789,170,-37,21,-34,-19,0
238639.809,1186.4189,801,-254,-3566,200,-52,55,-41,-23,0
238639.8118,1186.4218,779,-241,-3297,230,-43,64,-71,-29,0
238639.8144,1186.4244,857,-92,-3757,275,-82,28,-105,14,0
238639.8302,1186.4401,904,-93,-4210,293,-97,1,-93,68,0
238639.8324,1186.4424,735,-130,-3364,244,-87,-7,-69,47,0
238639.8346,1186.4446,502,-239,-3094,229,-87,-29,-47,40,0
238639.8436,1186.4536,357,-403,-3151,240,-68,-23,-48,12,0
238639.8461,1186.456,291,-531,-3828,256,-56,-4,-57,-20,0
238639.8484,1186.4584,134,-487,-3571,300,-42,-13,-86,-42,0
238639.8779,1186.4879,152,-319,-3976,307,-3,-40,-108,-68,0
238639.88,1186.49,304,-397,-3663,298,12,-58,-69,-102,0
238639.8814,1186.4914,248,-398,-3158,285,14,-37,-59,-125,0
238639.9009,1186.5109,140,-443,-3158,282,-17,-28,-41,-131,0
238639.909,1186.519,183,-417,-3227,277,-17,-53,-15,-162,0
238639.915,1186.525,109,-350,-3704,305,-18,-46,7,-184,0
238639.9393,1186.5492,-41,-289,-3767,319,17,-54,-29,-165,0
238639.9494,1186.5593,122,-171,-3957,294,14,-48,-54,-174,0
238639.9574,1186.5674,1,-228,-4468,250,39,-21,-53,-221,0
238639.9614,1186.5714,-165,-404,-4641,257,70,23,-50,-255,0
238639.9647,1186.5747,-278,-364,-4959,261,64,29,-28,-262,0
238639.9673,1186.5773,-154,-156,-4798,260,43,30,-47,-283,0
238639.9701,1186.5801,-68,-160,-4512,260,40,41,-52,-297,0
238639.9725,1186.5825,-171,-240,-4880,264,51,37,-76,-311,0
238639.9749,1186.5849,-132,-181,-4456,254,48,-7,-56,-322,0
238639.9953,1186.6053,-162,-297,-4574,222,29,-25,-34,-285,0
238639.9991,1186.609,-240,-445,-4681,203,30,-55,-3,-245,0
238640.0021,1186.6121,-216,-321,-3871,197,14,-57,-10,-197,0
238640.0185,1186.6285,-335,-348,-4263,177,14,-55,-60,-153,0
238640.0439,1186.6539,-222,-201,-3865,146,58,-70,-93,-83,0
238640.0501,1186.6601,-299,-244,-3982,120,126,-97,-100,-58,0
238640.0629,1186.6729,-378,-263,-4213,120,139,-125,-61,-58,0
238640.0664,1186.6764,-551,-441,-4009,128,143,-140,-47,-87,0
238640.0691,1186.679,-434,-354,-3989,172,152,-121,-54,-109,0
238640.1115,1186.7215,-238,-247,-3423,193,131,-85,-46,-153,0
238640.1144,1186.7243,-330,-179,-3449,176,107,-99,-65,-193,0
238640.1171,1186.7271,-316,-5,-3834,193,119,-113,-42,-256,0
238640.1394,1186.7494,-205,-4,-3410,209,153,-123,-31,-261,0
238640.1419,1186.7519,-447,-77,-3234,206,167,-103,-2,-283,0
238640.1445,1186.7545,-696,-46,-3402,204,123,-71,-4,-287,0
238640.153,1186.763,-667,133,-4585,214,87,-27,-31,-269,0
238640.1555,1186.7655,-595,199,-5229,195,105,-7,-40,-220,0
238640.1579,1186.7679,-475,338,-4893,176,108,17,-10,-153,0
238640.1607,1186.7707,-586,243,-5350,153,133,6,-39,-141,0
238640.1643,1186.7743,-552,197,-5476,132,123,3,-48,-165,0
238640.1689,1186.7789,-760,51,-6331,145,82,25,-11,-173,0
238640.1741,1186.7841,-790,2,-6694,141,68,22,2,-146,0
238640.1797,1186.7897,-680,136,-6972,137,78,61,-14,-132,0
238640.1856,1186.7956,-674,161,-8225,125,84,113,-7,-153,0
238640.1994,1186.8094,-639,336,-8552,150,129,117,13,-148,0
238640.2064,1186.8164,-891,311,-8850,168,155,90,40,-91,0
238640.2201,1186.8301,-774,328,-9013,159,160,76,50,-59,0
238640.2334,1186.8434,-788,239,-9404,160,216,89,51,-68,0
238640.2448,1186.8548,-946,148,-9982,145,217,83,53,-15,0
238640.2556,1186.8656,-969,72,-9986,164,209,68,62,-41,0
238640.2718,1186.8818,-972,142,-10949,163,216,56,56,-75,0
238640.2923,1186.9023,-874,316,-11834,164,204,36,62,-108,0
238640.3112,1186.9212,-837,455,-11971,172,162,46,91,-133,0
238640.3265,1186.9365,-1098,517,-12087,171,159,55,128,-142,0
238640.3385,1186.9484,-1247,443,-11927,142,123,87,151,-120,0
238640.3465,1186.9565,-1319,298,-12151,123,110,101,164,-90,0
238640.3561,1186.9661,-1141,121,-11811,98,117,110,139,-79,0
238640.3746,1186.9846,-904,143,-10524,93,125,113,78,-28,0
238640.3801,1186.9901,-914,148,-9894,84,104,142,49,6,0
238640.3866,1186.9966,-893,102,-9588,61,63,179,9,38,0
238640.393,1187.0029,-709,109,-8498,9,59,165,25,59,0
238640.3977,1187.0077,-754,93,-7573,-8,63,143,29,81,0
238640.4047,1187.0147,-730,210,-6640,-31,55,124,35,77,0
238640.4113,1187.0212,-727,275,-6329,-41,35,74,7,64,0
238640.4199,1187.0299,-863,201,-6295,-34,37,51,12,83,0
238640.4253,1187.0353,-969,63,-6992,-3,28,36,24,102,0
238640.4334,1187.0434,-954,93,-6668,5,56,60,38,141,0
238640.4414,1187.0514,-904,-33,-5690,5,69,43,11,137,0
238640.4538,1187.0638,-853,-112,-5441,-11,68,17,-19,145,0
238640.4568,1187.0668,-745,3,-5161,10,46,14,-32,173,0
238640.4609,1187.0709,-794,56,-4494,1,24,2,-13,153,0
238640.4653,1187.0753,-652,89,-3951,-18,54,-8,-17,114,0
238640.4685,1187.0784,-623,83,-3115,-14,52,-3,-21,98,0
238640.471,1187.0809,-779,109,-3019,-25,31,-11,-11,109,0
238640.4738,1187.0838,-943,101,-3167,-20,1,-13,-17,95,0
238640.4762,1187.0862,-1126,60,-3076,10,-13,5,-38,111,0
238640.4796,1187.0896,-1165,-35,-2481,25,-8,-17,-40,154,0
238640.4879,1187.0979,-1079,-28,-1863,-38,-8,-15,-40,204,0
238640.4906,1187.1006,-1090,-11,-1821,-44,-9,-20,-29,242,0
238640.4931,1187.103,-1033,-15,-1759,-59,7,9,-21,268,0
238640.5016,1187.1116,-1249,-201,-1730,-47,17,16,-34,284,0
238640.5045,1187.1145,-1136,-148,-1617,-42,-14,-10,-49,296,0
238640.5072,1187.1172,-1199,-144,-893,-51,0,-27,-9,320,0
238640.5107,1187.1207,-1191,-168,-1410,-81,18,-8,-8,356,0
238640.5134,1187.1234,-1272,-76,-1366,-59,39,-17,-26,372,0
238640.5156,1187.1256,-1324,37,-2030,-37,16,-66,-9,338,0
238640.5208,1187.1308,-1334,-14,-1944,-50,-16,-51,26,338,0
238640.5233,1187.1333,-1245,-185,-845,-84,-25,-68,19,364,0
238640.5271,1187.1371,-1108,-321,-579,-111,-57,-50,4,363,0
238640.5462,1187.1562,-1130,-246,-955,-125,-15,-52,20,359,0
238640.5479,1187.1579,-863,-178,-1426,-124,4,-56,45,360,0
238640.5508,1187.1608,-678,-125,-811,-177,17,-55,54,389,0
238640.5803,1187.1903,-257,-41,85,-190,23,-49,68,444,0
238640.5829,1187.1929,-665,-70,366,-197,23,-27,97,465,0
238640.5854,1187.1954,-742,-23,207,-221,19,-44,131,498,0
238640.5967,1187.2067,-332,42,-325,-258,29,-32,143,494,0
238640.5992,1187.2092,920,95,214,-290,30,-5,168,472,0
238640.6014,1187.2114,-778,52,1175,-289,-4,5,176,454,0
238640.623,1187.2329,-381,87,567,-308,-17,-38,165,522,0
238640.6255,1187.2355,-719,101,856,-333,-10,-67,166,599,0
238640.6282,1187.2381,-118,126,768,-346,14,-64,143,624,0
238640.6544,1187.2644,-543,36,1236,-345,26,-23,152,643,0
238640.6626,1187.2726,-102,8,1530,-344,30,-13,185,658,0
238640.6711,1187.2811,558,-24,1852,-358,61,-24,190,639,0
238640.6766,1187.2866,-1002,-363,867,-341,85,-13,218,616,0
238640.6811,1187.2911,-587,6,1693,-335,63,-26,248,605,0
238640.686,1187.296,556,7,1648,-350,81,-3,244,582,0
238640.7075,1187.3175,-60,66,3335,-346,92,-3,201,561,0
238640.7154,1187.3254,-992,-47,1235,-313,118,4,209,534,0
238640.7232,1187.3332,543,401,1893,-301,147,-13,244,524,0
238640.7281,1187.3381,332,74,1642,-330,136,-17,255,542,0
238640.7369,1187.3469,148,-145,-214,-344,101,-10,248,538,0
238640.7403,1187.3502,-1301,-96,1430,-364,112,37,272,537,0
238640.7535,1187.3635,1829,165,1553,-361,119,28,280,539,0
238640.7562,1187.3662,346,85,1642,-370,103,16,276,468,0
238640.7591,1187.3691,-606,312,2989,-332,105,30,268,436,0
238640.77,1187.3799,-801,167,1720,-311,125,19,287,437,0
238640.7723,1187.3823,-1975,-291,1813,-332,124,20,298,427,0
238640.775,1187.385,1002,-78,1738,-330,109,27,291,411,0
238640.7966,1187.4065,2923,234,1805,-336,131,11,248,387,0
238640.7992,1187.4092,-1344,104,2330,-337,132,23,218,316,0
238640.8019,1187.4118,-4235,-769,2089,-315,119,53,199,270,0
238640.8284,1187.4384,257,-489,972,-276,97,48,194,270,0
238640.831,1187.441,-341,6,2874,-276,94,47,196,244,0
238640.8335,1187.4434,-990,-303,2370,-285,8,50,177,217,0
238640.8492,1187.4592,-3008,-543,1759,-297,-30,41,170,224,0
238640.852,1187.462,-3548,-649,2391,-319,-32,20,147,203,0
238640.8634,1187.4734,961,42,1927,-292,-1,19,179,177,0
238640.8777,1187.4876,-474,-651,1955,-278,1,11,159,121,0
238640.8802,1187.4902,-4177,-917,2892,-252,29,3,193,62,0
238640.8826,1187.4926,-2839,-998,1114,-222,36,4,192,119,0
238640.8857,1187.4957,-1870,-963,443,-235,28,-12,151,152,0
238640.8885,1187.4985,-1389,-828,869,-245,36,1,107,154,0
238640.8909,1187.5009,-2046,-1081,991,-205,25,1,133,160,0
238640.903,1187.513,-1427,-913,808,-199,27,56,115,168,0
238640.9065,1187.5165,-2138,-1078,353,-206,24,78,112,172,0
238640.9117,1187.5217,-2171,-948,-61,-214,23,94,102,178,0
238640.9315,1187.5415,-1648,-1006,-33,-262,-8,90,95,163,0
238640.9337,1187.5437,-1430,-853,-715,-273,-57,94,90,109,0
238640.9352,1187.5452,-1241,-958,-519,-262,-70,77,68,112,0
238640.9546,1187.5646,-1634,-999,-813,-299,-63,74,48,101,0
238640.957,1187.567,-1676,-943,-1147,-336,-65,87,44,86,0
238640.9594,1187.5693,-883,-928,-1538,-320,-67,73,83,53,0
238640.9708,1187.5808,-1213,-977,-2167,-278,-64,54,48,26,0
238640.9731,1187.5831,-1239,-1229,-2888,-223,-62,48,49,39,0
238640.9754,1187.5853,-1240,-834,-2248,-204,-77,40,61,75,0
238641.0005,1187.6105,-1283,-720,-2240,-197,-80,13,83,94,0
238641.0029,1187.6129,-1079,-822,-2098,-209,-82,-4,71,98,0
238641.0061,1187.6161,-1128,-733,-2487,-220,-57,0,53,89,0
238641.0303,1187.6402,-1305,-745,-2391,-247,-50,-11,67,70,0
238641.038,1187.6479,-1012,-502,-2490,-245,-78,-19,112,53,0
238641.0456,1187.6555,-765,-412,-2338,-252,-97,-21,93,92,0
238641.0529,1187.6628,-446,-307,-2002,-259,-82,-17,51,88,0
238641.058,1187.668,-734,-462,-2696,-297,-88,-4,29,45,0
238641.0661,1187.6761,-540,-427,-3139,-292,-94,-30,28,17,0
238641.0699,1187.6799,-474,-331,-3915,-262,-83,-39,27,41,0
238641.0729,1187.6829,-444,-230,-3883,-266,-80,-55,34,53,0
238641.0759,1187.6859,-504,-363,-3991,-274,-78,-58,18,29,0
238641.0909,1187.7009,-673,-283,-5343,-311,-48,-61,4,35,0
238641.093,1187.703,-622,-280,-6736,-288,-50,-61,33,40,0
238641.0948,1187.7048,-865,-473,-8762,-271,-69,-46,34,54,0
238641.1362,1187.7462,-962,-657,-10820,-275,-65,-56,70,42,0
238641.1392,1187.7492,-960,-689,-12170,-266,-60,-46,105,65,0
238641.1408,1187.7508,-913,-754,-13483,-271,-50,-31,140,105,0
238641.1428,1187.7528,-576,-776,-14374,-314,-60,-25,106,76,0
238641.1454,1187.7554,-881,-813,-15546,-278,-46,-60,105,68,0
238641.1478,1187.7578,-930,-698,-16369,-241,-61,-39,110,107,0
238641.1641,1187.774,-916,-738,-16062,-280,-44,-52,123,102,0
238641.1664,1187.7763,-906,-660,-15943,-321,-66,-60,138,21,0
238641.1699,1187.7799,-986,-658,-15984,-349,-94,-48,169,4,0
238641.2019,1187.8119,-920,-622,-15294,-361,-118,-14,134,14,0
238641.2063,1187.8163,-1032,-562,-14470,-348,-125,-24,110,0,0
238641.21,1187.82,-899,-579,-13586,-355,-127,-19,121,9,0
238641.2265,1187.8365,-877,-619,-12910,-359,-108,-36,125,-2,0
238641.2334,1187.8434,-959,-727,-12401,-355,-96,-21,150,38,0
238641.2407,1187.8507,-749,-589,-11682,-397,-119,-24,166,54,0
238641.2531,1187.8631,-822,-696,-10720,-442,-140,-23,141,20,0
238641.2656,1187.8756,-874,-643,-9259,-439,-143,-38,136,22,0
238641.2768,1187.8868,-1028,-728,-8991,-436,-147,-28,195,11,0
238641.2965,1187.9065,-995,-681,-8769,-433,-124,-22,215,43,0
238641.3013,1187.9113,-1038,-630,-7954,-445,-114,-8,229,40,0
238641.3053,1187.9153,-799,-374,-7159,-448,-128,-22,234,71,0
238641.3106,1187.9206,-606,-235,-5893,-468,-130,-37,231,51,0
238641.3166,1187.9266,-707,-324,-5629,-499,-117,-25,218,31,0
238641.3222,1187.9321,-698,-199,-5198,-496,-116,-44,216,29,0
238641.326,1187.936,-1026,-189,-5126,-497,-127,-69,208,65,0
238641.3289,1187.9389,-987,-313,-4127,-527,-129,-104,199,76,0
238641.3313,1187.9413,-844,-332,-2870,-574,-148,-123,189,52,0
238641.3362,1187.9462,-709,-351,-2460,-579,-166,-110,166,35,0
238641.3402,1187.9501,-516,-393,-1858,-580,-186,-109,152,51,0
238641.343,1187.953,-418,-396,-1461,-574,-161,-97,151,35,0
238641.351,1187.961,-461,-367,-1381,-555,-161,-61,149,3,0
238641.3536,1187.9636,-385,-296,-75,-537,-146,-54,115,33,0
238641.3652,1187.9752,-350,-318,631,-535,-129,-63,88,24,0
238641.3756,1187.9856,-534,-307,804,-579,-112,-54,75,-16,0
238641.3771,1187.9871,-743,-387,988,-614,-117,-50,75,-41,0
238641.3793,1187.9893,-844,-376,1679,-633,-116,-38,34,-10,0
238641.4204,1188.0304,-766,-424,2514,-622,-144,-36,37,34,0
238641.4238,1188.0338,-832,-534,2249,-627,-177,-52,13,92,0
238641.4256,1188.0356,-736,-583,3060,-656,-154,-70,29,144,0
238641.453,1188.063,-941,-493,3465,-670,-103,-85,40,181,0
238641.4554,1188.0654,-1081,-518,4085,-682,-90,-65,80,184,0
238641.4578,1188.0678,-1134,-600,4315,-699,-90,-61,91,187,0
238641.4749,1188.0848,-1064,-695,4133,-701,-97,-71,80,236,0
238641.4773,1188.0873,-1027,-612,5021,-660,-114,-58,52,276,0
238641.4798,1188.0898,-994,-703,5658,-650,-119,-49,77,336,0
238641.4891,1188.099,-990,-651,6420,-698,-96,-64,98,368,0
238641.4915,1188.1015,-875,-648,6940,-745,-120,-79,121,384,0
238641.4939,1188.1038,-964,-508,7052,-760,-142,-79,151,428,0
238641.5181,1188.1281,-907,-442,6809,-752,-169,-77,182,463,0
238641.5219,1188.1319,-800,-344,6679,-749,-215,-68,188,458,0
238641.5254,1188.1353,-820,-379,6974,-763,-239,-98,181,478,0
238641.5288,1188.1388,-606,-208,7947,-771,-218,-117,174,505,0
238641.532,1188.142,-705,-218,7417,-800,-211,-130,165,490,0
238641.5354,1188.1454,-771,-253,7273,-814,-203,-142,192,512,0
238641.5755,1188.1855,-832,-290,6735,-816,-190,-155,227,501,0
238641.5794,1188.1893,-753,-218,6511,-772,-183,-164,241,503,0
238641.5822,1188.1922,-654,-89,7119,-752,-164,-165,238,490,0
238641.6039,1188.2139,-700,-112,6647,-760,-172,-161,174,449,0
238641.6061,1188.2161,-753,-411,6420,-783,-170,-141,155,415,0
238641.6103,1188.2203,-763,-309,6210,-793,-143,-167,142,359,0
238641.6123,1188.2223,-591,-324,5249,-750,-141,-163,134,320,0
238641.6137,1188.2236,-351,-182,6694,-734,-143,-138,114,276,0
238641.6159,1188.2259,-266,-119,6578,-700,-113,-108,136,271,0
238641.6332,1188.2432,-38,-67,6129,-703,-76,-99,112,295,0
238641.6357,1188.2457,-616,-256,6163,-757,-41,-77,120,306,0
238641.6471,1188.2571,-675,-372,5918,-767,-16,-41,108,299,0
238641.6502,1188.2602,-599,-214,6618,-726,-16,-25,130,318,0
238641.6531,1188.2631,708,-145,6084,-747,-6,-42,161,353,0
238641.6625,1188.2725,-117,-2,6648,-742,32,-73,203,332,0
238641.673,1188.283,796,-57,5891,-739,18,-50,222,307,0
238641.6757,1188.2857,-739,-354,5393,-761,-6,-67,243,328,0
238641.6788,1188.2888,648,-251,5585,-757,-18,-114,250,358,0
238641.7109,1188.3208,-1416,-125,5105,-757,-3,-145,259,380,0
238641.7133,1188.3233,126,-211,5216,-745,-7,-112,225,413,0
238641.7156,1188.3256,-498,-537,4003,-773,-3,-99,206,384,0
238641.7205,1188.3305,172,-254,3654,-747,0,-94,200,337,0
238641.7231,1188.3331,871,-358,4068,-735,22,-96,209,314,0
238641.7257,1188.3357,577,1,7254,-729,29,-107,206,291,0
238641.7385,1188.3485,311,-657,4106,-772,27,-102,204,268,0
238641.7409,1188.3509,-1977,-784,2840,-800,15,-72,188,251,0
238641.7437,1188.3537,614,-325,2970,-750,-10,-31,167,248,0
238641.7579,1188.3678,1710,-278,4831,-696,29,-41,139,234,0
238641.7611,1188.3711,-1556,-732,4810,-693,52,-53,159,235,0
238641.766,1188.3759,-264,-1026,4131,-733,39,-68,200,187,0
238641.7872,1188.3971,471,-730,2567,-753,28,-26,224,165,0
238641.7896,1188.3996,549,-431,3399,-750,21,2,209,140,0
238641.792,1188.402,-2038,-986,4477,-730,16,16,227,155,0
238641.8062,1188.4162,-2364,-940,4978,-705,13,34,209,174,0
238641.8115,1188.4215,-2701,-635,5163,-677,33,9,218,137,0
238641.8176,1188.4275,-1168,-633,3935,-674,62,-14,206,86,0
238641.8513,1188.4613,883,-572,3369,-647,75,-7,213,57,0
238641.8537,1188.4636,-3744,-655,4910,-601,72,0,193,53,0
238641.8583,1188.4683,-1621,-621,4768,-598,96,-18,200,48,0
238641.8733,1188.4832,-1321,-453,3640,-608,131,7,197,54,0
238641.8758,1188.4858,-28,-111,3916,-602,117,15,214,55,0
238641.8774,1188.4874,-2601,-430,4945,-612,128,-11,232,11,0
238641.8924,1188.5024,-567,-310,3845,-653,129,-44,227,14,0
238641.8948,1188.5048,-2158,-175,5042,-648,139,-51,243,59,0
238641.9068,1188.5168,-2095,-660,4373,-640,162,-65,212,80,0
238641.9261,1188.5361,-509,-309,4334,-635,176,-76,201,72,0
238641.9288,1188.5388,-2280,-383,4719,-665,150,-75,191,45,0
238641.9316,1188.5416,623,94,4883,-658,137,-103,192,-12,0
238641.9529,1188.5628,-1501,-547,4644,-622,135,-120,177,-58,0
238641.9555,1188.5655,-2459,-529,4813,-571,107,-122,153,-82,0
238641.9582,1188.5682,-2416,-594,3957,-559,110,-123,127,-44,0
238641.9615,1188.5715,773,-229,3084,-593,121,-117,84,-38,0
238641.9645,1188.5745,-273,-211,4076,-574,100,-131,38,-36,0
238641.9675,1188.5775,-1995,-261,3547,-563,62,-114,-3,-54,0
238641.9928,1188.6028,-1877,-333,2649,-570,46,-142,-29,-59,0
238642.0045,1188.6145,-1259,-211,1995,-574,62,-125,-38,-99,0
238642.0238,1188.6338,-1778,-474,1414,-545,52,-131,-51,-50,0
238642.0406,1188.6506,-1439,-414,2606,-566,35,-119,-29,-13,0
238642.0576,1188.6676,-404,-473,2128,-561,-13,-120,-5,17,0
238642.0712,1188.6811,-1084,-344,2800,-554,-16,-101,8,23,0
238642.0832,1188.6932,-2310,-143,3201,-510,1,-112,22,42,0
238642.0923,1188.7023,-504,60,2466,-466,-13,-164,41,86,0
238642.0976,1188.7076,-1039,-119,3360,-446,-10,-183,33,127,0
238642.1021,1188.7121,-1434,-61,3946,-459,-35,-170,49,169,0
238642.1086,1188.7186,-1446,-464,3294,-465,-13,-157,76,131,0
238642.1101,1188.72,-1933,-312,4094,-467,-39,-143,93,124,0
238642.1109,1188.7208,-167,-389,4009,-432,-6,-153,57,130,0
238642.1115,1188.7215,-1381,-546,5555,-423,1,-147,79,138,0
238642.1122,1188.7222,-2251,-564,5297,-440,5,-107,113,123,0
238642.113,1188.723,-1484,-79,4770,-450,-2,-89,91,90,0
238642.1137,1188.7237,-514,-220,4629,-437,-10,-89,93,91,0
238642.1143,1188.7243,-1894,-492,4768,-442,-35,-88,109,86,0
238642.1391,1188.7491,-790,-529,4291,-440,-31,-102,116,38,0
238642.1489,1188.7588,-994,-410,4315,-418,-26,-103,85,-4,0
238642.1628,1188.7728,-1760,-404,4183,-435,-27,-58,51,-35,0
238642.1727,1188.7827,-1298,-374,3668,-396,-39,-35,7,-53,0
238642.1796,1188.7895,-1696,-559,3550,-335,-32,-36,34,-95,0
238642.1869,1188.7968,-658,-180,3948,-346,-37,-57,45,-123,0
238642.2066,1188.8166,-508,-179,3832,-340,-60,-53,39,-153,0
238642.2104,1188.8203,-559,-160,3176,-303,-75,-13,100,-166,0
238642.2139,1188.8238,-354,-264,2971,-312,-45,-5,118,-164,0
238642.2377,1188.8477,-856,-335,2761,-356,-46,2,101,-172,0
238642.2447,1188.8547,-426,-271,3213,-355,-47,8,106,-155,0
238642.2504,1188.8604,-562,-133,3310,-345,-49,26,131,-145,0
238642.2603,1188.8703,-574,-52,3017,-360,-61,17,142,-142,0
238642.2692,1188.8792,-543,-105,3090,-385,-70,-5,161,-138,0
238642.2787,1188.8887,-515,38,3026,-374,-74,4,163,-74,0
238642.2925,1188.9025,-406,48,3516,-377,-77,3,175,-65,0
238642.2962,1188.9062,-499,230,3605,-404,-70,-20,176,-89,0
238642.3024,1188.9124,-737,168,3631,-436,-83,-8,176,-132,0
238642.3114,1188.9214,-537,167,3678,-405,-76,20,183,-144,0
238642.3206,1188.9306,-399,128,3251,-373,-102,29,217,-181,0
238642.3268,1188.9368,-244,96,3536,-322,-104,29,202,-198,0
238642.3307,1188.9407,-105,254,3885,-334,-103,35,176,-151,0
238642.3341,1188.9441,-355,218,3722,-346,-91,33,168,-72,0
238642.3368,1188.9468,-540,207,3402,-359,-87,18,156,-11,0
238642.3413,1188.9513,-488,-118,3666,-355,-56,-6,129,37,0
238642.346,1188.956,-407,-217,4520,-332,-80,3,155,60,0
238642.3485,1188.9585,-155,-149,4667,-345,-80,31,190,46,0
238642.3557,1188.9656,-74,-235,4147,-360,-74,37,195,119,0
238642.3584,1188.9684,-166,-364,4126,-404,-79,51,234,186,0
238642.361,1188.9709,-129,-306,4471,-409,-64,55,236,243,0
238642.3638,1188.9737,-246,-197,4556,-423,-57,40,270,288,0
238642.3681,1188.9781,-472,-299,4393,-435,-54,37,271,368,0
238642.373,1188.983,-770,-339,4084,-457,-37,44,258,443,0
238642.392,1189.002,-795,-453,4243,-497,-5,43,291,501,0
238642.3945,1189.0045,-649,-395,4432,-529,-6,29,331,552,0
238642.397,1189.0069,-335,-236,5229,-565,-2,-24,314,579,0
238642.4168,1189.0267,-184,-201,5375,-556,11,-43,290,591,0
238642.4206,1189.0305,-466,-365,4731,-597,21,-72,299,585,0
238642.4242,1189.0342,-465,-390,4675,-618,-13,-64,285,575,0
238642.4637,1189.0737,-566,-434,5242,-612,-30,-49,278,620,0
238642.4646,1189.0746,-583,-447,5918,-600,-56,-30,259,623,0
238642.4654,1189.0754,-642,-495,5555,-598,-45,12,244,607,0
238642.4664,1189.0764,-590,-458,5225,-592,-38,-11,258,598,0
238642.4698,1189.0798,-856,-484,4707,-597,-56,-61,281,595,0
238642.4729,1189.0829,-718,-366,4647,-585,-64,-103,285,568,0
238642.4771,1189.087,-620,-411,4746,-538,-78,-100,260,519,0
238642.4877,1189.0977,-808,-665,4538,-500,-64,-140,230,427,0
238642.4997,1189.1096,-741,-366,4376,-517,-61,-143,224,411,0
238642.5109,1189.1209,-737,-390,4440,-479,-94,-150,203,382,0
238642.5162,1189.1261,-526,-251,4930,-417,-135,-143,162,302,0
238642.5199,1189.1299,-407,-270,5019,-390,-106,-144,113,233,0
238642.5289,1189.1389,-431,-274,4504,-358,-130,-146,71,161,0
238642.5312,1189.1412,-608,-368,3946,-338,-117,-160,60,50,0
238642.5335,1189.1435,-662,-355,3980,-323,-117,-161,35,-6,0
238642.5621,1189.1721,-784,-517,3969,-274,-127,-161,37,-8,0
238642.5647,1189.1747,-622,-519,4340,-236,-136,-199,24,-28,0
238642.5675,1189.1775,-366,-309,4233,-231,-115,-189,13,-52,0
238642.5898,1189.1998,-486,-331,3023,-205,-127,-177,5,-85,0
238642.593,1189.203,-581,-261,2647,-171,-105,-188,15,-164,0
238642.5961,1189.2061,-548,-104,3103,-188,-79,-182,20,-234,0
238642.6358,1189.2458,-527,-174,2939,-166,-97,-166,10,-273,0
238642.6407,1189.2507,-722,-324,2703,-140,-113,-167,16,-311,0
238642.6446,1189.2546,-899,-522,2162,-110,-139,-169,21,-355,0
238642.6475,1189.2575,-786,-410,1975,-84,-151,-141,-5,-326,0
238642.6502,1189.2602,-658,-467,2651,-55,-156,-143,-12,-284,0
238642.6528,1189.2627,-663,-377,3001,-110,-171,-136,-23,-261,0
238642.6601,1189.2701,-831,-492,2746,-174,-164,-152,-15,-293,0
238642.6626,1189.2725,-870,-433,2151,-213,-172,-148,-11,-337,0
238642.6654,1189.2754,-713,-387,2152,-188,-173,-130,-40,-362,0
238642.6896,1189.2996,-601,-437,2558,-192,-177,-126,-69,-391,0
238642.6995,1189.3095,-1019,-696,2223,-226,-184,-133,-59,-446,0
238642.7035,1189.3135,-871,-398,2262,-251,-212,-132,-67,-479,0
238642.7345,1189.3445,-843,-325,1338,-261,-246,-115,-65,-486,0
238642.7404,1189.3503,-941,-329,1816,-266,-276,-126,-68,-472,0
238642.7455,1189.3555,-336,381,2385,-265,-274,-159,-48,-493,0
238642.7508,1189.3608,-9,749,1991,-243,-241,-146,-73,-511,0
238642.7571,1189.3671,228,644,964,-215,-216,-116,-95,-501,0
238642.7611,1189.3711,388,744,410,-263,-185,-104,-112,-478,0
238642.765,1189.375,633,826,119,-270,-162,-96,-123,-490,0
238642.771,1189.3809,309,803,99,-227,-124,-78,-141,-467,0
238642.773,1189.383,211,606,-199,-218,-106,-58,-123,-447,0
238642.7793,1189.3893,249,787,703,-220,-80,-50,-95,-436,0
238642.7828,1189.3928,239,1177,1155,-214,-71,-54,-57,-429,0
238642.788,1189.398,50,1047,-75,-234,-69,-53,-50,-410,0
238642.8064,1189.4163,23,1288,700,-240,-75,-48,-45,-366,0
238642.815,1189.4249,-212,1222,687,-234,-64,-45,-49,-320,0
238642.8226,1189.4326,-244,1484,1314,-249,-70,-34,-25,-293,0
238642.8283,1189.4383,-484,1526,461,-228,-85,-9,-1,-253,0
238642.8324,1189.4424,-326,1694,737,-254,-112,-2,-19,-200,0
238642.8353,1189.4453,-449,1513,1430,-306,-138,0,-25,-175,0
238642.8468,1189.4568,-422,1753,-524,-325,-128,-23,-16,-195,0
238642.8506,1189.4606,-273,2068,-870,-356,-113,-27,-24,-216,0
238642.8537,1189.4637,-597,2271,-1186,-366,-107,-12,-13,-198,0
238642.8692,1189.4792,-487,2126,-1884,-373,-124,-5,-9,-189,0
238642.8721,1189.4821,-501,1170,-1608,-357,-133,-20,-47,-173,0
238642.8748,1189.4848,-710,1,-3377,-375,-106,-15,-63,-189,0
238642.887,1189.497,-340,-581,-3474,-390,-96,-48,-62,-192,0
238642.8897,1189.4997,-940,-958,-4362,-437,-122,-69,-94,-195,0
238642.8922,1189.5022,-1349,-1456,-4136,-449,-93,-53,-150,-196,0
238642.9187,1189.5287,-1269,-2052,-2717,-446,-61,-52,-125,-177,0
238642.9217,1189.5317,-138,-2669,-3483,-416,-45,-62,-147,-159,0
238642.9244,1189.5344,-585,-3084,-2776,-404,-38,-43,-163,-169,0
238642.9409,1189.5509,-1824,-3931,-3194,-418,-41,-36,-137,-169,0
238642.9447,1189.5547,-1642,-4140,-3075,-423,-55,-15,-115,-172,0
238642.9604,1189.5704,-1694,-3856,-1772,-410,-55,13,-114,-150,0
238642.9653,1189.5753,-1280,-4006,-3297,-453,-50,6,-109,-127,0
238642.968,1189.578,-207,-4075,-3413,-457,-74,22,-82,-139,0
238642.9709,1189.5809,-1473,-3952,-1593,-451,-117,54,-84,-147,0
238642.9977,1189.6076,-1894,-3820,-2474,-445,-133,55,-82,-125,0
238643.0002,1189.6102,1792,-3264,-3273,-399,-147,32,-82,-105,0
238643.0027,1189.6127,-1156,-3672,-3220,-391,-174,9,-69,-89,0
238643.0464,1189.6564,-1139,-3367,-3020,-369,-160,-3,-60,-68,0
238643.0491,1189.6591,-1716,-3047,-2915,-376,-120,-20,-48,-51,0
238643.0523,1189.6623,-1399,-3028,-2639,-392,-98,-51,-59,-69,0
238643.0567,1189.6667,-112,-2745,-2670,-439,-103,-104,-81,-12,0
238643.0597,1189.6697,-2321,-2896,-2128,-427,-77,-100,-52,41,0
238643.0622,1189.6722,94,-2571,-2421,-452,-56,-82,-46,55,0
238643.0736,1189.6836,-2248,-2542,-1594,-440,-56,-93,-17,54,0
238643.0758,1189.6858,-440,-2357,-1973,-415,-78,-92,-16,105,0
238643.0772,1189.6872,-1224,-2351,-1045,-425,-47,-105,-15,94,0
238643.0857,1189.6957,122,-2003,-1618,-395,-36,-90,-29,107,0
238643.0886,1189.6986,-925,-2156,-740,-403,-48,-102,-17,149,0
238643.0917,1189.7017,-1514,-2537,-1486,-435,-62,-88,3,153,0
238643.1118,1189.7218,-2076,-2869,-992,-433,-103,-78,22,128,0
238643.1165,1189.7265,-1050,-2872,-218,-420,-115,-62,32,135,0
238643.1192,1189.7292,952,-2416,-1637,-421,-106,-71,39,117,0
238643.1451,1189.7551,-1630,-2723,-85,-368,-77,-76,24,79,0
238643.1614,1189.7713,-2697,-2560,209,-338,-86,-59,-1,72,0
238643.1736,1189.7836,-1191,-2286,442,-349,-70,-47,12,80,0
238643.1918,1189.8018,160,-2041,760,-400,-77,-18,32,58,0
238643.1979,1189.8078,-1128,-2535,-80,-417,-86,-53,46,25,0
238643.2072,1189.8172,-2332,-2266,815,-406,-106,-17,21,-24,0
238643.224,1189.834,-1397,-2437,-287,-392,-96,5,21,23,0
238643.236,1189.846,-1654,-2382,-515,-399,-101,-20,4,45,0
238643.2455,1189.8555,-904,-2188,1118,-392,-111,-31,19,64,0
238643.2517,1189.8617,-1218,-2365,-454,-430,-85,-39,8,83,0
238643.2664,1189.8764,-346,-2205,-148,-462,-94,-72,35,88,0
238643.2694,1189.8794,-1269,-2460,-429,-459,-87,-56,51,45,0
238643.2727,1189.8827,-1975,-2446,1235,-425,-80,-97,46,41,0
238643.2785,1189.8885,-1409,-2593,523,-386,-61,-100,45,42,0
238643.2829,1189.8929,-173,-2435,71,-380,-76,-80,56,25,0
238643.2854,1189.8954,-1400,-2282,257,-359,-62,-54,61,-25,0
238643.2896,1189.8996,-2048,-2259,1085,-330,-66,-78,76,-53,0
238643.2958,1189.9058,-353,-2054,630,-328,-74,-72,97,-59,0
238643.3001,1189.9101,-1155,-2036,1646,-316,-95,-89,85,-86,0
238643.3022,1189.9122,-740,-1950,1278,-322,-103,-127,54,-124,0
238643.3052,1189.9152,-188,-2171,-224,-339,-81,-120,40,-148,0
238643.3387,1189.9486,-1544,-2039,755,-302,-92,-114,21,-210,0
238643.3474,1189.9574,-745,-1772,965,-237,-84,-121,-6,-255,0
238643.3561,1189.9661,-727,-1849,653,-228,-60,-129,-19,-292,0
238643.3668,1189.9768,-1582,-1804,1780,-220,-77,-157,-50,-293,0
238643.3853,1189.9952,-723,-1971,397,-228,-94,-178,-75,-305,0
238643.4056,1190.0156,-1585,-1932,630,-210,-89,-162,-99,-320,0
238643.4226,1190.0326,-1010,-1855,735,-203,-80,-135,-132,-298,0
238643.4375,1190.0475,-1078,-1768,1980,-185,-67,-127,-170,-317,0
238643.4506,1190.0606,-326,-1860,1689,-167,-65,-130,-161,-322,0
238643.4651,1190.075,-1056,-1882,1849,-150,-68,-114,-164,-310,0
238643.4713,1190.0813,-494,-2053,1318,-118,-92,-138,-172,-256,0
238643.4768,1190.0868,-657,-1993,1354,-101,-90,-193,-153,-250,0
238643.4814,1190.0913,-1387,-2023,2559,-112,-93,-218,-147,-222,0
238643.4849,1190.0948,-1353,-1905,1629,-109,-81,-211,-150,-196,0
238643.4887,1190.0987,-342,-1869,717,-66,-50,-231,-121,-177,0
238643.4969,1190.1069,-1235,-1786,1306,-69,-42,-213,-80,-167,0
238643.5022,1190.1121,-923,-1418,2641,-90,-30,-219,-64,-156,0
238643.5072,1190.1172,-365,-1173,2732,-96,-38,-256,-92,-145,0
238643.5147,1190.1247,-1245,-1175,3623,-69,-34,-258,-118,-127,0
238643.5238,1190.1338,-794,-899,3399,-50,-45,-250,-88,-91,0
238643.5295,1190.1395,-471,-588,2840,-57,-38,-233,-48,-38,0
238643.5634,1190.1733,-646,-730,2024,-65,-47,-198,-58,-5,0
238643.565,1190.175,-1177,-606,2250,-73,-69,-180,-49,-14,0
238643.5665,1190.1765,-1126,-781,1450,-63,-103,-155,-59,-38,0
238643.5739,1190.1839,-1151,-2654,632,-69,-124,-120,-74,-52,0
238643.581,1190.1909,-1424,-4148,1422,-66,-137,-97,-52,-62,0
238643.5847,1190.1947,-1037,-4592,1800,-51,-124,-67,-31,-38,0
238643.5916,1190.2016,-1236,-4732,1442,-65,-105,-49,-34,-30,0
238643.6029,1190.2129,-1344,-4511,737,-117,-112,-47,9,-43,0
238643.607,1190.217,-1437,-3814,491,-143,-139,-34,18,5,0
238643.6131,1190.2231,-1396,-3347,1224,-157,-147,-16,18,49,0
238643.6186,1190.2286,-1666,-3081,2170,-174,-156,-12,13,70,0
238643.6235,1190.2335,-1422,-2871,2898,-196,-141,1,-4,55,0
238643.6313,1190.2413,-1771,-3032,2432,-245,-162,-12,11,36,0
238643.6406,1190.2506,-956,-2997,2098,-266,-162,-23,6,-11,0
238643.6435,1190.2534,-1500,-2871,2931,-281,-162,-19,17,-12,0
238643.6514,1190.2614,-1758,-2914,2591,-287,-152,-10,7,-69,0
238643.6598,1190.2698,-1416,-2628,2466,-290,-166,-4,26,-103,0
238643.6663,1190.2763,-1108,-2596,2485,-265,-155,-13,41,-105,0
238643.6708,1190.2808,-1407,-2623,1681,-248,-159,-29,48,-102,0
238643.6741,1190.2841,-1404,-2397,1697,-230,-173,-20,70,-154,0
238643.6767,1190.2867,-1309,-2525,1917,-205,-130,-14,70,-167,0
238643.6821,1190.2921,-1261,-2498,2064,-218,-71,-29,53,-144,0
238643.6839,1190.2939,-1330,-2387,1842,-221,-30,-33,28,-185,0
238643.6861,1190.296,-948,-2187,1627,-234,-28,6,29,-188,0
238643.689,1190.299,-991,-2128,1605,-232,-30,9,18,-154,0
238643.6916,1190.3015,-794,-1895,2566,-249,-32,-1,27,-118,0
238643.6954,1190.3054,-495,-1784,2852,-248,-48,-16,34,-120,0
238643.7,1190.31,-559,-1900,2278,-255,-40,-11,18,-122,0
238643.7035,1190.3135,-743,-1800,1797,-239,-47,-6,25,-106,0
238643.7059,1190.3159,-800,-1644,2588,-245,-75,-8,18,-109,0
238643.7088,1190.3188,-716,-1584,3110,-259,-82,-1,6,-84,0
238643.7119,1190.3218,-893,-1712,3167,-275,-97,22,2,-81,0
238643.7146,1190.3246,-820,-1704,2751,-247,-78,41,35,-118,0
238643.7625,1190.3725,-820,-1668,2652,-205,-42,36,23,-182,0
238643.7648,1190.3748,-1042,-1614,2725,-198,1,49,0,-228,0
238643.7683,1190.3782,-977,-1739,2110,-192,25,57,-15,-227,0
238643.7797,1190.3896,-1024,-1533,2630,-186,18,59,-40,-241,0
238643.7825,1190.3925,-908,-1524,2081,-194,-11,90,-56,-277,0
238643.785,1190.395,-941,-1509,1535,-169,-22,81,-78,-342,0
238643.8083,1190.4182,-664,-1319,1880,-146,-31,69,-65,-329,0
238643.8119,1190.4219,-560,-1215,2500,-124,-22,75,-81,-351,0
238643.8153,1190.4253,-671,-1332,2603,-120,-20,81,-103,-440,0
238643.8195,1190.4294,-928,-1677,1557,-91,-18,81,-136,-475,0
238643.8208,1190.4308,-1275,-1809,971,-76,-15,116,-131,-471,0
238643.8229,1190.4329,-1113,-1714,1195,-57,-33,91,-150,-466,0
238643.8275,1190.4375,-1261,-1562,2060,-62,-41,98,-182,-484,0
238643.8298,1190.4398,-885,-1397,2171,-61,-48,83,-188,-530,0
238643.8347,1190.4447,-1043,-1348,2025,-63,-56,88,-184,-605,0
238643.8621,1190.4721,-716,-1251,1159,-65,-79,34,-194,-603,0
238643.8661,1190.4761,-929,-1494,1618,-70,-66,-10,-188,-582,0
238643.8687,1190.4787,-953,-1559,2525,-63,-77,-28,-145,-561,0
238643.8717,1190.4817,-914,-1391,2838,-58,-68,-37,-148,-512,0
238643.8741,1190.4841,-876,-1619,1877,-34,-64,-38,-141,-466,0
238643.8785,1190.4884,-985,-1588,2266,-36,-56,-36,-123,-401,0
238643.9123,1190.5222,-875,-1307,3326,-83,-44,-40,-76,-354,0
238643.9156,1190.5256,-917,-1285,3270,-100,-16,-58,-24,-358,0
238643.9185,1190.5285,-884,-1382,2361,-106,23,-26,10,-311,0
238643.9327,1190.5426,-775,-1221,2595,-101,22,-3,57,-299,0
238643.9352,1190.5452,-729,-1223,2512,-75,45,-1,90,-309,0
238643.9381,1190.5481,-732,-1200,2563,-49,47,25,98,-315,0
238643.9551,1190.5651,-555,-872,2841,-62,39,32,120,-274,0
238643.9656,1190.5756,-496,-794,3349,-93,13,41,116,-239,0
238643.9698,1190.5798,-857,-1038,3135,-121,9,79,108,-164,0
238643.9751,1190.5851,-685,-999,2760,-104,-6,97,99,-111,0
238643.9794,1190.5894,-474,-1026,3596,-119,1,108,113,-81,0
238643.9836,1190.5935,-250,-968,4117,-125,3,102,111,-11,0
238644.0142,1190.6242,-435,-985,4161,-140,0,92,98,31,0
238644.0189,1190.6289,-365,-1057,3971,-131,2,36,67,21,0
238644.0215,1190.6314,-528,-1152,3209,-133,6,17,83,28,0
238644.0235,1190.6335,-623,-1060,3121,-151,-19,-8,95,63,0
238644.0273,1190.6373,-627,-930,4070,-175,-50,-9,101,53,0
238644.0309,1190.6409,-678,-1037,4728,-222,-63,11,110,49,0
238644.0468,1190.6568,-784,-1140,4324,-250,-68,27,80,62,0
238644.0501,1190.66,-804,-1225,3725,-229,-69,23,81,52,0
238644.053,1190.663,-697,-1175,3871,-218,-120,55,85,-2,0
238644.0889,1190.6989,-603,-1183,4397,-245,-142,94,88,-21,0
238644.0914,1190.7013,-493,-1111,4360,-245,-139,83,71,-34,0
238644.0938,1190.7038,-610,-1018,3353,-208,-180,56,98,-23,0
238644.1068,1190.7168,-672,-946,2893,-185,-183,65,78,-16,0
238644.1093,1190.7192,-611,-973,3371,-199,-153,28,91,-41,0
238644.1117,1190.7217,-542,-992,3547,-211,-151,9,108,-78,0
238644.1361,1190.7461,-653,-1089,3159,-183,-167,16,101,-75,0
238644.1388,1190.7488,-683,-874,3274,-157,-156,11,81,-102,0
238644.1413,1190.7513,-623,-1053,2786,-132,-139,-42,85,-79,0
238644.1633,1190.7733,-499,-970,3629,-141,-133,-22,90,-9,0
238644.1661,1190.7761,-409,-984,4273,-121,-121,-6,99,2,0
238644.1686,1190.7785,-354,-711,4014,-118,-154,-20,110,-29,0
238644.1855,1190.7955,-453,-717,3538,-120,-186,-23,136,-1,0
238644.1879,1190.7979,-387,-552,3523,-145,-206,15,119,-17,0
238644.1902,1190.8002,-379,-675,3441,-129,-161,20,123,-25,0
238644.1935,1190.8035,-208,-641,3974,-139,-150,32,151,20,0
238644.196,1190.8059,-447,-801,3828,-147,-161,32,177,69,0
238644.1983,1190.8082,-510,-710,3984,-163,-174,8,164,81,0
238644.2126,1190.8226,-375,-727,3040,-158,-207,-25,133,101,0
238644.2175,1190.8275,-265,-679,3912,-185,-209,-4,115,103,0
238644.2241,1190.8341,-232,-759,4311,-203,-174,14,83,27,0
238644.2389,1190.8489,-206,-828,3040,-208,-175,19,50,-51,0
238644.2432,1190.8531,-258,-936,2048,-168,-183,25,67,-97,0
238644.2446,1190.8546,-568,-959,2408,-162,-195,21,93,-72,0
238644.2825,1190.8925,-482,-860,2421,-147,-201,30,61,-34,0
238644.2922,1190.9022,-398,-652,2828,-197,-197,6,73,-39,0
238644.3064,1190.9164,-380,-708,2846,-206,-202,-11,94,-25,0
238644.3153,1190.9253,-487,-852,2441,-225,-184,14,95,-68,0
238644.3228,1190.9328,-531,-964,2002,-209,-164,-4,105,-88,0
238644.3323,1190.9423,-645,-1048,2435,-163,-168,-21,145,-75,0
238644.3434,1190.9534,-565,-1209,2810,-153,-166,-37,118,-36,0
238644.3501,1190.9601,-428,-1220,3012,-176,-173,-28,102,3,0
238644.3548,1190.9648,-292,-1193,2691,-210,-200,-40,102,1,0
238644.3607,1190.9707,-555,-1194,2200,-191,-212,-53,150,-21,0
238644.3697,1190.9797,-271,-1120,2538,-195,-200,-43,136,-58,0
238644.3732,1190.9832,-82,-1123,2624,-185,-212,-35,128,-58,0
238644.3766,1190.9866,-36,-1284,2286,-219,-210,-8,133,-82,0
238644.379,1190.989,-244,-1362,2353,-223,-169,-17,130,-110,0
238644.3825,1190.9924,-479,-1386,1781,-197,-132,-17,129,-142,0
238644.3852,1190.9952,-560,-1262,2071,-202,-161,-14,124,-163,0
238644.3875,1190.9975,-539,-1195,2405,-244,-184,-27,82,-163,0
238644.3901,1191.0001,-698,-1273,2504,-232,-172,-29,68,-146,0
238644.4197,1191.0297,-990,-1475,2025,-196,-147,4,50,-152,0
238644.4225,1191.0325,-944,-1499,1788,-191,-133,20,19,-196,0
238644.426,1191.036,-813,-1483,2122,-203,-127,16,7,-261,0
238644.4528,1191.0628,-803,-1576,2352,-216,-128,6,12,-294,0
238644.4574,1191.0674,-1067,-1830,1331,-201,-141,10,-3,-294,0
238644.4643,1191.0743,-906,-1941,1328,-159,-136,-11,-38,-257,0
238644.4727,1191.0827,-757,-1903,1289,-149,-146,-13,-65,-234,0
238644.4801,1191.0901,-836,-1919,1989,-128,-147,0,-81,-272,0
238644.4874,1191.0973,-895,-1969,1934,-92,-140,25,-62,-299,0
238644.5046,1191.1146,-866,-2179,1604,-112,-116,10,-77,-297,0
238644.511,1191.121,-844,-2364,1348,-141,-121,-13,-55,-253,0
238644.5127,1191.1227,-758,-2477,1068,-165,-111,-26,-36,-228,0
238644.5517,1191.1616,-600,-2424,1710,-175,-101,-27,-31,-179,0
238644.5591,1191.1691,-624,-2536,2393,-175,-119,-17,-6,-131,0
238644.5683,1191.1782,-527,-2414,2384,-173,-94,-49,13,-103,0
238644.6015,1191.2115,-531,-2617,1498,-165,-69,-34,16,-94,0
238644.6084,1191.2184,-760,-2923,1297,-118,-66,3,9,-39,0
238644.6204,1191.2304,-738,-2956,1887,-114,-64,5,13,-28,0
238644.6352,1191.2451,-581,-2819,2433,-100,-44,-1,23,-25,0
238644.6429,1191.2529,-501,-2916,2315,-91,-46,-9,43,-27,0
238644.6504,1191.2604,-302,-3153,2291,-72,-74,-18,48,-20,0
238644.6585,1191.2685,-279,-3352,2416,-92,-90,-38,58,-29,0
238644.6662,1191.2761,-58,-3299,2518,-105,-93,-5,75,-33,0
238644.6751,1191.2851,-153,-3251,3164,-126,-81,2,115,-22,0
238644.6933,1191.3033,-140,-3431,2725,-149,-99,15,106,-17,0
238644.7033,1191.3133,-261,-3585,2592,-141,-97,24,90,9,0
238644.7098,1191.3198,-213,-3619,2474,-165,-110,44,99,-10,0
238644.716,1191.326,16,-3548,2805,-215,-98,26,101,-26,0
238644.7214,1191.3314,31,-3604,3308,-200,-69,24,110,-34,0
238644.7254,1191.3354,-196,-3937,2762,-171,-41,18,115,-9,0
238644.7293,1191.3392,-300,-4023,3189,-145,-16,-5,85,-14,0
238644.7322,1191.3422,-108,-3709,2459,-108,16,1,66,-19,0
238644.7347,1191.3447,-137,-3798,2738,-85,15,2,82,-11,0
238644.7375,1191.3475,-68,-3552,3310,-102,15,10,86,-35,0
238644.7406,1191.3506,-113,-3437,2568,-89,41,10,92,-56,0
238644.7436,1191.3536,-367,-3677,2208,-88,39,36,32,-76,0
238644.7464,1191.3564,-420,-3708,1734,-83,26,88,28,-138,0
238644.749,1191.359,-190,-3587,2239,-76,-12,113,32,-190,0
238644.7517,1191.3617,-302,-3806,2203,-36,-30,109,6,-167,0
238644.7563,1191.3662,-455,-3929,1700,-7,-55,89,-42,-145,0
238644.7587,1191.3687,-342,-3898,1746,28,-27,84,-26,-130,0
238644.7611,1191.3711,-236,-3877,1080,34,10,54,-10,-131,0
238644.7637,1191.3737,-142,-3747,1567,-2,-6,69,3,-100,0
238644.7661,1191.3761,122,-3835,2032,-50,-1,30,6,-56,0
238644.7685,1191.3785,35,-3815,1830,-73,29,55,-11,-19,0
238644.7731,1191.3831,151,-3775,1607,-78,88,58,-58,11,0
238644.7756,1191.3856,213,-3691,2231,-100,96,65,-66,16,0
238644.7779,1191.3879,193,-3839,2385,-95,96,50,-62,18,0
238644.7805,1191.3905,42,-4011,2244,-54,89,61,-51,57,0
238644.7956,1191.4056,201,-3767,2485,-53,69,78,-27,84,0
238644.8077,1191.4177,237,-3847,2299,-56,34,72,-32,60,0
238644.8247,1191.4347,314,-3407,2282,-41,-8,54,-10,70,0
238644.8271,1191.4371,428,-3140,2194,-17,4,17,-16,101,0
238644.8294,1191.4394,468,-3006,2336,-43,6,38,-33,124,0
238644.8386,1191.4485,389,-3186,1776,-55,28,23,-32,119,0
238644.8409,1191.4509,251,-2990,1587,-53,-9,-16,-3,132,0
238644.8432,1191.4531,48,-3252,694,-51,-2,-20,25,135,0
238644.8649,1191.4749,218,-3076,1738,-55,-17,18,34,145,0
238644.8668,1191.4767,246,-3128,2116,-40,-25,19,38,158,0
238644.8692,1191.4792,-135,-3310,1268,-17,-40,28,-10,172,0
238644.8948,1191.5048,-296,-3629,979,-23,-21,50,-57,212,0
238644.9158,1191.5258,-219,-3894,1123,-37,-31,42,-88,223,0
238644.9256,1191.5356,-144,-4007,1511,-29,-35,51,-34,233,0
238644.936,1191.546,-238,-4025,1505,-40,-57,45,2,224,0
238644.9437,1191.5537,-561,-4356,1231,-53,-31,11,32,194,0
238644.9556,1191.5656,-637,-4222,1160,-76,-11,-2,47,155,0
238644.9659,1191.5759,-286,-4010,1334,-89,-2,23,21,117,0
238644.971,1191.5809,-326,-4087,1829,-88,-17,34,0,58,0
238644.977,1191.587,-249,-4292,2194,-57,-17,42,-46,78,0
238644.9901,1191.6,-54,-4459,2101,-88,-57,27,-86,82,0
238645.0114,1191.6214,-200,-4491,1674,-101,-98,18,-56,105,0
238645.0263,1191.6363,-445,-4527,822,-112,-134,5,-24,84,0
238645.0463,1191.6563,-424,-4378,1292,-116,-152,-3,-27,81,0
238645.0583,1191.6683,-306,-4260,2259,-110,-125,8,4,119,0
238645.0652,1191.6752,-137,-4166,2088,-119,-140,41,74,132,0
238645.0732,1191.6832,-215,-4307,1471,-121,-126,16,120,168,0
238645.0823,1191.6923,13,-3969,1296,-123,-110,10,161,248,0
238645.0932,1191.7032,101,-3765,2016,-142,-88,15,183,307,0
238645.1058,1191.7158,-105,-4035,2311,-171,-62,25,197,335,0
238645.1139,1191.7239,-107,-3935,1856,-176,-21,5,201,330,0
238645.1185,1191.7285,7,-4096,1594,-182,1,-15,181,253,0
238645.1237,1191.7337,63,-3985,1755,-186,27,-25,162,190,0
238645.1271,1191.7371,79,-3859,2010,-143,28,-6,178,211,0
238645.1466,1191.7566,27,-3895,2420,-116,16,4,172,215,0
238645.1504,1191.7604,186,-4135,2227,-132,0,-13,143,223,0
238645.1555,1191.7655,103,-4250,1663,-126,0,-5,122,194,0
238645.158,1191.7679,96,-4209,955,-106,-11,20,121,178,0
238645.1608,1191.7708,324,-3934,1447,-87,-10,5,97,142,0
238645.1635,1191.7735,399,-3778,2200,-103,22,10,105,129,0
238645.1659,1191.7759,372,-3871,1385,-119,34,37,94,91,0
238645.1687,1191.7786,252,-3937,1075,-125,33,30,84,52,0
238645.1715,1191.7815,44,-4094,486,-124,-25,12,68,22,0
238645.1741,1191.7841,345,-3685,804,-91,-52,15,62,16,0
238645.177,1191.787,474,-3261,1239,-73,-39,30,78,7,0
238645.1796,1191.7895,538,-3301,1013,-56,-1,32,48,-11,0
238645.1821,1191.7921,323,-3463,670,-36,1,27,41,-71,0
238645.1848,1191.7948,146,-3544,58,-24,-24,14,12,-69,0
238645.1876,1191.7976,174,-3364,1132,-37,-42,-3,1,-81,0
238645.1901,1191.8001,277,-3404,807,-51,-50,-5,-23,-49,0
238645.1945,1191.8045,414,-3331,260,-77,-79,-23,-41,-65,0
238645.1972,1191.8072,229,-3519,41,-88,-61,-41,-36,-63,0
238645.2002,1191.8102,-50,-3495,-18,-71,-39,-63,-18,-71,0
238645.228,1191.838,-239,-3285,580,-70,-38,-34,-33,-100,0
238645.2308,1191.8408,-343,-3356,782,-60,-60,-46,-76,-130,0
238645.2337,1191.8437,-418,-3260,461,-54,-81,-66,-108,-161,0
238645.2574,1191.8673,-346,-3051,-54,-53,-57,-59,-140,-201,0
238645.2602,1191.8702,-421,-2911,-110,-57,-81,-87,-149,-221,0
238645.2628,1191.8728,-264,-3020,339,-27,-97,-63,-155,-254,0
238645.2859,1191.8959,-390,-2924,867,21,-90,-56,-148,-257,0
238645.2909,1191.9009,-481,-2884,644,22,-80,-61,-171,-229,0
238645.2941,1191.9041,-296,-2676,659,-13,-112,-74,-193,-202,0
238645.3094,1191.9194,-110,-2495,853,-27,-85,-92,-169,-234,0
238645.3119,1191.9219,-149,-2507,1339,-18,-67,-78,-197,-241,0
238645.3143,1191.9243,-356,-2649,1411,-1,-90,-56,-221,-261,0
238645.3315,1191.9415,-387,-2996,642,26,-85,-43,-212,-269,0
238645.3345,1191.9445,-146,-2883,1162,13,-93,-37,-195,-253,0
238645.3372,1191.9472,-49,-2744,964,-2,-104,-19,-192,-229,0
238645.3545,1191.9645,43,-2829,798,-7,-121,-2,-160,-192,0
238645.3585,1191.9685,81,-3060,1245,30,-123,27,-152,-158,0
238645.3616,1191.9716,78,-3127,727,83,-140,39,-132,-160,0
238645.3681,1191.9781,25,-3008,899,71,-123,36,-133,-159,0
238645.3723,1191.9823,-67,-2946,819,9,-104,17,-135,-147,0
238645.3759,1191.9859,159,-2936,1214,-39,-104,37,-123,-140,0
238645.3936,1192.0036,442,-2734,1493,-42,-83,57,-128,-103,0
238645.3962,1192.0062,466,-2616,1144,-47,-58,84,-153,-63,0
238645.3993,1192.0093,333,-2939,665,-79,-94,85,-132,-59,0
238645.4203,1192.0303,501,-3078,484,-88,-103,96,-126,-50,0
238645.423,1192.0329,644,-3193,202,-91,-82,73,-154,-59,0
238645.4282,1192.0382,742,-3094,633,-76,-74,62,-194,-104,0
238645.4505,1192.0605,506,-3424,-1004,-85,-64,40,-206,-138,0
238645.4529,1192.0629,608,-3364,-527,-102,-50,-2,-177,-128,0
238645.456,1192.0659,800,-3006,-189,-128,-60,9,-176,-104,0
238645.4588,1192.0688,824,-2874,251,-92,-76,-9,-138,-129,0
238645.4618,1192.0718,1079,-2737,556,-53,-73,-6,-150,-122,0
238645.4648,1192.0748,836,-2906,-365,-59,-60,4,-163,-127,0
238645.4775,1192.0875,727,-2830,-752,-58,-70,45,-174,-162,0
238645.4803,1192.0903,529,-2859,-827,-43,-106,20,-177,-192,0
238645.483,1192.093,349,-2887,0,-15,-143,-14,-176,-195,0
238645.51,1192.12,268,-2929,37,5,-127,-39,-154,-143,0
238645.5139,1192.1238,118,-2773,-554,-4,-114,-64,-175,-115,0
238645.519,1192.1289,-52,-2924,-811,-21,-74,-59,-166,-106,0
238645.5248,1192.1348,3,-3305,-473,-79,-54,-57,-138,-104,0
238645.53,1192.14,115,-4434,913,-88,-33,-56,-149,-77,0
238645.5323,1192.1423,445,-4689,1992,-94,-27,-68,-152,-45,0
238645.552,1192.162,239,-4714,959,-67,-48,-64,-152,-22,0
238645.5593,1192.1693,214,-5023,826,-85,-91,-64,-170,24,0
238645.566,1192.176,81,-7381,298,-72,-121,-72,-156,80,0
238645.5794,1192.1894,274,-10588,734,-102,-106,-54,-157,136,0
238645.5852,1192.1952,348,-15108,1474,-132,-88,-65,-166,158,0
238645.5892,1192.1992,171,-19844,1354,-159,-86,-71,-126,189,0
238645.6206,1192.2306,-190,-23287,552,-141,-108,-95,-125,213,0
238645.6256,1192.2356,-231,-24626,396,-149,-99,-101,-138,219,0
238645.6314,1192.2414,-39,-25408,565,-149,-103,-113,-98,223,0
238645.6334,1192.2433,-54,-26382,1082,-170,-83,-107,-61,216,0
238645.6349,1192.2449,-263,-26318,649,-188,-52,-123,-24,184,0
238645.6365,1192.2465,-409,-26550,245,-160,-32,-156,-14,211,0
238645.6543,1192.2643,-315,-26297,-133,-158,-57,-151,-7,206,0
238645.6583,1192.2683,-507,-25992,95,-157,-55,-156,-29,157,0
238645.6635,1192.2735,-410,-25624,355,-186,-76,-155,-4,97,0
238645.6717,1192.2817,-227,-25175,-336,-164,-99,-140,-21,54,0
238645.6741,1192.2841,-82,-24791,-717,-134,-114,-142,-14,25,0
238645.6788,1192.2888,-200,-24291,-882,-96,-87,-148,-19,-44,0
238645.696,1192.306,-270,-23772,-636,-106,-97,-146,-36,-110,0
238645.7012,1192.3111,-158,-22962,-669,-69,-127,-152,-31,-133,0
238645.7062,1192.3162,-28,-22157,-1352,-38,-119,-146,-19,-117,0
238645.7201,1192.3301,-110,-21347,-1138,-12,-92,-128,-19,-176,0
238645.7231,1192.333,-95,-20673,-1037,-11,-78,-159,-61,-186,0
238645.7271,1192.3371,18,-20017,-592,-5,-74,-164,-67,-167,0
238645.7523,1192.3622,97,-19348,-383,4,-60,-153,-53,-148,0
238645.7548,1192.3648,-125,-18727,-642,-3,-59,-144,-53,-130,0
238645.759,1192.369,-262,-17992,-777,-11,-45,-113,-70,-81,0
238645.7895,1192.3995,-375,-17300,-525,-28,-25,-57,-59,-46,0
238645.792,1192.402,-66,-16499,369,-73,-32,-54,-67,8,0
238645.7945,1192.4045,-356,-16005,389,-92,-47,-43,-58,24,0
238645.8159,1192.4259,-466,-15447,145,-114,-30,-22,-43,18,0
238645.8214,1192.4313,-459,-15070,606,-103,-9,-18,-74,28,0
238645.8249,1192.4349,-456,-14571,757,-55,-21,-52,-74,33,0
238645.8279,1192.4379,-350,-14049,889,-41,-15,-70,-28,16,0
238645.8314,1192.4414,-327,-13492,1169,-25,23,-42,-23,28,0
238645.8351,1192.4451,-472,-13100,661,-20,3,-27,-38,45,0
238645.8394,1192.4494,-518,-12858,299,13,10,-45,-34,108,0
238645.8481,1192.4581,-539,-12473,283,0,35,-82,-49,175,0
238645.8552,1192.4652,-444,-11782,984,-7,7,-66,-56,178,0
238645.8952,1192.5051,-351,-11196,1272,-52,-12,-31,-51,144,0
238645.898,1192.508,-335,-10744,1443,-39,-8,-11,-26,105,0
238645.9007,1192.5107,-110,-10288,592,-52,1,-25,-22,80,0
238645.9047,1192.5146,-1,-10039,444,-49,32,-25,-15,36,0
238645.9095,1192.5195,-94,-9630,1049,-45,56,-29,-42,15,0
238645.9148,1192.5248,44,-9257,1512,-39,39,-39,-28,30,0
238645.9229,1192.5329,153,-8893,1158,-47,27,-1,13,54,0
238645.9263,1192.5362,79,-8734,825,-58,31,2,35,60,0
238645.9277,1192.5376,-60,-8560,599,-81,37,25,39,52,0
238645.9746,1192.5846,32,-8361,748,-75,85,-6,35,49,0
238645.9772,1192.5872,223,-7803,1406,-49,82,8,-8,-4,0
238645.98,1192.59,64,-7720,510,-18,48,12,-23,-56,0
238646.0176,1192.6276,53,-7492,612,-34,24,9,-35,-34,0
238646.0264,1192.6364,146,-7312,631,-47,-17,41,-50,-10,0
238646.0316,1192.6416,232,-6811,874,-40,-3,64,-87,-10,0
238646.0373,1192.6472,58,-6420,1196,-25,22,50,-99,-31,0
238646.0414,1192.6514,-81,-6011,346,-15,49,54,-111,-41,0
238646.0449,1192.6548,-241,-5958,-275,-15,46,88,-70,-22,0
238646.0488,1192.6587,58,-5650,-279,-16,50,85,-45,2,0
238646.0554,1192.6654,-330,-5656,496,21,40,92,-45,11,0
238646.0622,1192.6722,-472,-5512,793,29,18,89,-38,18,0
238646.0742,1192.6842,-337,-5114,800,17,-25,98,-46,-49,0
238646.0873,1192.6972,-322,-4893,326,31,-56,114,-91,-111,0
238646.0938,1192.7038,-379,-4875,-70,33,-38,140,-112,-111,0
238646.1019,1192.7119,-285,-4611,696,19,-6,166,-89,-158,0
238646.1077,1192.7177,103,-4083,1118,36,-26,163,-66,-211,0
238646.1142,1192.7242,-233,-4180,-192,67,-46,156,-60,-245,0
238646.1185,1192.7285,-196,-3970,-391,95,-37,136,-81,-247,0
238646.1216,1192.7316,-285,-3748,-29,110,-41,93,-78,-245,0
238646.1241,1192.7341,-134,-3478,394,146,-95,58,-70,-240,0
238646.1269,1192.7369,-543,-3600,237,134,-97,57,-80,-231,0
238646.1304,1192.7404,-471,-3358,-187,133,-116,66,-90,-246,0
238646.1331,1192.7431,-371,-3197,-385,137,-163,67,-115,-230,0
238646.1359,1192.7459,-456,-3072,104,128,-173,71,-107,-181,0
238646.1468,1192.7568,-322,-2877,584,97,-151,54,-114,-136,0
238646.1497,1192.7597,-73,-2675,602,82,-159,34,-116,-90,0
238646.1526,1192.7626,-250,-2755,365,62,-177,10,-152,-46,0
238646.1551,1192.7651,-290,-2566,420,67,-182,-25,-143,-40,0
238646.1577,1192.7677,-307,-2487,791,75,-194,-23,-133,-10,0
238646.1796,1192.7895,-264,-2321,1335,67,-180,2,-108,0,0
238646.1822,1192.7922,-228,-2423,1084,69,-164,9,-110,34,0
238646.1847,1192.7947,-276,-2412,710,99,-155,12,-99,105,0
238646.205,1192.8149,-413,-2377,758,68,-170,19,-87,182,0
238646.2085,1192.8184,-489,-2252,731,30,-171,22,-105,214,0
238646.2138,1192.8238,-192,-2005,1058,47,-160,5,-122,234,0
238646.2336,1192.8436,-52,-1898,1115,57,-163,-14,-127,226,0
238646.2368,1192.8468,-242,-1801,1008,69,-211,-3,-144,227,0
238646.2384,1192.8483,-224,-1766,768,50,-239,7,-113,216,0
238646.2576,1192.8676,-391,-1604,468,69,-245,-11,-100,187,0
238646.2601,1192.8701,-211,-1499,440,93,-212,1,-106,146,0
238646.2626,1192.8726,2,-1272,923,99,-214,15,-96,120,0
238646.2829,1192.8929,-5,-1193,442,90,-197,20,-70,143,0
238646.2854,1192.8954,-305,-1183,20,78,-168,35,-76,181,0
238646.287,1192.8969,-231,-1115,-312,62,-118,33,-51,213,0
238646.3099,1192.9199,-135,-1075,-364,42,-107,58,-52,244,0
238646.3127,1192.9227,68,-953,422,52,-120,30,-51,241,0
238646.3178,1192.9278,-29,-1103,222,29,-109,22,-41,245,0
238646.3217,1192.9317,-276,-1181,200,57,-103,36,-31,299,0
238646.3242,1192.9342,-233,-1213,99,77,-104,78,-45,318,0
238646.3292,1192.9392,-95,-857,756,74,-66,94,-61,318,0
238646.3408,1192.9508,79,-784,460,77,-39,124,-59,280,0
238646.3439,1192.9539,-100,-834,170,99,-52,101,-51,265,0
238646.3485,1192.9585,-170,-844,314,83,-36,95,-35,252,0
238646.3765,1192.9865,-51,-746,347,69,-23,61,-45,266,0
238646.379,1192.9889,213,-649,765,86,5,60,-1,274,0
238646.3823,1192.9923,174,-779,586,59,62,54,12,273,0
238636.4215,1183.0315,-154,-82,275,59,-63,9,-156,-327,0
238636.424,1183.034,-144,-121,-259,85,-46,9,-148,-269,0
238636.4273,1183.0373,182,-102,-183,33,-35,6,-156,-242,0
238636.4492,1183.0591,266,9,12,15,-50,-4,-168,-249,0
238636.4552,1183.0652,240,-120,40,-1,-49,-3,-176,-254,0
238636.4616,1183.0716,402,-33,-521,11,-57,15,-172,-237,0
238636.465,1183.075,491,151,-297,21,-51,18,-177,-234,0
238636.4746,1183.0846,307,32,-1061,79,-34,15,-216,-270,0
238636.4799,1183.0899,166,106,-503,89,-33,33,-189,-308,0
238636.4856,1183.0956,54,59,-739,92,-12,39,-191,-343,0
238636.4932,1183.1031,-71,-111,-1820,69,25,47,-185,-380,0
238636.4976,1183.1076,-70,-176,-2390,82,25,33,-167,-395,0
238636.5027,1183.1127,270,135,-1780,71,-11,57,-196,-316,0
238636.5067,1183.1167,295,46,-1207,72,-41,46,-217,-243,0
238636.5122,1183.1222,202,-107,-1073,47,-54,34,-231,-211,0
238636.5186,1183.1286,311,-246,-1689,4,-23,39,-252,-232,0
238636.5247,1183.1347,378,-115,-1602,-32,13,36,-273,-266,0
238636.531,1183.141,514,-104,-1450,-5,34,43,-268,-321,0
238636.5383,1183.1482,697,72,-1443,16,69,54,-258,-355,0
238636.5447,1183.1547,545,9,-898,3,72,97,-245,-402,0
238636.5482,1183.1581,389,-227,-1371,11,51,118,-251,-398,0
238636.5608,1183.1708,589,-158,-1486,15,7,128,-267,-404,0
238636.5635,1183.1735,412,-80,-1546,4,25,148,-254,-367,0
238636.5658,1183.1758,358,-22,-1533,-1,9,98,-211,-328,0
238636.6023,1183.2123,590,208,-1175,5,-4,75,-160,-259,0
238636.604,1183.214,629,271,-1034,4,0,73,-139,-202,0
238636.6066,1183.2165,530,139,-817,10,-23,42,-114,-109,0
238636.6339,1183.2439,466,61,-555,-16,-12,7,-99,-48,0
238636.6364,1183.2464,519,26,259,-16,16,-28,-83,-19,0
238636.6388,1183.2488,605,-62,409,-32,11,-51,-68,-7,0
238636.6436,1183.2536,653,-135,-815,-13,6,-78,-32,53,0
238636.6462,1183.2562,644,-193,-893,-27,-15,-100,-38,99,0
238636.6477,1183.2577,716,-209,-426,-23,-56,-100,-7,148,0
238636.6721,1183.2821,602,-374,-150,-49,-46,-76,-11,216,0
238636.6747,1183.2847,524,-272,61,-82,5,-69,-8,247,0
238636.6845,1183.2945,260,-362,-460,-86,6,-55,-4,235,0
238636.6902,1183.3002,330,-264,-585,-74,9,-49,25,253,0
238636.6932,1183.3032,608,-134,-459,-53,9,-43,28,258,0
238636.6959,1183.3059,747,-181,-476,-19,35,-27,51,274,0
238636.717,1183.327,573,-258,-149,0,32,-40,34,264,0
238636.7194,1183.3294,708,-98,-93,-13,15,-80,7,262,0
238636.7216,1183.3316,716,-118,171,-37,33,-68,9,220,0
238636.7268,1183.3368,380,-253,305,-40,57,-59,24,203,0
238636.7292,1183.3392,228,-414,741,-45,44,-67,41,179,0
238636.7319,1183.3419,324,-411,1094,-48,47,-66,42,159,0
238636.7574,1183.3674,108,-417,180,-36,59,-36,59,159,0
238636.7598,1183.3698,161,-411,364,3,58,-47,51,167,0
238636.7622,1183.3722,287,-317,627,21,80,-41,29,200,0
238636.8292,1183.4392,556,-414,1115,19,77,-20,23,220,0
238636.8317,1183.4417,697,-359,1326,67,80,9,33,184,0
238636.8338,1183.4438,384,-524,944,101,101,13,43,170,0
238636.8355,1183.4454,327,-509,1227,97,107,32,39,184,0
238636.8369,1183.4469,248,-531,891,56,95,50,9,174,0
238636.8393,1183.4493,326,-416,707,56,67,66,12,142,0
238636.8408,1183.4508,345,-499,843,46,54,79,2,147,0
238636.8425,1183.4525,325,-507,142,22,38,86,-5,110,0
238636.8448,1183.4548,43,-628,-201,14,38,92,-6,91,0
238636.8778,1183.4878,32,-537,-176,5,52,71,16,60,0
238636.8881,1183.498,83,-271,298,-14,63,65,6,19,0
238636.8985,1183.5085,41,-300,224,-4,37,36,6,-22,0
238636.9028,1183.5128,-71,-351,-456,-5,43,50,-9,-19,0
238636.9059,1183.5158,213,-118,-161,19,54,48,-55,-52,0
238636.9085,1183.5185,171,-142,232,53,63,27,-57,-82,0
238636.9361,1183.5461,230,-259,-421,49,36,-5,-21,-110,0
238636.9412,1183.5512,113,-243,-385,38,17,-30,-27,-98,0
238636.9457,1183.5556,-134,-411,-286,34,-9,-61,-43,-93,0
238636.9494,1183.5594,-265,-353,-188,-9,-16,-23,-10,-135,0
238636.9522,1183.5622,-355,-357,-346,0,-28,5,-14,-159,0
238636.9546,1183.5645,-423,-341,253,12,-37,-4,-28,-150,0
238636.96,1183.57,-190,-320,548,59,-23,4,-11,-136,0
238636.9625,1183.5725,-108,-265,257,54,1,22,-17,-133,0
238636.9649,1183.5749,-375,-313,510,71,0,3,3,-89,0
238636.9881,1183.5981,-243,-235,936,78,20,29,-8,-94,0
238636.9903,1183.6003,-167,-249,925,116,61,32,-28,-107,0
238636.9932,1183.6032,-172,-354,595,136,75,35,-46,-104,0
238637.0042,1183.6142,-74,-416,359,133,83,55,-37,-124,0
238637.0058,1183.6158,133,-312,601,133,89,43,-37,-99,0
238637.0075,1183.6174,89,-268,752,131,76,14,-46,-67,0
238637.0327,1183.6427,201,-202,1104,145,82,-3,-46,-60,0
238637.0355,1183.6454,297,-190,1165,157,101,-9,-56,-93,0
238637.0378,1183.6478,125,-260,599,197,105,-11,-58,-102,0
238637.0574,1183.6674,175,-174,398,203,92,-40,-42,-77,0
238637.061,1183.671,80,-141,668,185,83,-19,-46,-31,0
238637.0692,1183.6792,-133,-211,382,167,56,-15,-49,2,0
238637.0861,1183.6961,-526,-285,-60,165,65,-56,-51,36,0
238637.0896,1183.6996,-467,-125,-374,134,76,-40,-62,51,0
238637.0927,1183.7027,-389,-110,-651,133,53,-24,-42,66,0
238637.0972,1183.7072,-411,-9,-516,155,24,-24,-26,106,0
238637.1005,1183.7105,-530,78,-48,164,17,-32,-52,140,0
238637.1039,1183.7139,-512,41,-21,194,1,-12,-58,186,0
238637.1218,1183.7318,-388,-84,-695,183,-11,10,-24,215,0
238637.1242,1183.7342,-549,-248,-1089,181,-30,20,-3,223,0
238637.1266,1183.7366,-466,-220,-521,178,-61,7,-3,219,0
238637.1783,1183.7883,-309,-79,317,182,-14,3,-8,230,0
238637.181,1183.7909,-399,-72,555,176,4,7,22,193,0
238637.1835,1183.7935,-332,-149,-346,192,2,4,61,175,0
238637.1995,1183.8095,-358,-267,147,221,-8,-3,52,152,0
238637.202,1183.812,15,59,869,215,-27,-32,48,169,0
238637.2044,1183.8144,39,93,403,190,-41,-6,59,195,0
238637.2083,1183.8182,-10,21,31,176,-25,1,17,207,0
238637.2109,1183.8209,-276,-61,358,156,-25,-11,17,230,0
238637.2132,1183.8232,-9,89,427,173,-13,-7,69,205,0
238637.2162,1183.8261,160,121,158,155,-27,-12,80,211,0
238637.2186,1183.8285,177,86,450,161,-49,-42,76,238,0
238637.221,1183.8309,-86,149,511,160,-49,-87,62,267,0
238637.2397,1183.8497,-8,103,-180,162,-56,-78,54,240,0
238637.2436,1183.8536,49,7,158,180,-65,-84,43,260,0
238637.2589,1183.8689,-144,-87,401,202,-57,-77,28,251,0
238637.2622,1183.8722,-54,-134,783,216,-37,-75,-2,237,0
238637.2649,1183.8749,264,-196,1202,193,-53,-63,14,245,0
238637.2678,1183.8778,227,-192,-209,138,-90,-72,21,239,0
238637.2821,1183.8921,238,-86,-175,44,-115,-65,36,254,0
238637.2846,1183.8946,244,-56,173,22,-106,-73,17,225,0
238637.2872,1183.8972,174,-185,463,44,-79,-83,20,200,0
238637.3106,1183.9206,61,-260,51,57,-56,-81,7,182,0
238637.3125,1183.9225,-61,-231,-288,42,-40,-53,-16,209,0
238637.3144,1183.9244,201,-260,-69,17,-8,-33,-23,243,0
238637.3391,1183.9491,234,-249,159,25,-16,-40,-4,220,0
238637.3417,1183.9517,259,-373,767,39,-34,-53,-33,150,0
238637.3444,1183.9544,51,-571,613,55,-43,-45,-17,106,0
238637.3535,1183.9635,146,-546,318,59,-35,-48,3,65,0
238637.356,1183.966,454,-368,-32,71,-32,-85,-25,31,0
238637.3588,1183.9688,551,-340,249,84,-9,-99,-26,28,0
238637.3729,1183.9829,548,-305,170,107,18,-82,-33,26,0
238637.3759,1183.9859,550,-280,711,105,24,-72,-54,-9,0
238637.3781,1183.9881,199,-557,333,97,6,-48,-73,-24,0
238637.4283,1184.0383,53,-650,542,83,1,-14,-46,-7,0
238637.4307,1184.0406,136,-640,633,92,29,14,-42,16,0
238637.433,1184.0429,51,-645,1033,85,33,19,-22,25,0
238637.436,1184.046,74,-555,690,68,40,0,-14,0,0
238637.4386,1184.0485,24,-590,16,80,59,-38,-25,37,0
238637.4416,1184.0516,22,-629,408,52,24,-11,-16,87,0
238637.45,1184.06,-105,-577,441,23,12,-23,-4,100,0
238637.4524,1184.0623,-190,-497,218,37,11,1,0,59,0
238637.455,1184.0649,-147,-478,-57,58,72,-18,20,42,0
238637.4787,1184.0887,63,-395,-1140,72,58,-17,35,-12,0
238637.484,1184.094,417,-158,-1293,78,46,-47,53,-48,0
238637.4891,1184.0991,544,-62,-1871,92,30,-53,51,-107,0
238637.5122,1184.1222,946,133,-2333,149,41,-67,34,-145,0
238637.5176,1184.1276,855,47,-2730,190,77,-66,5,-108,0
238637.5293,1184.1393,860,-148,-4069,187,94,-65,-18,-96,0
238637.5558,1184.1658,1278,-122,-3415,214,74,-51,-44,-126,0
238637.5698,1184.1798,1158,-337,-2850,228,51,-50,-57,-166,0
238637.6148,1184.2248,1083,-257,-3417,231,50,-39,-44,-186,0
238637.6356,1184.2456,1237,-216,-2230,210,26,-33,-32,-118,0
238637.647,1184.257,890,-294,-2607,158,36,-60,-45,-104,0
238637.6531,1184.2631,809,-289,-2708,133,15,-72,-79,-126,0
238637.6605,1184.2705,807,-197,-2096,168,-26,-98,-107,-125,0
238637.6627,1184.2727,690,-381,-2132,146,-44,-105,-119,-104,0
238637.6677,1184.2776,680,-411,-1038,158,-73,-95,-126,-91,0
238637.6755,1184.2855,344,-575,-2115,217,-60,-81,-175,-85,0
238637.6802,1184.2902,231,-817,-1226,239,-35,-84,-187,-77,0
238637.6837,1184.2937,328,-962,-427,247,-36,-86,-161,-53,0
238637.6875,1184.2975,160,-1060,-445,245,-66,-79,-131,-11,0
238637.6901,1184.3001,126,-877,70,244,-105,-82,-107,13,0
238637.6953,1184.3053,90,-806,-619,268,-102,-69,-72,40,0
238637.6984,1184.3084,18,-837,80,282,-102,-75,-106,57,0
238637.701,1184.311,-56,-852,634,279,-106,-80,-105,63,0
238637.7036,1184.3136,10,-802,-150,248,-102,-57,-96,39,0
238637.7066,1184.3165,0,-934,-239,235,-99,-56,-85,-16,0
238637.709,1184.319,-170,-1124,-1022,262,-97,-50,-114,-40,0
238637.7115,1184.3214,-124,-1040,-252,259,-112,-22,-107,-44,0
238637.7141,1184.3241,-145,-968,-105,210,-124,-34,-92,-75,0
238637.7165,1184.3264,-96,-977,-530,235,-114,-80,-109,-126,0
238637.7189,1184.3289,-117,-989,-149,247,-92,-93,-148,-129,0
238637.7233,1184.3333,-219,-970,-966,263,-111,-93,-174,-157,0
238637.7276,1184.3376,-105,-807,-1031,264,-152,-94,-163,-150,0
238637.7313,1184.3413,-152,-852,-641,251,-149,-94,-129,-97,0
238637.7555,1184.3654,-328,-939,-1022,290,-147,-113,-88,-65,0
238637.7583,1184.3683,-382,-1032,-704,294,-141,-147,-79,-11,0
238637.7623,1184.3723,-214,-1085,-1047,255,-146,-169,-85,9,0
238637.7675,1184.3775,-137,-1113,-206,221,-120,-171,-76,53,0
238637.776,1184.386,60,-975,858,194,-88,-162,-67,80,0
238637.7795,1184.3895,-22,-984,709,164,-78,-117,-15,90,0
238637.7949,1184.4049,-224,-1053,880,180,-40,-121,42,43,0
238637.7986,1184.4086,-329,-1060,287,194,-44,-139,43,1,0
238637.8055,1184.4154,-438,-1076,11,202,-61,-151,32,-81,0
238637.8172,1184.4272,-359,-1031,-165,195,-61,-134,38,-112,0
238637.8219,1184.4319,-307,-1041,-156,167,-18,-126,55,-94,0
238637.8258,1184.4358,-37,-915,174,163,-8,-113,52,-39,0
238637.8289,1184.4389,-152,-855,-384,191,-27,-65,55,-39,0
238637.8323,1184.4423,10,-950,-127,167,-51,-42,24,-11,0
238637.8347,1184.4447,-32,-935,-188,117,-62,-36,24,-32,0
238637.862,1184.472,51,-791,-231,91,-56,-16,22,1,0
238637.8653,1184.4753,240,-637,-94,108,-48,-5,21,52,0
238637.8709,1184.4809,119,-680,-713,94,-38,-24,-6,113,0
238637.9028,1184.5128,122,-635,20,85,-39,-43,-11,157,0
238637.9089,1184.5189,125,-604,1124,64,-29,-63,18,207,0
238637.918,1184.528,216,-453,1188,31,-9,-54,22,240,0
238637.9331,1184.5431,145,-416,998,-13,-25,-41,32,286,0
238637.9369,1184.5469,12,-438,1015,-32,-53,-68,27,349,0
238637.9427,1184.5527,-24,-300,968,-35,-48,-35,68,351,0
238637.9531,1184.5631,222,-280,1163,-39,-55,-26,68,336,0
238637.9639,1184.5738,298,-420,734,-42,-60,-32,31,298,0
238637.974,1184.584,76,-666,647,-3,-33,-17,10,267,0
238637.9877,1184.5976,-244,-691,556,39,35,-7,-7,213,0
238637.9943,1184.6043,-145,-624,730,37,31,-17,-12,121,0
238638.0067,1184.6167,-38,-505,783,19,-24,-36,-10,65,0
238638.0223,1184.6323,-2,-418,443,41,-28,-50,-27,9,0
238638.0304,1184.6403,-84,-583,-268,67,13,-47,-22,34,0
238638.0474,1184.6574,-38,-588,-992,80,-7,-62,-38,42,0
238638.0559,1184.6659,15,-489,-668,79,-18,-87,-42,43,0
238638.0625,1184.6725,77,-347,123,86,19,-70,-48,16,0
238638.0701,1184.6801,103,-354,-224,100,30,-60,-19,-12,0
238638.075,1184.685,190,-229,19,107,1,-71,-20,-10,0
238638.0786,1184.6886,-4,-303,-327,147,-29,-66,-35,-15,0
238638.0814,1184.6914,191,-221,-44,157,-8,-86,-49,-10,0
238638.0843,1184.6943,141,-319,-7,142,-28,-99,-26,-7,0
238638.0868,1184.6968,60,-374,-86,106,-27,-105,-23,-7,0
238638.0895,1184.6995,116,-300,-146,111,-4,-83,-66,-43,0
238638.0922,1184.7022,338,-242,-199,132,15,-49,-76,-50,0
238638.0954,1184.7054,475,-321,83,119,29,-32,-66,-87,0
238638.107,1184.717,607,-424,172,131,42,2,-61,-70,0
238638.1109,1184.7209,743,-612,79,135,44,6,-50,-62,0
238638.1143,1184.7243,911,-538,-63,147,41,30,-41,-44,0
238638.1167,1184.7267,765,-553,-702,163,27,38,-58,-2,0
238638.1333,1184.7433,656,-667,-932,139,20,16,-48,5,0
238638.1356,1184.7456,723,-690,-702,112,9,-18,-21,-20,0
238638.1379,1184.7479,592,-642,-808,90,-27,-16,-15,22,0
238638.153,1184.763,484,-655,-1070,109,-42,17,-29,42,0
238638.1577,1184.7677,183,-698,-1603,133,-6,49,-40,73,0
238638.1608,1184.7708,276,-657,-1603,153,24,38,-21,175,0
238638.1712,1184.7812,582,-638,-953,135,14,12,-29,251,0
238638.1745,1184.7844,907,-601,-382,97,15,-4,-34,277,0
238638.1771,1184.7871,788,-701,-474,108,-45,7,-32,307,0
238638.2124,1184.8224,715,-645,-884,104,-56,2,-41,334,0
238638.2202,1184.8302,515,-721,-624,114,-44,-18,-56,362,0
238638.2258,1184.8358,458,-701,-114,146,-35,-27,-24,402,0
238638.2369,1184.8469,335,-874,-373,159,-40,-35,-18,432,0
238638.2399,1184.8499,380,-669,-188,140,-58,-24,-2,460,0
238638.2445,1184.8545,412,-639,-453,118,-60,-29,46,455,0
238638.2488,1184.8588,486,-704,141,106,-69,-50,60,456,0
238638.2524,1184.8624,340,-637,729,104,-31,-60,55,408,0
238638.2553,1184.8653,544,-454,21,118,-48,-29,65,385,0
238638.2736,1184.8836,675,-408,-116,98,-56,-21,61,385,0
238638.278,1184.888,430,-580,-976,105,-42,-39,55,373,0
238638.2824,1184.8924,390,-580,-605,119,-47,-65,67,365,0
238638.3259,1184.9359,548,-620,-112,123,-37,-72,50,325,0
238638.3362,1184.9462,496,-741,123,118,-23,-57,18,278,0
238638.3423,1184.9523,326,-920,15,132,18,-70,5,260,0
238638.3495,1184.9595,341,-768,-979,132,-7,-40,15,245,0
238638.3589,1184.9689,247,-714,-813,137,-12,-17,13,169,0
238638.3728,1184.9828,69,-744,-314,138,-7,-32,-8,127,0
238638.3862,1184.9962,261,-650,280,158,8,-11,6,103,0
238638.3997,1185.0096,217,-622,659,172,0,42,6,69,0
238638.4029,1185.0129,124,-686,-94,188,45,52,10,21,0
238638.4076,1185.0176,198,-699,-262,178,96,25,39,38,0
238638.4147,1185.0247,395,-623,-179,155,114,23,34,27,0
238638.4375,1185.0475,391,-579,-381,195,88,40,5,-7,0
238638.4475,1185.0575,428,-542,-921,206,80,103,-3,-40,0
238638.4532,1185.0632,338,-465,-1414,193,90,152,-26,-39,0
238638.4606,1185.0706,321,-480,-1457,179,103,151,-32,-77,0
238638.4652,1185.0752,345,-575,-1503,156,90,102,-32,-127,0
238638.4693,1185.0793,454,-485,-1413,137,85,87,-63,-136,0
238638.4715,1185.0815,586,-581,-1104,106,72,91,-62,-149,0
238638.4748,1185.0848,454,-556,-1117,90,42,101,-52,-184,0
238638.4773,1185.0873,375,-501,-851,62,30,94,-53,-207,0
238638.4796,1185.0896,455,-482,-958,42,38,100,-79,-211,0
238638.4824,1185.0924,435,-549,-1449,17,76,101,-105,-216,0
238638.4852,1185.0952,424,-649,-1254,16,101,100,-95,-207,0
238638.4879,1185.0978,365,-772,-1587,33,157,74,-90,-182,0
238638.4907,1185.1007,471,-742,-1454,44,200,87,-83,-182,0
238638.4934,1185.1034,535,-555,-1064,61,214,64,-79,-191,0
238638.4973,1185.1073,473,-762,-1467,57,174,65,-64,-188,0
238638.5123,1185.1223,541,-716,-1139,60,174,65,-30,-198,0
238638.5147,1185.1246,606,-830,-1465,47,191,82,2,-209,0
238638.5177,1185.1277,546,-808,-1755,57,188,73,6,-272,0
238638.5333,1185.1433,580,-714,-1697,48,173,37,26,-265,0
238638.5356,1185.1455,626,-578,-1684,78,158,39,43,-220,0
238638.5385,1185.1484,588,-489,-1372,71,206,44,14,-186,0
238638.5521,1185.1621,261,-468,-1273,70,207,33,24,-161,0
238638.5543,1185.1643,312,-308,-239,91,212,16,46,-109,0
238638.5566,1185.1666,473,-209,390,80,201,29,42,-60,0
238638.5838,1185.1938,435,-252,551,25,203,12,42,-44,0
238638.5863,1185.1963,290,-297,265,25,194,-47,49,-52,0
238638.5896,1185.1995,195,-382,-386,24,172,-58,67,-81,0
238638.6131,1185.223,83,-397,-423,24,155,-44,47,-141,0
238638.6162,1185.2262,68,-327,400,56,141,-35,48,-177,0
238638.6191,1185.2291,-26,-432,650,100,161,-44,63,-164,0
238638.634,1185.244,-222,-632,866,105,126,-41,60,-162,0
238638.6367,1185.2467,-435,-741,582,61,110,-48,38,-177,0
238638.6394,1185.2494,-486,-617,1008,77,91,-63,11,-213,0
238638.6925,1185.3025,-489,-514,1317,79,104,-32,19,-230,0
238638.6956,1185.3055,-534,-515,1146,70,93,-53,-12,-228,0
238638.6988,1185.3088,-554,-592,978,58,100,-31,-20,-169,0
238638.7028,1185.3128,-652,-632,663,64,67,-14,-4,-145,0
238638.7059,1185.3159,-501,-652,1149,76,20,4,45,-102,0
238638.7085,1185.3184,-279,-705,1443,44,37,9,88,-69,0
238638.7112,1185.3212,-254,-736,861,1,74,24,70,-9,0
238638.7138,1185.3238,-254,-663,1043,-23,74,8,59,-17,0
238638.7163,1185.3262,-307,-625,1079,-21,75,2,30,-32,0
238638.7193,1185.3293,-225,-742,774,-10,94,2,46,-17,0
238638.7218,1185.3318,-50,-778,1038,-12,79,4,33,-7,0
238638.7242,1185.3342,-15,-751,373,-5,37,48,2,-4,0
238638.7445,1185.3545,-124,-699,-27,-4,-20,59,-22,27,0
238638.7477,1185.3576,-323,-789,-776,-8,-31,72,5,23,0
238638.7506,1185.3606,-130,-740,-828,-34,-20,71,11,26,0
238638.7768,1185.3868,-100,-650,-1053,-40,-32,59,-18,8,0
238638.78,1185.39,-223,-608,-1807,-43,-43,39,13,-12,0
238638.7815,1185.3915,-130,-762,-1730,-65,-51,40,22,-41,0
238638.7929,1185.4029,-59,-819,-1937,-92,-88,72,7,-1,0
238638.7955,1185.4054,-155,-817,-1797,-141,-114,67,-6,53,0
238638.7985,1185.4084,-15,-860,-1743,-130,-102,83,7,118,0
238638.8197,1185.4297,112,-963,-2224,-123,-80,75,3,153,0
238638.8221,1185.4321,76,-904,-1958,-126,-84,132,38,208,0
238638.8247,1185.4347,-220,-905,-2715,-99,-75,122,73,279,0
238638.8467,1185.4567,-34,-1000,-2612,-76,-75,103,108,342,0
238638.8495,1185.4594,137,-975,-2297,-82,-71,108,130,353,0
238638.8519,1185.4619,207,-852,-2786,-127,-78,113,129,393,0
238638.8657,1185.4757,364,-711,-2563,-124,-63,115,141,459,0
238638.8688,1185.4788,272,-754,-3042,-104,-54,127,164,504,0
238638.8726,1185.4826,205,-935,-3218,-93,-83,108,184,533,0
238638.8835,1185.4935,154,-913,-2912,-89,-71,82,184,592,0
238638.8861,1185.4961,229,-950,-2816,-101,-81,70,172,612,0
238638.8888,1185.4988,206,-1038,-2599,-129,-82,68,180,612,0
238638.9119,1185.5219,266,-1146,-2842,-147,-70,94,224,594,0
238638.9153,1185.5252,298,-991,-3075,-163,-55,137,228,571,0
238638.9324,1185.5423,370,-1016,-3212,-149,-64,150,247,531,0
238638.9392,1185.5492,391,-1147,-3712,-160,-72,140,263,415,0
238638.9425,1185.5525,526,-1147,-3605,-117,-67,113,247,341,0
238638.9457,1185.5557,554,-1169,-4090,-100,-97,85,251,347,0
238638.9564,1185.5664,452,-1120,-3657,-95,-78,81,267,339,0
238638.9596,1185.5695,263,-1139,-3043,-109,-88,57,249,301,0
238638.9642,1185.5742,5,-1277,-3266,-69,-78,18,254,279,0
238639.0202,1185.6302,-134,-1371,-2701,-27,-99,19,268,220,0
238639.0249,1185.6349,-301,-1278,-3106,0,-86,39,244,177,0
238639.0291,1185.6391,-330,-1234,-2930,-21,-74,71,223,209,0
238639.0382,1185.6482,-61,-1228,-2354,-38,-61,57,209,229,0
238639.0407,1185.6506,-160,-1171,-2760,-42,-63,64,179,222,0
238639.0431,1185.653,-112,-1133,-2690,-41,-45,52,151,198,0
238639.0466,1185.6566,-268,-1149,-2729,-61,-15,38,129,201,0
238639.0492,1185.6591,-172,-1174,-2685,-39,-18,15,124,236,0
238639.0523,1185.6623,-221,-986,-2069,-51,1,0,103,243,0
238639.0694,1185.6794,-114,-949,-1918,-40,12,-34,97,236,0
238639.0737,1185.6837,18,-915,-1817,-8,35,-47,81,236,0
238639.0766,1185.6866,-261,-1074,-2292,-12,58,-10,61,184,0
238639.0826,1185.6925,-220,-999,-2720,4,48,-16,62,189,0
238639.0872,1185.6972,-16,-895,-2492,12,34,2,62,231,0
238639.0928,1185.7028,-83,-900,-2538,-18,48,25,61,241,0
238639.1125,1185.7225,-261,-896,-1953,-34,55,21,45,194,0
238639.115,1185.725,-304,-829,-2286,-28,74,15,58,200,0
238639.1174,1185.7274,-324,-741,-2450,-24,66,18,54,218,0
238639.1305,1185.7405,-66,-699,-2173,-35,47,-6,33,265,0
238639.1329,1185.7429,178,-705,-2126,-76,48,7,21,268,0
238639.1359,1185.7459,115,-722,-2044,-104,82,37,35,289,0
238639.1686,1185.7786,-260,-884,-2345,-108,78,20,45,325,0
238639.1716,1185.7816,-88,-969,-1862,-89,68,-8,59,332,0
238639.1755,1185.7854,158,-985,-1265,-79,36,-17,92,377,0
238639.2107,1185.8207,-108,-1018,-1548,-82,23,-9,95,396,0
238639.2206,1185.8305,-57,-951,-1482,-81,19,-6,109,392,0
238639.2341,1185.8441,125,-870,-2341,-119,25,-32,134,355,0
238639.2708,1185.8808,291,-865,-2699,-158,11,-59,185,396,0
238639.2785,1185.8885,400,-967,-2522,-130,-9,-77,178,446,0
238639.2862,1185.8962,343,-1005,-2640,-158,-34,-55,165,443,0
238639.292,1185.902,330,-1029,-2406,-145,-52,-71,182,436,0
238639.2974,1185.9074,251,-1060,-2511,-130,-25,-57,203,436,0
238639.3049,1185.9149,224,-1072,-2272,-100,15,-45,159,388,0
238639.3172,1185.9272,188,-952,-2475,-66,44,-73,108,338,0
238639.3272,1185.9372,71,-863,-3127,-13,60,-49,97,290,0
238639.3308,1185.9408,-22,-877,-3810,64,89,-38,69,258,0
238639.3338,1185.9438,-49,-934,-4490,99,109,-70,36,238,0
238639.3361,1185.9461,106,-798,-4707,73,131,-108,5,200,0
238639.3384,1185.9483,265,-755,-4309,53,114,-135,23,129,0
238639.3416,1185.9516,274,-871,-4547,45,132,-145,35,89,0
238639.3442,1185.9542,51,-980,-4371,56,124,-153,29,43,0
238639.3466,1185.9566,-143,-1123,-4766,54,104,-144,17,78,0
238639.3494,1185.9594,-196,-1037,-4852,49,80,-168,-15,140,0
238639.3518,1185.9618,-169,-969,-4302,46,66,-156,-23,134,0
238639.3542,1185.9642,-305,-937,-4820,70,73,-179,-18,124,0
238639.3631,1185.973,-310,-925,-4807,83,79,-169,6,155,0
238639.3658,1185.9758,-140,-845,-4973,91,59,-189,29,132,0
238639.3683,1185.9783,-124,-858,-5090,84,18,-188,75,139,0
238639.3909,1186.0009,-110,-767,-4820,66,3,-182,71,164,0
238639.3935,1186.0035,60,-754,-5278,50,0,-187,51,140,0
238639.3959,1186.0059,175,-724,-5272,69,26,-218,34,92,0
238639.4449,1186.0548,107,-711,-5119,72,38,-230,28,46,0
238639.4474,1186.0574,-73,-713,-5393,63,24,-230,20,-40,0
238639.4503,1186.0603,10,-677,-5314,39,34,-227,30,-104,0
238639.4602,1186.0702,-78,-719,-5610,11,26,-213,-1,-122,0
238639.4729,1186.0828,-160,-599,-5256,-5,32,-220,-35,-178,0
238639.4778,1186.0877,-215,-597,-5535,24,11,-199,-55,-233,0
238639.4847,1186.0947,-72,-617,-5479,62,14,-189,-48,-255,0
238639.495,1186.105,76,-676,-5574,67,17,-157,-44,-280,0
238639.4989,1186.1088,93,-595,-5605,78,0,-147,-61,-318,0
238639.503,1186.1129,-5,-642,-5527,120,-9,-157,-70,-333,0
238639.5267,1186.1367,-109,-572,-5605,143,-6,-145,-62,-365,0
238639.531,1186.1409,-74,-568,-5647,145,-4,-123,-52,-400,0
238639.5356,1186.1455,-54,-577,-5522,181,-11,-73,-41,-410,0
238639.5422,1186.1522,-134,-517,-5673,167,-33,-85,-22,-366,0
238639.5489,1186.1589,-14,-527,-5677,150,-42,-125,-21,-375,0
238639.5551,1186.1651,107,-587,-5544,160,-22,-140,-35,-348,0
238639.5609,1186.1709,297,-486,-5485,182,21,-111,-25,-323,0
238639.5657,1186.1757,540,-363,-5053,190,29,-78,-16,-326,0
238639.5699,1186.1798,570,-532,-5556,233,22,-74,-20,-318,0
238639.5727,1186.1827,684,-560,-5233,225,22,-75,-8,-294,0
238639.5775,1186.1875,491,-566,-5449,210,-7,-47,-11,-243,0
238639.5819,1186.1918,354,-558,-5179,194,-13,-26,-34,-218,0
238639.5845,1186.1945,430,-578,-4246,202,23,-10,-15,-223,0
238639.587,1186.1969,337,-605,-4084,186,-5,27,1,-178,0
238639.5897,1186.1997,280,-578,-4066,156,-29,74,-14,-128,0
238639.5926,1186.2026,229,-436,-4097,133,-33,58,22,-85,0
238639.5952,1186.2051,327,-320,-4042,138,16,46,17,-71,0
238639.61,1186.22,394,-414,-3786,120,30,42,21,-43,0
238639.612,1186.222,300,-572,-4087,141,55,44,11,-27,0
238639.6145,1186.2245,263,-620,-3973,143,9,57,-9,-10,0
238639.6296,1186.2395,278,-707,-4146,106,4,46,-12,9,0
238639.6322,1186.2421,305,-708,-4315,88,20,66,12,21,0
238639.6346,1186.2446,246,-702,-3687,97,32,85,53,-15,0
238639.653,1186.263,110,-647,-4035,94,63,72,81,-21,0
238639.6555,1186.2654,-34,-619,-3644,122,66,53,89,-34,0
238639.6579,1186.2679,241,-561,-3711,127,48,56,45,-52,0
238639.6796,1186.2896,396,-559,-3405,153,10,69,54,-75,0
238639.6822,1186.2921,645,-541,-3459,178,-16,73,51,-23,0
238639.6846,1186.2946,738,-541,-3514,158,-34,49,57,13,0
238639.7142,1186.3242,736,-563,-3655,145,-31,38,51,51,0
238639.7169,1186.3268,708,-602,-3761,105,-11,47,49,86,0
238639.7192,1186.3292,876,-555,-3543,87,-2,47,56,66,0
238639.7404,1186.3504,1008,-614,-3378,89,-25,50,64,69,0
238639.7431,1186.3531,1097,-675,-3222,116,-51,31,75,61,0
238639.7456,1186.3556,1178,-586,-2743,118,-38,19,112,49,0
238639.7918,1186.4018,993,-645,-2841,109,-54,20,84,51,0
238639.7949,1186.4049,1087,-661,-3037,82,-64,36,77,16,0
238639.7977,1186.4077,925,-744,-3197,89,-48,51,62,4,0
238639.8008,1186.4108,732,-739,-3522,100,-13,82,15,-18,0
238639.8039,1186.4138,797,-490,-3378,134,-9,71,-39,-15,0
238639.8063,1186.4162,841,-301,-3789,170,-37,21,-34,-19,0
238639.809,1186.4189,801,-254,-3566,200,-52,55,-41,-23,0
238639.8118,1186.4218,779,-241,-3297,230,-43,64,-71,-29,0
238639.8144,1186.4244,857,-92,-3757,275,-82,28,-105,14,0
238639.8302,1186.4401,904,-93,-4210,293,-97,1,-93,68,0
238639.8324,1186.4424,735,-130,-3364,244,-87,-7,-69,47,0
238639.8346,1186.4446,502,-239,-3094,229,-87,-29,-47,40,0
238639.8436,1186.4536,357,-403,-3151,240,-68,-23,-48,12,0
238639.8461,1186.456,291,-531,-3828,256,-56,-4,-57,-20,0
238639.8484,1186.4584,134,-487,-3571,300,-42,-13,-86,-42,0
238639.8779,1186.4879,152,-319,-3976,307,-3,-40,-108,-68,0
238639.88,1186.49,304,-397,-3663,298,12,-58,-69,-102,0
238639.8814,1186.4914,248,-398,-3158,285,14,-37,-59,-125,0
238639.9009,1186.5109,140,-443,-3158,282,-17,-28,-41,-131,0
238639.909,1186.519,183,-417,-3227,277,-17,-53,-15,-162,0
238639.915,1186.525,109,-350,-3704,305,-18,-46,7,-184,0
238639.9393,1186.5492,-41,-289,-3767,319,17,-54,-29,-165,0
238639.9494,1186.5593,122,-171,-3957,294,14,-48,-54,-174,0
238639.9574,1186.5674,1,-228,-4468,250,39,-21,-53,-221,0
238639.9614,1186.5714,-165,-404,-4641,257,70,23,-50,-255,0
238639.9647,1186.5747,-278,-364,-4959,261,64,29,-28,-262,0
238639.9673,1186.5773,-154,-156,-4798,260,43,30,-47,-283,0
238639.9701,1186.5801,-68,-160,-4512,260,40,41,-52,-297,0
238639.9725,1186.5825,-171,-240,-4880,264,51,37,-76,-311,0
238639.9749,1186.5849,-132,-181,-4456,254,48,-7,-56,-322,0
238639.9953,1186.6053,-162,-297,-4574,222,29,-25,-34,-285,0
238639.9991,1186.609,-240,-445,-4681,203,30,-55,-3,-245,0
238640.0021,1186.6121,-216,-321,-3871,197,14,-57,-10,-197,0
238640.0185,1186.6285,-335,-348,-4263,177,14,-55,-60,-153,0
238640.0439,1186.6539,-222,-201,-3865,146,58,-70,-93,-83,0
238640.0501,1186.6601,-299,-244,-3982,120,126,-97,-100,-58,0
238640.0629,1186.6729,-378,-263,-4213,120,139,-125,-61,-58,0
238640.0664,1186.6764,-551,-441,-4009,128,143,-140,-47,-87,0
238640.0691,1186.679,-434,-354,-3989,172,152,-121,-54,-109,0
238640.1115,1186.7215,-238,-247,-3423,193,131,-85,-46,-153,0
238640.1144,1186.7243,-330,-179,-3449,176,107,-99,-65,-193,0
238640.1171,1186.7271,-316,-5,-3834,193,119,-113,-42,-256,0
238640.1394,1186.7494,-205,-4,-3410,209,153,-123,-31,-261,0
238640.1419,1186.7519,-447,-77,-3234,206,167,-103,-2,-283,0
238640.1445,1186.7545,-696,-46,-3402,204,123,-71,-4,-287,0
238640.153,1186.763,-667,133,-4585,214,87,-27,-31,-269,0
238640.1555,1186.7655,-595,199,-5229,195,105,-7,-40,-220,0
238640.1579,1186.7679,-475,338,-4893,176,108,17,-10,-153,0
238640.1607,1186.7707,-586,243,-5350,153,133,6,-39,-141,0
238640.1643,1186.7743,-552,197,-5476,132,123,3,-48,-165,0
238640.1689,1186.7789,-760,51,-6331,145,82,25,-11,-173,0
238640.1741,1186.7841,-790,2,-6694,141,68,22,2,-146,0
238640.1797,1186.7897,-680,136,-6972,137,78,61,-14,-132,0
238640.1856,1186.7956,-674,161,-8225,125,84,113,-7,-153,0
238640.1994,1186.8094,-639,336,-8552,150,129,117,13,-148,0
238640.2064,1186.8164,-891,311,-8850,168,155,90,40,-91,0
238640.2201,1186.8301,-774,328,-9013,159,160,76,50,-59,0
238640.2334,1186.8434,-788,239,-9404,160,216,89,51,-68,0
238640.2448,1186.8548,-946,148,-9982,145,217,83,53,-15,0
238640.2556,1186.8656,-969,72,-9986,164,209,68,62,-41,0
238640.2718,1186.8818,-972,142,-10949,163,216,56,56,-75,0
238640.2923,1186.9023,-874,316,-11834,164,204,36,62,-108,0
238640.3112,1186.9212,-837,455,-11971,172,162,46,91,-133,0
238640.3265,1186.9365,-1098,517,-12087,171,159,55,128,-142,0
238640.3385,1186.9484,-1247,443,-11927,142,123,87,151,-120,0
238640.3465,1186.9565,-1319,298,-12151,123,110,101,164,-90,0
238640.3561,1186.9661,-1141,121,-11811,98,117,110,139,-79,0
238640.3746,1186.9846,-904,143,-10524,93,125,113,78,-28,0
238640.3801,1186.9901,-914,148,-9894,84,104,142,49,6,0
238640.3866,1186.9966,-893,102,-9588,61,63,179,9,38,0
238640.393,1187.0029,-709,109,-8498,9,59,165,25,59,0
238640.3977,1187.0077,-754,93,-7573,-8,63,143,29,81,0
238640.4047,1187.0147,-730,210,-6640,-31,55,124,35,77,0
238640.4113,1187.0212,-727,275,-6329,-41,35,74,7,64,0
238640.4199,1187.0299,-863,201,-6295,-34,37,51,12,83,0
238640.4253,1187.0353,-969,63,-6992,-3,28,36,24,102,0
238640.4334,1187.0434,-954,93,-6668,5,56,60,38,141,0
238640.4414,1187.0514,-904,-33,-5690,5,69,43,11,137,0
238640.4538,1187.0638,-853,-112,-5441,-11,68,17,-19,145,0
238640.4568,1187.0668,-745,3,-5161,10,46,14,-32,173,0
238640.4609,1187.0709,-794,56,-4494,1,24,2,-13,153,0
238640.4653,1187.0753,-652,89,-3951,-18,54,-8,-17,114,0
238640.4685,1187.0784,-623,83,-3115,-14,52,-3,-21,98,0
238640.471,1187.0809,-779,109,-3019,-25,31,-11,-11,109,0
238640.4738,1187.0838,-943,101,-3167,-20,1,-13,-17,95,0
238640.4762,1187.0862,-1126,60,-3076,10,-13,5,-38,111,0
238640.4796,1187.0896,-1165,-35,-2481,25,-8,-17,-40,154,0
238640.4879,1187.0979,-1079,-28,-1863,-38,-8,-15,-40,204,0
238640.4906,1187.1006,-1090,-11,-1821,-44,-9,-20,-29,242,0
238640.4931,1187.103,-1033,-15,-1759,-59,7,9,-21,268,0
238640.5016,1187.1116,-1249,-201,-1730,-47,17,16,-34,284,0
238640.5045,1187.1145,-1136,-148,-1617,-42,-14,-10,-49,296,0
238640.5072,1187.1172,-1199,-144,-893,-51,0,-27,-9,320,0
238640.5107,1187.1207,-1191,-168,-1410,-81,18,-8,-8,356,0
238640.5134,1187.1234,-1272,-76,-1366,-59,39,-17,-26,372,0
238640.5156,1187.1256,-1324,37,-2030,-37,16,-66,-9,338,0
238640.5208,1187.1308,-1334,-14,-1944,-50,-16,-51,26,338,0
238640.5233,1187.1333,-1245,-185,-845,-84,-25,-68,19,364,0
238640.5271,1187.1371,-1108,-321,-579,-111,-57,-50,4,363,0
238640.5462,1187.1562,-1130,-246,-955,-125,-15,-52,20,359,0
238640.5479,1187.1579,-863,-178,-1426,-124,4,-56,45,360,0
238640.5508,1187.1608,-678,-125,-811,-177,17,-55,54,389,0
238640.5803,1187.1903,-257,-41,85,-190,23,-49,68,444,0
238640.5829,1187.1929,-665,-70,366,-197,23,-27,97,465,0
238640.5854,1187.1954,-742,-23,207,-221,19,-44,131,498,0
238640.5967,1187.2067,-332,42,-325,-258,29,-32,143,494,0
238640.5992,1187.2092,920,95,214,-290,30,-5,168,472,0
238640.6014,1187.2114,-778,52,1175,-289,-4,5,176,454,0
238640.623,1187.2329,-381,87,567,-308,-17,-38,165,522,0
238640.6255,1187.2355,-719,101,856,-333,-10,-67,166,599,0
238640.6282,1187.2381,-118,126,768,-346,14,-64,143,624,0
238640.6544,1187.2644,-543,36,1236,-345,26,-23,152,643,0
238640.6626,1187.2726,-102,8,1530,-344,30,-13,185,658,0
238640.6711,1187.2811,558,-24,1852,-358,61,-24,190,639,0
238640.6766,1187.2866,-1002,-363,867,-341,85,-13,218,616,0
238640.6811,1187.2911,-587,6,1693,-335,63,-26,248,605,0
238640.686,1187.296,556,7,1648,-350,81,-3,244,582,0
238640.7075,1187.3175,-60,66,3335,-346,92,-3,201,561,0
238640.7154,1187.3254,-992,-47,1235,-313,118,4,209,534,0
238640.7232,1187.3332,543,401,1893,-301,147,-13,244,524,0
238640.7281,1187.3381,332,74,1642,-330,136,-17,255,542,0
238640.7369,1187.3469,148,-145,-214,-344,101,-10,248,538,0
238640.7403,1187.3502,-1301,-96,1430,-364,112,37,272,537,0
238640.7535,1187.3635,1829,165,1553,-361,119,28,280,539,0
238640.7562,1187.3662,346,85,1642,-370,103,16,276,468,0
238640.7591,1187.3691,-606,312,2989,-332,105,30,268,436,0
238640.77,1187.3799,-801,167,1720,-311,125,19,287,437,0
238640.7723,1187.3823,-1975,-291,1813,-332,124,20,298,427,0
238640.775,1187.385,1002,-78,1738,-330,109,27,291,411,0
238640.7966,1187.4065,2923,234,1805,-336,131,11,248,387,0
238640.7992,1187.4092,-1344,104,2330,-337,132,23,218,316,0
238640.8019,1187.4118,-4235,-769,2089,-315,119,53,199,270,0
238640.8284,1187.4384,257,-489,972,-276,97,48,194,270,0
238640.831,1187.441,-341,6,2874,-276,94,47,196,244,0
238640.8335,1187.4434,-990,-303,2370,-285,8,50,177,217,0
238640.8492,1187.4592,-3008,-543,1759,-297,-30,41,170,224,0
238640.852,1187.462,-3548,-649,2391,-319,-32,20,147,203,0
238640.8634,1187.4734,961,42,1927,-292,-1,19,179,177,0
238640.8777,1187.4876,-474,-651,1955,-278,1,11,159,121,0
238640.8802,1187.4902,-4177,-917,2892,-252,29,3,193,62,0
238640.8826,1187.4926,-2839,-998,1114,-222,36,4,192,119,0
238640.8857,1187.4957,-1870,-963,443,-235,28,-12,151,152,0
238640.8885,1187.4985,-1389,-828,869,-245,36,1,107,154,0
238640.8909,1187.5009,-2046,-1081,991,-205,25,1,133,160,0
238640.903,1187.513,-1427,-913,808,-199,27,56,115,168,0
238640.9065,1187.5165,-2138,-1078,353,-206,24,78,112,172,0
238640.9117,1187.5217,-2171,-948,-61,-214,23,94,102,178,0
238640.9315,1187.5415,-1648,-1006,-33,-262,-8,90,95,163,0
238640.9337,1187.5437,-1430,-853,-715,-273,-57,94,90,109,0
238640.9352,1187.5452,-1241,-958,-519,-262,-70,77,68,112,0
238640.9546,1187.5646,-1634,-999,-813,-299,-63,74,48,101,0
238640.957,1187.567,-1676,-943,-1147,-336,-65,87,44,86,0
238640.9594,1187.5693,-883,-928,-1538,-320,-67,73,83,53,0
238640.9708,1187.5808,-1213,-977,-2167,-278,-64,54,48,26,0
238640.9731,1187.5831,-1239,-1229,-2888,-223,-62,48,49,39,0
238640.9754,1187.5853,-1240,-834,-2248,-204,-77,40,61,75,0
238641.0005,1187.6105,-1283,-720,-2240,-197,-80,13,83,94,0
238641.0029,1187.6129,-1079,-822,-2098,-209,-82,-4,71,98,0
238641.0061,1187.6161,-1128,-733,-2487,-220,-57,0,53,89,0
238641.0303,1187.6402,-1305,-745,-2391,-247,-50,-11,67,70,0
238641.038,1187.6479,-1012,-502,-2490,-245,-78,-19,112,53,0
238641.0456,1187.6555,-765,-412,-2338,-252,-97,-21,93,92,0
238641.0529,1187.6628,-446,-307,-2002,-259,-82,-17,51,88,0
238641.058,1187.668,-734,-462,-2696,-297,-88,-4,29,45,0
238641.0661,1187.6761,-540,-427,-3139,-292,-94,-30,28,17,0
238641.0699,1187.6799,-474,-331,-3915,-262,-83,-39,27,41,0
238641.0729,1187.6829,-444,-230,-3883,-266,-80,-55,34,53,0
238641.0759,1187.6859,-504,-363,-3991,-274,-78,-58,18,29,0
238641.0909,1187.7009,-673,-283,-5343,-311,-48,-61,4,35,0
238641.093,1187.703,-622,-280,-6736,-288,-50,-61,33,40,0
238641.0948,1187.7048,-865,-473,-8762,-271,-69,-46,34,54,0
238641.1362,1187.7462,-962,-657,-10820,-275,-65,-56,70,42,0
238641.1392,1187.7492,-960,-689,-12170,-266,-60,-46,105,65,0
238641.1408,1187.7508,-913,-754,-13483,-271,-50,-31,140,105,0
238641.1428,1187.7528,-576,-776,-14374,-314,-60,-25,106,76,0
238641.1454,1187.7554,-881,-813,-15546,-278,-46,-60,105,68,0
238641.1478,1187.7578,-930,-698,-16369,-241,-61,-39,110,107,0
238641.1641,1187.774,-916,-738,-16062,-280,-44,-52,123,102,0
238641.1664,1187.7763,-906,-660,-15943,-321,-66,-60,138,21,0
238641.1699,1187.7799,-986,-658,-15984,-349,-94,-48,169,4,0
238641.2019,1187.8119,-920,-622,-15294,-361,-118,-14,134,14,0
238641.2063,1187.8163,-1032,-562,-14470,-348,-125,-24,110,0,0
238641.21,1187.82,-899,-579,-13586,-355,-127,-19,121,9,0
238641.2265,1187.8365,-877,-619,-12910,-359,-108,-36,125,-2,0
238641.2334,1187.8434,-959,-727,-12401,-355,-96,-21,150,38,0
238641.2407,1187.8507,-749,-589,-11682,-397,-119,-24,166,54,0
238641.2531,1187.8631,-822,-696,-10720,-442,-140,-23,141,20,0
238641.2656,1187.8756,-874,-643,-9259,-439,-143,-38,136,22,0
238641.2768,1187.8868,-1028,-728,-8991,-436,-147,-28,195,11,0
238641.2965,1187.9065,-995,-681,-8769,-433,-124,-22,215,43,0
238641.3013,1187.9113,-1038,-630,-7954,-445,-114,-8,229,40,0
238641.3053,1187.9153,-799,-374,-7159,-448,-128,-22,234,71,0
238641.3106,1187.9206,-606,-235,-5893,-468,-130,-37,231,51,0
238641.3166,1187.9266,-707,-324,-5629,-499,-117,-25,218,31,0
238641.3222,1187.9321,-698,-199,-5198,-496,-116,-44,216,29,0
238641.326,1187.936,-1026,-189,-5126,-497,-127,-69,208,65,0
238641.3289,1187.9389,-987,-313,-4127,-527,-129,-104,199,76,0
238641.3313,1187.9413,-844,-332,-2870,-574,-148,-123,189,52,0
238641.3362,1187.9462,-709,-351,-2460,-579,-166,-110,166,35,0
238641.3402,1187.9501,-516,-393,-1858,-580,-186,-109,152,51,0
238641.343,1187.953,-418,-396,-1461,-574,-161,-97,151,35,0
238641.351,1187.961,-461,-367,-1381,-555,-161,-61,149,3,0
238641.3536,1187.9636,-385,-296,-75,-537,-146,-54,115,33,0
238641.3652,1187.9752,-350,-318,631,-535,-129,-63,88,24,0
238641.3756,1187.9856,-534,-307,804,-579,-112,-54,75,-16,0
238641.3771,1187.9871,-743,-387,988,-614,-117,-50,75,-41,0
238641.3793,1187.9893,-844,-376,1679,-633,-116,-38,34,-10,0
238641.4204,1188.0304,-766,-424,2514,-622,-144,-36,37,34,0
238641.4238,1188.0338,-832,-534,2249,-627,-177,-52,13,92,0
238641.4256,1188.0356,-736,-583,3060,-656,-154,-70,29,144,0
238641.453,1188.063,-941,-493,3465,-670,-103,-85,40,181,0
238641.4554,1188.0654,-1081,-518,4085,-682,-90,-65,80,184,0
238641.4578,1188.0678,-1134,-600,4315,-699,-90,-61,91,187,0
238641.4749,1188.0848,-1064,-695,4133,-701,-97,-71,80,236,0
238641.4773,1188.0873,-1027,-612,5021,-660,-114,-58,52,276,0
238641.4798,1188.0898,-994,-703,5658,-650,-119,-49,77,336,0
238641.4891,1188.099,-990,-651,6420,-698,-96,-64,98,368,0
238641.4915,1188.1015,-875,-648,6940,-745,-120,-79,121,384,0
238641.4939,1188.1038,-964,-508,7052,-760,-142,-79,151,428,0
238641.5181,1188.1281,-907,-442,6809,-752,-169,-77,182,463,0
238641.5219,1188.1319,-800,-344,6679,-749,-215,-68,188,458,0
238641.5254,1188.1353,-820,-379,6974,-763,-239,-98,181,478,0
238641.5288,1188.1388,-606,-208,7947,-771,-218,-117,174,505,0
238641.532,1188.142,-705,-218,7417,-800,-211,-130,165,490,0
238641.5354,1188.1454,-771,-253,7273,-814,-203,-142,192,512,0
238641.5755,1188.1855,-832,-290,6735,-816,-190,-155,227,501,0
238641.5794,1188.1893,-753,-218,6511,-772,-183,-164,241,503,0
238641.5822,1188.1922,-654,-89,7119,-752,-164,-165,238,490,0
238641.6039,1188.2139,-700,-112,6647,-760,-172,-161,174,449,0
238641.6061,1188.2161,-753,-411,6420,-783,-170,-141,155,415,0
238641.6103,1188.2203,-763,-309,6210,-793,-143,-167,142,359,0
238641.6123,1188.2223,-591,-324,5249,-750,-141,-163,134,320,0
238641.6137,1188.2236,-351,-182,6694,-734,-143,-138,114,276,0
238641.6159,1188.2259,-266,-119,6578,-700,-113,-108,136,271,0
238641.6332,1188.2432,-38,-67,6129,-703,-76,-99,112,295,0
238641.6357,1188.2457,-616,-256,6163,-757,-41,-77,120,306,0
238641.6471,1188.2571,-675,-372,5918,-767,-16,-41,108,299,0
238641.6502,1188.2602,-599,-214,6618,-726,-16,-25,130,318,0
238641.6531,1188.2631,708,-145,6084,-747,-6,-42,161,353,0
238641.6625,1188.2725,-117,-2,6648,-742,32,-73,203,332,0
238641.673,1188.283,796,-57,5891,-739,18,-50,222,307,0
238641.6757,1188.2857,-739,-354,5393,-761,-6,-67,243,328,0
238641.6788,1188.2888,648,-251,5585,-757,-18,-114,250,358,0
238641.7109,1188.3208,-1416,-125,5105,-757,-3,-145,259,380,0
238641.7133,1188.3233,126,-211,5216,-745,-7,-112,225,413,0
238641.7156,1188.3256,-498,-537,4003,-773,-3,-99,206,384,0
238641.7205,1188.3305,172,-254,3654,-747,0,-94,200,337,0
238641.7231,1188.3331,871,-358,4068,-735,22,-96,209,314,0
238641.7257,1188.3357,577,1,7254,-729,29,-107,206,291,0
238641.7385,1188.3485,311,-657,4106,-772,27,-102,204,268,0
238641.7409,1188.3509,-1977,-784,2840,-800,15,-72,188,251,0
238641.7437,1188.3537,614,-325,2970,-750,-10,-31,167,248,0
238641.7579,1188.3678,1710,-278,4831,-696,29,-41,139,234,0
238641.7611,1188.3711,-1556,-732,4810,-693,52,-53,159,235,0
238641.766,1188.3759,-264,-1026,4131,-733,39,-68,200,187,0
238641.7872,1188.3971,471,-730,2567,-753,28,-26,224,165,0
238641.7896,1188.3996,549,-431,3399,-750,21,2,209,140,0
238641.792,1188.402,-2038,-986,4477,-730,16,16,227,155,0
238641.8062,1188.4162,-2364,-940,4978,-705,13,34,209,174,0
238641.8115,1188.4215,-2701,-635,5163,-677,33,9,218,137,0
238641.8176,1188.4275,-1168,-633,3935,-674,62,-14,206,86,0
238641.8513,1188.4613,883,-572,3369,-647,75,-7,213,57,0
238641.8537,1188.4636,-3744,-655,4910,-601,72,0,193,53,0
238641.8583,1188.4683,-1621,-621,4768,-598,96,-18,200,48,0
238641.8733,1188.4832,-1321,-453,3640,-608,131,7,197,54,0
238641.8758,1188.4858,-28,-111,3916,-602,117,15,214,55,0
238641.8774,1188.4874,-2601,-430,4945,-612,128,-11,232,11,0
238641.8924,1188.5024,-567,-310,3845,-653,129,-44,227,14,0
238641.8948,1188.5048,-2158,-175,5042,-648,139,-51,243,59,0
238641.9068,1188.5168,-2095,-660,4373,-640,162,-65,212,80,0
238641.9261,1188.5361,-509,-309,4334,-635,176,-76,201,72,0
238641.9288,1188.5388,-2280,-383,4719,-665,150,-75,191,45,0
238641.9316,1188.5416,623,94,4883,-658,137,-103,192,-12,0
238641.9529,1188.5628,-1501,-547,4644,-622,135,-120,177,-58,0
238641.9555,1188.5655,-2459,-529,4813,-571,107,-122,153,-82,0
238641.9582,1188.5682,-2416,-594,3957,-559,110,-123,127,-44,0
238641.9615,1188.5715,773,-229,3084,-593,121,-117,84,-38,0
238641.9645,1188.5745,-273,-211,4076,-574,100,-131,38,-36,0
238641.9675,1188.5775,-1995,-261,3547,-563,62,-114,-3,-54,0
238641.9928,1188.6028,-1877,-333,2649,-570,46,-142,-29,-59,0
238642.0045,1188.6145,-1259,-211,1995,-574,62,-125,-38,-99,0
238642.0238,1188.6338,-1778,-474,1414,-545,52,-131,-51,-50,0
238642.0406,1188.6506,-1439,-414,2606,-566,35,-119,-29,-13,0
238642.0576,1188.6676,-404,-473,2128,-561,-13,-120,-5,17,0
238642.0712,1188.6811,-1084,-344,2800,-554,-16,-101,8,23,0
238642.0832,1188.6932,-2310,-143,3201,-510,1,-112,22,42,0
238642.0923,1188.7023,-504,60,2466,-466,-13,-164,41,86,0
238642.0976,1188.7076,-1039,-119,3360,-446,-10,-183,33,127,0
238642.1021,1188.7121,-1434,-61,3946,-459,-35,-170,49,169,0
238642.1086,1188.7186,-1446,-464,3294,-465,-13,-157,76,131,0
238642.1101,1188.72,-1933,-312,4094,-467,-39,-143,93,124,0
238642.1109,1188.7208,-167,-389,4009,-432,-6,-153,57,130,0
238642.1115,1188.7215,-1381,-546,5555,-423,1,-147,79,138,0
238642.1122,1188.7222,-2251,-564,5297,-440,5,-107,113,123,0
238642.113,1188.723,-1484,-79,4770,-450,-2,-89,91,90,0
238642.1137,1188.7237,-514,-220,4629,-437,-10,-89,93,91,0
238642.1143,1188.7243,-1894,-492,4768,-442,-35,-88,109,86,0
238642.1391,1188.7491,-790,-529,4291,-440,-31,-102,116,38,0
238642.1489,1188.7588,-994,-410,4315,-418,-26,-103,85,-4,0
238642.1628,1188.7728,-1760,-404,4183,-435,-27,-58,51,-35,0
238642.1727,1188.7827,-1298,-374,3668,-396,-39,-35,7,-53,0
238642.1796,1188.7895,-1696,-559,3550,-335,-32,-36,34,-95,0
238642.1869,1188.7968,-658,-180,3948,-346,-37,-57,45,-123,0
238642.2066,1188.8166,-508,-179,3832,-340,-60,-53,39,-153,0
238642.2104,1188.8203,-559,-160,3176,-303,-75,-13,100,-166,0
238642.2139,1188.8238,-354,-264,2971,-312,-45,-5,118,-164,0
238642.2377,1188.8477,-856,-335,2761,-356,-46,2,101,-172,0
238642.2447,1188.8547,-426,-271,3213,-355,-47,8,106,-155,0
238642.2504,1188.8604,-562,-133,3310,-345,-49,26,131,-145,0
238642.2603,1188.8703,-574,-52,3017,-360,-61,17,142,-142,0
238642.2692,1188.8792,-543,-105,3090,-385,-70,-5,161,-138,0
238642.2787,1188.8887,-515,38,3026,-374,-74,4,163,-74,0
238642.2925,1188.9025,-406,48,3516,-377,-77,3,175,-65,0
238642.2962,1188.9062,-499,230,3605,-404,-70,-20,176,-89,0
238642.3024,1188.9124,-737,168,3631,-436,-83,-8,176,-132,0
238642.3114,1188.9214,-537,167,3678,-405,-76,20,183,-144,0
238642.3206,1188.9306,-399,128,3251,-373,-102,29,217,-181,0
238642.3268,1188.9368,-244,96,3536,-322,-104,29,202,-198,0
238642.3307,1188.9407,-105,254,3885,-334,-103,35,176,-151,0
238642.3341,1188.9441,-355,218,3722,-346,-91,33,168,-72,0
238642.3368,1188.9468,-540,207,3402,-359,-87,18,156,-11,0
238642.3413,1188.9513,-488,-118,3666,-355,-56,-6,129,37,0
238642.346,1188.956,-407,-217,4520,-332,-80,3,155,60,0
238642.3485,1188.9585,-155,-149,4667,-345,-80,31,190,46,0
238642.3557,1188.9656,-74,-235,4147,-360,-74,37,195,119,0
238642.3584,1188.9684,-166,-364,4126,-404,-79,51,234,186,0
238642.361,1188.9709,-129,-306,4471,-409,-64,55,236,243,0
238642.3638,1188.9737,-246,-197,4556,-423,-57,40,270,288,0
238642.3681,1188.9781,-472,-299,4393,-435,-54,37,271,368,0
238642.373,1188.983,-770,-339,4084,-457,-37,44,258,443,0
238642.392,1189.002,-795,-453,4243,-497,-5,43,291,501,0
238642.3945,1189.0045,-649,-395,4432,-529,-6,29,331,552,0
238642.397,1189.0069,-335,-236,5229,-565,-2,-24,314,579,0
238642.4168,1189.0267,-184,-201,5375,-556,11,-43,290,591,0
238642.4206,1189.0305,-466,-365,4731,-597,21,-72,299,585,0
238642.4242,1189.0342,-465,-390,4675,-618,-13,-64,285,575,0
238642.4637,1189.0737,-566,-434,5242,-612,-30,-49,278,620,0
238642.4646,1189.0746,-583,-447,5918,-600,-56,-30,259,623,0
238642.4654,1189.0754,-642,-495,5555,-598,-45,12,244,607,0
238642.4664,1189.0764,-590,-458,5225,-592,-38,-11,258,598,0
238642.4698,1189.0798,-856,-484,4707,-597,-56,-61,281,595,0
238642.4729,1189.0829,-718,-366,4647,-585,-64,-103,285,568,0
238642.4771,1189.087,-620,-411,4746,-538,-78,-100,260,519,0
238642.4877,1189.0977,-808,-665,4538,-500,-64,-140,230,427,0
238642.4997,1189.1096,-741,-366,4376,-517,-61,-143,224,411,0
238642.5109,1189.1209,-737,-390,4440,-479,-94,-150,203,382,0
238642.5162,1189.1261,-526,-251,4930,-417,-135,-143,162,302,0
238642.5199,1189.1299,-407,-270,5019,-390,-106,-144,113,233,0
238642.5289,1189.1389,-431,-274,4504,-358,-130,-146,71,161,0
238642.5312,1189.1412,-608,-368,3946,-338,-117,-160,60,50,0
238642.5335,1189.1435,-662,-355,3980,-323,-117,-161,35,-6,0
238642.5621,1189.1721,-784,-517,3969,-274,-127,-161,37,-8,0
238642.5647,1189.1747,-622,-519,4340,-236,-136,-199,24,-28,0
238642.5675,1189.1775,-366,-309,4233,-231,-115,-189,13,-52,0
238642.5898,1189.1998,-486,-331,3023,-205,-127,-177,5,-85,0
238642.593,1189.203,-581,-261,2647,-171,-105,-188,15,-164,0
238642.5961,1189.2061,-548,-104,3103,-188,-79,-182,20,-234,0
238642.6358,1189.2458,-527,-174,2939,-166,-97,-166,10,-273,0
238642.6407,1189.2507,-722,-324,2703,-140,-113,-167,16,-311,0
238642.6446,1189.2546,-899,-522,2162,-110,-139,-169,21,-355,0
238642.6475,1189.2575,-786,-410,1975,-84,-151,-141,-5,-326,0
238642.6502,1189.2602,-658,-467,2651,-55,-156,-143,-12,-284,0
238642.6528,1189.2627,-663,-377,3001,-110,-171,-136,-23,-261,0
238642.6601,1189.2701,-831,-492,2746,-174,-164,-152,-15,-293,0
238642.6626,1189.2725,-870,-433,2151,-213,-172,-148,-11,-337,0
238642.6654,1189.2754,-713,-387,2152,-188,-173,-130,-40,-362,0
238642.6896,1189.2996,-601,-437,2558,-192,-177,-126,-69,-391,0
238642.6995,1189.3095,-1019,-696,2223,-226,-184,-133,-59,-446,0
238642.7035,1189.3135,-871,-398,2262,-251,-212,-132,-67,-479,0
238642.7345,1189.3445,-843,-325,1338,-261,-246,-115,-65,-486,0
238642.7404,1189.3503,-941,-329,1816,-266,-276,-126,-68,-472,0
238642.7455,1189.3555,-336,381,2385,-265,-274,-159,-48,-493,0
238642.7508,1189.3608,-9,749,1991,-243,-241,-146,-73,-511,0
238642.7571,1189.3671,228,644,964,-215,-216,-116,-95,-501,0
238642.7611,1189.3711,388,744,410,-263,-185,-104,-112,-478,0
238642.765,1189.375,633,826,119,-270,-162,-96,-123,-490,0
238642.771,1189.3809,309,803,99,-227,-124,-78,-141,-467,0
238642.773,1189.383,211,606,-199,-218,-106,-58,-123,-447,0
238642.7793,1189.3893,249,787,703,-220,-80,-50,-95,-436,0
238642.7828,1189.3928,239,1177,1155,-214,-71,-54,-57,-429,0
238642.788,1189.398,50,1047,-75,-234,-69,-53,-50,-410,0
238642.8064,1189.4163,23,1288,700,-240,-75,-48,-45,-366,0
238642.815,1189.4249,-212,1222,687,-234,-64,-45,-49,-320,0
238642.8226,1189.4326,-244,1484,1314,-249,-70,-34,-25,-293,0
238642.8283,1189.4383,-484,1526,461,-228,-85,-9,-1,-253,0
238642.8324,1189.4424,-326,1694,737,-254,-112,-2,-19,-200,0
238642.8353,1189.4453,-449,1513,1430,-306,-138,0,-25,-175,0
238642.8468,1189.4568,-422,1753,-524,-325,-128,-23,-16,-195,0
238642.8506,1189.4606,-273,2068,-870,-356,-113,-27,-24,-216,0
238642.8537,1189.4637,-597,2271,-1186,-366,-107,-12,-13,-198,0
238642.8692,1189.4792,-487,2126,-1884,-373,-124,-5,-9,-189,0
238642.8721,1189.4821,-501,1170,-1608,-357,-133,-20,-47,-173,0
238642.8748,1189.4848,-710,1,-3377,-375,-106,-15,-63,-189,0
238642.887,1189.497,-340,-581,-3474,-390,-96,-48,-62,-192,0
238642.8897,1189.4997,-940,-958,-4362,-437,-122,-69,-94,-195,0
238642.8922,1189.5022,-1349,-1456,-4136,-449,-93,-53,-150,-196,0
238642.9187,1189.5287,-1269,-2052,-2717,-446,-61,-52,-125,-177,0
238642.9217,1189.5317,-138,-2669,-3483,-416,-45,-62,-147,-159,0
238642.9244,1189.5344,-585,-3084,-2776,-404,-38,-43,-163,-169,0
238642.9409,1189.5509,-1824,-3931,-3194,-418,-41,-36,-137,-169,0
238642.9447,1189.5547,-1642,-4140,-3075,-423,-55,-15,-115,-172,0
238642.9604,1189.5704,-1694,-3856,-1772,-410,-55,13,-114,-150,0
238642.9653,1189.5753,-1280,-4006,-3297,-453,-50,6,-109,-127,0
238642.968,1189.578,-207,-4075,-3413,-457,-74,22,-82,-139,0
238642.9709,1189.5809,-1473,-3952,-1593,-451,-117,54,-84,-147,0
238642.9977,1189.6076,-1894,-3820,-2474,-445,-133,55,-82,-125,0
238643.0002,1189.6102,1792,-3264,-3273,-399,-147,32,-82,-105,0
238643.0027,1189.6127,-1156,-3672,-3220,-391,-174,9,-69,-89,0
238643.0464,1189.6564,-1139,-3367,-3020,-369,-160,-3,-60,-68,0
238643.0491,1189.6591,-1716,-3047,-2915,-376,-120,-20,-48,-51,0
238643.0523,1189.6623,-1399,-3028,-2639,-392,-98,-51,-59,-69,0
238643.0567,1189.6667,-112,-2745,-2670,-439,-103,-104,-81,-12,0
238643.0597,1189.6697,-2321,-2896,-2128,-427,-77,-100,-52,41,0
238643.0622,1189.6722,94,-2571,-2421,-452,-56,-82,-46,55,0
238643.0736,1189.6836,-2248,-2542,-1594,-440,-56,-93,-17,54,0
238643.0758,1189.6858,-440,-2357,-1973,-415,-78,-92,-16,105,0
238643.0772,1189.6872,-1224,-2351,-1045,-425,-47,-105,-15,94,0
238643.0857,1189.6957,122,-2003,-1618,-395,-36,-90,-29,107,0
238643.0886,1189.6986,-925,-2156,-740,-403,-48,-102,-17,149,0
238643.0917,1189.7017,-1514,-2537,-1486,-435,-62,-88,3,153,0
238643.1118,1189.7218,-2076,-2869,-992,-433,-103,-78,22,128,0
238643.1165,1189.7265,-1050,-2872,-218,-420,-115,-62,32,135,0
238643.1192,1189.7292,952,-2416,-1637,-421,-106,-71,39,117,0
238643.1451,1189.7551,-1630,-2723,-85,-368,-77,-76,24,79,0
238643.1614,1189.7713,-2697,-2560,209,-338,-86,-59,-1,72,0
238643.1736,1189.7836,-1191,-2286,442,-349,-70,-47,12,80,0
238643.1918,1189.8018,160,-2041,760,-400,-77,-18,32,58,0
238643.1979,1189.8078,-1128,-2535,-80,-417,-86,-53,46,25,0
238643.2072,1189.8172,-2332,-2266,815,-406,-106,-17,21,-24,0
238643.224,1189.834,-1397,-2437,-287,-392,-96,5,21,23,0
238643.236,1189.846,-1654,-2382,-515,-399,-101,-20,4,45,0
238643.2455,1189.8555,-904,-2188,1118,-392,-111,-31,19,64,0
238643.2517,1189.8617,-1218,-2365,-454,-430,-85,-39,8,83,0
238643.2664,1189.8764,-346,-2205,-148,-462,-94,-72,35,88,0
238643.2694,1189.8794,-1269,-2460,-429,-459,-87,-56,51,45,0
238643.2727,1189.8827,-1975,-2446,1235,-425,-80,-97,46,41,0
238643.2785,1189.8885,-1409,-2593,523,-386,-61,-100,45,42,0
238643.2829,1189.8929,-173,-2435,71,-380,-76,-80,56,25,0
238643.2854,1189.8954,-1400,-2282,257,-359,-62,-54,61,-25,0
238643.2896,1189.8996,-2048,-2259,1085,-330,-66,-78,76,-53,0
238643.2958,1189.9058,-353,-2054,630,-328,-74,-72,97,-59,0
238643.3001,1189.9101,-1155,-2036,1646,-316,-95,-89,85,-86,0
238643.3022,1189.9122,-740,-1950,1278,-322,-103,-127,54,-124,0
238643.3052,1189.9152,-188,-2171,-224,-339,-81,-120,40,-148,0
238643.3387,1189.9486,-1544,-2039,755,-302,-92,-114,21,-210,0
238643.3474,1189.9574,-745,-1772,965,-237,-84,-121,-6,-255,0
238643.3561,1189.9661,-727,-1849,653,-228,-60,-129,-19,-292,0
238643.3668,1189.9768,-1582,-1804,1780,-220,-77,-157,-50,-293,0
238643.3853,1189.9952,-723,-1971,397,-228,-94,-178,-75,-305,0
238643.4056,1190.0156,-1585,-1932,630,-210,-89,-162,-99,-320,0
238643.4226,1190.0326,-1010,-1855,735,-203,-80,-135,-132,-298,0
238643.4375,1190.0475,-1078,-1768,1980,-185,-67,-127,-170,-317,0
238643.4506,1190.0606,-326,-1860,1689,-167,-65,-130,-161,-322,0
238643.4651,1190.075,-1056,-1882,1849,-150,-68,-114,-164,-310,0
238643.4713,1190.0813,-494,-2053,1318,-118,-92,-138,-172,-256,0
238643.4768,1190.0868,-657,-1993,1354,-101,-90,-193,-153,-250,0
238643.4814,1190.0913,-1387,-2023,2559,-112,-93,-218,-147,-222,0
238643.4849,1190.0948,-1353,-1905,1629,-109,-81,-211,-150,-196,0
238643.4887,1190.0987,-342,-1869,717,-66,-50,-231,-121,-177,0
238643.4969,1190.1069,-1235,-1786,1306,-69,-42,-213,-80,-167,0
238643.5022,1190.1121,-923,-1418,2641,-90,-30,-219,-64,-156,0
238643.5072,1190.1172,-365,-1173,2732,-96,-38,-256,-92,-145,0
238643.5147,1190.1247,-1245,-1175,3623,-69,-34,-258,-118,-127,0
238643.5238,1190.1338,-794,-899,3399,-50,-45,-250,-88,-91,0
238643.5295,1190.1395,-471,-588,2840,-57,-38,-233,-48,-38,0
238643.5634,1190.1733,-646,-730,2024,-65,-47,-198,-58,-5,0
238643.565,1190.175,-1177,-606,2250,-73,-69,-180,-49,-14,0
238643.5665,1190.1765,-1126,-781,1450,-63,-103,-155,-59,-38,0
238643.5739,1190.1839,-1151,-2654,632,-69,-124,-120,-74,-52,0
238643.581,1190.1909,-1424,-4148,1422,-66,-137,-97,-52,-62,0
238643.5847,1190.1947,-1037,-4592,1800,-51,-124,-67,-31,-38,0
238643.5916,1190.2016,-1236,-4732,1442,-65,-105,-49,-34,-30,0
238643.6029,1190.2129,-1344,-4511,737,-117,-112,-47,9,-43,0
238643.607,1190.217,-1437,-3814,491,-143,-139,-34,18,5,0
238643.6131,1190.2231,-1396,-3347,1224,-157,-147,-16,18,49,0
238643.6186,1190.2286,-1666,-3081,2170,-174,-156,-12,13,70,0
238643.6235,1190.2335,-1422,-2871,2898,-196,-141,1,-4,55,0
238643.6313,1190.2413,-1771,-3032,2432,-245,-162,-12,11,36,0
238643.6406,1190.2506,-956,-2997,2098,-266,-162,-23,6,-11,0
238643.6435,1190.2534,-1500,-2871,2931,-281,-162,-19,17,-12,0
238643.6514,1190.2614,-1758,-2914,2591,-287,-152,-10,7,-69,0
238643.6598,1190.2698,-1416,-2628,2466,-290,-166,-4,26,-103,0
238643.6663,1190.2763,-1108,-2596,2485,-265,-155,-13,41,-105,0
238643.6708,1190.2808,-1407,-2623,1681,-248,-159,-29,48,-102,0
238643.6741,1190.2841,-1404,-2397,1697,-230,-173,-20,70,-154,0
238643.6767,1190.2867,-1309,-2525,1917,-205,-130,-14,70,-167,0
238643.6821,1190.2921,-1261,-2498,2064,-218,-71,-29,53,-144,0
238643.6839,1190.2939,-1330,-2387,1842,-221,-30,-33,28,-185,0
238643.6861,1190.296,-948,-2187,1627,-234,-28,6,29,-188,0
238643.689,1190.299,-991,-2128,1605,-232,-30,9,18,-154,0
238643.6916,1190.3015,-794,-1895,2566,-249,-32,-1,27,-118,0
238643.6954,1190.3054,-495,-1784,2852,-248,-48,-16,34,-120,0
238643.7,1190.31,-559,-1900,2278,-255,-40,-11,18,-122,0
238643.7035,1190.3135,-743,-1800,1797,-239,-47,-6,25,-106,0
238643.7059,1190.3159,-800,-1644,2588,-245,-75,-8,18,-109,0
238643.7088,1190.3188,-716,-1584,3110,-259,-82,-1,6,-84,0
238643.7119,1190.3218,-893,-1712,3167,-275,-97,22,2,-81,0
238643.7146,1190.3246,-820,-1704,2751,-247,-78,41,35,-118,0
238643.7625,1190.3725,-820,-1668,2652,-205,-42,36,23,-182,0
238643.7648,1190.3748,-1042,-1614,2725,-198,1,49,0,-228,0
238643.7683,1190.3782,-977,-1739,2110,-192,25,57,-15,-227,0
238643.7797,1190.3896,-1024,-1533,2630,-186,18,59,-40,-241,0
238643.7825,1190.3925,-908,-1524,2081,-194,-11,90,-56,-277,0
238643.785,1190.395,-941,-1509,1535,-169,-22,81,-78,-342,0
238643.8083,1190.4182,-664,-1319,1880,-146,-31,69,-65,-329,0
238643.8119,1190.4219,-560,-1215,2500,-124,-22,75,-81,-351,0
238643.8153,1190.4253,-671,-1332,2603,-120,-20,81,-103,-440,0
238643.8195,1190.4294,-928,-1677,1557,-91,-18,81,-136,-475,0
238643.8208,1190.4308,-1275,-1809,971,-76,-15,116,-131,-471,0
238643.8229,1190.4329,-1113,-1714,1195,-57,-33,91,-150,-466,0
238643.8275,1190.4375,-1261,-1562,2060,-62,-41,98,-182,-484,0
238643.8298,1190.4398,-885,-1397,2171,-61,-48,83,-188,-530,0
238643.8347,1190.4447,-1043,-1348,2025,-63,-56,88,-184,-605,0
238643.8621,1190.4721,-716,-1251,1159,-65,-79,34,-194,-603,0
238643.8661,1190.4761,-929,-1494,1618,-70,-66,-10,-188,-582,0
238643.8687,1190.4787,-953,-1559,2525,-63,-77,-28,-145,-561,0
238643.8717,1190.4817,-914,-1391,2838,-58,-68,-37,-148,-512,0
238643.8741,1190.4841,-876,-1619,1877,-34,-64,-38,-141,-466,0
238643.8785,1190.4884,-985,-1588,2266,-36,-56,-36,-123,-401,0
238643.9123,1190.5222,-875,-1307,3326,-83,-44,-40,-76,-354,0
238643.9156,1190.5256,-917,-1285,3270,-100,-16,-58,-24,-358,0
238643.9185,1190.5285,-884,-1382,2361,-106,23,-26,10,-311,0
238643.9327,1190.5426,-775,-1221,2595,-101,22,-3,57,-299,0
238643.9352,1190.5452,-729,-1223,2512,-75,45,-1,90,-309,0
238643.9381,1190.5481,-732,-1200,2563,-49,47,25,98,-315,0
238643.9551,1190.5651,-555,-872,2841,-62,39,32,120,-274,0
238643.9656,1190.5756,-496,-794,3349,-93,13,41,116,-239,0
238643.9698,1190.5798,-857,-1038,3135,-121,9,79,108,-164,0
238643.9751,1190.5851,-685,-999,2760,-104,-6,97,99,-111,0
238643.9794,1190.5894,-474,-1026,3596,-119,1,108,113,-81,0
238643.9836,1190.5935,-250,-968,4117,-125,3,102,111,-11,0
238644.0142,1190.6242,-435,-985,4161,-140,0,92,98,31,0
238644.0189,1190.6289,-365,-1057,3971,-131,2,36,67,21,0
238644.0215,1190.6314,-528,-1152,3209,-133,6,17,83,28,0
238644.0235,1190.6335,-623,-1060,3121,-151,-19,-8,95,63,0
238644.0273,1190.6373,-627,-930,4070,-175,-50,-9,101,53,0
238644.0309,1190.6409,-678,-1037,4728,-222,-63,11,110,49,0
238644.0468,1190.6568,-784,-1140,4324,-250,-68,27,80,62,0
238644.0501,1190.66,-804,-1225,3725,-229,-69,23,81,52,0
238644.053,1190.663,-697,-1175,3871,-218,-120,55,85,-2,0
238644.0889,1190.6989,-603,-1183,4397,-245,-142,94,88,-21,0
238644.0914,1190.7013,-493,-1111,4360,-245,-139,83,71,-34,0
238644.0938,1190.7038,-610,-1018,3353,-208,-180,56,98,-23,0
238644.1068,1190.7168,-672,-946,2893,-185,-183,65,78,-16,0
238644.1093,1190.7192,-611,-973,3371,-199,-153,28,91,-41,0
238644.1117,1190.7217,-542,-992,3547,-211,-151,9,108,-78,0
238644.1361,1190.7461,-653,-1089,3159,-183,-167,16,101,-75,0
238644.1388,1190.7488,-683,-874,3274,-157,-156,11,81,-102,0
238644.1413,1190.7513,-623,-1053,2786,-132,-139,-42,85,-79,0
238644.1633,1190.7733,-499,-970,3629,-141,-133,-22,90,-9,0
238644.1661,1190.7761,-409,-984,4273,-121,-121,-6,99,2,0
238644.1686,1190.7785,-354,-711,4014,-118,-154,-20,110,-29,0
238644.1855,1190.7955,-453,-717,3538,-120,-186,-23,136,-1,0
238644.1879,1190.7979,-387,-552,3523,-145,-206,15,119,-17,0
238644.1902,1190.8002,-379,-675,3441,-129,-161,20,123,-25,0
238644.1935,1190.8035,-208,-641,3974,-139,-150,32,151,20,0
238644.196,1190.8059,-447,-801,3828,-147,-161,32,177,69,0
238644.1983,1190.8082,-510,-710,3984,-163,-174,8,164,81,0
238644.2126,1190.8226,-375,-727,3040,-158,-207,-25,133,101,0
238644.2175,1190.8275,-265,-679,3912,-185,-209,-4,115,103,0
238644.2241,1190.8341,-232,-759,4311,-203,-174,14,83,27,0
238644.2389,1190.8489,-206,-828,3040,-208,-175,19,50,-51,0
238644.2432,1190.8531,-258,-936,2048,-168,-183,25,67,-97,0
238644.2446,1190.8546,-568,-959,2408,-162,-195,21,93,-72,0
238644.2825,1190.8925,-482,-860,2421,-147,-201,30,61,-34,0
238644.2922,1190.9022,-398,-652,2828,-197,-197,6,73,-39,0
238644.3064,1190.9164,-380,-708,2846,-206,-202,-11,94,-25,0
238644.3153,1190.9253,-487,-852,2441,-225,-184,14,95,-68,0
238644.3228,1190.9328,-531,-964,2002,-209,-164,-4,105,-88,0
238644.3323,1190.9423,-645,-1048,2435,-163,-168,-21,145,-75,0
238644.3434,1190.9534,-565,-1209,2810,-153,-166,-37,118,-36,0
238644.3501,1190.9601,-428,-1220,3012,-176,-173,-28,102,3,0
238644.3548,1190.9648,-292,-1193,2691,-210,-200,-40,102,1,0
238644.3607,1190.9707,-555,-1194,2200,-191,-212,-53,150,-21,0
238644.3697,1190.9797,-271,-1120,2538,-195,-200,-43,136,-58,0
238644.3732,1190.9832,-82,-1123,2624,-185,-212,-35,128,-58,0
238644.3766,1190.9866,-36,-1284,2286,-219,-210,-8,133,-82,0
238644.379,1190.989,-244,-1362,2353,-223,-169,-17,130,-110,0
238644.3825,1190.9924,-479,-1386,1781,-197,-132,-17,129,-142,0
238644.3852,1190.9952,-560,-1262,2071,-202,-161,-14,124,-163,0
238644.3875,1190.9975,-539,-1195,2405,-244,-184,-27,82,-163,0
238644.3901,1191.0001,-698,-1273,2504,-232,-172,-29,68,-146,0
238644.4197,1191.0297,-990,-1475,2025,-196,-147,4,50,-152,0
238644.4225,1191.0325,-944,-1499,1788,-191,-133,20,19,-196,0
238644.426,1191.036,-813,-1483,2122,-203,-127,16,7,-261,0
238644.4528,1191.0628,-803,-1576,2352,-216,-128,6,12,-294,0
238644.4574,1191.0674,-1067,-1830,1331,-201,-141,10,-3,-294,0
238644.4643,1191.0743,-906,-1941,1328,-159,-136,-11,-38,-257,0
238644.4727,1191.0827,-757,-1903,1289,-149,-146,-13,-65,-234,0
238644.4801,1191.0901,-836,-1919,1989,-128,-147,0,-81,-272,0
238644.4874,1191.0973,-895,-1969,1934,-92,-140,25,-62,-299,0
238644.5046,1191.1146,-866,-2179,1604,-112,-116,10,-77,-297,0
238644.511,1191.121,-844,-2364,1348,-141,-121,-13,-55,-253,0
238644.5127,1191.1227,-758,-2477,1068,-165,-111,-26,-36,-228,0
238644.5517,1191.1616,-600,-2424,1710,-175,-101,-27,-31,-179,0
238644.5591,1191.1691,-624,-2536,2393,-175,-119,-17,-6,-131,0
238644.5683,1191.1782,-527,-2414,2384,-173,-94,-49,13,-103,0
238644.6015,1191.2115,-531,-2617,1498,-165,-69,-34,16,-94,0
238644.6084,1191.2184,-760,-2923,1297,-118,-66,3,9,-39,0
238644.6204,1191.2304,-738,-2956,1887,-114,-64,5,13,-28,0
238644.6352,1191.2451,-581,-2819,2433,-100,-44,-1,23,-25,0
238644.6429,1191.2529,-501,-2916,2315,-91,-46,-9,43,-27,0
238644.6504,1191.2604,-302,-3153,2291,-72,-74,-18,48,-20,0
238644.6585,1191.2685,-279,-3352,2416,-92,-90,-38,58,-29,0
238644.6662,1191.2761,-58,-3299,2518,-105,-93,-5,75,-33,0
238644.6751,1191.2851,-153,-3251,3164,-126,-81,2,115,-22,0
238644.6933,1191.3033,-140,-3431,2725,-149,-99,15,106,-17,0
238644.7033,1191.3133,-261,-3585,2592,-141,-97,24,90,9,0
238644.7098,1191.3198,-213,-3619,2474,-165,-110,44,99,-10,0
238644.716,1191.326,16,-3548,2805,-215,-98,26,101,-26,0
238644.7214,1191.3314,31,-3604,3308,-200,-69,24,110,-34,0
238644.7254,1191.3354,-196,-3937,2762,-171,-41,18,115,-9,0
238644.7293,1191.3392,-300,-4023,3189,-145,-16,-5,85,-14,0
238644.7322,1191.3422,-108,-3709,2459,-108,16,1,66,-19,0
238644.7347,1191.3447,-137,-3798,2738,-85,15,2,82,-11,0
238644.7375,1191.3475,-68,-3552,3310,-102,15,10,86,-35,0
238644.7406,1191.3506,-113,-3437,2568,-89,41,10,92,-56,0
238644.7436,1191.3536,-367,-3677,2208,-88,39,36,32,-76,0
238644.7464,1191.3564,-420,-3708,1734,-83,26,88,28,-138,0
238644.749,1191.359,-190,-3587,2239,-76,-12,113,32,-190,0
238644.7517,1191.3617,-302,-3806,2203,-36,-30,109,6,-167,0
238644.7563,1191.3662,-455,-3929,1700,-7,-55,89,-42,-145,0
238644.7587,1191.3687,-342,-3898,1746,28,-27,84,-26,-130,0
238644.7611,1191.3711,-236,-3877,1080,34,10,54,-10,-131,0
238644.7637,1191.3737,-142,-3747,1567,-2,-6,69,3,-100,0
238644.7661,1191.3761,122,-3835,2032,-50,-1,30,6,-56,0
238644.7685,1191.3785,35,-3815,1830,-73,29,55,-11,-19,0
238644.7731,1191.3831,151,-3775,1607,-78,88,58,-58,11,0
238644.7756,1191.3856,213,-3691,2231,-100,96,65,-66,16,0
238644.7779,1191.3879,193,-3839,2385,-95,96,50,-62,18,0
238644.7805,1191.3905,42,-4011,2244,-54,89,61,-51,57,0
238644.7956,1191.4056,201,-3767,2485,-53,69,78,-27,84,0
238644.8077,1191.4177,237,-3847,2299,-56,34,72,-32,60,0
238644.8247,1191.4347,314,-3407,2282,-41,-8,54,-10,70,0
238644.8271,1191.4371,428,-3140,2194,-17,4,17,-16,101,0
238644.8294,1191.4394,468,-3006,2336,-43,6,38,-33,124,0
238644.8386,1191.4485,389,-3186,1776,-55,28,23,-32,119,0
238644.8409,1191.4509,251,-2990,1587,-53,-9,-16,-3,132,0
238644.8432,1191.4531,48,-3252,694,-51,-2,-20,25,135,0
238644.8649,1191.4749,218,-3076,1738,-55,-17,18,34,145,0
238644.8668,1191.4767,246,-3128,2116,-40,-25,19,38,158,0
238644.8692,1191.4792,-135,-3310,1268,-17,-40,28,-10,172,0
238644.8948,1191.5048,-296,-3629,979,-23,-21,50,-57,212,0
238644.9158,1191.5258,-219,-3894,1123,-37,-31,42,-88,223,0
238644.9256,1191.5356,-144,-4007,1511,-29,-35,51,-34,233,0
238644.936,1191.546,-238,-4025,1505,-40,-57,45,2,224,0
238644.9437,1191.5537,-561,-4356,1231,-53,-31,11,32,194,0
238644.9556,1191.5656,-637,-4222,1160,-76,-11,-2,47,155,0
238644.9659,1191.5759,-286,-4010,1334,-89,-2,23,21,117,0
238644.971,1191.5809,-326,-4087,1829,-88,-17,34,0,58,0
238644.977,1191.587,-249,-4292,2194,-57,-17,42,-46,78,0
238644.9901,1191.6,-54,-4459,2101,-88,-57,27,-86,82,0
238645.0114,1191.6214,-200,-4491,1674,-101,-98,18,-56,105,0
238645.0263,1191.6363,-445,-4527,822,-112,-134,5,-24,84,0
238645.0463,1191.6563,-424,-4378,1292,-116,-152,-3,-27,81,0
238645.0583,1191.6683,-306,-4260,2259,-110,-125,8,4,119,0
238645.0652,1191.6752,-137,-4166,2088,-119,-140,41,74,132,0
238645.0732,1191.6832,-215,-4307,1471,-121,-126,16,120,168,0
238645.0823,1191.6923,13,-3969,1296,-123,-110,10,161,248,0
238645.0932,1191.7032,101,-3765,2016,-142,-88,15,183,307,0
238645.1058,1191.7158,-105,-4035,2311,-171,-62,25,197,335,0
238645.1139,1191.7239,-107,-3935,1856,-176,-21,5,201,330,0
238645.1185,1191.7285,7,-4096,1594,-182,1,-15,181,253,0
238645.1237,1191.7337,63,-3985,1755,-186,27,-25,162,190,0
238645.1271,1191.7371,79,-3859,2010,-143,28,-6,178,211,0
238645.1466,1191.7566,27,-3895,2420,-116,16,4,172,215,0
238645.1504,1191.7604,186,-4135,2227,-132,0,-13,143,223,0
238645.1555,1191.7655,103,-4250,1663,-126,0,-5,122,194,0
238645.158,1191.7679,96,-4209,955,-106,-11,20,121,178,0
238645.1608,1191.7708,324,-3934,1447,-87,-10,5,97,142,0
238645.1635,1191.7735,399,-3778,2200,-103,22,10,105,129,0
238645.1659,1191.7759,372,-3871,1385,-119,34,37,94,91,0
238645.1687,1191.7786,252,-3937,1075,-125,33,30,84,52,0
238645.1715,1191.7815,44,-4094,486,-124,-25,12,68,22,0
238645.1741,1191.7841,345,-3685,804,-91,-52,15,62,16,0
238645.177,1191.787,474,-3261,1239,-73,-39,30,78,7,0
238645.1796,1191.7895,538,-3301,1013,-56,-1,32,48,-11,0
238645.1821,1191.7921,323,-3463,670,-36,1,27,41,-71,0
238645.1848,1191.7948,146,-3544,58,-24,-24,14,12,-69,0
238645.1876,1191.7976,174,-3364,1132,-37,-42,-3,1,-81,0
238645.1901,1191.8001,277,-3404,807,-51,-50,-5,-23,-49,0
238645.1945,1191.8045,414,-3331,260,-77,-79,-23,-41,-65,0
238645.1972,1191.8072,229,-3519,41,-88,-61,-41,-36,-63,0
238645.2002,1191.8102,-50,-3495,-18,-71,-39,-63,-18,-71,0
238645.228,1191.838,-239,-3285,580,-70,-38,-34,-33,-100,0
238645.2308,1191.8408,-343,-3356,782,-60,-60,-46,-76,-130,0
238645.2337,1191.8437,-418,-3260,461,-54,-81,-66,-108,-161,0
238645.2574,1191.8673,-346,-3051,-54,-53,-57,-59,-140,-201,0
238645.2602,1191.8702,-421,-2911,-110,-57,-81,-87,-149,-221,0
238645.2628,1191.8728,-264,-3020,339,-27,-97,-63,-155,-254,0
238645.2859,1191.8959,-390,-2924,867,21,-90,-56,-148,-257,0
238645.2909,1191.9009,-481,-2884,644,22,-80,-61,-171,-229,0
238645.2941,1191.9041,-296,-2676,659,-13,-112,-74,-193,-202,0
238645.3094,1191.9194,-110,-2495,853,-27,-85,-92,-169,-234,0
238645.3119,1191.9219,-149,-2507,1339,-18,-67,-78,-197,-241,0
238645.3143,1191.9243,-356,-2649,1411,-1,-90,-56,-221,-261,0
238645.3315,1191.9415,-387,-2996,642,26,-85,-43,-212,-269,0
238645.3345,1191.9445,-146,-2883,1162,13,-93,-37,-195,-253,0
238645.3372,1191.9472,-49,-2744,964,-2,-104,-19,-192,-229,0
238645.3545,1191.9645,43,-2829,798,-7,-121,-2,-160,-192,0
238645.3585,1191.9685,81,-3060,1245,30,-123,27,-152,-158,0
238645.3616,1191.9716,78,-3127,727,83,-140,39,-132,-160,0
238645.3681,1191.9781,25,-3008,899,71,-123,36,-133,-159,0
238645.3723,1191.9823,-67,-2946,819,9,-104,17,-135,-147,0
238645.3759,1191.9859,159,-2936,1214,-39,-104,37,-123,-140,0
238645.3936,1192.0036,442,-2734,1493,-42,-83,57,-128,-103,0
238645.3962,1192.0062,466,-2616,1144,-47,-58,84,-153,-63,0
238645.3993,1192.0093,333,-2939,665,-79,-94,85,-132,-59,0
238645.4203,1192.0303,501,-3078,484,-88,-103,96,-126,-50,0
238645.423,1192.0329,644,-3193,202,-91,-82,73,-154,-59,0
238645.4282,1192.0382,742,-3094,633,-76,-74,62,-194,-104,0
238645.4505,1192.0605,506,-3424,-1004,-85,-64,40,-206,-138,0
238645.4529,1192.0629,608,-3364,-527,-102,-50,-2,-177,-128,0
238645.456,1192.0659,800,-3006,-189,-128,-60,9,-176,-104,0
238645.4588,1192.0688,824,-2874,251,-92,-76,-9,-138,-129,0
238645.4618,1192.0718,1079,-2737,556,-53,-73,-6,-150,-122,0
238645.4648,1192.0748,836,-2906,-365,-59,-60,4,-163,-127,0
238645.4775,1192.0875,727,-2830,-752,-58,-70,45,-174,-162,0
238645.4803,1192.0903,529,-2859,-827,-43,-106,20,-177,-192,0
238645.483,1192.093,349,-2887,0,-15,-143,-14,-176,-195,0
238645.51,1192.12,268,-2929,37,5,-127,-39,-154,-143,0
238645.5139,1192.1238,118,-2773,-554,-4,-114,-64,-175,-115,0
238645.519,1192.1289,-52,-2924,-811,-21,-74,-59,-166,-106,0
238645.5248,1192.1348,3,-3305,-473,-79,-54,-57,-138,-104,0
238645.53,1192.14,115,-4434,913,-88,-33,-56,-149,-77,0
238645.5323,1192.1423,445,-4689,1992,-94,-27,-68,-152,-45,0
238645.552,1192.162,239,-4714,959,-67,-48,-64,-152,-22,0
238645.5593,1192.1693,214,-5023,826,-85,-91,-64,-170,24,0
238645.566,1192.176,81,-7381,298,-72,-121,-72,-156,80,0
238645.5794,1192.1894,274,-10588,734,-102,-106,-54,-157,136,0
238645.5852,1192.1952,348,-15108,1474,-132,-88,-65,-166,158,0
238645.5892,1192.1992,171,-19844,1354,-159,-86,-71,-126,189,0
238645.6206,1192.2306,-190,-23287,552,-141,-108,-95,-125,213,0
238645.6256,1192.2356,-231,-24626,396,-149,-99,-101,-138,219,0
238645.6314,1192.2414,-39,-25408,565,-149,-103,-113,-98,223,0
238645.6334,1192.2433,-54,-26382,1082,-170,-83,-107,-61,216,0
238645.6349,1192.2449,-263,-26318,649,-188,-52,-123,-24,184,0
238645.6365,1192.2465,-409,-26550,245,-160,-32,-156,-14,211,0
238645.6543,1192.2643,-315,-26297,-133,-158,-57,-151,-7,206,0
238645.6583,1192.2683,-507,-25992,95,-157,-55,-156,-29,157,0
238645.6635,1192.2735,-410,-25624,355,-186,-76,-155,-4,97,0
238645.6717,1192.2817,-227,-25175,-336,-164,-99,-140,-21,54,0
238645.6741,1192.2841,-82,-24791,-717,-134,-114,-142,-14,25,0
238645.6788,1192.2888,-200,-24291,-882,-96,-87,-148,-19,-44,0
238645.696,1192.306,-270,-23772,-636,-106,-97,-146,-36,-110,0
238645.7012,1192.3111,-158,-22962,-669,-69,-127,-152,-31,-133,0
238645.7062,1192.3162,-28,-22157,-1352,-38,-119,-146,-19,-117,0
238645.7201,1192.3301,-110,-21347,-1138,-12,-92,-128,-19,-176,0
238645.7231,1192.333,-95,-20673,-1037,-11,-78,-159,-61,-186,0
238645.7271,1192.3371,18,-20017,-592,-5,-74,-164,-67,-167,0
238645.7523,1192.3622,97,-19348,-383,4,-60,-153,-53,-148,0
238645.7548,1192.3648,-125,-18727,-642,-3,-59,-144,-53,-130,0
238645.759,1192.369,-262,-17992,-777,-11,-45,-113,-70,-81,0
238645.7895,1192.3995,-375,-17300,-525,-28,-25,-57,-59,-46,0
238645.792,1192.402,-66,-16499,369,-73,-32,-54,-67,8,0
238645.7945,1192.4045,-356,-16005,389,-92,-47,-43,-58,24,0
238645.8159,1192.4259,-466,-15447,145,-114,-30,-22,-43,18,0
238645.8214,1192.4313,-459,-15070,606,-103,-9,-18,-74,28,0
238645.8249,1192.4349,-456,-14571,757,-55,-21,-52,-74,33,0
238645.8279,1192.4379,-350,-14049,889,-41,-15,-70,-28,16,0
238645.8314,1192.4414,-327,-13492,1169,-25,23,-42,-23,28,0
238645.8351,1192.4451,-472,-13100,661,-20,3,-27,-38,45,0
238645.8394,1192.4494,-518,-12858,299,13,10,-45,-34,108,0
238645.8481,1192.4581,-539,-12473,283,0,35,-82,-49,175,0
238645.8552,1192.4652,-444,-11782,984,-7,7,-66,-56,178,0
238645.8952,1192.5051,-351,-11196,1272,-52,-12,-31,-51,144,0
238645.898,1192.508,-335,-10744,1443,-39,-8,-11,-26,105,0
238645.9007,1192.5107,-110,-10288,592,-52,1,-25,-22,80,0
238645.9047,1192.5146,-1,-10039,444,-49,32,-25,-15,36,0
238645.9095,1192.5195,-94,-9630,1049,-45,56,-29,-42,15,0
238645.9148,1192.5248,44,-9257,1512,-39,39,-39,-28,30,0
238645.9229,1192.5329,153,-8893,1158,-47,27,-1,13,54,0
238645.9263,1192.5362,79,-8734,825,-58,31,2,35,60,0
238645.9277,1192.5376,-60,-8560,599,-81,37,25,39,52,0
238645.9746,1192.5846,32,-8361,748,-75,85,-6,35,49,0
238645.9772,1192.5872,223,-7803,1406,-49,82,8,-8,-4,0
238645.98,1192.59,64,-7720,510,-18,48,12,-23,-56,0
238646.0176,1192.6276,53,-7492,612,-34,24,9,-35,-34,0
238646.0264,1192.6364,146,-7312,631,-47,-17,41,-50,-10,0
238646.0316,1192.6416,232,-6811,874,-40,-3,64,-87,-10,0
238646.0373,1192.6472,58,-6420,1196,-25,22,50,-99,-31,0
238646.0414,1192.6514,-81,-6011,346,-15,49,54,-111,-41,0
238646.0449,1192.6548,-241,-5958,-275,-15,46,88,-70,-22,0
238646.0488,1192.6587,58,-5650,-279,-16,50,85,-45,2,0
238646.0554,1192.6654,-330,-5656,496,21,40,92,-45,11,0
238646.0622,1192.6722,-472,-5512,793,29,18,89,-38,18,0
238646.0742,1192.6842,-337,-5114,800,17,-25,98,-46,-49,0
238646.0873,1192.6972,-322,-4893,326,31,-56,114,-91,-111,0
238646.0938,1192.7038,-379,-4875,-70,33,-38,140,-112,-111,0
238646.1019,1192.7119,-285,-4611,696,19,-6,166,-89,-158,0
238646.1077,1192.7177,103,-4083,1118,36,-26,163,-66,-211,0
238646.1142,1192.7242,-233,-4180,-192,67,-46,156,-60,-245,0
238646.1185,1192.7285,-196,-3970,-391,95,-37,136,-81,-247,0
238646.1216,1192.7316,-285,-3748,-29,110,-41,93,-78,-245,0
238646.1241,1192.7341,-134,-3478,394,146,-95,58,-70,-240,0
238646.1269,1192.7369,-543,-3600,237,134,-97,57,-80,-231,0
238646.1304,1192.7404,-471,-3358,-187,133,-116,66,-90,-246,0
238646.1331,1192.7431,-371,-3197,-385,137,-163,67,-115,-230,0
238646.1359,1192.7459,-456,-3072,104,128,-173,71,-107,-181,0
238646.1468,1192.7568,-322,-2877,584,97,-151,54,-114,-136,0
238646.1497,1192.7597,-73,-2675,602,82,-159,34,-116,-90,0
238646.1526,1192.7626,-250,-2755,365,62,-177,10,-152,-46,0
238646.1551,1192.7651,-290,-2566,420,67,-182,-25,-143,-40,0
238646.1577,1192.7677,-307,-2487,791,75,-194,-23,-133,-10,0
238646.1796,1192.7895,-264,-2321,1335,67,-180,2,-108,0,0
238646.1822,1192.7922,-228,-2423,1084,69,-164,9,-110,34,0
238646.1847,1192.7947,-276,-2412,710,99,-155,12,-99,105,0
238646.205,1192.8149,-413,-2377,758,68,-170,19,-87,182,0
238646.2085,1192.8184,-489,-2252,731,30,-171,22,-105,214,0
238646.2138,1192.8238,-192,-2005,1058,47,-160,5,-122,234,0
238646.2336,1192.8436,-52,-1898,1115,57,-163,-14,-127,226,0
238646.2368,1192.8468,-242,-1801,1008,69,-211,-3,-144,227,0
238646.2384,1192.8483,-224,-1766,768,50,-239,7,-113,216,0
238646.2576,1192.8676,-391,-1604,468,69,-245,-11,-100,187,0
238646.2601,1192.8701,-211,-1499,440,93,-212,1,-106,146,0
238646.2626,1192.8726,2,-1272,923,99,-214,15,-96,120,0
238646.2829,1192.8929,-5,-1193,442,90,-197,20,-70,143,0
238646.2854,1192.8954,-305,-1183,20,78,-168,35,-76,181,0
238646.287,1192.8969,-231,-1115,-312,62,-118,33,-51,213,0
238646.3099,1192.9199,-135,-1075,-364,42,-107,58,-52,244,0
238646.3127,1192.9227,68,-953,422,52,-120,30,-51,241,0
238646.3178,1192.9278,-29,-1103,222,29,-109,22,-41,245,0
238646.3217,1192.9317,-276,-1181,200,57,-103,36,-31,299,0
238646.3242,1192.9342,-233,-1213,99,77,-104,78,-45,318,0
238646.3292,1192.9392,-95,-857,756,74,-66,94,-61,318,0
238646.3408,1192.9508,79,-784,460,77,-39,124,-59,280,0
238646.3439,1192.9539,-100,-834,170,99,-52,101,-51,265,0
238646.3485,1192.9585,-170,-844,314,83,-36,95,-35,252,0
238646.3765,1192.9865,-51,-746,347,69,-23,61,-45,266,0
238646.379,1192.9889,213,-649,765,86,5,60,-1,274,0
238646.3823,1192.9923,174,-779,586,59,62,54,12,273,0
238626.3951,1173.0051,32,-370,856,105,94,-25,-131,209,0
238626.4062,1173.0162,79,-134,879,115,108,7,-108,268,0
238626.4094,1173.0194,301,-117,1580,114,154,26,-116,302,0
238626.413,1173.023,306,-153,938,74,152,10,-113,309,0
238626.417,1173.027,246,-272,35,50,108,-34,-108,335,0
238626.4198,1173.0298,394,-146,223,42,94,-49,-97,354,0
238626.4324,1173.0424,388,-138,862,16,97,-38,-112,323,0
238626.4492,1173.0592,453,-86,1476,37,130,-12,-106,291,0
238626.4596,1173.0696,486,-132,951,40,147,-20,-98,288,0
238626.4717,1173.0817,248,-305,-4,52,128,-1,-67,224,0
238626.486,1173.096,120,-278,-569,88,68,24,-58,193,0
238626.5021,1173.112,114,-328,-305,89,73,14,-38,207,0
238626.5164,1173.1264,239,-235,189,43,106,9,-19,236,0
238626.5303,1173.1403,311,-182,-60,34,87,6,-6,205,0
238626.5401,1173.1501,66,-193,-553,23,77,4,22,188,0
238626.5515,1173.1614,-101,-192,-415,14,116,2,38,191,0
238626.5625,1173.1725,-100,-172,-331,5,107,-19,48,204,0
238626.569,1173.179,147,-139,312,33,48,-21,46,236,0
238626.5754,1173.1854,257,-152,976,36,47,-26,49,277,0
238626.5804,1173.1904,27,-122,190,40,66,-27,27,251,0
238626.5845,1173.1945,-81,-227,353,26,76,-12,42,242,0
238626.5914,1173.2014,47,-35,1217,-20,55,-32,7,246,0
238626.5961,1173.2061,123,48,2385,-54,26,-54,20,270,0
238626.5999,1173.2099,34,55,2219,-56,33,-27,30,286,0
238626.6042,1173.2142,57,18,1508,-56,33,-16,29,330,0
238626.607,1173.2169,-60,-9,1319,-67,38,-44,59,372,0
238626.6097,1173.2197,-156,52,1954,-78,30,-21,113,452,0
238626.6123,1173.2222,-66,30,2488,-70,37,-7,140,524,0
238626.6156,1173.2256,-151,52,2096,-86,37,-20,165,556,0
238626.6182,1173.2281,-427,-87,1263,-76,19,-39,157,572,0
238626.6209,1173.2309,-453,-125,1352,-82,22,-32,168,615,0
238626.6279,1173.2379,-287,-167,1287,-77,6,-30,206,645,0
238626.6321,1173.2421,37,-142,1798,-106,6,-61,207,655,0
238626.6423,1173.2522,67,-318,2265,-135,19,-94,207,646,0
238626.6497,1173.2597,-135,-514,1799,-118,23,-92,217,625,0
238626.6638,1173.2738,-229,-524,1831,-149,21,-108,226,574,0
238626.6728,1173.2828,-158,-385,2173,-146,48,-116,219,555,0
238626.6871,1173.2971,141,-84,2694,-155,62,-115,212,520,0
238626.6918,1173.3018,324,23,2335,-90,51,-122,207,514,0
238626.706,1173.316,171,-58,1442,-47,73,-117,184,489,0
238626.714,1173.3239,265,18,1230,-11,63,-143,159,488,0
238626.7184,1173.3284,125,-41,1423,-23,41,-156,142,482,0
238626.7226,1173.3326,74,-25,1668,-33,26,-142,146,497,0
238626.7255,1173.3355,8,-92,1357,-52,-20,-140,89,503,0
238626.7279,1173.3379,-28,-138,555,-64,-56,-154,31,483,0
238626.7315,1173.3415,134,-14,699,-100,-58,-125,42,403,0
238626.7598,1173.3697,217,-31,548,-127,-94,-137,13,344,0
238626.7642,1173.3742,289,-26,551,-95,-87,-151,-14,304,0
238626.7686,1173.3786,508,-121,274,-78,-66,-133,-39,300,0
238626.7823,1173.3923,339,-374,-542,-30,-52,-111,-51,310,0
238626.7863,1173.3963,-4,-500,-558,-48,-62,-100,-65,326,0
238626.7895,1173.3995,119,-365,127,-86,-41,-78,-61,351,0
238626.8018,1173.4118,243,-318,1358,-97,-15,-100,-76,326,0
238626.8041,1173.4141,276,-317,1097,-76,-6,-99,-83,282,0
238626.8065,1173.4165,296,-407,-230,-35,-3,-67,-95,224,0
238626.8158,1173.4258,266,-520,-556,-4,24,-42,-102,228,0
238626.8181,1173.4281,227,-456,-414,25,63,-62,-91,270,0
238626.8207,1173.4307,471,-194,120,33,39,-80,-54,283,0
238626.848,1173.458,309,-282,198,43,28,-59,-7,277,0
238626.851,1173.461,99,-393,-418,34,46,-71,21,266,0
238626.8552,1173.4652,444,-310,-422,85,43,-56,23,248,0
238626.8794,1173.4893,546,-167,116,86,55,-52,13,245,0
238626.8838,1173.4938,696,-30,514,88,15,-57,33,254,0
238626.8882,1173.4981,634,102,365,59,6,-65,66,270,0
238626.923,1173.5329,429,52,-578,18,-14,-52,51,305,0
238626.9421,1173.5521,422,-88,-683,-33,-21,-70,37,290,0
238626.9523,1173.5623,566,-101,-284,-14,-62,-71,81,329,0
238626.9605,1173.5705,500,-201,-482,-42,-57,-73,94,357,0
238626.987,1173.5969,502,-162,187,-42,-77,-59,54,393,0
238626.9938,1173.6038,295,-120,-457,-33,-95,-52,23,412,0
238627.001,1173.611,190,-271,-323,-36,-83,-35,5,422,0
238627.005,1173.615,226,-344,-159,-37,-71,-7,8,410,0
238627.0084,1173.6183,178,-319,-694,-38,-61,11,3,433,0
238627.0125,1173.6225,307,-384,-708,-39,-73,1,-2,430,0
238627.0183,1173.6282,183,-473,-1048,-13,-103,-52,-16,390,0
238627.0238,1173.6337,118,-455,-524,-13,-101,-88,-19,313,0
238627.0291,1173.6391,2,-467,245,-28,-60,-108,-33,248,0
238627.0317,1173.6417,229,-635,663,-45,-41,-89,-3,209,0
238627.0345,1173.6445,219,-599,47,-63,-26,-86,-9,147,0
238627.0374,1173.6473,48,-553,-1227,-56,-39,-87,-32,96,0
238627.0406,1173.6505,90,-584,-1365,-20,-67,-110,-45,89,0
238627.0431,1173.6531,274,-466,-1285,-3,-81,-94,-37,52,0
238627.0466,1173.6566,427,-323,-1336,-17,-92,-45,-23,44,0
238627.0492,1173.6592,484,-253,-1140,-20,-43,-12,12,25,0
238627.0523,1173.6623,327,-383,-1728,-10,-57,10,15,-24,0
238627.0552,1173.6652,243,-306,-1174,6,-64,48,34,-39,0
238627.0597,1173.6697,113,-165,-895,47,-49,44,23,-20,0
238627.0626,1173.6726,388,170,430,63,-20,19,-12,-44,0
238627.0781,1173.6881,262,-23,-568,19,-33,21,-16,-9,0
238627.0805,1173.6905,193,188,-621,9,-37,25,20,22,0
238627.0828,1173.6928,401,273,-724,24,-25,15,49,94,0
238627.1028,1173.7127,346,328,-645,4,-19,-5,29,125,0
238627.1053,1173.7153,621,420,504,30,25,-34,9,179,0
238627.1081,1173.7181,433,351,136,22,9,-55,9,200,0
238627.1201,1173.7301,99,95,-875,-33,25,-49,16,211,0
238627.1235,1173.7335,-112,117,-812,-59,25,-36,34,202,0
238627.1262,1173.7362,-55,143,-617,-55,11,-44,9,243,0
238627.1558,1173.7658,58,73,616,-114,-10,-71,28,278,0
238627.1581,1173.7681,144,185,-230,-87,-30,-60,30,248,0
238627.1633,1173.7733,28,191,-1392,-48,-41,-40,37,261,0
238627.1933,1173.8033,-99,189,-1141,-54,-23,-47,48,313,0
238627.1963,1173.8063,-142,33,-757,-81,-6,-100,67,345,0
238627.1991,1173.8091,-174,-20,193,-46,-27,-126,81,355,0
238627.2099,1173.8199,-373,-170,-879,-63,10,-137,76,336,0
238627.2144,1173.8243,-375,-177,-1494,-87,0,-143,96,317,0
238627.2187,1173.8287,-276,-177,-817,-81,0,-146,141,312,0
238627.2288,1173.8388,-84,-146,-176,-66,-1,-169,180,330,0
238627.2311,1173.8411,70,-129,1428,-46,-13,-147,197,335,0
238627.2344,1173.8444,-155,-363,624,0,-63,-162,219,352,0
238627.257,1173.867,-241,-351,296,-8,-87,-146,237,364,0
238627.2588,1173.8688,-397,-567,365,-20,-71,-164,202,414,0
238627.261,1173.8709,-298,-520,1156,-36,-71,-166,175,445,0
238627.288,1173.898,-169,-557,2549,-48,-23,-173,175,460,0
238627.2936,1173.9036,43,-530,1595,-55,-11,-136,180,426,0
238627.2984,1173.9084,-78,-480,546,-69,-10,-128,191,404,0
238627.3203,1173.9303,-326,-425,904,-31,-35,-120,161,381,0
238627.3253,1173.9353,-249,-362,1308,-6,-51,-99,167,363,0
238627.3291,1173.9391,-115,-335,1811,7,-40,-96,136,318,0
238627.3325,1173.9425,-221,-420,787,39,-48,-104,144,235,0
238627.335,1173.945,-297,-468,49,99,-25,-88,160,210,0
238627.3374,1173.9473,-139,-295,631,110,-3,-54,186,180,0
238627.3414,1173.9514,56,-322,1214,158,8,-45,171,129,0
238627.3429,1173.9529,173,-398,1981,178,12,-57,168,98,0
238627.345,1173.955,-59,-334,879,194,3,-45,172,24,0
238627.366,1173.976,-483,-422,-260,190,6,-53,163,-24,0
238627.3685,1173.9785,-468,-374,140,202,-1,-47,119,-66,0
238627.3731,1173.9831,-245,-273,467,167,5,-27,66,-83,0
238627.3812,1173.9912,5,-169,1396,135,31,-47,77,-106,0
238627.3875,1173.9975,280,-50,1190,131,36,-39,71,-156,0
238627.3929,1174.0029,63,-153,-127,122,19,-66,75,-203,0
238627.4183,1174.0282,-21,-187,-428,146,17,-75,93,-241,0
238627.4305,1174.0405,150,12,47,172,0,-66,116,-298,0
238627.4395,1174.0494,170,131,311,223,-13,-5,126,-326,0
238627.446,1174.0559,429,211,-303,210,-32,-3,112,-302,0
238627.4511,1174.0611,263,201,-776,197,-61,8,100,-343,0
238627.4559,1174.0659,208,206,-459,206,-97,-2,106,-392,0
238627.4709,1174.0809,184,158,-356,247,-108,26,121,-380,0
238627.4734,1174.0834,439,121,379,257,-107,0,125,-346,0
238627.4838,1174.0938,375,95,-237,255,-87,5,122,-324,0
238627.4929,1174.1029,287,168,-1285,221,-72,13,127,-306,0
238627.4967,1174.1067,-17,-121,-683,241,-61,39,137,-322,0
238627.4998,1174.1098,316,-67,-69,279,-53,5,123,-348,0
238627.5267,1174.1367,436,79,292,282,-43,-9,145,-351,0
238627.5281,1174.1381,94,58,177,277,-34,-15,163,-396,0
238627.5307,1174.1407,-104,-45,-1113,288,-65,-41,126,-465,0
238627.5394,1174.1494,5,41,-592,316,-81,-47,116,-479,0
238627.5428,1174.1528,-155,-7,10,301,-79,-42,101,-494,0
238627.5478,1174.1578,76,-68,-244,291,-67,-45,112,-534,0
238627.5675,1174.1775,143,-242,-951,265,-81,-35,55,-604,0
238627.5701,1174.1801,-138,-421,-2082,252,-89,-4,25,-643,0
238627.573,1174.183,-160,-266,-1714,210,-52,36,29,-697,0
238627.5997,1174.2097,53,-198,-706,217,-51,57,30,-711,0
238627.6032,1174.2131,-73,-215,45,237,-58,57,-3,-706,0
238627.6066,1174.2166,-10,-111,-12,265,-50,52,36,-676,0
238627.626,1174.236,-194,-188,-745,271,-29,33,40,-658,0
238627.6283,1174.2383,-107,-254,-363,262,-32,23,19,-613,0
238627.6305,1174.2405,144,-174,163,208,-40,-19,2,-599,0
238627.6436,1174.2536,249,-91,761,196,-10,-28,-25,-558,0
238627.6459,1174.2559,39,-182,625,182,27,-27,-63,-490,0
238627.6482,1174.2582,-126,-296,-353,149,51,12,-88,-443,0
238627.6633,1174.2733,-38,-335,-248,108,39,-10,-52,-402,0
238627.6658,1174.2758,34,-409,236,114,42,-25,-57,-384,0
238627.6683,1174.2782,180,-351,418,133,44,-35,-54,-385,0
238627.6758,1174.2858,38,-372,-423,145,38,-12,-41,-386,0
238627.678,1174.288,-203,-415,-1671,158,35,-6,-38,-366,0
238627.6806,1174.2906,-272,-350,-938,148,41,11,-85,-308,0
238627.7039,1174.3139,-200,-252,-351,117,54,5,-76,-265,0
238627.7068,1174.3168,-23,-198,264,106,9,-9,-66,-247,0
238627.7093,1174.3193,51,-404,-147,98,24,-5,-79,-233,0
238627.7397,1174.3497,-42,-398,-998,85,80,44,-85,-203,0
238627.7423,1174.3523,113,-174,-544,65,101,54,-82,-177,0
238627.7456,1174.3556,51,-169,-62,69,77,38,-68,-190,0
238627.7642,1174.3742,164,-161,9,73,52,31,-67,-195,0
238627.7858,1174.3957,86,-187,-256,17,53,45,-64,-222,0
238627.791,1174.401,-98,-265,-1026,-26,76,69,-58,-215,0
238627.7947,1174.4047,23,-209,-53,-28,63,47,-18,-246,0
238627.7975,1174.4075,168,-115,622,4,49,37,-7,-265,0
238627.8001,1174.4101,189,-54,1101,49,35,16,-4,-279,0
238627.8049,1174.4148,71,-76,186,71,28,-1,5,-312,0
238627.8077,1174.4177,67,26,-689,57,-19,-14,30,-307,0
238627.8103,1174.4203,282,141,42,10,-16,13,35,-286,0
238627.8251,1174.4351,332,343,854,4,-65,15,19,-283,0
238627.8283,1174.4383,340,217,638,4,-69,21,-25,-305,0
238627.8306,1174.4406,338,226,432,23,-58,21,-42,-305,0
238627.8565,1174.4665,133,95,-531,7,-38,20,-58,-289,0
238627.8594,1174.4694,373,223,531,40,-52,44,-40,-280,0
238627.8617,1174.4717,522,339,1159,54,-78,68,-37,-286,0
238627.8766,1174.4866,598,258,1427,76,-56,95,-75,-296,0
238627.8801,1174.4901,451,144,1695,71,-59,70,-116,-247,0
238627.8832,1174.4931,84,-27,731,33,-50,82,-110,-209,0
238627.9127,1174.5227,166,22,1307,-13,-27,95,-81,-156,0
238627.9157,1174.5257,393,244,2138,-33,3,104,-78,-113,0
238627.9184,1174.5283,406,284,2081,-26,41,110,-87,-82,0
238627.9225,1174.5325,252,150,1389,-38,37,123,-84,-39,0
238627.9346,1174.5446,242,86,805,-72,21,127,-74,-67,0
238627.9449,1174.5549,144,-112,1376,-98,14,114,-88,-88,0
238627.9582,1174.5682,76,-224,1451,-112,-15,99,-116,-75,0
238627.9642,1174.5741,227,-13,2154,-87,-33,76,-112,-50,0
238627.9672,1174.5771,-96,-129,1597,-106,-46,86,-72,-66,0
238627.9813,1174.5913,-284,-137,535,-135,-41,92,-61,-63,0
238627.9854,1174.5954,-176,-94,1282,-152,-42,80,-54,-62,0
238627.9889,1174.5989,-186,-37,1979,-154,-12,48,-58,-61,0
238628.0096,1174.6196,-162,-159,1851,-146,-22,70,-65,-70,0
238628.0157,1174.6256,-76,-148,1853,-155,5,83,-39,-62,0
238628.0188,1174.6288,-165,-192,962,-159,4,90,-32,-63,0
238628.0418,1174.6518,-23,-150,1215,-132,17,74,-36,-36,0
238628.0445,1174.6545,-52,-92,1942,-120,22,51,-42,-2,0
238628.0469,1174.6569,-4,-127,1604,-112,48,41,-7,62,0
238628.0575,1174.6675,141,48,818,-104,47,43,-35,97,0
238628.06,1174.6699,-49,-36,-35,-87,58,62,-55,84,0
238628.0624,1174.6724,-12,43,683,-72,67,66,-79,65,0
238628.0655,1174.6755,146,6,1204,-82,84,80,-74,49,0
238628.0678,1174.6778,284,-5,1138,-95,89,63,-88,11,0
238628.0701,1174.68,18,-96,397,-81,83,57,-95,-69,0
238628.0747,1174.6847,-11,-139,-722,-55,43,31,-109,-86,0
238628.0771,1174.687,234,23,241,-38,62,62,-91,-117,0
238628.08,1174.69,255,45,837,12,52,63,-112,-146,0
238628.1012,1174.7112,94,61,760,38,23,63,-137,-175,0
238628.1044,1174.7144,196,45,367,46,6,71,-155,-148,0
238628.1072,1174.7172,-22,-119,-866,50,3,86,-164,-136,0
238628.136,1174.7459,-27,-161,-409,62,6,94,-152,-134,0
238628.1481,1174.7581,291,49,389,25,-39,68,-153,-100,0
238628.1593,1174.7693,421,44,540,-3,-47,76,-137,-81,0
238628.1683,1174.7783,181,-150,69,-25,-52,99,-113,-69,0
238628.1784,1174.7884,78,-59,-197,38,-18,89,-122,-22,0
238628.1926,1174.8026,282,157,817,55,1,83,-102,-6,0
238628.2035,1174.8135,267,227,1392,19,15,87,-63,17,0
238628.211,1174.8209,327,202,1598,-10,-1,98,-53,75,0
238628.2175,1174.8275,185,11,1214,-62,-8,64,-55,70,0
238628.2272,1174.8372,163,-9,386,-96,-3,54,-41,64,0
238628.2357,1174.8457,328,238,1456,-64,-16,33,-44,61,0
238628.2428,1174.8528,417,400,1782,-29,-1,41,-31,51,0
238628.2508,1174.8608,411,441,1814,-9,23,61,-17,44,0
238628.2551,1174.8651,419,367,1237,11,28,53,-30,24,0
238628.2587,1174.8687,186,172,-545,26,56,37,-55,-8,0
238628.2635,1174.8735,358,238,-209,18,72,2,-76,5,0
238628.2659,1174.8759,399,229,302,51,62,-7,-77,-33,0
238628.2686,1174.8786,458,259,-55,73,38,-27,-81,-73,0
238628.2713,1174.8813,411,320,-1057,89,61,-66,-68,-61,0
238628.2737,1174.8837,465,423,-1255,109,80,-57,-52,-45,0
238628.2774,1174.8874,395,378,-370,115,112,-21,9,-51,0
238628.2959,1174.9059,437,436,267,67,137,-34,26,-7,0
238628.2983,1174.9083,592,339,-227,30,153,-33,36,-12,0
238628.301,1174.911,584,329,-990,24,166,-45,19,9,0
238628.326,1174.9359,518,186,-1487,14,166,-59,11,15,0
238628.3391,1174.949,393,198,-107,15,160,-74,11,-14,0
238628.3433,1174.9533,358,163,660,3,172,-83,0,-67,0
238628.3682,1174.9782,263,180,587,14,157,-63,-10,-140,0
238628.3721,1174.9821,152,45,-202,37,149,-52,-20,-152,0
238628.375,1174.985,221,185,-393,32,129,-67,-17,-162,0
238628.3778,1174.9878,462,270,233,24,137,-113,-27,-166,0
238628.3803,1174.9903,512,227,969,39,111,-115,-68,-195,0
238628.3826,1174.9926,601,266,767,39,72,-108,-99,-190,0
238628.3949,1175.0049,400,281,364,25,43,-115,-94,-202,0
238628.3973,1175.0073,177,194,74,6,10,-99,-41,-168,0
238628.3997,1175.0096,673,205,1054,4,8,-51,-26,-179,0
238628.4238,1175.0338,1116,590,1750,-11,-24,-61,33,-229,0
238628.4262,1175.0361,815,1040,1389,-30,-12,-71,30,-236,0
238628.4285,1175.0385,684,1110,1014,-7,-34,-61,28,-204,0
238628.4414,1175.0514,547,816,-30,23,-27,-84,-2,-183,0
238628.4438,1175.0538,871,924,727,24,-15,-91,-1,-185,0
238628.4467,1175.0567,1017,1048,1009,33,-2,-84,-4,-165,0
238628.4639,1175.0738,946,1038,-78,60,-10,-82,-7,-158,0
238628.4669,1175.0769,1040,1086,-968,63,-17,-64,-25,-136,0
238628.4693,1175.0793,1111,1009,-2008,60,15,-53,-52,-107,0
238628.4827,1175.0927,1419,1165,-1308,35,53,-50,-14,-103,0
238628.4852,1175.0952,1444,1111,-827,19,38,-59,-18,-90,0
238628.488,1175.098,1457,1042,-1621,-3,-1,-29,-57,-51,0
238628.5156,1175.1256,1349,671,-2247,6,-14,-9,-80,-18,0
238628.5232,1175.1332,1317,508,-3103,2,-11,11,-67,1,0
238628.526,1175.136,1430,604,-2055,-1,-8,20,-83,41,0
238628.5602,1175.1702,1397,681,-1516,-15,-21,39,-92,61,0
238628.5644,1175.1744,1330,424,-2117,-6,8,43,-99,87,0
238628.5679,1175.1779,1189,313,-1790,11,26,18,-106,125,0
238628.5713,1175.1813,1166,311,-2082,8,29,12,-87,169,0
238628.5739,1175.1839,1318,125,-825,-16,45,8,-88,219,0
238628.5752,1175.1852,1194,-94,1229,-39,53,-16,-95,249,0
238628.5804,1175.1904,1277,-99,3154,-92,17,-38,-69,257,0
238628.5827,1175.1927,1292,-17,8114,-62,5,-51,-60,316,0
238628.5856,1175.1956,1166,-270,11854,-36,-5,-32,-69,336,0
238628.6164,1175.2263,1253,-264,15372,-50,-28,-2,-55,267,0
238628.6206,1175.2306,1288,-139,18317,-76,-24,-3,-13,240,0
238628.6221,1175.2321,1384,7,18507,-74,-54,6,-19,243,0
238628.6496,1175.2596,966,-135,18536,-56,-40,0,-2,230,0
238628.6702,1175.2802,933,-89,18235,-56,-79,6,-6,217,0
238628.6846,1175.2946,1010,-167,19170,-47,-63,10,-26,219,0
238628.6957,1175.3057,912,-226,20883,-45,-13,13,-49,201,0
238628.7043,1175.3143,884,-208,20106,-30,-47,5,-75,150,0
238628.7073,1175.3172,641,-258,20141,-30,-82,-1,-67,118,0
238628.712,1175.322,417,-307,18761,10,-102,11,-41,101,0
238628.7177,1175.3277,461,-349,19007,50,-78,16,-21,62,0
238628.7238,1175.3338,736,-423,19300,89,-75,29,-36,-7,0
238628.7388,1175.3488,496,-364,17582,128,-89,14,-86,-59,0
238628.7445,1175.3545,289,-310,16979,190,-83,2,-99,-107,0
238628.7501,1175.3601,-290,-790,15690,209,-79,45,-131,-175,0
238628.7563,1175.3663,-44,-872,15994,247,-69,76,-189,-184,0
238628.7643,1175.3743,82,-868,17112,299,-55,60,-190,-182,0
238628.7717,1175.3817,-49,-1129,16011,318,-52,20,-182,-208,0
238628.7857,1175.3957,82,-939,15517,305,-41,13,-139,-212,0
238628.7948,1175.4048,-70,-846,14543,339,-34,34,-141,-132,0
238628.8008,1175.4108,20,-671,15080,323,-39,38,-124,-78,0
238628.8145,1175.4245,215,-605,15627,312,-61,61,-127,-56,0
238628.8301,1175.4401,166,-679,14449,329,-56,52,-106,-21,0
238628.8409,1175.4508,-151,-736,13967,371,-45,59,-115,-1,0
238628.843,1175.453,-213,-685,13079,381,-44,90,-108,20,0
238628.8453,1175.4552,-13,-600,13286,412,-83,123,-98,30,0
238628.8487,1175.4587,258,-535,13606,453,-108,95,-51,75,0
238628.8519,1175.4619,361,-508,12125,459,-94,69,-44,106,0
238628.8546,1175.4646,242,-522,11416,443,-96,70,-35,195,0
238628.8573,1175.4672,114,-510,10301,448,-100,42,-27,202,0
238628.8607,1175.4707,188,-463,10392,437,-117,20,-29,175,0
238628.8634,1175.4734,414,-340,10254,437,-117,8,-50,161,0
238628.866,1175.476,230,-240,9000,470,-113,9,-80,146,0
238628.8687,1175.4787,147,-291,7673,541,-106,7,-118,153,0
238628.8795,1175.4895,146,-346,6457,558,-75,2,-150,146,0
238628.8829,1175.4929,494,-194,6452,594,-66,12,-158,135,0
238628.9068,1175.5168,691,-281,6367,596,-39,21,-168,96,0
238628.9171,1175.5271,730,-389,4920,613,-16,22,-162,49,0
238628.9257,1175.5357,622,-408,3625,636,8,49,-180,34,0
238628.9341,1175.5441,450,-321,1957,625,20,53,-184,68,0
238628.9431,1175.5531,792,-315,1958,654,22,9,-187,97,0
238628.9541,1175.5641,800,-286,2212,704,10,-11,-206,89,0
238628.9642,1175.5742,837,-289,1133,745,5,-23,-197,74,0
238628.9743,1175.5843,936,-163,493,789,1,-24,-177,107,0
238628.985,1175.595,819,-204,-182,786,8,11,-156,140,0
238628.9932,1175.6032,713,-220,-178,761,8,35,-134,143,0
238629.0017,1175.6117,821,-218,-114,724,4,28,-157,149,0
238629.0114,1175.6214,934,-140,-911,716,0,31,-164,148,0
238629.0222,1175.6322,559,-367,-1869,686,-7,18,-158,82,0
238629.0338,1175.6438,416,-292,-3019,710,-10,-5,-137,106,0
238629.0385,1175.6485,607,-353,-2806,752,1,3,-162,124,0
238629.0469,1175.6569,738,-342,-2408,748,11,-14,-138,149,0
238629.0495,1175.6595,438,-609,-3640,756,-12,0,-169,165,0
238629.052,1175.662,225,-567,-3573,764,-17,20,-168,188,0
238629.0858,1175.6958,278,-568,-4238,757,7,2,-197,189,0
238629.0941,1175.7041,610,-239,-3157,744,23,-1,-232,204,0
238629.0995,1175.7095,642,-144,-2948,757,46,-5,-234,207,0
238629.1044,1175.7144,607,-329,-4149,748,72,-12,-224,224,0
238629.1088,1175.7188,810,-53,-4296,730,52,12,-192,245,0
238629.1121,1175.7221,788,153,-4627,727,40,37,-162,273,0
238629.1165,1175.7264,605,127,-4471,709,52,33,-120,291,0
238629.1202,1175.7302,664,34,-3829,745,49,13,-111,307,0
238629.1244,1175.7344,620,56,-5094,737,30,28,-110,292,0
238629.1273,1175.7373,519,-35,-5173,715,33,43,-111,301,0
238629.1299,1175.7398,248,-139,-6264,724,68,28,-74,321,0
238629.1321,1175.7421,426,-34,-5894,721,75,27,-77,379,0
238629.1441,1175.7541,445,19,-4698,693,45,39,-57,425,0
238629.1464,1175.7564,356,-112,-5992,667,6,40,-58,456,0
238629.1486,1175.7586,174,-199,-6238,645,-33,21,-54,506,0
238629.1961,1175.8061,138,-217,-7172,584,-21,45,-45,536,0
238629.199,1175.809,531,-126,-6490,558,-10,61,-22,554,0
238629.2022,1175.8122,742,-85,-5555,548,-24,67,-19,588,0
238629.2052,1175.8152,781,-11,-5515,553,-46,61,-33,599,0
238629.2078,1175.8178,743,-33,-5277,527,-13,46,-40,586,0
238629.2105,1175.8204,489,-22,-5889,480,13,6,-57,608,0
238629.2133,1175.8233,592,128,-5416,482,19,-31,-62,615,0
238629.2166,1175.8266,760,208,-4308,499,40,-15,-39,627,0
238629.2183,1175.8283,636,200,-4807,475,63,-16,-22,632,0
238629.2584,1175.8684,436,141,-4548,431,46,-6,-19,633,0
238629.2696,1175.8796,457,143,-5106,418,8,-22,-5,652,0
238629.2858,1175.8958,605,169,-4479,400,28,-45,29,673,0
238629.2939,1175.9039,556,297,-3846,384,29,-62,90,633,0
238629.3008,1175.9108,386,38,-5075,374,16,-70,95,607,0
238629.3077,1175.9177,290,-129,-5013,389,15,-65,102,611,0
238629.3161,1175.926,60,-327,-5344,411,30,-35,93,591,0
238629.3232,1175.9332,107,-426,-4287,428,36,-28,52,548,0
238629.3333,1175.9432,98,-355,-3632,416,33,-52,42,553,0
238629.3443,1175.9543,-15,-286,-4509,408,26,-73,31,515,0
238629.3529,1175.9629,21,-118,-4644,432,35,-67,13,493,0
238629.3656,1175.9756,-47,-172,-5791,459,52,-53,6,449,0
238629.3806,1175.9906,-64,-234,-5821,492,27,-28,25,379,0
238629.3891,1175.999,14,-159,-5494,500,18,-2,29,335,0
238629.3975,1176.0075,-224,-321,-6486,465,15,28,38,321,0
238629.4033,1176.0132,-330,-318,-6963,468,31,66,45,315,0
238629.4059,1176.0159,-189,-376,-7052,502,47,44,56,304,0
238629.4091,1176.019,305,-150,-5577,510,49,41,53,304,0
238629.4126,1176.0226,147,-314,-4742,518,48,24,66,289,0
238629.4149,1176.0249,-100,-571,-4998,520,70,34,66,298,0
238629.4193,1176.0293,-207,-512,-5256,515,74,-2,108,332,0
238629.4228,1176.0328,-207,-350,-5277,481,79,20,117,361,0
238629.4253,1176.0353,46,-255,-4780,487,78,13,92,336,0
238629.4278,1176.0378,66,-340,-4460,503,103,-4,74,337,0
238629.4306,1176.0405,105,-405,-5072,519,113,-20,59,404,0
238629.4334,1176.0434,-176,-420,-4729,498,115,13,56,422,0
238629.4441,1176.0541,-27,-384,-4894,488,101,25,50,413,0
238629.4519,1176.0619,408,-357,-4348,451,91,3,90,397,0
238629.4545,1176.0645,546,-388,-3513,451,113,-6,82,392,0
238629.4572,1176.0672,481,-580,-4074,463,99,-15,94,345,0
238629.4774,1176.0874,384,-560,-4414,471,89,4,58,320,0
238629.4811,1176.091,162,-703,-5067,477,71,25,27,330,0
238629.4835,1176.0935,454,-580,-4178,485,69,34,32,343,0
238629.4996,1176.1095,529,-477,-3883,470,86,23,34,319,0
238629.506,1176.1159,491,-632,-4718,492,73,27,32,285,0
238629.5086,1176.1185,433,-630,-4600,525,63,39,53,264,0
238629.5175,1176.1274,347,-446,-4684,511,64,32,47,241,0
238629.52,1176.13,618,-392,-3942,493,82,25,43,195,0
238629.5229,1176.1329,668,-336,-3644,516,74,19,63,185,0
238629.5451,1176.155,389,-326,-4234,548,83,21,97,189,0
238629.5478,1176.1577,323,-354,-4581,561,101,-7,86,210,0
238629.5503,1176.1603,265,-238,-4405,545,96,25,45,208,0
238629.5741,1176.1841,292,19,-3938,570,77,17,13,202,0
238629.58,1176.19,319,-33,-4136,586,50,-9,27,174,0
238629.5837,1176.1936,245,-24,-4812,607,64,-12,50,187,0
238629.5906,1176.2006,48,-167,-5377,602,51,-10,8,213,0
238629.5948,1176.2048,109,-207,-6114,598,43,-43,-64,178,0
238629.5988,1176.2088,387,-157,-5787,580,39,-48,-92,191,0
238629.618,1176.228,418,-59,-5026,567,42,-30,-95,203,0
238629.6216,1176.2315,519,60,-4898,562,35,-23,-149,193,0
238629.627,1176.237,216,98,-4739,554,32,-50,-148,180,0
238629.6493,1176.2593,18,44,-4797,562,38,-73,-138,168,0
238629.652,1176.262,121,92,-3995,528,79,-79,-142,133,0
238629.6543,1176.2642,149,277,-3245,539,112,-77,-128,138,0
238629.6779,1176.2879,20,462,-3024,521,184,-77,-109,127,0
238629.6827,1176.2927,127,443,-2824,548,217,-67,-131,133,0
238629.6889,1176.2989,81,485,-2395,503,237,-72,-125,160,0
238629.7001,1176.3101,87,460,-1820,494,225,-48,-117,201,0
238629.7061,1176.3161,-66,445,-865,460,220,-29,-108,253,0
238629.7099,1176.3199,-327,362,-1402,468,197,-30,-76,320,0
238629.7231,1176.3331,-618,268,-1542,424,176,-21,-43,405,0
238629.7494,1176.3594,-446,157,-1814,381,180,-15,-29,464,0
238629.7575,1176.3675,-278,260,-1049,374,159,-7,17,511,0
238629.7605,1176.3705,-375,94,-1306,350,157,15,70,561,0
238629.7629,1176.3729,-350,109,-1442,322,168,28,114,571,0
238629.7662,1176.3761,-437,-63,-1606,309,169,67,90,565,0
238629.769,1176.379,-595,-164,-1635,326,159,91,94,554,0
238629.7717,1176.3817,-730,-164,-1280,323,170,68,93,569,0
238629.7743,1176.3843,-505,-169,-1023,317,166,59,65,572,0
238629.7934,1176.4033,-692,-217,-1411,313,166,45,46,573,0
238629.7974,1176.4073,-578,-242,-2202,304,188,34,21,608,0
238629.8004,1176.4104,-531,-262,-2100,280,214,47,10,598,0
238629.8206,1176.4305,-236,-119,-1131,259,221,54,17,554,0
238629.828,1176.438,-138,-41,-1251,256,233,71,37,483,0
238629.8346,1176.4446,-378,-181,-1586,227,172,61,3,463,0
238629.846,1176.4559,-423,-210,-2221,219,142,55,13,374,0
238629.8545,1176.4645,-400,-195,-2180,195,103,39,17,307,0
238629.8672,1176.4772,-108,-106,-1794,206,112,50,6,270,0
238629.8928,1176.5027,-33,-219,-2204,261,105,55,40,262,0
238629.8995,1176.5095,-192,-324,-2573,299,110,66,55,228,0
238629.9131,1176.5231,-439,-412,-2999,260,70,49,66,182,0
238629.9185,1176.5285,-406,-387,-3053,301,46,12,91,161,0
238629.9246,1176.5346,-335,-444,-2471,336,30,17,93,177,0
238629.9281,1176.5381,-473,-508,-2544,307,25,18,93,140,0
238629.9312,1176.5412,-645,-567,-2996,301,41,-19,109,116,0
238629.9337,1176.5437,-681,-420,-3641,306,49,-3,146,104,0
238629.9362,1176.5461,-813,-451,-3992,311,75,15,142,66,0
238629.9413,1176.5513,-619,-446,-3087,367,119,7,159,27,0
238629.944,1176.554,-461,-336,-2809,366,110,-8,141,28,0
238629.9458,1176.5558,-208,-296,-3240,369,112,8,157,8,0
238629.9556,1176.5656,-295,-550,-4468,370,84,32,162,-23,0
238629.9578,1176.5678,-332,-691,-4271,369,79,45,129,-29,0
238629.9597,1176.5697,-263,-672,-3584,363,74,47,122,-34,0
238629.9737,1176.5837,-354,-711,-3334,394,85,40,118,-64,0
238629.9763,1176.5863,-499,-854,-3781,393,49,59,101,-85,0
238629.9906,1176.6006,-592,-811,-3884,392,13,81,103,-92,0
238629.9972,1176.6072,-579,-794,-4123,394,59,80,140,-83,0
238630.0003,1176.6102,-346,-742,-3104,368,73,67,144,-59,0
238630.0029,1176.6129,-311,-823,-3171,353,74,66,122,-33,0
238630.0358,1176.6458,-463,-733,-3582,359,73,65,67,-49,0
238630.0438,1176.6538,-471,-673,-3694,373,56,50,63,-71,0
238630.0568,1176.6668,-224,-591,-3633,413,15,62,98,-58,0
238630.0672,1176.6772,46,-423,-3520,413,-26,78,102,-5,0
238630.0827,1176.6927,280,-308,-3483,369,-23,109,74,49,0
238630.0937,1176.7037,-36,-432,-4207,333,-34,124,84,76,0
238630.1026,1176.7126,102,-320,-4074,357,-21,118,65,63,0
238630.1128,1176.7228,198,-351,-4256,364,-26,95,31,35,0
238630.1223,1176.7323,338,-261,-3459,351,-14,74,-3,13,0
238630.1376,1176.7475,410,-172,-3510,373,-20,80,1,-3,0
238630.1542,1176.7642,495,-182,-3744,395,2,90,6,-42,0
238630.1712,1176.7812,330,-398,-4452,432,20,120,-22,-119,0
238630.1858,1176.7958,-18,-616,-4921,483,35,139,-54,-187,0
238630.1981,1176.8081,56,-602,-4309,538,46,149,-80,-272,0
238630.2164,1176.8264,286,-490,-4161,550,56,147,-114,-312,0
238630.2337,1176.8437,222,-660,-5477,584,39,137,-153,-339,0
238630.2456,1176.8555,355,-633,-5623,587,54,145,-173,-371,0
238630.257,1176.867,302,-529,-5378,606,87,148,-189,-386,0
238630.2761,1176.886,378,-455,-4563,589,105,163,-168,-376,0
238630.2842,1176.8942,342,-522,-4158,548,82,163,-168,-399,0
238630.2952,1176.9052,528,-369,-4792,550,114,137,-180,-450,0
238630.3024,1176.9124,516,-358,-4075,534,95,108,-182,-480,0
238630.3096,1176.9196,534,-403,-4014,533,117,88,-222,-470,0
238630.3154,1176.9254,811,-336,-3317,518,114,102,-228,-455,0
238630.328,1176.9379,812,-423,-3550,507,138,91,-213,-437,0
238630.3326,1176.9425,422,-603,-4637,489,125,103,-228,-467,0
238630.3366,1176.9466,452,-550,-4316,496,161,109,-245,-480,0
238630.3424,1176.9524,86,-549,-4744,510,149,118,-217,-505,0
238630.3451,1176.9551,266,-481,-4120,500,145,156,-220,-542,0
238630.3476,1176.9576,695,-349,-3544,508,108,154,-213,-567,0
238630.3646,1176.9746,485,-413,-4959,522,101,148,-227,-566,0
238630.372,1176.982,321,-521,-5203,532,101,161,-234,-540,0
238630.3786,1176.9886,191,-510,-4868,480,105,155,-250,-522,0
238630.3841,1176.9941,362,-409,-4136,481,104,152,-228,-483,0
238630.3875,1176.9975,440,-314,-3645,458,120,123,-211,-438,0
238630.3901,1177.0001,461,-380,-4345,433,114,107,-223,-410,0
238630.3944,1177.0044,306,-500,-4558,400,119,122,-223,-376,0
238630.397,1177.007,361,-456,-4029,423,110,110,-208,-345,0
238630.3998,1177.0098,355,-483,-2783,444,98,72,-184,-312,0
238630.4028,1177.0128,292,-584,-2911,450,115,38,-127,-276,0
238630.4055,1177.0155,124,-761,-3654,433,159,44,-92,-251,0
238630.408,1177.018,105,-753,-3799,417,196,30,-66,-211,0
238630.4108,1177.0208,297,-636,-3718,398,216,57,-30,-208,0
238630.4152,1177.0252,531,-428,-2456,402,225,69,-38,-174,0
238630.4167,1177.0267,549,-457,-1725,381,253,81,-59,-171,0
238630.4196,1177.0295,257,-525,-2992,377,239,111,-47,-143,0
238630.4223,1177.0323,245,-575,-3410,355,208,121,-44,-190,0
238630.4251,1177.0351,365,-598,-3272,367,211,118,-36,-246,0
238630.4313,1177.0413,599,-498,-2282,393,230,144,-43,-295,0
238630.4339,1177.0439,616,-432,-1825,386,224,170,-58,-305,0
238630.4367,1177.0467,384,-583,-2354,378,203,153,-50,-330,0
238630.4397,1177.0497,378,-667,-2552,367,173,144,-65,-356,0
238630.4429,1177.0528,355,-698,-2257,356,152,158,-46,-410,0
238630.4499,1177.0599,447,-850,-1651,368,148,178,-69,-474,0
238630.4529,1177.0629,347,-783,-973,371,134,191,-53,-495,0
238630.4556,1177.0656,143,-629,-1956,353,121,171,-68,-466,0
238630.4586,1177.0686,101,-684,-2627,360,92,145,-64,-473,0
238630.4759,1177.0859,-13,-608,-3150,333,104,108,-68,-492,0
238630.4785,1177.0885,346,-344,-2489,323,77,107,-82,-545,0
238630.481,1177.0909,459,-376,-1835,336,54,111,-87,-545,0
238630.5287,1177.1387,74,-501,-3384,376,65,126,-87,-572,0
238630.5314,1177.1414,5,-550,-3124,379,63,101,-54,-591,0
238630.5339,1177.1439,206,-642,-2711,364,51,82,-34,-557,0
238630.5759,1177.1859,176,-619,-2165,341,39,56,-60,-550,0
238630.5787,1177.1887,313,-464,-1214,312,21,53,-69,-547,0
238630.5821,1177.1921,-201,-742,-2743,304,5,60,-93,-546,0
238630.5853,1177.1953,-24,-755,-2478,319,16,47,-84,-515,0
238630.588,1177.198,-210,-779,-1632,344,23,62,-78,-471,0
238630.5905,1177.2005,-463,-723,-2332,338,30,33,-70,-440,0
238630.5934,1177.2034,-265,-679,-713,312,59,24,-97,-420,0
238630.5958,1177.2058,-541,-743,-2397,281,28,4,-76,-416,0
238630.5989,1177.2089,-511,-658,-2430,305,13,4,-55,-410,0
238630.6023,1177.2122,-355,-557,-1526,306,22,-34,-66,-363,0
238630.6047,1177.2146,-340,-458,-2153,292,30,-18,-97,-339,0
238630.607,1177.217,-216,-596,-1349,292,25,-38,-107,-319,0
238630.6201,1177.2301,-363,-690,-1952,298,-14,-29,-107,-263,0
238630.6241,1177.2341,-268,-778,-1369,275,-22,-32,-112,-214,0
238630.628,1177.238,-463,-683,-2252,259,-1,-25,-109,-183,0
238630.6532,1177.2632,-264,-587,-2337,205,9,-26,-118,-150,0
238630.6563,1177.2663,-107,-569,-2037,187,-10,-24,-112,-134,0
238630.659,1177.2689,-115,-552,-2617,207,-18,-20,-105,-146,0
238630.6772,1177.2872,-119,-584,-2640,210,-25,-17,-121,-144,0
238630.6853,1177.2953,-161,-552,-1862,183,-21,-3,-128,-146,0
238630.6917,1177.3016,-297,-518,-1736,166,-1,1,-128,-144,0
238630.6935,1177.3035,-154,-595,-2279,194,-10,16,-134,-131,0
238630.6973,1177.3073,11,-792,-3005,192,-9,7,-194,-119,0
238630.7009,1177.3109,157,-621,-2552,194,-10,33,-210,-125,0
238630.7247,1177.3346,424,-495,-2384,213,-1,53,-216,-136,0
238630.7292,1177.3392,601,-464,-1057,237,15,43,-249,-151,0
238630.7334,1177.3434,230,-703,-1684,226,45,-4,-255,-182,0
238630.7444,1177.3544,-2,-656,-2243,238,29,-4,-235,-162,0
238630.7472,1177.3572,-73,-771,-2078,221,38,-24,-215,-134,0
238630.7497,1177.3597,146,-586,-2253,234,32,-28,-213,-145,0
238630.7631,1177.3731,326,-440,-833,260,44,-54,-181,-194,0
238630.7657,1177.3756,338,-549,-979,251,30,-88,-184,-241,0
238630.7711,1177.3811,83,-610,-1632,277,50,-105,-195,-280,0
238630.8125,1177.4225,100,-390,-1553,312,75,-78,-159,-285,0
238630.8167,1177.4267,14,-217,-979,286,134,-27,-163,-300,0
238630.8194,1177.4293,186,-195,-552,252,147,-17,-170,-332,0
238630.8222,1177.4322,337,-207,-1279,232,113,-21,-189,-346,0
238630.8248,1177.4348,413,-258,-1472,232,89,9,-169,-396,0
238630.8272,1177.4371,454,-185,-978,231,85,39,-144,-392,0
238630.8574,1177.4674,562,-250,-1321,209,57,27,-145,-397,0
238630.8598,1177.4698,1103,-112,-972,209,42,3,-191,-397,0
238630.8647,1177.4747,930,-192,-240,239,45,-17,-204,-353,0
238630.8726,1177.4826,554,-174,-1300,255,61,-5,-196,-332,0
238630.8751,1177.485,247,-412,-754,291,65,3,-184,-320,0
238630.879,1177.489,206,-418,-371,308,80,32,-186,-308,0
238630.9535,1177.5635,-45,-706,-1854,295,94,32,-186,-256,0
238630.9588,1177.5688,247,-559,-1302,355,130,36,-196,-258,0
238630.965,1177.575,-9,-634,-2740,369,153,57,-216,-231,0
238630.974,1177.584,227,-160,-2838,355,136,66,-192,-206,0
238630.9789,1177.5889,100,-173,-3335,316,135,77,-174,-181,0
238630.9831,1177.5931,325,-250,-1934,275,105,85,-166,-192,0
238630.9876,1177.5976,100,-491,-659,196,82,61,-169,-122,0
238630.9906,1177.6006,-482,-647,-3197,188,65,18,-151,-67,0
238630.9937,1177.6037,-85,-566,-1470,147,90,28,-146,-93,0
238630.998,1177.608,312,-527,3602,149,87,6,-115,-5,0
238631.0029,1177.6128,-585,-744,-1709,146,56,1,-126,6,0
238631.006,1177.616,217,-554,289,143,77,17,-103,-27,0
238631.0109,1177.6209,-136,-661,-392,124,74,2,-117,13,0
238631.0146,1177.6246,-261,-818,-1933,152,68,-13,-116,12,0
238631.0207,1177.6307,-68,-681,325,182,90,-35,-114,10,0
238631.0252,1177.6352,-394,-741,-1495,207,87,-48,-142,-7,0
238631.0282,1177.6381,-20,-542,22,243,79,-46,-129,-38,0
238631.0322,1177.6422,-186,-631,-908,285,82,-58,-130,-14,0
238631.0352,1177.6452,-86,-508,-1261,316,78,-46,-129,31,0
238631.0376,1177.6476,220,-307,-42,298,84,-45,-88,76,0
238631.04,1177.65,376,-279,-695,275,78,-21,-67,97,0
238631.0473,1177.6573,407,-207,-206,262,86,-7,-80,93,0
238631.0582,1177.6682,273,-305,-910,221,46,-20,-91,92,0
238631.0608,1177.6708,260,-210,-1298,202,40,-31,-87,77,0
238631.0758,1177.6857,502,-6,-731,179,42,6,-88,60,0
238631.0782,1177.6882,238,27,-875,201,27,6,-79,24,0
238631.0813,1177.6912,230,163,-982,198,49,-17,-61,8,0
238631.1015,1177.7114,-14,129,-1127,220,59,-40,-52,-9,0
238631.1041,1177.7141,28,23,-1600,239,30,-47,-61,29,0
238631.107,1177.7169,-81,-55,-1375,240,66,-29,-83,56,0
238631.1433,1177.7532,156,68,-924,247,105,-21,-117,73,0
238631.158,1177.768,401,121,-182,241,120,-30,-110,92,0
238631.1701,1177.7801,277,71,-336,228,125,-27,-75,121,0
238631.184,1177.794,172,187,-293,188,99,-23,-71,111,0
238631.1977,1177.8077,45,111,183,183,85,-21,-67,130,0
238631.2095,1177.8195,79,97,251,149,81,-18,-47,133,0
238631.2277,1177.8377,72,-48,159,157,60,-36,-30,125,0
238631.238,1177.848,229,-79,-232,155,40,-53,-27,45,0
238631.2503,1177.8603,235,-165,-774,163,2,-58,-5,3,0
238631.2633,1177.8733,56,-155,-949,186,-18,-46,5,-8,0
238631.276,1177.886,245,-170,-803,192,-5,-62,-13,1,0
238631.2884,1177.8984,359,-147,-358,200,35,-81,-29,11,0
238631.3006,1177.9106,246,-152,-949,200,28,-88,-50,26,0
238631.3038,1177.9138,224,-179,-770,202,10,-80,-73,-2,0
238631.309,1177.919,140,-360,-815,207,-11,-70,-67,-57,0
238631.3168,1177.9267,10,-305,-216,202,0,-75,-98,-123,0
238631.3241,1177.9341,117,-127,191,219,7,-90,-62,-177,0
238631.3265,1177.9365,29,-266,-472,232,17,-89,-27,-168,0
238631.3332,1177.9432,217,-475,-933,228,18,-107,-30,-149,0
238631.3394,1177.9494,460,-392,-966,262,21,-92,-25,-134,0
238631.3505,1177.9605,531,-472,-1393,268,75,-86,-34,-124,0
238631.3645,1177.9744,570,-427,-1184,199,99,-72,-53,-121,0
238631.3718,1177.9818,556,-483,-1762,188,96,-56,-63,-107,0
238631.3833,1177.9933,432,-440,-1511,196,83,-77,-31,-107,0
238631.3943,1178.0043,389,-402,-1211,165,122,-111,-54,-115,0
238631.4007,1178.0107,388,-368,-1202,155,81,-119,-57,-106,0
238631.403,1178.013,217,-400,-3,157,28,-139,-67,-67,0
238631.4099,1178.0199,228,-575,-300,143,7,-157,-52,-60,0
238631.4408,1178.0507,376,-481,-71,130,14,-136,-29,-11,0
238631.4773,1178.0872,279,-516,437,119,23,-123,-31,45,0
238631.4882,1178.0982,315,-623,472,79,12,-134,-43,89,0
238631.4953,1178.1053,229,-757,640,70,12,-133,-64,67,0
238631.5024,1178.1124,90,-815,-87,58,5,-116,-65,84,0
238631.5078,1178.1178,-28,-918,-56,68,14,-95,-71,125,0
238631.5131,1178.1231,-246,-1063,291,65,6,-138,-65,196,0
238631.5205,1178.1305,-74,-943,916,53,-8,-154,-120,235,0
238631.5273,1178.1373,-33,-835,901,37,17,-155,-128,285,0
238631.5299,1178.1399,-121,-867,146,4,14,-145,-110,283,0
238631.5319,1178.1419,-122,-797,309,-17,-5,-164,-107,270,0
238631.5351,1178.145,-216,-690,62,-26,18,-170,-116,217,0
238631.5374,1178.1473,-218,-717,-124,-12,63,-183,-127,168,0
238631.5397,1178.1497,-168,-758,81,-22,80,-146,-128,118,0
238631.5422,1178.1522,-117,-668,-836,-19,56,-178,-148,125,0
238631.5444,1178.1544,-37,-608,-720,-8,33,-163,-167,140,0
238631.5519,1178.1619,-93,-752,-573,-5,14,-178,-182,159,0
238631.555,1178.165,-126,-828,-344,6,4,-209,-162,164,0
238631.5573,1178.1673,-153,-829,-312,26,-36,-227,-143,153,0
238631.5597,1178.1697,-121,-789,129,9,-43,-238,-142,158,0
238631.5628,1178.1728,-221,-632,723,-1,-34,-224,-165,193,0
238631.5654,1178.1754,-301,-670,876,-31,-6,-179,-137,187,0
238631.5681,1178.1781,-331,-809,1475,-54,3,-150,-162,159,0
238631.5719,1178.1818,-197,-825,1697,-83,17,-147,-193,204,0
238631.5744,1178.1844,-227,-780,1032,-113,33,-145,-211,218,0
238631.5772,1178.1872,-83,-670,788,-119,69,-140,-219,238,0
238631.58,1178.19,-25,-545,722,-109,56,-134,-211,211,0
238631.5823,1178.1923,125,-499,1071,-115,51,-106,-154,190,0
238631.5846,1178.1945,181,-531,954,-149,46,-115,-112,153,0
238631.5892,1178.1992,60,-619,358,-124,51,-120,-95,93,0
238631.5946,1178.2046,155,-642,718,-139,44,-62,-75,89,0
238631.5973,1178.2073,300,-432,872,-129,61,-16,-96,122,0
238631.6593,1178.2693,292,-261,1204,-171,60,-4,-102,139,0
238631.6665,1178.2765,43,-504,1224,-211,45,-5,-116,118,0
238631.7103,1178.3203,-124,-634,603,-223,44,-16,-122,102,0
238631.7159,1178.3259,-200,-567,-68,-200,9,-7,-108,45,0
238631.7205,1178.3305,-116,-480,-112,-226,9,-14,-99,22,0
238631.7233,1178.3333,-21,-547,532,-259,-29,-29,-112,-9,0
238631.7263,1178.3363,95,-523,1237,-237,-50,-14,-113,-29,0
238631.7286,1178.3386,94,-515,859,-201,-68,-11,-83,2,0
238631.7311,1178.3411,213,-518,871,-183,-73,-16,-64,44,0
238631.7352,1178.3452,210,-639,1207,-171,-73,-37,-79,36,0
238631.7396,1178.3495,114,-661,1625,-153,-69,-73,-81,40,0
238631.7418,1178.3518,26,-662,1343,-141,-84,-63,-77,80,0
238631.7445,1178.3545,-104,-631,787,-133,-55,-35,-30,80,0
238631.7469,1178.3569,-72,-424,495,-130,-20,-42,-5,66,0
238631.7541,1178.3641,-31,-394,56,-128,-17,-40,4,86,0
238631.7569,1178.3669,-54,-448,305,-136,-18,-46,15,111,0
238631.7593,1178.3693,-21,-477,578,-134,-6,-69,14,137,0
238631.7616,1178.3715,216,-402,702,-133,-11,-82,26,164,0
238631.7643,1178.3743,302,-446,629,-86,2,-67,60,180,0
238631.7705,1178.3805,343,-381,1132,-91,31,-59,93,188,0
238631.7737,1178.3837,454,-303,1659,-118,38,-55,106,206,0
238631.7925,1178.4025,528,-245,2543,-125,46,-29,122,233,0
238631.8013,1178.4113,333,-215,2493,-110,29,-43,137,246,0
238631.8137,1178.4237,299,-64,2799,-129,33,-35,162,267,0
238631.8242,1178.4342,255,-177,2465,-125,52,-33,190,232,0
238631.834,1178.444,349,-154,2832,-118,56,-8,223,188,0
238631.848,1178.458,447,-86,2659,-115,31,6,232,148,0
238631.863,1178.473,367,-177,2087,-102,56,28,210,117,0
238631.8815,1178.4915,350,-220,1930,-69,53,12,171,142,0
238631.8941,1178.5041,369,-64,1773,-50,42,28,157,118,0
238631.9139,1178.5238,425,40,1901,-40,33,27,152,92,0
238631.9259,1178.5359,453,-15,2162,-59,67,24,146,83,0
238631.9333,1178.5433,651,278,1758,-88,71,57,79,71,0
238631.9428,1178.5528,642,228,2134,-82,49,65,70,43,0
238631.9496,1178.5596,403,-52,1557,-46,50,64,93,14,0
238631.9572,1178.5671,440,26,2134,-13,46,55,84,-11,0
238631.9639,1178.5739,370,99,2153,-11,61,52,76,-4,0
238631.9895,1178.5995,298,69,2030,-7,50,101,75,-3,0
238631.9951,1178.605,372,12,2030,-24,68,113,86,-3,0
238632.0053,1178.6153,509,30,1967,-9,52,108,66,-3,0
238632.0127,1178.6227,480,3,2099,-10,73,104,74,-10,0
238632.0198,1178.6298,432,-7,1880,-13,102,107,59,-17,0
238632.0267,1178.6367,443,-252,1487,13,76,98,48,38,0
238632.0345,1178.6445,322,-400,1775,24,66,117,43,39,0
238632.0398,1178.6497,172,-437,1611,10,37,128,52,15,0
238632.0469,1178.6569,134,-460,1623,20,46,121,50,32,0
238632.0527,1178.6627,200,-487,2185,41,23,107,72,53,0
238632.057,1178.667,-107,-639,816,38,26,68,81,35,0
238632.0611,1178.6711,189,-470,1307,47,47,79,37,61,0
238632.0654,1178.6753,187,-395,2157,28,61,120,50,90,0
238632.0679,1178.6779,128,-406,2262,-2,55,120,112,137,0
238632.0733,1178.6833,198,-310,2214,12,37,104,154,177,0
238632.0796,1178.6896,238,-408,2351,-9,40,95,151,180,0
238632.0812,1178.6912,153,-524,1797,-6,21,65,143,229,0
238632.084,1178.694,134,-383,1724,-17,4,30,128,301,0
238632.0873,1178.6972,368,-272,2210,-56,-29,38,132,330,0
238632.09,1178.7,333,-225,2298,-113,-54,58,119,303,0
238632.0945,1178.7045,121,-309,2062,-145,-74,47,114,289,0
238632.0971,1178.7071,76,-400,1790,-137,-71,20,112,283,0
238632.0997,1178.7097,191,-338,1620,-118,-50,-37,110,296,0
238632.1026,1178.7126,137,-370,1784,-107,-52,-14,93,317,0
238632.1053,1178.7153,46,-362,2072,-102,-75,-11,107,298,0
238632.1088,1178.7188,-57,-404,1275,-89,-75,3,121,278,0
238632.1111,1178.7211,-71,-308,1462,-95,-107,13,114,292,0
238632.1136,1178.7236,-47,-232,1642,-83,-130,12,100,283,0
238632.1162,1178.7261,-184,-312,946,-80,-147,10,89,288,0
238632.1449,1178.7548,-197,-373,802,-68,-143,11,88,303,0
238632.1476,1178.7576,-242,-384,926,-67,-141,53,109,328,0
238632.1502,1178.7602,-163,-279,1004,-50,-153,37,132,290,0
238632.1539,1178.7639,-273,-192,700,-24,-176,22,125,290,0
238632.1564,1178.7664,-21,-66,1050,-18,-177,-19,135,301,0
238632.1589,1178.7689,-113,-43,1738,-22,-162,-30,183,348,0
238632.1767,1178.7867,-111,-59,1567,2,-116,-46,214,390,0
238632.1882,1178.7982,84,-114,1785,-6,-126,-55,225,435,0
238632.1911,1178.8011,258,-15,1897,-46,-137,-71,207,436,0
238632.2024,1178.8124,417,52,1816,-73,-118,-96,205,415,0
238632.2049,1178.8149,497,64,1942,-95,-97,-83,203,442,0
238632.2075,1178.8174,485,-88,1277,-124,-112,-71,228,433,0
238632.2324,1178.8423,461,-28,860,-107,-82,-69,249,397,0
238632.2348,1178.8448,478,8,1126,-155,-57,-78,264,390,0
238632.2373,1178.8473,359,53,1466,-180,-31,-74,277,388,0
238632.2796,1178.8896,281,39,1956,-209,6,-73,278,359,0
238632.2822,1178.8922,168,60,2027,-217,-15,-72,286,392,0
238632.2847,1178.8947,40,-76,2039,-235,17,-71,277,392,0
238632.2877,1178.8977,50,-183,1852,-231,44,-63,278,374,0
238632.2911,1178.9011,117,-47,1716,-236,54,-30,280,336,0
238632.2936,1178.9036,246,90,1807,-213,60,2,334,282,0
238632.309,1178.919,198,54,1443,-174,82,10,360,267,0
238632.3172,1178.9272,171,-101,1431,-155,90,-13,369,262,0
238632.3291,1178.9391,255,-76,1623,-165,110,-9,349,224,0
238632.3433,1178.9533,251,-179,1431,-118,91,8,341,181,0
238632.3486,1178.9586,387,-213,1457,-80,77,14,351,174,0
238632.3553,1178.9653,325,-183,734,-74,39,7,359,170,0
238632.3636,1178.9736,251,-250,539,-87,25,5,308,151,0
238632.3681,1178.9781,163,-15,933,-74,2,-13,269,101,0
238632.3708,1178.9808,101,130,841,-79,6,12,268,51,0
238632.3881,1178.9981,194,144,769,-74,19,11,239,-14,0
238632.3909,1179.0008,204,6,86,-39,36,22,218,-48,0
238632.395,1179.0049,353,-35,-119,9,52,10,200,-64,0
238632.4188,1179.0288,494,-84,-229,50,53,29,200,-108,0
238632.4221,1179.0321,385,-68,-420,88,63,-5,149,-196,0
238632.4247,1179.0347,352,-199,-1044,82,52,-8,121,-257,0
238632.4666,1179.0766,445,-253,-1707,53,44,10,115,-341,0
238632.4691,1179.0791,390,-279,-2116,70,60,18,104,-406,0
238632.4716,1179.0816,544,-283,-1658,97,53,13,76,-470,0
238632.4745,1179.0845,527,-143,-1862,115,55,43,48,-550,0
238632.4781,1179.0881,252,-102,-2022,170,49,75,14,-604,0
238632.4797,1179.0897,43,-126,-1996,197,47,73,-5,-610,0
238632.4894,1179.0994,81,-209,-1529,213,72,64,-22,-649,0
238632.4922,1179.1021,404,-117,-1083,230,74,45,-55,-660,0
238632.495,1179.105,456,-131,-769,261,78,67,-33,-660,0
238632.5042,1179.1142,318,-73,-689,255,35,83,-1,-680,0
238632.5068,1179.1168,209,-111,-1449,272,15,65,-22,-725,0
238632.5094,1179.1194,231,6,-1655,256,30,41,-59,-711,0
238632.5145,1179.1244,219,-42,-1372,244,67,38,-111,-680,0
238632.5168,1179.1267,423,57,-869,239,94,43,-131,-664,0
238632.5205,1179.1304,365,-48,-701,233,78,32,-138,-679,0
238632.5416,1179.1516,211,-196,-943,233,50,55,-116,-622,0
238632.5443,1179.1543,242,-192,-459,224,12,72,-113,-590,0
238632.5469,1179.1569,156,-230,-320,223,10,71,-97,-535,0
238632.5634,1179.1733,84,-86,-486,182,15,63,-69,-480,0
238632.5651,1179.1751,-44,-68,-158,177,-2,61,-52,-411,0
238632.5671,1179.1771,-146,-17,-444,136,-14,58,-31,-400,0
238632.5829,1179.1929,-278,-49,-1055,101,5,72,-10,-400,0
238632.5864,1179.1964,-248,-69,-1123,88,28,66,-10,-435,0
238632.5885,1179.1985,-132,-33,-1323,101,23,72,-41,-454,0
238632.6123,1179.2223,-109,-97,-1685,79,21,62,-21,-488,0
238632.6149,1179.2249,-264,-302,-2307,82,25,66,-1,-535,0
238632.6177,1179.2276,-213,-408,-1852,97,18,64,-18,-555,0
238632.6288,1179.2387,-37,-341,-1151,119,18,86,-14,-585,0
238632.6324,1179.2424,31,-392,-800,161,1,71,-25,-648,0
238632.6354,1179.2454,100,-284,-1197,190,-10,68,-30,-692,0
238632.658,1179.2679,-187,-399,-1693,220,-24,86,-33,-728,0
238632.6623,1179.2723,-81,-337,-1294,230,-32,106,-41,-681,0
238632.6667,1179.2767,226,-102,-902,219,-36,78,-25,-614,0
238632.6747,1179.2847,209,-102,-743,199,-44,55,-40,-600,0
238632.6776,1179.2876,103,-298,-840,218,-61,45,-72,-566,0
238632.6813,1179.2913,227,-226,-1311,242,-18,30,-71,-470,0
238632.7182,1179.3282,297,58,-695,256,-5,69,-32,-373,0
238632.7208,1179.3308,101,-22,-53,234,-13,102,-33,-289,0
238632.7241,1179.3341,72,-53,390,223,11,118,3,-175,0
238632.7448,1179.3548,163,-90,465,221,69,101,34,-114,0
238632.7472,1179.3572,130,-109,12,195,88,60,38,-72,0
238632.7579,1179.3678,90,-157,107,179,69,69,34,-25,0
238632.7967,1179.4067,167,-148,421,162,46,93,31,-7,0
238632.8109,1179.4208,266,-160,80,136,59,100,25,-8,0
238632.8226,1179.4325,220,-196,56,138,85,94,15,40,0
238632.8356,1179.4456,189,-29,-326,95,90,72,-11,48,0
238632.8436,1179.4536,250,-134,-174,72,81,73,-15,41,0
238632.8507,1179.4607,178,-186,200,45,65,104,-17,37,0
238632.856,1179.466,307,-124,559,57,36,135,0,78,0
238632.8596,1179.4695,319,-50,797,46,-3,140,19,123,0
238632.8642,1179.4742,252,-59,307,12,-15,168,17,192,0
238632.8681,1179.4781,248,125,593,3,-13,169,24,211,0
238632.8706,1179.4805,259,295,1029,5,0,161,33,186,0
238632.8741,1179.484,8,119,1333,-18,8,167,43,223,0
238632.8769,1179.4869,-31,50,1347,4,30,167,60,268,0
238632.881,1179.491,-113,-35,723,36,25,152,90,286,0
238632.8834,1179.4934,-106,30,540,43,22,196,95,304,0
238632.8864,1179.4964,-1,-3,805,21,85,187,74,290,0
238632.889,1179.4989,-61,13,1587,14,125,125,80,260,0
238632.8916,1179.5016,-122,44,1919,5,146,99,87,277,0
238632.8987,1179.5087,-200,-22,1235,-21,175,96,59,282,0
238632.9012,1179.5112,-376,-182,714,11,192,79,20,254,0
238632.9036,1179.5136,-209,-141,1631,63,165,72,0,248,0
238632.9165,1179.5265,-16,31,2336,49,147,56,-22,216,0
238632.9189,1179.5289,-6,21,2241,22,145,34,-17,104,0
238632.9212,1179.5312,-39,80,1746,60,135,-1,-19,95,0
238632.9445,1179.5545,79,211,1873,54,116,-19,-23,107,0
238632.9469,1179.5568,-6,142,2040,31,100,-12,-26,89,0
238632.9492,1179.5592,-53,128,1962,27,129,1,-34,78,0
238632.9633,1179.5733,25,-38,2038,34,135,17,-47,87,0
238632.9656,1179.5756,-181,-124,1749,20,161,51,-22,61,0
238632.9678,1179.5778,-258,12,1807,27,178,67,10,96,0
238632.9989,1179.6089,-280,-82,2001,35,173,47,31,152,0
238633.0021,1179.612,-281,-92,2067,7,168,52,41,144,0
238633.0047,1179.6147,-249,-41,2223,-11,152,52,57,208,0
238633.037,1179.647,-271,-13,1859,-29,137,54,76,249,0
238633.0403,1179.6503,-307,31,1986,-63,102,45,67,249,0
238633.0548,1179.6648,-363,-15,1810,-54,99,39,44,243,0
238633.0585,1179.6685,-390,-149,1554,-101,71,35,-2,233,0
238633.0622,1179.6721,-185,-72,1149,-127,96,76,1,239,0
238633.0641,1179.6741,-284,-105,632,-110,78,62,33,239,0
238633.1218,1179.7318,-59,-201,405,-82,46,30,58,234,0
238633.1288,1179.7388,105,-142,775,-89,18,-5,22,236,0
238633.1336,1179.7436,211,-12,1243,-91,-7,4,34,244,0
238633.1747,1179.7847,216,-40,567,-69,-41,39,58,263,0
238633.1865,1179.7965,96,-40,155,-38,-47,42,69,281,0
238633.2018,1179.8118,-63,-71,266,-53,-47,40,63,281,0
238633.2156,1179.8255,-147,9,148,-71,-64,22,42,260,0
238633.2242,1179.8342,-193,-16,138,-69,-72,23,67,258,0
238633.2376,1179.8475,-180,25,311,-105,-73,7,61,215,0
238633.2471,1179.8571,-242,29,-67,-124,-98,1,14,194,0
238633.2524,1179.8623,-357,71,-129,-142,-59,7,2,194,0
238633.2573,1179.8673,-246,119,-217,-125,-45,7,13,170,0
238633.2666,1179.8765,-73,177,-98,-95,-51,-18,12,110,0
238633.2716,1179.8815,-16,168,159,-41,-24,-23,13,91,0
238633.2754,1179.8854,62,178,-818,-35,-33,-18,0,84,0
238633.2858,1179.8958,105,159,-935,-53,-63,-17,-16,83,0
238633.2883,1179.8983,154,257,-454,-62,-72,-49,-41,93,0
238633.2907,1179.9007,278,400,-366,-69,-89,-71,-41,71,0
238633.2933,1179.9032,302,362,-624,-68,-107,-88,-46,37,0
238633.2957,1179.9057,190,269,-1273,-47,-154,-121,-33,42,0
238633.2985,1179.9084,98,182,-881,-8,-179,-146,-22,23,0
238633.301,1179.911,199,250,-1014,20,-155,-168,-11,6,0
238633.3033,1179.9133,211,375,-976,22,-158,-180,6,14,0
238633.3057,1179.9157,168,328,-1330,21,-184,-181,0,-19,0
238633.3085,1179.9185,45,59,-1899,50,-167,-131,-15,-61,0
238633.3109,1179.9209,-7,83,-2233,90,-198,-107,-23,-94,0
238633.3138,1179.9238,-205,194,-1627,101,-235,-80,-39,-72,0
238633.3166,1179.9266,-174,122,-2328,109,-237,-65,-64,-105,0
238633.3189,1179.9288,-19,49,-2606,124,-252,-48,-69,-145,0
238633.326,1179.936,141,-11,-3545,148,-256,-17,-62,-186,0
238633.3318,1179.9418,349,-23,-3346,125,-242,-7,-73,-221,0
238633.3343,1179.9443,411,-111,-3855,97,-225,14,-94,-247,0
238633.3462,1179.9562,708,-222,-4031,113,-206,39,-115,-263,0
238633.3492,1179.9592,763,-390,-3328,175,-215,31,-146,-276,0
238633.3517,1179.9617,599,-351,-4160,195,-220,5,-197,-315,0
238633.3547,1179.9647,437,-240,-4232,198,-226,-9,-170,-335,0
238633.3583,1179.9683,220,-353,-4172,169,-225,-18,-161,-367,0
238633.3613,1179.9713,241,-290,-4863,186,-199,-29,-172,-332,0
238633.3641,1179.9741,552,-332,-3934,186,-181,-7,-185,-299,0
238633.379,1179.989,426,-323,-4255,194,-174,12,-167,-262,0
238633.3823,1179.9922,275,-340,-3817,231,-161,16,-162,-236,0
238633.3848,1179.9948,330,-279,-2955,255,-119,17,-117,-204,0
238633.403,1180.013,556,-274,-3532,248,-128,34,-120,-205,0
238633.4054,1180.0154,629,-130,-2191,243,-123,5,-117,-187,0
238633.4086,1180.0186,62,-472,-3550,273,-92,-16,-89,-186,0
238633.4272,1180.0372,100,-543,-3612,276,-109,-4,-97,-151,0
238633.4318,1180.0418,164,-539,-2878,280,-98,33,-80,-93,0
238633.4345,1180.0445,-14,-584,-3468,290,-87,30,-61,-56,0
238633.4621,1180.0721,17,-509,-2836,279,-66,31,-87,-54,0
238633.4664,1180.0764,-73,-618,-3706,295,-76,15,-124,-49,0
238633.4697,1180.0797,39,-473,-3288,283,-101,0,-131,-14,0
238633.4993,1180.1093,-86,-436,-2597,280,-108,-17,-143,17,0
238633.5055,1180.1155,-142,-384,-3195,284,-98,-24,-139,13,0
238633.5079,1180.1179,-94,-389,-1853,311,-98,-20,-139,-8,0
238633.5129,1180.1228,-374,-429,-2611,292,-93,-49,-173,-17,0
238633.5157,1180.1257,-471,-559,-2287,273,-82,-54,-176,-25,0
238633.5183,1180.1283,-500,-538,-1377,251,-43,-39,-148,-31,0
238633.5254,1180.1354,-291,-541,-2193,267,-7,-59,-171,-86,0
238633.5281,1180.1381,-18,-568,-1188,288,4,-78,-151,-83,0
238633.532,1180.142,82,-492,-1912,302,-17,-93,-135,-29,0
238633.5432,1180.1532,115,-690,-1878,282,-34,-103,-133,-13,0
238633.5458,1180.1558,198,-624,-1163,236,-36,-115,-107,-5,0
238633.5489,1180.1588,97,-544,-1731,229,-3,-111,-96,9,0
238633.559,1180.169,104,-508,-943,240,-9,-109,-103,48,0
238633.5625,1180.1725,-58,-608,-1809,223,-11,-122,-102,49,0
238633.579,1180.189,-72,-504,-1247,168,17,-149,-90,77,0
238633.6011,1180.211,-181,-492,-781,172,-2,-153,-80,99,0
238633.6059,1180.2158,65,-468,-1462,165,-41,-144,-94,81,0
238633.6114,1180.2214,97,-411,-975,169,-38,-140,-122,58,0
238633.6158,1180.2258,-150,-457,-1538,170,-49,-121,-102,63,0
238633.6188,1180.2288,-203,-436,-1858,183,-23,-134,-88,76,0
238633.6215,1180.2315,-184,-514,-1739,135,-36,-138,-71,90,0
238633.6537,1180.2637,-198,-431,-2302,74,-43,-130,-111,81,0
238633.6591,1180.2691,-88,-458,-1119,60,-34,-142,-97,89,0
238633.6636,1180.2735,-112,-497,-1254,58,3,-128,-109,141,0
238633.6737,1180.2837,-42,-397,-1278,28,7,-137,-131,151,0
238633.6762,1180.2862,139,-369,-754,24,3,-138,-131,189,0
238633.6786,1180.2886,181,-264,-1200,11,-6,-117,-90,208,0
238633.6895,1180.2995,207,-265,-788,25,32,-93,-69,238,0
238633.6919,1180.3019,-4,-226,-1084,14,42,-88,-73,273,0
238633.6942,1180.3042,26,-269,-1359,23,65,-79,-63,283,0
238633.7175,1180.3275,73,-160,-752,26,77,-78,-40,290,0
238633.7202,1180.3302,49,-200,-1239,-11,60,-87,-47,269,0
238633.7227,1180.3326,0,-227,-666,-47,60,-69,-32,289,0
238633.7414,1180.3514,44,-245,-1346,-51,70,-91,-38,303,0
238633.7439,1180.3539,217,-72,-1087,-53,79,-96,-34,264,0
238633.747,1180.357,307,80,-499,-19,81,-105,-27,200,0
238633.7742,1180.3842,103,-10,-850,-10,66,-111,-21,109,0
238633.777,1180.387,97,-146,-35,10,60,-86,-20,32,0
238633.7794,1180.3894,-159,-263,-779,39,48,-83,-30,-21,0
238633.785,1180.3949,-188,-223,-1455,90,33,-95,-47,-41,0
238633.7873,1180.3973,-179,-107,-795,121,35,-123,-88,-24,0
238633.7895,1180.3995,-218,-225,-1283,125,-18,-121,-85,-20,0
238633.8147,1180.4247,-189,-106,-844,148,-7,-85,-110,-77,0
238633.8193,1180.4292,-202,-69,-1342,154,23,-64,-78,-76,0
238633.8243,1180.4343,-257,-78,-1865,174,25,-40,-62,-46,0
238633.839,1180.4489,-368,-127,-1000,163,16,-27,-52,-15,0
238633.844,1180.454,-311,-74,-844,166,31,-20,-79,26,0
238633.8551,1180.4651,-67,18,-514,163,52,-40,-85,11,0
238633.8999,1180.5099,99,9,-1348,163,75,-50,-80,54,0
238633.9045,1180.5145,97,-59,-916,127,89,-65,-103,119,0
238633.9092,1180.5192,195,-154,-1018,121,67,-69,-110,122,0
238633.9125,1180.5224,499,-143,-1047,144,42,-77,-89,104,0
238633.9149,1180.5249,533,-215,-590,140,-11,-85,-91,79,0
238633.9176,1180.5275,534,-178,-1092,147,-20,-90,-122,17,0
238633.9208,1180.5307,425,-264,-1505,159,-24,-58,-80,8,0
238633.9245,1180.5344,413,-244,-1753,186,-53,-31,-11,65,0
238633.9276,1180.5375,324,-349,-1649,176,-51,-7,-35,40,0
238633.9353,1180.5452,421,-111,-1137,182,-46,-19,-28,37,0
238633.9539,1180.5639,248,-55,-1600,156,-49,-28,-54,10,0
238633.9641,1180.5741,203,-97,-1961,164,-32,-29,-31,7,0
238633.9724,1180.5823,204,-239,-1936,155,-24,-31,5,23,0
238633.9781,1180.5881,71,-423,-2014,164,-30,-25,38,42,0
238633.9834,1180.5933,34,-441,-1172,176,-21,-78,37,40,0
238633.9916,1180.6016,145,-529,-1496,179,-9,-92,27,73,0
238633.9954,1180.6054,206,-606,-698,143,-1,-73,18,118,0
238633.9985,1180.6085,190,-567,-387,91,32,-43,41,110,0
238634.0073,1180.6173,215,-455,-264,81,27,-14,87,121,0
238634.0099,1180.6199,120,-519,-317,68,-1,5,116,113,0
238634.0122,1180.6222,35,-357,-351,58,10,22,112,100,0
238634.022,1180.6319,146,-241,-650,14,2,45,105,118,0
238634.0253,1180.6353,493,-71,-283,-2,-17,60,97,106,0
238634.0277,1180.6377,333,-113,-534,29,-6,35,105,54,0
238634.0378,1180.6478,272,-140,-57,70,-18,78,39,24,0
238634.0411,1180.6511,308,-207,-855,71,-22,74,10,11,0
238634.0475,1180.6575,408,-51,-1389,82,-26,51,-9,-14,0
238634.0835,1180.6935,165,77,-808,102,-17,56,-47,-22,0
238634.0861,1180.6961,144,244,-352,112,-8,54,-80,-66,0
238634.0886,1180.6985,270,372,-1018,123,3,53,-65,-129,0
238634.0914,1180.7014,163,453,-1860,121,0,64,-65,-168,0
238634.095,1180.705,147,295,-1829,167,15,76,-50,-180,0
238634.0984,1180.7083,144,263,-1318,174,30,53,-36,-234,0
238634.1153,1180.7253,-82,290,-880,174,17,39,-56,-281,0
238634.1175,1180.7275,-235,221,-1146,167,10,24,-89,-278,0
238634.1198,1180.7298,-367,215,-438,182,2,37,-96,-276,0
238634.1493,1180.7593,-532,125,-307,208,26,54,-119,-296,0
238634.1524,1180.7624,-443,101,-489,197,51,40,-114,-313,0
238634.1556,1180.7656,-290,190,419,200,62,3,-120,-341,0
238634.1664,1180.7764,-467,90,-2,185,119,-13,-139,-329,0
238634.1703,1180.7803,-367,172,787,153,149,19,-109,-339,0
238634.1737,1180.7837,-382,191,697,130,153,18,-87,-319,0
238634.2007,1180.8107,-523,-11,282,115,128,-14,-91,-302,0
238634.2039,1180.8139,-577,8,1127,106,122,-10,-88,-267,0
238634.2072,1180.8172,-542,-11,-146,90,87,-35,-96,-257,0
238634.2281,1180.838,-243,120,-93,89,47,-39,-116,-238,0
238634.2333,1180.8433,-140,94,-26,107,21,-37,-147,-246,0
238634.2391,1180.8491,-260,61,-77,118,24,-11,-149,-256,0
238634.2527,1180.8627,-125,14,476,134,34,30,-154,-231,0
238634.2563,1180.8663,-217,44,-304,133,23,55,-187,-189,0
238634.261,1180.8709,-51,-109,-249,85,39,38,-208,-145,0
238634.2652,1180.8751,-153,-203,-414,86,73,12,-192,-134,0
238634.2675,1180.8775,-275,-298,-147,95,83,-8,-249,-144,0
238634.2697,1180.8797,-429,-312,932,64,85,3,-230,-129,0
238634.2923,1180.9023,-399,-367,446,73,78,-3,-188,-59,0
238634.297,1180.907,-202,-185,679,68,87,-10,-150,-14,0
238634.3004,1180.9104,-96,-139,699,30,107,-28,-128,66,0
238634.3283,1180.9383,-142,-174,647,4,100,-9,-147,102,0
238634.331,1180.941,28,7,1590,9,81,7,-141,117,0
238634.3337,1180.9436,-5,-5,434,6,54,7,-97,101,0
238634.3559,1180.9659,30,16,-165,37,69,9,-115,98,0
238634.359,1180.969,9,90,472,3,84,2,-122,91,0
238634.3629,1180.9729,203,164,583,-34,123,-15,-125,116,0
238634.3678,1180.9777,135,-10,682,-46,113,-6,-127,133,0
238634.3714,1180.9814,38,-88,491,-56,119,42,-166,160,0
238634.3772,1180.9872,-70,-178,1035,-33,107,48,-169,158,0
238634.3817,1180.9917,-124,-180,923,-24,85,-6,-167,141,0
238634.3849,1180.9948,108,-223,954,-22,85,-31,-148,183,0
238634.3927,1181.0027,77,-272,1030,3,84,-66,-165,233,0
238634.4128,1181.0227,145,-76,853,13,106,-68,-185,268,0
238634.4178,1181.0278,179,18,886,-2,110,-54,-128,298,0
238634.4394,1181.0494,259,36,800,-30,99,-38,-99,315,0
238634.4445,1181.0545,213,63,1012,-53,109,-28,-70,318,0
238634.4472,1181.0572,220,90,1393,-25,123,-48,-24,330,0
238634.4497,1181.0597,343,-25,1137,10,115,-73,-18,383,0
238634.4609,1181.0709,197,-85,860,-2,132,-60,-13,392,0
238634.4634,1181.0734,271,-159,830,4,141,-35,5,387,0
238634.4657,1181.0757,146,-260,1212,-26,135,-56,2,337,0
238634.4809,1181.0909,355,-61,835,-47,139,-40,-30,319,0
238634.4833,1181.0933,263,-67,1322,-45,123,-20,-17,293,0
238634.4857,1181.0957,385,-101,1037,-25,68,-30,-1,293,0
238634.5026,1181.1126,138,-229,771,0,46,-46,-9,311,0
238634.5049,1181.1149,88,-72,982,11,18,-85,-29,295,0
238634.5072,1181.1172,42,-57,1311,-23,19,-103,-24,279,0
238634.5298,1181.1397,-26,-197,563,-48,28,-85,-22,237,0
238634.5322,1181.1421,80,-123,242,-34,48,-63,-45,172,0
238634.5349,1181.1449,177,-15,201,-1,53,-63,-28,108,0
238634.5529,1181.1629,471,34,323,34,57,-46,-31,94,0
238634.5565,1181.1665,235,-47,-109,26,90,-39,-49,73,0
238634.5605,1181.1705,92,-146,-528,3,114,-50,-21,53,0
238634.586,1181.196,210,-103,-495,5,123,-58,5,-5,0
238634.5974,1181.2073,233,-136,-485,0,104,-41,11,-54,0
238634.61,1181.2199,70,6,-250,1,106,-23,14,-88,0
238634.6353,1181.2453,-47,-192,-1100,-16,95,-13,-23,-136,0
238634.648,1181.258,255,-138,-1177,-15,106,-21,-21,-177,0
238634.6586,1181.2686,236,-153,-1530,-26,113,-61,-2,-214,0
238634.6649,1181.2749,348,-101,-1331,6,121,-54,-14,-228,0
238634.6697,1181.2797,366,-157,-539,61,100,-54,-67,-251,0
238634.673,1181.283,499,61,184,80,75,-61,-91,-275,0
238634.6767,1181.2867,26,-128,-411,45,55,-52,-76,-274,0
238634.6812,1181.2912,-114,-236,-1246,35,69,-26,-62,-256,0
238634.6861,1181.2961,-101,-150,-934,74,60,-17,-16,-243,0
238634.6903,1181.3003,104,-90,-668,85,61,11,2,-266,0
238634.6942,1181.3042,64,-178,-122,120,17,38,2,-259,0
238634.7049,1181.3149,51,-164,-97,132,0,38,-26,-229,0
238634.7193,1181.3293,131,-78,-505,133,21,31,-21,-172,0
238634.7223,1181.3323,222,80,-208,146,37,4,-53,-133,0
238634.7436,1181.3535,95,111,150,138,41,-7,-64,-104,0
238634.7491,1181.359,69,71,268,106,19,15,-61,-90,0
238634.7546,1181.3646,250,212,209,111,52,10,-44,-79,0
238634.7582,1181.3682,385,282,-387,117,81,-6,-28,-51,0
238634.7619,1181.3719,76,106,-725,139,86,-19,-20,-33,0
238634.7644,1181.3744,81,107,-436,166,88,-39,0,-16,0
238634.7668,1181.3768,-1,333,-4,148,114,-49,-10,-5,0
238634.7695,1181.3794,-356,199,-806,130,141,-54,-12,16,0
238634.7718,1181.3818,-416,217,-691,136,146,-66,6,50,0
238634.7741,1181.3841,-127,491,340,128,155,-56,17,92,0
238634.7919,1181.4019,-198,532,93,92,197,-21,5,102,0
238634.7953,1181.4053,-215,526,393,89,181,-35,3,74,0
238634.7974,1181.4074,-196,443,-136,91,136,-54,14,96,0
238634.8131,1181.4231,-219,488,-2,58,120,-79,24,69,0
238634.8234,1181.4334,-196,470,757,20,157,-106,21,43,0
238634.8279,1181.4379,-25,477,268,7,148,-121,58,6,0
238634.8526,1181.4626,85,452,225,-12,137,-96,29,40,0
238634.8548,1181.4648,-127,257,-1141,-19,142,-96,8,39,0
238634.8575,1181.4675,-170,279,-414,-22,168,-74,3,11,0
238634.8683,1181.4783,-105,293,-2,-29,148,-83,-6,-8,0
238634.8706,1181.4805,-204,77,-287,-66,121,-77,-22,-5,0
238634.8744,1181.4844,-321,100,469,-98,67,-94,16,15,0
238634.9005,1181.5104,-189,-136,-670,-99,89,-83,8,61,0
238634.9048,1181.5148,-386,-380,-826,-89,119,-54,25,76,0
238634.9077,1181.5177,-443,-370,-349,-100,89,-35,48,154,0
238634.9113,1181.5213,-306,-146,-382,-123,47,-68,33,179,0
238634.9146,1181.5245,-294,-153,14,-77,54,-74,33,200,0
238634.9208,1181.5307,-665,-193,-507,-74,46,-82,54,233,0
238634.9803,1181.5902,-520,-371,126,-95,36,-66,57,278,0
238634.9895,1181.5995,-320,-188,589,-125,46,-51,104,328,0
238634.9956,1181.6055,-437,-178,-83,-129,43,-52,115,335,0
238635.028,1181.638,-321,-78,378,-132,71,-40,140,373,0
238635.0342,1181.6442,-429,-132,-288,-123,46,-71,160,419,0
238635.0378,1181.6478,-553,-115,424,-155,34,-84,143,447,0
238635.041,1181.651,-626,-329,973,-127,23,-112,90,429,0
238635.0535,1181.6635,-541,-289,872,-105,24,-99,79,424,0
238635.0577,1181.6677,-318,-166,1029,-129,36,-71,80,440,0
238635.0631,1181.6731,-419,-74,412,-169,38,-57,68,429,0
238635.0668,1181.6768,-511,-93,510,-166,47,-72,58,401,0
238635.0699,1181.6798,-679,-252,821,-160,24,-84,78,371,0
238635.0728,1181.6828,-487,-298,1435,-141,26,-60,116,368,0
238635.0753,1181.6853,-606,-332,1679,-96,59,-79,119,345,0
238635.0779,1181.6878,-726,-323,1268,-82,34,-88,102,330,0
238635.0807,1181.6907,-523,-354,934,-42,9,-83,106,313,0
238635.0832,1181.6932,-258,-374,1523,-16,45,-84,114,303,0
238635.0857,1181.6957,-153,-365,1697,-15,59,-116,117,287,0
238635.09,1181.7,-248,-405,1022,10,64,-142,108,271,0
238635.0937,1181.7037,-257,-507,845,2,89,-144,108,274,0
238635.0962,1181.7062,-218,-445,1069,-13,77,-110,84,282,0
238635.102,1181.712,-127,-187,1432,6,99,-106,96,266,0
238635.1047,1181.7147,-458,-227,1345,-17,101,-80,96,225,0
238635.1075,1181.7175,-399,-170,1308,-29,69,-33,98,189,0
238635.1295,1181.7395,-350,-233,639,-13,70,-27,114,177,0
238635.1339,1181.7439,-271,-264,707,12,68,-38,102,240,0
238635.1367,1181.7467,-160,-278,1489,3,51,-24,87,332,0
238635.1541,1181.7641,-130,-184,1494,-15,89,-14,86,373,0
238635.1565,1181.7664,-201,-123,1417,-29,114,0,122,394,0
238635.1589,1181.7689,-184,-19,1375,-50,145,10,96,439,0
238635.182,1181.7919,-223,39,1076,-55,165,21,59,461,0
238635.1855,1181.7955,67,95,1434,-63,157,44,40,448,0
238635.1881,1181.7981,157,23,1462,-62,123,58,52,452,0
238635.1997,1181.8097,210,272,902,-65,99,90,48,458,0
238635.203,1181.813,121,253,789,-99,43,71,24,484,0
238635.2054,1181.8154,83,238,1025,-151,55,58,41,456,0
238635.236,1181.8459,154,70,1214,-174,75,25,59,425,0
238635.2383,1181.8482,152,-25,1016,-176,47,34,54,403,0
238635.2405,1181.8505,91,-183,818,-157,34,47,71,363,0
238635.2568,1181.8668,-108,-260,493,-123,40,19,86,347,0
238635.2655,1181.8755,-228,-349,349,-107,56,16,113,381,0
238635.2738,1181.8837,-204,-351,947,-112,49,7,144,420,0
238635.2874,1181.8974,91,-175,1107,-128,58,-6,172,425,0
238635.311,1181.921,177,-340,889,-147,60,-11,184,367,0
238635.3179,1181.9278,-64,-401,436,-158,43,-26,144,324,0
238635.3278,1181.9378,-72,-306,431,-136,57,-41,151,299,0
238635.3359,1181.9459,-10,-117,550,-111,86,-51,162,288,0
238635.3433,1181.9533,-23,-101,-26,-110,96,-35,156,230,0
238635.3505,1181.9605,-77,-124,-67,-106,94,-87,124,200,0
238635.3561,1181.9661,73,-116,-482,-93,94,-88,136,162,0
238635.3603,1181.9703,-74,-211,-525,-98,85,-64,115,206,0
238635.3721,1181.982,-239,-191,-232,-69,93,-56,82,207,0
238635.3755,1181.9854,-113,-160,38,-35,84,-30,46,181,0
238635.3799,1181.9899,-26,-126,-368,-22,121,3,36,145,0
238635.383,1181.993,-129,-205,-768,-7,159,27,38,142,0
238635.3873,1181.9973,-113,-196,-606,19,133,3,38,100,0
238635.3899,1181.9999,-89,-38,11,44,126,-20,58,109,0
238635.4071,1182.0171,131,89,258,35,116,-36,96,138,0
238635.4094,1182.0194,-13,-38,-182,31,100,-36,94,98,0
238635.4122,1182.0222,-147,-92,-712,61,107,-17,80,57,0
238635.4339,1182.0439,35,-72,-922,81,128,-10,65,31,0
238635.4378,1182.0477,257,126,-855,73,139,3,48,27,0
238635.441,1182.051,148,191,-885,84,135,-3,41,29,0
238635.4452,1182.0552,118,44,-1151,70,143,3,46,64,0
238635.4505,1182.0604,148,17,-624,98,129,-19,55,69,0
238635.4529,1182.0629,190,63,-629,104,129,-16,80,76,0
238635.4766,1182.0866,157,-61,-372,62,107,1,101,86,0
238635.4791,1182.0891,99,-222,182,30,110,19,128,74,0
238635.4817,1182.0916,-14,-322,-2,24,106,6,122,65,0
238635.4907,1182.1007,-163,-349,527,10,125,0,126,56,0
238635.4939,1182.1039,-173,-370,898,9,107,6,126,55,0
238635.4962,1182.1062,-24,-446,690,11,46,-10,118,40,0
238635.5218,1182.1317,-164,-497,73,9,35,-9,121,61,0
238635.5227,1182.1327,-322,-472,-669,42,12,-26,128,62,0
238635.5235,1182.1335,-332,-542,-796,23,19,-15,102,12,0
238635.5386,1182.1486,-159,-499,-727,29,14,-37,69,-6,0
238635.5397,1182.1497,-27,-328,-334,27,7,-30,54,-84,0
238635.5408,1182.1508,32,-412,-268,44,1,-10,23,-170,0
238635.5649,1182.1749,-128,-490,-435,41,49,19,35,-183,0
238635.604,1182.214,-111,-507,-788,25,59,38,67,-164,0
238635.6096,1182.2195,111,-471,-1150,-17,58,77,72,-118,0
238635.612,1182.222,284,-295,-759,-50,25,100,88,-70,0
238635.6159,1182.2259,118,-252,-264,-66,37,87,116,-74,0
238635.6215,1182.2315,98,-237,-778,-81,35,81,86,-80,0
238635.6273,1182.2373,189,-244,-1320,-82,40,61,63,-93,0
238635.6334,1182.2434,106,-236,-1330,-60,22,22,57,-77,0
238635.6406,1182.2505,128,-150,-384,-33,44,12,38,-81,0
238635.648,1182.258,209,34,-517,-47,25,47,8,-100,0
238635.6537,1182.2637,388,-86,-656,-43,5,67,45,-118,0
238635.6607,1182.2707,450,-151,-267,2,-7,71,96,-130,0
238635.6684,1182.2784,405,-177,-480,26,2,28,92,-155,0
238635.6782,1182.2882,359,34,89,29,25,-3,68,-217,0
238635.6817,1182.2916,311,125,146,43,25,-3,70,-250,0
238635.6849,1182.2949,349,-85,-578,70,-18,54,70,-253,0
238635.6863,1182.2963,492,-131,-1009,99,-22,64,37,-233,0
238635.689,1182.299,284,-61,-815,121,-25,42,7,-240,0
238635.7332,1182.3431,215,-87,-751,115,-62,41,-24,-257,0
238635.7355,1182.3455,247,-43,-341,107,-75,73,-31,-295,0
238635.7378,1182.3478,157,-52,-869,127,-58,68,-11,-296,0
238635.741,1182.351,226,-50,-252,120,-51,34,-5,-281,0
238635.7434,1182.3534,151,-32,-430,146,-24,-2,23,-312,0
238635.7457,1182.3557,143,-16,-969,171,-17,-28,32,-360,0
238635.7482,1182.3582,175,-153,-1334,210,-23,-30,36,-396,0
238635.7506,1182.3606,303,-122,-1946,199,-32,-36,-15,-363,0
238635.755,1182.365,-63,-203,-2172,207,-25,-9,-38,-404,0
238635.7702,1182.3802,-234,-322,-2311,192,-38,22,-85,-427,0
238635.7734,1182.3834,-134,-355,-2068,189,-94,48,-126,-420,0
238635.7749,1182.3849,-27,-512,-1631,156,-123,69,-125,-396,0
238635.808,1182.418,-199,-680,-2037,147,-141,80,-136,-437,0
238635.8106,1182.4206,-177,-639,-1628,175,-110,104,-136,-494,0
238635.8131,1182.423,-31,-472,-1590,199,-102,84,-138,-501,0
238635.8222,1182.4322,215,-277,-1648,230,-118,59,-121,-522,0
238635.824,1182.434,44,-329,-1560,233,-175,53,-145,-525,0
238635.8341,1182.4441,44,-126,-2359,248,-147,45,-157,-520,0
238635.847,1182.457,-58,-205,-2676,248,-158,34,-163,-512,0
238635.8495,1182.4595,154,-121,-2169,260,-163,81,-129,-514,0
238635.8525,1182.4625,227,-193,-1293,241,-170,112,-122,-519,0
238635.8697,1182.4797,116,-162,-849,226,-121,112,-111,-545,0
238635.8721,1182.4821,-17,-289,-1329,217,-89,126,-46,-542,0
238635.8746,1182.4846,363,15,-1575,201,-77,114,-31,-522,0
238635.9195,1182.5294,132,110,-1221,158,-74,128,6,-503,0
238635.921,1182.531,66,-118,-1207,171,-73,119,55,-458,0
238635.9224,1182.5324,201,-80,-455,183,-61,82,80,-407,0
238635.9259,1182.5359,210,-35,-1412,172,-50,52,72,-358,0
238635.9285,1182.5385,-173,113,-721,180,-16,66,69,-333,0
238635.9332,1182.5431,-284,148,-630,187,-8,40,45,-312,0
238635.9532,1182.5632,-342,334,31,169,-39,55,42,-279,0
238635.9557,1182.5657,-339,435,66,155,-67,76,40,-265,0
238635.959,1182.569,-593,444,-90,133,-75,76,19,-225,0
238635.9805,1182.5905,-563,617,-85,149,-68,57,48,-211,0
238635.9833,1182.5933,-281,856,391,122,-86,49,82,-141,0
238635.9858,1182.5958,-256,992,415,94,-120,66,87,-93,0
238635.9888,1182.5988,-501,890,-479,42,-124,67,79,-62,0
238635.9912,1182.6012,-776,874,-794,5,-149,93,70,-46,0
238635.9926,1182.6026,-876,918,-1355,-18,-129,47,58,-12,0
238636.0082,1182.6181,-802,786,-1186,-10,-101,25,50,46,0
238636.0114,1182.6214,-759,596,280,-23,-100,41,50,103,0
238636.0144,1182.6244,-648,808,-75,-63,-95,102,62,115,0
238636.0665,1182.6765,-794,981,105,-82,-66,85,86,120,0
238636.0706,1182.6806,-881,650,-306,-98,-20,98,106,93,0
238636.0753,1182.6853,-972,236,98,-97,-7,97,89,119,0
238636.0934,1182.7034,-855,255,255,-75,44,52,82,120,0
238636.0968,1182.7067,-831,388,-181,-63,38,18,57,130,0
238636.1006,1182.7106,-855,406,338,-87,56,13,52,117,0
238636.1041,1182.7141,-841,486,398,-87,53,9,23,164,0
238636.1067,1182.7167,-756,386,104,-68,42,-15,23,179,0
238636.1093,1182.7193,-372,441,1029,-73,40,21,24,161,0
238636.1324,1182.7424,-375,321,311,-88,35,35,-3,94,0
238636.1367,1182.7467,-362,281,633,-110,36,34,-17,47,0
238636.1519,1182.7619,-299,311,394,-107,34,30,-30,40,0
238636.1567,1182.7667,-258,191,676,-123,42,31,-87,7,0
238636.1605,1182.7705,-213,-63,997,-164,45,11,-114,-28,0
238636.1654,1182.7754,-108,-78,1082,-174,29,-5,-109,-34,0
238636.1708,1182.7808,-146,63,1285,-167,64,-38,-102,-26,0
238636.1759,1182.7859,-126,139,1180,-140,43,-46,-96,-35,0
238636.1784,1182.7884,-326,-49,1424,-140,37,-52,-105,-48,0
238636.1956,1182.8056,-198,67,1651,-138,32,-74,-105,-52,0
238636.1989,1182.8089,-265,-20,2236,-148,39,-78,-104,-67,0
238636.2018,1182.8118,-421,-70,1759,-149,31,-61,-106,-81,0
238636.2345,1182.8445,-487,-105,1205,-156,19,-30,-114,-33,0
238636.2371,1182.847,-206,54,1428,-141,-34,-55,-110,-37,0
238636.2397,1182.8496,-100,116,1472,-128,-84,-74,-69,-18,0
238636.2438,1182.8538,-67,332,924,-134,-87,-93,-92,24,0
238636.2467,1182.8567,89,332,352,-137,-50,-91,-83,43,0
238636.2492,1182.8592,17,231,781,-139,-51,-89,-42,62,0
238636.2699,1182.8799,-95,177,584,-117,-71,-81,3,111,0
238636.2745,1182.8845,-66,117,1275,-104,-44,-79,-25,96,0
238636.2769,1182.8869,-59,185,1293,-98,-62,-63,-11,44,0
238636.2854,1182.8953,-341,107,533,-68,-95,-45,-14,25,0
238636.2882,1182.8982,-431,162,695,2,-116,-13,-5,-18,0
238636.2909,1182.9008,-462,69,1331,30,-117,-30,-37,-85,0
238636.2938,1182.9038,-309,47,1130,31,-122,-57,-85,-157,0
238636.2964,1182.9064,-140,0,638,8,-114,-56,-105,-209,0
238636.2987,1182.9086,-253,31,275,1,-126,-20,-129,-270,0
238636.3181,1182.9281,-239,65,210,24,-136,-23,-140,-291,0
238636.3207,1182.9307,-211,-26,155,71,-123,-17,-139,-282,0
238636.3228,1182.9328,-186,-177,328,118,-97,0,-148,-268,0
238636.3438,1182.9538,-354,-224,216,128,-115,19,-145,-241,0
238636.3461,1182.9561,-342,-222,27,108,-131,7,-148,-215,0
238636.3516,1182.9616,-221,-95,366,80,-93,6,-162,-226,0
238636.3742,1182.9842,-251,32,877,83,-56,0,-164,-238,0
238636.3794,1182.9894,-221,-9,1202,73,-51,26,-191,-287,0
238636.3832,1182.9932,-217,-118,1111,59,-61,28,-188,-332,0
238616.3903,1163.0003,321,-238,1222,3,-59,131,-58,85,0
238616.3966,1163.0066,162,-205,362,24,-95,166,-58,35,0
238616.3997,1163.0096,177,-480,-229,35,-93,171,-79,3,0
238616.4024,1163.0124,215,-495,-98,61,-104,163,-127,-21,0
238616.4056,1163.0156,215,-471,107,63,-103,136,-129,-64,0
238616.4082,1163.0182,340,-366,95,68,-97,124,-122,-96,0
238616.4107,1163.0207,191,-473,-1549,101,-88,124,-136,-94,0
238616.4131,1163.0231,74,-496,-1389,130,-92,128,-149,-80,0
238616.4155,1163.0254,200,-475,-1138,96,-68,125,-137,-82,0
238616.4339,1163.0438,442,-426,-685,79,-71,132,-101,-55,0
238616.439,1163.0489,481,-498,-365,31,-86,146,-75,-16,0
238616.4414,1163.0514,464,-430,-1678,17,-110,144,-75,20,0
238616.4522,1163.0622,535,-366,-1804,4,-118,139,-80,76,0
238616.4548,1163.0648,584,-331,-1623,8,-123,141,-109,153,0
238616.4573,1163.0672,583,-369,-1020,-9,-146,153,-125,201,0
238616.4759,1163.0859,548,-414,-1005,-30,-156,83,-97,241,0
238616.4778,1163.0878,370,-328,-1310,-58,-162,73,-106,264,0
238616.48,1163.09,248,-327,-971,-28,-163,75,-128,279,0
238616.5047,1163.1147,92,-444,-597,-4,-142,74,-104,305,0
238616.5074,1163.1174,198,-421,-115,-18,-128,39,-44,362,0
238616.515,1163.125,293,-381,607,-43,-101,24,-33,359,0
238616.5284,1163.1384,172,-647,-468,-19,-57,-13,-27,353,0
238616.5317,1163.1417,278,-701,-739,-10,-65,-56,18,411,0
238616.5347,1163.1447,547,-746,-520,-3,-63,-82,48,468,0
238616.5641,1163.1741,756,-496,100,-13,-46,-100,85,484,0
238616.5664,1163.1764,715,-641,495,-46,-21,-113,70,475,0
238616.5686,1163.1786,326,-705,156,-39,-14,-90,66,452,0
238616.5908,1163.2008,620,-570,315,-2,-17,-71,73,471,0
238616.5938,1163.2038,836,-530,586,-16,-14,-63,112,516,0
238616.5963,1163.2063,1106,-437,878,-49,-10,-79,98,506,0
238616.6208,1163.2308,1186,-332,346,-27,-19,-71,82,505,0
238616.6281,1163.238,1011,-447,-911,-37,14,-65,78,520,0
238616.6392,1163.2492,674,-510,-938,-24,-6,-78,101,507,0
238616.6445,1163.2545,764,-391,-783,-2,-31,-79,123,523,0
238616.6581,1163.2681,840,-432,-738,29,-4,-90,116,511,0
238616.6608,1163.2708,801,-560,-55,34,33,-89,141,456,0
238616.6638,1163.2738,567,-765,-1918,16,32,-96,101,385,0
238616.6667,1163.2767,709,-715,-1538,-7,27,-39,64,385,0
238616.6708,1163.2808,806,-793,-1026,9,45,-20,79,384,0
238616.6791,1163.2891,858,-858,-1353,34,30,-24,83,315,0
238616.6853,1163.2953,721,-661,-443,46,39,-10,87,277,0
238616.6878,1163.2978,364,-468,-1927,45,58,7,100,277,0
238616.7018,1163.3117,561,-162,-1024,21,74,5,123,284,0
238616.7031,1163.3131,643,-112,-993,-1,76,8,120,257,0
238616.7048,1163.3148,549,-97,-1252,9,87,10,112,215,0
238616.7264,1163.3364,242,-324,-278,25,120,7,132,168,0
238616.731,1163.341,-59,-398,-1102,25,84,19,92,146,0
238616.7376,1163.3475,165,-191,-444,18,66,31,69,85,0
238616.7693,1163.3793,9,-209,-437,44,58,28,69,88,0
238616.7747,1163.3847,-54,-498,-1523,19,36,-8,54,74,0
238616.78,1163.39,-233,-401,400,16,33,4,52,93,0
238616.782,1163.3919,-511,-390,-1150,38,47,11,48,104,0
238616.7837,1163.3937,-783,-435,-423,66,78,-12,64,77,0
238616.7895,1163.3995,-734,-104,-277,83,75,-36,70,98,0
238616.8024,1163.4124,-776,-15,-1824,93,48,-22,82,99,0
238616.8047,1163.4147,-468,-31,-200,83,42,-27,93,139,0
238616.807,1163.417,-726,-394,-2132,67,70,-38,103,207,0
238616.82,1163.43,-256,-139,-314,28,99,-34,108,245,0
238616.8231,1163.4331,-265,-229,-337,-3,112,-56,129,272,0
238616.8254,1163.4354,-196,-331,-1433,-37,95,-58,108,292,0
238616.8449,1163.4549,-170,-329,1165,-42,93,-52,83,341,0
238616.8473,1163.4573,-561,-626,-456,-58,88,-63,57,328,0
238616.8497,1163.4596,-313,-480,776,-37,92,-62,41,339,0
238616.8669,1163.4768,-96,-395,855,-46,89,-69,74,372,0
238616.8692,1163.4791,233,-202,272,-27,59,-43,85,389,0
238616.8714,1163.4814,268,-72,2211,-26,24,-14,108,436,0
238616.9007,1163.5107,195,-187,1028,-63,21,-18,139,468,0
238616.9031,1163.513,107,-196,2183,-94,48,-3,158,490,0
238616.9052,1163.5152,-210,-287,2142,-137,41,-16,209,477,0
238616.945,1163.555,-341,-108,1159,-144,32,-39,249,437,0
238616.9475,1163.5575,-16,49,2898,-165,45,-52,252,452,0
238616.95,1163.56,-553,-76,1839,-179,27,-22,239,444,0
238616.9823,1163.5923,-591,-58,2831,-211,23,-42,276,430,0
238616.9866,1163.5966,-711,-78,2917,-202,28,-36,308,415,0
238616.9891,1163.5991,-680,-75,2419,-193,42,-36,297,387,0
238616.9919,1163.6019,-441,28,3991,-195,43,-35,277,366,0
238616.9944,1163.6044,-850,-273,3291,-221,47,-39,281,360,0
238616.9973,1163.6072,-979,-524,3921,-245,90,17,276,307,0
238617.0011,1163.6111,-931,-422,3531,-252,128,22,263,287,0
238617.0037,1163.6137,-1107,-340,2907,-217,125,21,238,229,0
238617.0062,1163.6162,-967,-198,4085,-188,104,57,247,196,0
238617.0318,1163.6418,-1116,-135,3343,-177,85,81,223,150,0
238617.0361,1163.6461,-878,-73,3306,-150,66,101,225,102,0
238617.0411,1163.6511,-640,-46,3132,-141,61,67,230,67,0
238617.0537,1163.6637,-473,-15,2146,-134,64,42,231,31,0
238617.0564,1163.6664,-474,-51,3072,-150,63,24,206,6,0
238617.0587,1163.6687,-683,-114,2192,-160,77,33,200,-63,0
238617.0686,1163.6786,-365,-142,1987,-162,106,61,180,-103,0
238617.0744,1163.6844,-340,-312,2089,-151,89,62,193,-124,0
238617.0818,1163.6917,-239,-264,1435,-117,50,21,137,-137,0
238617.0995,1163.7095,-193,-424,1445,-97,32,10,112,-174,0
238617.1051,1163.7151,-204,-516,1038,-81,34,21,110,-196,0
238617.1113,1163.7213,-29,-406,1498,-71,3,15,111,-205,0
238617.1235,1163.7335,-90,-375,1305,-42,-6,8,80,-183,0
238617.1297,1163.7397,-61,-412,1130,-34,-7,-7,74,-169,0
238617.1329,1163.7429,71,-296,1339,-18,3,-11,78,-188,0
238617.1481,1163.758,54,-144,1913,14,10,9,48,-212,0
238617.1507,1163.7607,89,-43,2376,39,35,22,39,-238,0
238617.1538,1163.7638,-47,-81,3027,41,57,23,37,-226,0
238617.1568,1163.7668,-87,-230,2667,12,76,57,39,-209,0
238617.1591,1163.7691,-53,-320,2928,44,89,50,64,-220,0
238617.1614,1163.7714,-61,-403,2698,60,103,54,72,-218,0
238617.1789,1163.7889,-165,-503,2017,35,70,56,101,-235,0
238617.1811,1163.7911,-213,-675,1979,41,52,41,110,-224,0
238617.192,1163.802,-205,-495,1339,69,39,43,81,-237,0
238617.2058,1163.8158,-68,-396,1536,67,40,46,81,-225,0
238617.2088,1163.8188,-112,-279,1897,81,32,69,70,-218,0
238617.2118,1163.8218,-35,-183,1389,85,31,45,58,-174,0
238617.2243,1163.8343,7,-145,1204,64,44,20,38,-134,0
238617.2272,1163.8372,155,-12,1623,33,65,6,26,-87,0
238617.2299,1163.8399,294,167,2061,1,81,-6,51,-40,0
238617.2449,1163.8549,171,18,2265,-42,87,-6,92,-26,0
238617.2496,1163.8596,189,32,1944,-73,85,-20,121,-66,0
238617.2522,1163.8621,154,10,1858,-68,57,-46,127,-44,0
238617.27,1163.88,2,52,1218,-34,30,-79,153,-7,0
238617.2725,1163.8825,10,52,995,3,0,-97,155,45,0
238617.2749,1163.8849,203,100,1357,12,0,-90,158,33,0
238617.3058,1163.9158,184,30,1550,9,4,-96,146,28,0
238617.3083,1163.9182,181,12,1940,7,7,-120,154,47,0
238617.3106,1163.9206,189,118,1515,1,32,-142,181,43,0
238617.3393,1163.9493,334,235,1244,40,29,-116,229,47,0
238617.3416,1163.9516,198,59,374,69,18,-105,222,32,0
238617.3449,1163.9549,186,55,852,95,10,-103,220,17,0
238617.3536,1163.9636,208,129,633,148,25,-109,216,32,0
238617.3561,1163.9661,-122,70,282,187,50,-96,164,-10,0
238617.3586,1163.9686,-19,65,962,158,23,-67,117,-47,0
238617.3621,1163.9721,-102,94,200,180,16,-62,121,-58,0
238617.3645,1163.9745,25,131,231,135,-9,-90,148,-22,0
238617.3668,1163.9768,20,136,366,107,3,-75,169,14,0
238617.3948,1164.0047,-184,144,81,81,25,-57,131,70,0
238617.4,1164.01,-262,99,940,58,33,-34,104,116,0
238617.4069,1164.0169,-412,-107,754,71,30,-12,99,141,0
238617.4189,1164.0289,-620,-330,325,85,50,2,157,136,0
238617.427,1164.037,-613,-289,147,22,15,6,175,115,0
238617.4314,1164.0414,-503,-179,-138,-10,-40,8,163,134,0
238617.4417,1164.0517,-413,-93,-792,-14,-43,8,153,165,0
238617.4508,1164.0608,-512,-129,-746,-44,-98,-12,148,135,0
238617.4612,1164.0712,-342,-50,-937,-56,-125,-33,132,141,0
238617.475,1164.085,-539,102,-1123,-39,-105,-44,131,171,0
238617.4911,1164.1011,-450,235,-1118,-39,-100,-57,138,214,0
238617.5374,1164.1474,-548,302,-711,-87,-109,-95,96,204,0
238617.5545,1164.1645,-625,61,-885,-149,-122,-128,94,210,0
238617.5582,1164.1682,-494,86,-540,-135,-114,-150,101,192,0
238617.5611,1164.1711,-431,56,-488,-95,-97,-144,98,181,0
238617.5661,1164.176,-197,402,-491,-92,-75,-161,97,146,0
238617.5684,1164.1783,-122,201,-624,-59,-74,-166,91,144,0
238617.5707,1164.1807,-229,26,-823,-34,-68,-166,46,140,0
238617.5734,1164.1834,-152,-90,-662,-35,-71,-133,34,113,0
238617.5757,1164.1857,-5,42,-898,-33,-54,-155,6,49,0
238617.5797,1164.1897,-116,84,-835,-37,-37,-126,-5,48,0
238617.5843,1164.1943,-156,185,-427,-26,-15,-112,-24,25,0
238617.5882,1164.1982,-100,359,-90,-31,-17,-95,-29,6,0
238617.5918,1164.2018,-123,428,153,-14,-22,-112,-39,23,0
238617.5956,1164.2056,-74,482,9,-8,3,-90,-3,47,0
238617.5973,1164.2073,-143,57,-102,-20,27,-95,-8,44,0
238617.6006,1164.2106,-10,185,819,-45,31,-83,-32,11,0
238617.614,1164.224,40,198,399,-36,8,-44,-38,-24,0
238617.6163,1164.2263,193,355,126,-21,3,-60,-64,-51,0
238617.6187,1164.2286,343,190,-10,-33,18,-62,-76,-83,0
238617.6484,1164.2584,412,325,-893,-71,9,-72,-101,-91,0
238617.6527,1164.2626,317,373,-687,-78,-10,-51,-146,-69,0
238617.6578,1164.2678,224,306,-440,-66,-28,-29,-212,-77,0
238617.6723,1164.2823,222,185,-550,-43,-62,-4,-194,-93,0
238617.6773,1164.2873,63,323,-289,-20,-80,20,-179,-108,0
238617.6829,1164.2929,-37,410,-507,-21,-86,23,-166,-132,0
238617.698,1164.308,-16,477,-245,-3,-99,20,-182,-167,0
238617.7005,1164.3105,-69,483,-267,11,-106,24,-161,-173,0
238617.7075,1164.3175,-207,424,-749,18,-103,39,-164,-164,0
238617.7621,1164.3721,-195,608,-1104,-24,-126,48,-148,-154,0
238617.7666,1164.3766,-249,506,-979,-41,-160,67,-144,-116,0
238617.7679,1164.3779,-204,706,-137,-82,-157,93,-161,-142,0
238617.7828,1164.3928,25,661,317,-90,-107,88,-159,-168,0
238617.7853,1164.3953,-79,538,623,-57,-101,70,-145,-175,0
238617.7877,1164.3976,-308,414,-57,14,-112,62,-143,-174,0
238617.7904,1164.4004,-71,357,-235,21,-107,61,-159,-193,0
238617.8015,1164.4115,2,233,-1463,-5,-119,54,-204,-195,0
238617.8043,1164.4143,254,491,-725,-37,-116,72,-186,-196,0
238617.8081,1164.4181,-122,387,-1311,-47,-92,76,-185,-196,0
238617.8107,1164.4207,-150,402,-2038,-35,-83,98,-191,-212,0
238617.8139,1164.4239,-336,279,-2426,-14,-96,101,-139,-191,0
238617.8155,1164.4255,-620,254,-2918,-12,-99,101,-130,-218,0
238617.8168,1164.4268,-342,379,-1855,-33,-64,60,-139,-218,0
238617.819,1164.429,-211,198,-2161,-27,-57,15,-137,-212,0
238617.8388,1164.4488,-172,-164,-2114,-25,-83,-7,-178,-201,0
238617.8414,1164.4513,-304,-243,-1377,-24,-67,-9,-161,-204,0
238617.8457,1164.4557,-473,-351,-1696,17,-51,-10,-184,-237,0
238617.8525,1164.4625,-283,-366,-1093,31,-45,-25,-178,-270,0
238617.8549,1164.4649,-510,-638,-1208,20,-59,-46,-181,-289,0
238617.8572,1164.4672,-321,-617,-1435,15,-51,-69,-186,-323,0
238617.8671,1164.4771,-31,-656,-664,39,-38,-84,-179,-347,0
238617.8712,1164.4812,-71,-707,-1210,32,-52,-84,-208,-412,0
238617.8765,1164.4865,-68,-735,-1008,27,-62,-62,-239,-445,0
238617.8951,1164.5051,-72,-766,-1538,24,-94,-46,-246,-444,0
238617.8976,1164.5076,-104,-781,-1938,31,-80,-47,-264,-435,0
238617.9006,1164.5106,-171,-929,-1247,38,-87,-45,-257,-388,0
238617.9328,1164.5427,-494,-1099,-2768,41,-81,-54,-268,-367,0
238617.9351,1164.5451,-335,-1243,-2403,39,-73,-59,-254,-315,0
238617.9375,1164.5475,-481,-1294,-2442,33,-25,-54,-263,-286,0
238617.9487,1164.5586,-449,-1356,-2304,29,-9,-56,-247,-308,0
238617.9543,1164.5643,-208,-1354,-1510,48,-2,-10,-225,-307,0
238617.9793,1164.5893,-235,-1529,-2621,55,33,-1,-193,-251,0
238617.9944,1164.6044,-63,-1601,-2094,67,63,-18,-171,-224,0
238618.0007,1164.6106,-221,-1722,-1747,63,69,-40,-144,-179,0
238618.0077,1164.6176,-116,-1530,-1272,43,78,-46,-146,-162,0
238618.0182,1164.6282,127,-1555,-653,53,92,-24,-160,-134,0
238618.0281,1164.6381,157,-1561,-1708,16,100,-26,-150,-128,0
238618.0365,1164.6464,101,-1536,-1669,24,94,-22,-128,-132,0
238618.0449,1164.6549,239,-1497,-1685,31,52,-37,-148,-101,0
238618.0699,1164.6798,193,-1438,-1913,37,41,-43,-160,-101,0
238618.0758,1164.6858,157,-1261,-1140,40,70,-64,-160,-85,0
238618.0842,1164.6942,86,-1400,-1680,93,73,-79,-186,-95,0
238618.0914,1164.7014,118,-1402,-1528,80,85,-105,-190,-126,0
238618.1021,1164.7121,93,-1493,-1377,89,110,-100,-166,-144,0
238618.1102,1164.7202,72,-1695,-1734,109,90,-95,-175,-122,0
238618.1215,1164.7315,242,-1564,-875,143,90,-104,-191,-80,0
238618.1313,1164.7413,236,-1486,-701,136,91,-99,-238,-80,0
238618.1458,1164.7558,479,-1375,-682,135,114,-98,-225,-89,0
238618.1574,1164.7674,532,-1487,-967,125,127,-82,-236,-99,0
238618.1746,1164.7845,375,-1409,-1142,133,106,-86,-224,-125,0
238618.1825,1164.7925,115,-1374,-1247,166,93,-72,-232,-196,0
238618.1885,1164.7985,-32,-1433,-2153,199,91,-49,-230,-195,0
238618.1951,1164.8051,-270,-1445,-2589,229,96,-72,-213,-179,0
238618.1989,1164.8089,-47,-1188,-2239,212,103,-111,-194,-207,0
238618.2082,1164.8182,171,-1072,-2188,236,106,-102,-210,-216,0
238618.2172,1164.8272,280,-952,-1850,241,87,-109,-209,-194,0
238618.2283,1164.8383,225,-991,-2519,263,62,-122,-209,-166,0
238618.2365,1164.8465,439,-954,-2525,227,68,-127,-196,-170,0
238618.2449,1164.8549,444,-1008,-2258,210,86,-104,-152,-149,0
238618.2557,1164.8657,426,-1007,-2363,183,101,-92,-125,-148,0
238618.2658,1164.8758,237,-1081,-1734,161,107,-90,-115,-162,0
238618.2754,1164.8854,14,-987,-2296,152,105,-109,-93,-188,0
238618.2809,1164.8908,-223,-1045,-2816,167,101,-94,-97,-227,0
238618.287,1164.897,-86,-1055,-2748,158,94,-48,-82,-263,0
238618.2902,1164.9002,-45,-1058,-2172,160,72,-16,-94,-279,0
238618.2941,1164.9041,42,-969,-1553,190,89,-8,-111,-296,0
238618.2989,1164.9089,-1,-937,-1942,214,88,6,-143,-324,0
238618.3029,1164.9129,7,-631,-2097,205,51,0,-138,-353,0
238618.3063,1164.9163,-185,-415,-2349,163,32,18,-174,-396,0
238618.309,1164.919,-80,-112,-2384,177,54,7,-157,-424,0
238618.3116,1164.9216,168,76,-1720,182,61,7,-137,-391,0
238618.3164,1164.9263,88,161,-1961,157,72,-4,-166,-337,0
238618.3268,1164.9367,-108,80,-1307,140,52,-28,-202,-291,0
238618.3299,1164.9399,-272,-42,-582,156,42,-24,-172,-229,0
238618.3323,1164.9423,-185,-196,-180,170,36,-21,-186,-243,0
238618.3339,1164.9439,-43,-219,613,170,31,-19,-205,-234,0
238618.3358,1164.9458,-208,-381,200,165,6,-37,-215,-225,0
238618.3377,1164.9477,-462,-466,-3,133,16,-19,-197,-211,0
238618.3392,1164.9492,-459,-419,328,138,-14,-2,-201,-219,0
238618.3408,1164.9508,-325,-377,680,159,-25,14,-198,-203,0
238618.3539,1164.9639,-50,-319,1458,143,-28,4,-192,-245,0
238618.3566,1164.9666,-32,-384,1358,132,-33,-14,-194,-220,0
238618.3593,1164.9693,48,-432,1197,107,-26,-34,-192,-189,0
238618.3747,1164.9846,69,-562,728,109,-21,-34,-178,-156,0
238618.3772,1164.9872,56,-479,901,91,-18,-19,-170,-120,0
238618.3801,1164.99,140,-566,900,90,-27,0,-127,-93,0
238618.4115,1165.0215,227,-585,203,37,-50,18,-86,-87,0
238618.4139,1165.0239,190,-676,-144,2,-59,35,-61,-60,0
238618.4167,1165.0267,145,-736,17,3,-44,41,-16,-31,0
238618.4553,1165.0653,325,-522,178,18,-59,25,-15,4,0
238618.458,1165.0679,723,-178,585,24,-72,41,-7,-5,0
238618.4609,1165.0709,581,-412,-311,33,-88,70,-43,-25,0
238618.4684,1165.0783,440,-611,-578,59,-111,70,-56,-13,0
238618.4767,1165.0867,468,-579,-81,37,-119,60,-65,-13,0
238618.4861,1165.0961,385,-711,431,41,-115,51,-69,-24,0
238618.4891,1165.0991,343,-582,444,63,-94,42,-91,-2,0
238618.5014,1165.1114,154,-666,157,51,-70,34,-91,34,0
238618.5079,1165.1178,181,-377,725,25,-27,44,-85,85,0
238618.5168,1165.1268,438,-464,696,0,-20,47,-84,124,0
238618.5216,1165.1316,690,-281,997,21,-26,52,-57,134,0
238618.5254,1165.1354,510,-324,1218,29,-51,77,-10,151,0
238618.53,1165.14,507,-338,741,-3,-45,52,3,190,0
238618.5328,1165.1427,353,-633,737,-42,-40,32,-3,217,0
238618.5353,1165.1453,469,-582,979,-47,-75,22,7,220,0
238618.538,1165.148,549,-578,423,-12,-105,38,-2,209,0
238618.5412,1165.1512,602,-635,698,-39,-105,-16,-6,209,0
238618.5436,1165.1536,479,-589,815,-76,-111,-40,4,199,0
238618.5803,1165.1903,606,-602,268,-87,-128,-37,21,148,0
238618.5842,1165.1942,831,-577,-11,-72,-117,-26,27,99,0
238618.5876,1165.1975,903,-362,-322,-71,-81,-18,11,97,0
238618.5952,1165.2052,774,-520,-252,-52,-57,4,-41,109,0
238618.5979,1165.2079,695,-419,-927,-34,-64,16,-79,110,0
238618.6003,1165.2103,766,-290,-843,-17,-79,33,-98,103,0
238618.6249,1165.2349,568,-288,-633,-17,-57,34,-97,82,0
238618.6273,1165.2373,414,-331,-289,-10,-45,33,-84,68,0
238618.6297,1165.2397,425,-348,738,-1,-6,49,-55,67,0
238618.6346,1165.2446,420,-452,160,15,-18,59,-45,68,0
238618.6369,1165.2469,386,-746,173,32,-38,64,-32,79,0
238618.6415,1165.2515,427,-776,269,45,-22,59,-3,82,0
238618.6603,1165.2703,466,-672,6,71,1,45,2,82,0
238618.6627,1165.2727,370,-555,-19,55,-23,14,-11,75,0
238618.6653,1165.2753,389,-652,-444,19,-17,34,-3,100,0
238618.6743,1165.2842,516,-697,-858,28,-6,44,-24,107,0
238618.6772,1165.2872,448,-556,-634,17,-24,40,44,126,0
238618.6824,1165.2923,547,-395,261,-9,-42,50,113,124,0
238618.7197,1165.3297,858,-333,-335,-2,-16,81,102,143,0
238618.7216,1165.3316,1011,-337,-973,9,-10,104,40,90,0
238618.7249,1165.3349,1222,-314,-2105,20,0,90,-7,84,0
238618.7444,1165.3544,1334,-43,-2052,41,-19,75,0,16,0
238618.7566,1165.3666,1198,-257,-2421,34,-41,64,9,28,0
238618.7724,1165.3824,1111,-404,-2736,16,-43,86,0,38,0
238618.7875,1165.3975,1274,-273,-2317,-9,-36,96,-18,56,0
238618.8033,1165.4132,1033,-453,-3407,-17,-5,123,6,22,0
238618.8167,1165.4267,1223,-675,-2868,-7,-5,99,25,-7,0
238618.8314,1165.4414,1476,-571,-2204,19,-3,83,33,8,0
238618.836,1165.446,1425,-564,-3184,25,1,65,20,41,0
238618.8385,1165.4484,1518,-500,-1873,29,34,73,-2,50,0
238618.8414,1165.4514,1427,-365,-2429,17,62,46,-45,64,0
238618.8458,1165.4558,1370,-461,-1963,13,82,36,-68,46,0
238618.8491,1165.459,1370,-321,-851,15,60,4,-44,37,0
238618.8521,1165.4621,1151,-515,-2605,31,59,18,-67,-10,0
238618.8543,1165.4643,1026,-557,-1667,41,79,-1,-90,-18,0
238618.8565,1165.4665,622,-696,-2861,66,80,-7,-100,-19,0
238618.8679,1165.4779,953,-672,-2003,48,59,37,-109,-29,0
238618.8705,1165.4805,1046,-893,-1224,12,73,63,-130,-47,0
238618.873,1165.483,806,-851,-2704,2,48,46,-161,-58,0
238618.8768,1165.4867,749,-705,-1239,7,29,38,-142,-61,0
238618.8813,1165.4913,478,-807,-2282,18,-9,26,-144,-56,0
238618.8861,1165.4961,715,-781,-1966,14,-34,52,-186,-45,0
238618.9065,1165.5165,762,-764,-575,10,-14,95,-191,11,0
238618.909,1165.519,693,-938,-1208,2,7,100,-166,22,0
238618.9113,1165.5213,520,-982,-15,-11,-7,100,-182,29,0
238618.9324,1165.5424,118,-1174,-1405,-40,-34,95,-182,49,0
238618.9347,1165.5447,184,-1116,-1002,-59,-41,77,-173,100,0
238618.9375,1165.5475,270,-1014,-191,-67,-43,61,-149,133,0
238618.9535,1165.5635,-78,-1103,-918,-100,-26,56,-146,143,0
238618.9549,1165.5649,-100,-1018,-62,-93,13,50,-157,194,0
238618.9568,1165.5668,18,-919,-956,-75,40,29,-154,224,0
238619.0037,1165.6137,148,-820,-287,-46,17,49,-156,247,0
238619.0052,1165.6152,197,-804,472,-53,10,52,-126,285,0
238619.0078,1165.6178,279,-690,-430,-50,16,45,-120,272,0
238619.0102,1165.6202,29,-894,378,-43,21,35,-104,236,0
238619.0116,1165.6216,213,-886,-462,-37,19,14,-109,216,0
238619.0137,1165.6237,788,-723,-225,-24,-8,1,-121,152,0
238619.0526,1165.6626,677,-798,31,-18,5,-32,-88,96,0
238619.0551,1165.6651,318,-992,-1398,19,7,-8,-86,86,0
238619.0574,1165.6674,386,-850,-596,19,26,5,-60,109,0
238619.0602,1165.6702,689,-698,-1439,-6,14,23,-69,101,0
238619.0629,1165.6729,1006,-624,-1698,-51,-21,7,-87,88,0
238619.0668,1165.6768,991,-481,-1324,-20,-37,-5,-105,94,0
238619.0903,1165.7003,570,-509,-1906,55,-9,1,-114,148,0
238619.101,1165.711,718,-395,-811,79,5,-13,-120,175,0
238619.1098,1165.7197,747,-189,-1530,87,-12,-16,-135,211,0
238619.1118,1165.7217,867,-146,-1614,71,-56,-3,-127,230,0
238619.1137,1165.7237,770,-457,-1228,73,-69,-6,-103,183,0
238619.1173,1165.7273,662,-344,-1382,56,-49,-29,-82,147,0
238619.1355,1165.7455,733,-374,171,73,-24,-41,-50,118,0
238619.1385,1165.7485,441,-679,-592,61,-34,-45,-43,118,0
238619.1519,1165.7619,431,-682,-414,22,-67,-65,-64,107,0
238619.1613,1165.7713,207,-437,51,-7,-61,-39,-69,107,0
238619.1641,1165.7741,367,-245,-206,-49,-43,-17,-89,46,0
238619.1666,1165.7766,423,-61,-161,-61,-33,1,-73,-7,0
238619.1978,1165.8077,338,156,-1359,-3,-3,-52,-65,-2,0
238619.2061,1165.8161,418,328,-1758,5,39,-75,-68,-17,0
238619.2108,1165.8207,253,779,-1498,-20,57,-79,-94,-36,0
238619.2165,1165.8265,-79,601,-2092,-22,39,-60,-70,-63,0
238619.2215,1165.8315,-114,279,-2406,-18,3,-55,-88,-87,0
238619.2256,1165.8356,-26,155,-2913,6,-12,-48,-98,-123,0
238619.2359,1165.8459,547,-178,-3654,18,-23,-58,-133,-159,0
238619.2383,1165.8482,675,-1051,-3383,16,-37,-46,-150,-180,0
238619.2411,1165.8511,-32,-1769,-4839,14,-36,-52,-187,-234,0
238619.2445,1165.8544,122,-11061,-3095,17,-37,-79,-188,-247,0
238619.2467,1165.8567,164,-32768,-44,27,-71,-104,-177,-251,0
238619.249,1165.859,-380,-32768,-1754,31,-87,-108,-203,-196,0
238619.2639,1165.8739,-525,-32768,-4042,40,-91,-94,-174,-163,0
238619.2664,1165.8764,-414,-32768,-5181,6,-123,-63,-184,-174,0
238619.2691,1165.8791,-519,-32768,-4709,-2,-146,-40,-156,-176,0
238619.2869,1165.8969,-602,-32768,-5006,-14,-148,-31,-137,-109,0
238619.2931,1165.9031,-312,-32768,-3770,-36,-145,-9,-107,-114,0
238619.2977,1165.9076,-422,-32768,-3952,-73,-140,-36,-94,-96,0
238619.3127,1165.9227,-302,-32768,-3952,-65,-151,-58,-117,-89,0
238619.3155,1165.9255,-454,-32768,-3571,-83,-182,-57,-116,-100,0
238619.3181,1165.9281,-512,-32768,-3483,-79,-189,-72,-83,-94,0
238619.3445,1165.9545,-430,-32768,-2876,-73,-187,-91,-93,-100,0
238619.3577,1165.9677,-122,-32768,-2219,-91,-224,-80,-96,-146,0
238619.3612,1165.9711,-197,-32768,-2277,-93,-250,-101,-78,-188,0
238619.3748,1165.9848,-76,-32768,-2078,-94,-251,-130,-80,-199,0
238619.3848,1165.9948,-177,-32768,-1693,-76,-229,-109,-43,-183,0
238619.3941,1166.004,-350,-32768,-804,-89,-217,-97,-19,-184,0
238619.4092,1166.0192,-447,-32768,-596,-91,-213,-108,-22,-208,0
238619.4212,1166.0312,-408,-32768,-691,-81,-202,-92,-55,-242,0
238619.4238,1166.0338,-571,-32768,-883,-61,-175,-85,-56,-273,0
238619.4267,1166.0367,-549,-32498,-1296,-86,-164,-94,-54,-309,0
238619.4296,1166.0396,-112,-31248,-792,-61,-183,-104,-54,-343,0
238619.4323,1166.0423,-98,-30027,-326,-45,-173,-113,-76,-362,0
238619.442,1166.052,-54,-28900,-432,-19,-154,-147,-96,-413,0
238619.4448,1166.0548,-71,-27813,-539,6,-144,-124,-119,-452,0
238619.4487,1166.0587,-217,-26575,-557,1,-108,-80,-132,-475,0
238619.4689,1166.0789,-362,-25722,-203,-25,-86,-55,-155,-485,0
238619.4714,1166.0814,-185,-24643,127,-21,-113,-62,-183,-486,0
238619.4739,1166.0839,-184,-23623,-351,-15,-146,-52,-169,-523,0
238619.4885,1166.0984,-156,-22811,-290,14,-138,-34,-174,-512,0
238619.491,1166.101,-48,-21562,298,31,-99,2,-160,-497,0
238619.4936,1166.1035,113,-20636,-68,40,-65,-4,-157,-429,0
238619.5054,1166.1153,214,-19669,136,13,-68,-10,-122,-418,0
238619.5091,1166.1191,166,-19046,1185,9,-38,1,-97,-402,0
238619.5145,1166.1244,79,-18508,655,-1,-18,21,-65,-389,0
238619.5438,1166.1538,-40,-17763,2073,13,-25,37,-40,-360,0
238619.5475,1166.1575,-71,-17058,3187,-32,-32,49,1,-325,0
238619.5505,1166.1604,-98,-16180,3798,-56,-8,54,8,-328,0
238619.5522,1166.1622,-56,-15581,4325,-76,28,9,25,-381,0
238619.5557,1166.1657,-266,-15027,3588,-52,25,-2,54,-396,0
238619.5626,1166.1726,-85,-14538,4201,-62,32,2,87,-432,0
238619.5925,1166.2025,62,-13904,4337,-70,65,-6,105,-441,0
238619.5962,1166.2062,207,-13434,3883,-75,49,-12,84,-446,0
238619.6017,1166.2116,-277,-12979,5364,-96,40,-10,84,-405,0
238619.6096,1166.2196,-983,-12800,2384,-100,38,-29,60,-405,0
238619.6147,1166.2246,-933,-12164,2551,-76,66,-8,4,-463,0
238619.6196,1166.2296,-789,-11676,2394,-20,57,10,-8,-463,0
238619.6261,1166.2361,-738,-11325,1678,-45,55,6,-17,-456,0
238619.63,1166.24,-450,-10857,3524,-73,90,2,-6,-445,0
238619.6332,1166.2432,-596,-10499,2104,-111,94,-6,-45,-422,0
238619.6423,1166.2523,-738,-10149,2440,-118,98,10,-26,-403,0
238619.6537,1166.2636,-521,-8936,2849,-159,96,29,20,-396,0
238619.6563,1166.2663,-73,-7642,2055,-163,94,34,2,-395,0
238619.6693,1166.2793,137,-6627,3157,-152,104,26,22,-391,0
238619.6716,1166.2816,-363,-5817,2050,-137,126,47,31,-384,0
238619.6739,1166.2839,-320,-4751,1658,-147,111,42,32,-357,0
238619.6919,1166.3019,-150,-3719,1955,-153,93,53,77,-317,0
238619.6948,1166.3048,-61,-2363,1883,-149,73,88,112,-348,0
238619.6977,1166.3077,75,-568,3148,-123,91,119,124,-336,0
238619.7207,1166.3307,-140,2917,954,-154,94,102,81,-370,0
238619.7235,1166.3335,-157,19673,-772,-136,113,104,68,-332,0
238619.7262,1166.3362,-84,32767,-438,-131,131,79,94,-269,0
238619.7497,1166.3596,10,32767,570,-171,114,86,79,-252,0
238619.7542,1166.3642,73,32767,3203,-213,80,114,96,-261,0
238619.7572,1166.3672,271,32767,2155,-225,78,94,113,-279,0
238619.7655,1166.3755,394,32608,1949,-209,132,47,98,-321,0
238619.7705,1166.3805,515,31493,2355,-190,169,33,61,-368,0
238619.7743,1166.3843,324,31447,3791,-186,147,52,51,-405,0
238619.7874,1166.3974,372,29331,2766,-148,137,30,32,-425,0
238619.79,1166.4,330,28514,1530,-93,172,3,4,-415,0
238619.7936,1166.4036,245,26919,1009,-95,198,-6,2,-405,0
238619.8288,1166.4388,185,26065,2521,-90,214,-13,-9,-374,0
238619.8317,1166.4417,575,25835,1878,-66,193,-32,-55,-318,0
238619.8355,1166.4455,378,24787,1431,-64,173,-39,-24,-296,0
238619.8514,1166.4614,318,24385,116,-105,153,-28,8,-260,0
238619.8542,1166.4641,132,24049,1091,-127,119,-59,-9,-235,0
238619.8567,1166.4666,379,23503,764,-141,74,-54,8,-232,0
238619.8757,1166.4857,446,23209,1762,-154,63,-40,40,-256,0
238619.8782,1166.4882,455,22627,1025,-105,37,-36,43,-218,0
238619.8834,1166.4934,746,22401,1533,-82,13,-14,22,-176,0
238619.9282,1166.5382,520,21868,1389,-85,-15,-20,15,-145,0
238619.9306,1166.5405,445,21670,1573,-93,-33,-29,7,-138,0
238619.9332,1166.5432,511,21369,1904,-112,-15,-44,11,-148,0
238619.9359,1166.5459,327,20923,2554,-138,-29,-17,-3,-133,0
238619.9401,1166.5501,761,20595,2269,-134,-27,-10,-3,-102,0
238619.9549,1166.5649,823,20066,2615,-123,-34,-10,1,-62,0
238619.9582,1166.5681,839,19608,3090,-144,-42,-17,-20,-4,0
238619.9608,1166.5708,926,19544,4600,-154,-31,-25,-24,20,0
238619.964,1166.574,1221,19689,3117,-148,-38,-9,-22,-22,0
238619.9762,1166.5862,541,19538,3570,-112,-83,-7,-9,-16,0
238619.9796,1166.5896,392,18843,2821,-96,-92,-18,-23,-36,0
238619.9826,1166.5926,769,18672,3420,-92,-88,-43,-44,-74,0
238619.9914,1166.6014,826,18960,3066,-93,-83,-41,-17,-69,0
238619.9937,1166.6037,939,19025,3114,-100,-76,-8,6,-28,0
238619.9959,1166.6059,608,18699,2802,-105,-88,-34,-9,7,0
238620.0197,1166.6297,606,18197,2995,-92,-88,-66,-4,29,0
238620.024,1166.634,887,17757,4107,-120,-56,-61,35,51,0
238620.0296,1166.6396,927,17293,3638,-117,-29,-70,33,115,0
238620.0338,1166.6438,852,16927,4393,-94,-23,-112,9,182,0
238620.0364,1166.6464,862,16500,4490,-61,1,-129,5,213,0
238620.0389,1166.6489,781,15831,4148,-88,0,-91,23,253,0
238620.055,1166.665,951,15377,5121,-106,-23,-62,27,335,0
238620.0574,1166.6674,1018,14692,4767,-122,-15,-30,49,383,0
238620.0617,1166.6717,683,14169,4622,-153,19,-30,54,423,0
238620.0948,1166.7048,857,13859,4605,-172,63,-18,51,438,0
238620.0976,1166.7076,837,13463,4954,-208,86,-12,30,475,0
238620.1006,1166.7106,1044,13060,5491,-216,95,-37,59,482,0
238620.1201,1166.7301,896,12614,6072,-210,52,-48,45,540,0
238620.1208,1166.7308,910,12311,5517,-244,28,-56,70,568,0
238620.1217,1166.7317,914,11739,5372,-259,11,-61,117,561,0
238620.1315,1166.7415,893,11593,4917,-225,41,-38,153,562,0
238620.1326,1166.7426,1192,11480,5218,-217,57,-31,201,604,0
238620.1349,1166.7449,1422,11341,5546,-225,53,-61,193,635,0
238620.1555,1166.7655,1214,11654,5063,-181,30,-52,171,655,0
238620.1622,1166.7721,945,11937,4597,-177,13,-75,181,709,0
238620.1667,1166.7767,801,12097,4296,-182,0,-79,174,753,0
238620.2004,1166.8104,834,13042,5079,-175,-8,-85,101,751,0
238620.2041,1166.8141,860,13434,5557,-149,6,-83,111,734,0
238620.2093,1166.8193,740,12974,5378,-137,24,-97,146,683,0
238620.232,1166.842,566,12405,4983,-151,35,-102,181,653,0
238620.2342,1166.8442,363,12244,5012,-160,29,-93,161,607,0
238620.2359,1166.8459,471,12020,5601,-163,-7,-110,144,567,0
238620.2494,1166.8594,667,11928,5676,-137,26,-101,137,545,0
238620.2523,1166.8623,727,11557,5549,-121,22,-85,124,524,0
238620.2555,1166.8655,237,10845,5345,-130,12,-54,115,526,0
238620.2745,1166.8845,73,10394,4682,-134,26,-44,97,543,0
238620.2771,1166.887,240,10075,5360,-140,41,-34,107,534,0
238620.2799,1166.8899,350,9748,4634,-124,29,-42,109,528,0
238620.3019,1166.9118,221,9135,4498,-93,19,-29,62,492,0
238620.3057,1166.9157,289,8670,3586,-67,8,-25,54,468,0
238620.3113,1166.9213,435,8323,3005,-51,5,-38,60,442,0
238620.3275,1166.9375,390,7899,2899,-39,12,-47,57,382,0
238620.3304,1166.9403,289,7569,2973,-37,19,-20,55,311,0
238620.3328,1166.9428,232,7181,2561,7,29,-24,70,280,0
238620.3358,1166.9458,19,6663,1242,21,44,-9,73,301,0
238620.3386,1166.9486,18,6438,1272,-5,31,36,70,306,0
238620.3426,1166.9525,259,6491,2438,-46,20,78,66,299,0
238620.3475,1166.9575,174,6294,2489,-47,-8,100,84,290,0
238620.35,1166.96,141,5892,2213,-49,-21,108,78,288,0
238620.3537,1166.9637,200,5632,1705,-52,-48,115,62,309,0
238620.3738,1166.9838,139,5340,1614,-76,-54,118,37,327,0
238620.3754,1166.9854,444,5133,1794,-92,-50,106,39,334,0
238620.3775,1166.9875,312,4849,1210,-91,-57,98,65,288,0
238620.392,1167.0019,223,4719,844,-110,-61,66,65,243,0
238620.3945,1167.0045,42,4342,-317,-89,-59,54,59,197,0
238620.3968,1167.0068,-209,4070,-710,-68,-60,16,74,140,0
238620.4182,1167.0282,-43,4214,176,-56,-73,16,90,75,0
238620.42,1167.03,277,4092,356,-18,-71,20,43,7,0
238620.4222,1167.0322,368,3808,417,-16,-52,25,43,15,0
238620.4279,1167.0378,272,3481,96,-24,-13,28,61,23,0
238620.4303,1167.0403,197,3032,943,-22,27,31,67,63,0
238620.4326,1167.0426,320,2766,1878,0,56,35,54,66,0
238620.4662,1167.0762,582,2644,1875,-8,9,27,16,29,0
238620.4698,1167.0798,555,2557,1576,4,-10,12,16,8,0
238620.4813,1167.0913,163,2231,923,-28,-30,-14,10,24,0
238620.4832,1167.0932,1,2055,-230,-8,-43,-38,-1,-31,0
238620.4845,1167.0945,308,2248,456,4,-87,-72,-17,-71,0
238620.4858,1167.0958,492,2190,479,12,-129,-75,28,-106,0
238620.5216,1167.1316,247,2164,-19,12,-147,-51,14,-136,0
238620.5255,1167.1355,249,1936,-825,10,-145,-38,34,-166,0
238620.5273,1167.1373,307,1961,-1303,-25,-142,-25,63,-195,0
238620.5363,1167.1463,463,1804,-1303,-33,-146,6,45,-217,0
238620.5388,1167.1488,409,1639,-1179,-16,-111,-18,8,-180,0
238620.5415,1167.1515,721,1630,-1013,-8,-66,-58,16,-132,0
238620.5669,1167.1769,691,1691,-1296,3,-47,-76,24,-100,0
238620.5709,1167.1809,620,1507,-1373,-23,-13,-69,29,-102,0
238620.5737,1167.1836,589,1304,-820,-29,-1,-59,11,-137,0
238620.5831,1167.1931,801,1281,-654,-24,-2,-55,-1,-125,0
238620.5857,1167.1957,555,1109,-1198,-50,-43,-71,-9,-108,0
238620.5905,1167.2005,512,1107,-1097,-67,-79,-59,6,-67,0
238620.638,1167.248,367,1140,-518,-94,-78,-90,23,-24,0
238620.6412,1167.2512,184,859,125,-90,-65,-93,16,21,0
238620.6426,1167.2526,237,843,73,-84,-25,-94,-22,60,0
238620.6622,1167.2722,327,657,-282,-65,-23,-95,-40,84,0
238620.6671,1167.2771,527,777,-215,-44,-61,-117,-45,85,0
238620.6722,1167.2822,609,755,-598,-3,-66,-114,-46,55,0
238620.6769,1167.2869,801,725,-169,30,-80,-112,-36,49,0
238620.6815,1167.2915,859,598,460,27,-66,-68,-6,71,0
238620.6839,1167.2939,895,490,-429,21,-83,-47,25,83,0
238620.6865,1167.2965,837,578,-124,36,-71,-55,35,72,0
238620.6893,1167.2993,686,523,-65,38,-57,-66,33,34,0
238620.6932,1167.3032,601,415,841,60,6,-93,37,32,0
238620.7028,1167.3128,896,410,988,68,18,-112,7,39,0
238620.7089,1167.3189,554,452,709,39,-4,-147,19,0,0
238620.7113,1167.3213,412,434,272,33,-10,-134,16,38,0
238620.7315,1167.3414,266,448,562,33,-25,-106,-12,94,0
238620.7349,1167.3449,439,536,1129,25,-43,-101,-15,104,0
238620.7374,1167.3474,244,424,1609,-7,-37,-131,-16,80,0
238620.7644,1167.3744,383,462,1393,-32,-53,-98,-20,85,0
238620.7837,1167.3937,147,243,1762,-25,-36,-59,-14,49,0
238620.7889,1167.3988,199,311,2281,18,-32,-22,-4,6,0
238620.7976,1167.4076,169,171,2684,19,10,-18,-14,-38,0
238620.8032,1167.4132,251,266,3216,53,17,-20,-18,-49,0
238620.8081,1167.4181,-146,206,2549,53,28,-9,-9,-52,0
238620.8143,1167.4243,-68,202,2451,26,31,-30,-41,-55,0
238620.8189,1167.4289,174,432,2345,4,67,-58,-84,-61,0
238620.8233,1167.4333,193,580,2866,32,59,-36,-65,-33,0
238620.8438,1167.4538,19,762,2775,81,50,-7,-54,-10,0
238620.8462,1167.4561,4,823,2032,61,37,-5,-42,2,0
238620.8486,1167.4586,15,1006,1660,66,40,11,-65,10,0
238620.8762,1167.4862,-93,843,2034,97,54,19,-83,-4,0
238620.8801,1167.4901,-128,934,2267,140,85,23,-83,7,0
238620.8849,1167.4949,-273,853,3099,91,101,29,-68,21,0
238620.8877,1167.4977,-457,677,2791,55,115,22,-53,11,0
238620.8926,1167.5026,-386,650,3580,40,125,36,-29,5,0
238620.8971,1167.5071,-265,640,4193,69,138,48,23,58,0
238620.9089,1167.5189,-93,654,6662,57,117,22,28,77,0
238620.9142,1167.5242,87,516,7678,41,103,19,49,94,0
238620.9189,1167.5289,65,335,6832,68,86,26,47,114,0
238620.9268,1167.5368,-51,403,5756,76,105,19,79,81,0
238620.9315,1167.5415,-163,535,5938,55,147,-5,145,104,0
238620.9376,1167.5476,50,664,5683,29,168,-3,128,138,0
238620.9454,1167.5554,-53,598,5923,58,164,15,105,164,0
238620.9488,1167.5588,-98,481,5250,27,177,29,68,148,0
238620.9524,1167.5624,-194,443,5260,8,153,62,82,160,0
238620.9834,1167.5934,-113,648,5455,-6,166,31,76,113,0
238620.9882,1167.5982,32,667,4750,0,164,13,90,138,0
238620.9896,1167.5996,90,548,4808,10,173,7,61,159,0
238621.0107,1167.6207,125,677,4244,22,187,19,56,195,0
238621.0123,1167.6222,274,696,4013,12,159,32,73,160,0
238621.0156,1167.6256,504,663,3095,4,149,58,79,105,0
238621.0243,1167.6343,715,929,3480,24,145,58,50,84,0
238621.0257,1167.6356,734,1138,3264,38,134,55,31,46,0
238621.0283,1167.6382,626,1096,2884,36,124,41,-1,46,0
238621.0339,1167.6438,589,1263,2086,1,99,46,-29,25,0
238621.0364,1167.6464,599,1356,2319,-10,83,34,-32,5,0
238621.0479,1167.6578,442,1271,3054,25,58,66,-30,-44,0
238621.0817,1167.6917,459,1460,2571,48,50,63,-45,-28,0
238621.0842,1167.6942,269,1430,1816,39,53,51,-59,-35,0
238621.0866,1167.6966,-3,1090,642,81,68,70,-57,-39,0
238621.0926,1167.7026,-254,1003,916,80,57,79,-50,-25,0
238621.094,1167.7039,-373,999,1899,110,70,59,-36,-23,0
238621.0962,1167.7062,-504,945,1285,121,85,55,-1,-19,0
238621.1075,1167.7175,-768,697,998,143,93,58,22,4,0
238621.1088,1167.7188,-490,736,1275,118,76,42,67,37,0
238621.1106,1167.7206,-443,663,1892,133,89,50,62,57,0
238621.1357,1167.7457,-41,812,2964,96,84,52,68,111,0
238621.1393,1167.7493,-93,579,2616,85,85,36,62,197,0
238621.1418,1167.7518,-36,522,3082,72,48,34,64,272,0
238621.1577,1167.7677,51,381,2186,39,56,-15,39,298,0
238621.16,1167.77,-10,285,2145,-38,43,9,95,321,0
238621.1624,1167.7723,139,393,3000,-81,51,15,154,403,0
238621.1782,1167.7882,228,325,1603,-135,64,-1,181,417,0
238621.1814,1167.7914,297,164,1505,-115,77,-46,180,419,0
238621.1881,1167.7981,109,-310,231,-130,40,-56,188,432,0
238621.2025,1167.8125,55,-435,9,-114,2,-44,201,433,0
238621.2078,1167.8178,392,-360,254,-81,3,4,204,414,0
238621.212,1167.822,564,-552,-428,-45,-2,28,177,442,0
238621.2237,1167.8337,482,-671,-732,-35,-28,43,174,426,0
238621.2282,1167.8381,281,-865,-1607,-34,-14,77,148,436,0
238621.2345,1167.8445,284,-1091,-1464,-42,-9,72,73,422,0
238621.2496,1167.8596,594,-1082,-608,-26,-22,75,41,407,0
238621.2543,1167.8643,747,-940,-1028,-2,-40,79,61,387,0
238621.2582,1167.8682,441,-941,-1629,9,-25,81,80,382,0
238621.2677,1167.8777,207,-1100,-2390,15,-20,96,103,381,0
238621.2702,1167.8802,283,-1129,-2311,27,8,105,115,379,0
238621.2725,1167.8825,415,-1084,-1400,17,38,129,101,352,0
238621.2953,1167.9053,600,-1263,-2448,7,61,145,55,300,0
238621.2978,1167.9078,602,-1374,-2856,-12,92,113,24,247,0
238621.3005,1167.9105,596,-1294,-3914,1,84,86,42,203,0
238621.3457,1167.9557,291,-1234,-4351,2,52,91,10,152,0
238621.3481,1167.9581,193,-1243,-3345,-14,30,91,-12,93,0
238621.3634,1167.9734,439,-1192,-3615,-28,18,62,13,48,0
238621.3719,1167.9818,215,-1339,-4346,16,25,46,38,46,0
238621.3733,1167.9833,151,-1433,-4772,53,50,11,4,-14,0
238621.3748,1167.9848,313,-1360,-3684,63,63,-9,8,-49,0
238621.4065,1168.0165,285,-1396,-3425,43,86,7,-12,-105,0
238621.4092,1168.0192,303,-1144,-3416,72,75,27,-54,-153,0
238621.4114,1168.0214,321,-1129,-4554,81,56,3,-85,-187,0
238621.4139,1168.0239,162,-1184,-5540,59,37,4,-103,-186,0
238621.4151,1168.0251,222,-1170,-5214,92,5,18,-106,-151,0
238621.4165,1168.0265,410,-929,-3803,98,-4,31,-164,-195,0
238621.4386,1168.0486,478,-962,-4125,125,8,-4,-158,-234,0
238621.45,1168.06,424,-991,-5419,157,22,22,-139,-299,0
238621.4561,1168.0661,234,-984,-5292,143,0,31,-141,-267,0
238621.4763,1168.0863,212,-581,-5036,93,-25,22,-140,-197,0
238621.4842,1168.0942,215,-299,-4133,91,-10,34,-106,-184,0
238621.4896,1168.0995,223,-225,-4198,80,-12,41,-91,-215,0
238621.4978,1168.1078,115,-264,-5357,103,-21,48,-110,-246,0
238621.5047,1168.1147,363,-133,-5538,120,-33,58,-91,-247,0
238621.508,1168.1179,429,-22,-5382,97,-27,72,-117,-295,0
238621.5108,1168.1208,466,-60,-4755,86,-29,74,-136,-320,0
238621.5128,1168.1228,481,-103,-4717,106,-24,65,-180,-343,0
238621.5157,1168.1257,292,-269,-5727,141,-52,36,-184,-367,0
238621.5189,1168.1289,339,-238,-5544,151,-72,29,-193,-381,0
238621.5214,1168.1314,136,-467,-5123,124,-65,20,-180,-383,0
238621.5233,1168.1333,683,-171,-4560,136,-63,-4,-194,-412,0
238621.5572,1168.1672,692,-297,-4868,159,-86,6,-198,-390,0
238621.559,1168.169,431,-483,-5792,186,-111,41,-228,-377,0
238621.5619,1168.1718,678,-360,-5604,217,-120,44,-241,-382,0
238621.5692,1168.1792,752,-357,-5736,264,-110,26,-269,-366,0
238621.5728,1168.1828,853,-490,-5269,284,-107,17,-291,-349,0
238621.5756,1168.1855,975,-340,-5145,276,-103,-6,-283,-345,0
238621.596,1168.206,1163,-146,-7146,290,-109,-2,-283,-317,0
238621.6004,1168.2104,934,-253,-7084,321,-110,-23,-297,-273,0
238621.6034,1168.2134,802,-321,-6614,283,-134,-20,-291,-246,0
238621.6341,1168.244,829,-276,-5994,210,-126,10,-265,-249,0
238621.6372,1168.2472,1043,-52,-5762,215,-131,17,-217,-254,0
238621.6399,1168.2498,591,-358,-6463,213,-128,-9,-198,-236,0
238621.6553,1168.2653,520,-348,-6944,231,-139,-40,-154,-184,0
238621.6578,1168.2678,519,-322,-6500,275,-117,-58,-128,-102,0
238621.6604,1168.2704,461,-306,-5746,273,-112,-51,-80,-37,0
238621.6631,1168.2731,435,-242,-5290,213,-131,-20,-49,-37,0
238621.6658,1168.2758,654,-367,-6149,178,-154,9,-18,-5,0
238621.6683,1168.2783,712,-357,-5703,170,-167,16,-27,34,0
238621.7079,1168.3179,750,-437,-4905,138,-142,9,-53,51,0
238621.7105,1168.3205,633,-471,-4075,118,-159,2,-24,58,0
238621.7148,1168.3247,585,-769,-3665,101,-197,22,-29,81,0
238621.7183,1168.3283,550,-745,-3859,68,-247,-5,-18,90,0
238621.7207,1168.3307,573,-791,-3573,77,-245,-39,-7,109,0
238621.7231,1168.3331,334,-788,-3593,97,-231,-58,54,154,0
238621.7342,1168.3442,470,-608,-3119,101,-237,-61,69,188,0
238621.737,1168.347,415,-498,-3251,101,-214,-85,52,191,0
238621.74,1168.35,125,-663,-4330,97,-192,-68,28,173,0
238621.7695,1168.3795,231,-531,-3859,122,-158,-97,25,138,0
238621.7722,1168.3822,245,-542,-3500,121,-142,-138,-1,118,0
238621.7767,1168.3867,295,-561,-2991,141,-107,-153,17,142,0
238621.7793,1168.3893,386,-698,-3165,169,-98,-155,28,131,0
238621.7816,1168.3915,472,-635,-4183,222,-81,-143,10,133,0
238621.7838,1168.3938,299,-587,-4581,209,-79,-121,15,152,0
238621.7997,1168.4097,307,-622,-4569,185,-61,-101,25,185,0
238621.8028,1168.4128,664,-497,-4264,196,-85,-127,30,170,0
238621.8065,1168.4165,590,-589,-4112,181,-105,-126,55,178,0
238621.8215,1168.4315,457,-579,-4729,137,-110,-132,52,207,0
238621.8232,1168.4331,724,-489,-4945,103,-82,-146,62,251,0
238621.8256,1168.4355,592,-411,-5249,119,-78,-157,102,291,0
238621.8526,1168.4626,595,-448,-5012,100,-46,-143,115,336,0
238621.8551,1168.4651,726,-449,-4520,59,-21,-154,112,366,0
238621.8574,1168.4674,630,-377,-5150,43,-18,-147,138,324,0
238621.8804,1168.4904,473,-336,-4585,62,-26,-151,168,262,0
238621.8821,1168.4921,615,-406,-4200,66,-23,-187,165,262,0
238621.8843,1168.4943,594,-458,-3958,53,-32,-163,169,262,0
238621.8959,1168.5059,661,-367,-3811,102,-70,-143,165,211,0
238621.8985,1168.5085,353,-399,-5295,141,-83,-143,121,114,0
238621.9019,1168.5119,254,-478,-5361,135,-66,-138,120,57,0
238621.922,1168.532,418,-388,-5493,123,-38,-106,114,-8,0
238621.9247,1168.5347,439,-491,-5406,134,-22,-86,114,-72,0
238621.9271,1168.5371,397,-492,-5031,139,4,-79,81,-112,0
238621.9443,1168.5543,47,-490,-5756,131,31,-91,85,-76,0
238621.9459,1168.5559,-115,-525,-5547,133,25,-113,53,-110,0
238621.9475,1168.5575,6,-538,-5104,180,24,-145,56,-163,0
238621.967,1168.577,228,-621,-4941,206,24,-132,17,-180,0
238621.9694,1168.5794,80,-711,-4710,187,9,-129,9,-151,0
238621.9716,1168.5816,81,-615,-5327,171,29,-108,-15,-127,0
238622.0069,1168.6169,11,-595,-5597,204,12,-90,-11,-94,0
238622.0085,1168.6185,27,-550,-4739,189,-10,-63,5,-80,0
238622.0103,1168.6203,234,-419,-3962,172,-38,-49,34,-90,0
238622.0307,1168.6407,530,-161,-3362,143,-17,-15,69,-116,0
238622.0347,1168.6447,419,-132,-4083,125,-5,-38,85,-149,0
238622.038,1168.648,597,-132,-4199,159,-2,-24,87,-181,0
238622.061,1168.671,818,-94,-3934,178,-27,11,77,-225,0
238622.0733,1168.6833,973,-84,-3737,201,-61,20,68,-267,0
238622.0812,1168.6912,1038,-141,-3246,232,-70,47,66,-290,0
238622.0899,1168.6998,822,-346,-4191,269,-61,51,85,-261,0
238622.0976,1168.7075,728,-527,-4017,276,-46,28,69,-245,0
238622.1045,1168.7144,783,-530,-4256,223,-54,32,67,-229,0
238622.1109,1168.7209,626,-473,-4123,237,-10,41,24,-183,0
238622.1146,1168.7245,715,-306,-3140,235,2,40,-1,-91,0
238622.1193,1168.7293,564,-465,-3898,233,-28,48,-8,-67,0
238622.1641,1168.7741,628,-526,-3759,232,-30,52,30,-58,0
238622.1675,1168.7775,543,-676,-3217,250,11,56,41,-42,0
238622.1701,1168.7801,474,-695,-2597,195,-1,62,44,17,0
238622.1732,1168.7831,310,-606,-2180,152,-6,78,38,94,0
238622.1853,1168.7953,120,-751,-2311,107,-2,48,64,107,0
238622.1881,1168.798,336,-699,-1844,108,23,44,109,92,0
238622.191,1168.801,342,-638,-1657,93,44,42,127,59,0
238622.1929,1168.8029,264,-579,-1070,75,52,56,152,15,0
238622.1943,1168.8043,425,-424,-183,74,71,50,156,-16,0
238622.1958,1168.8058,394,-366,-1249,117,86,46,135,-37,0
238622.1973,1168.8073,358,-394,-1545,99,67,24,116,-50,0
238622.199,1168.809,394,-343,-1371,67,36,-7,118,-41,0
238622.2172,1168.8272,528,-453,-762,70,50,-3,91,-77,0
238622.2209,1168.8308,330,-649,-1126,73,22,-7,103,-144,0
238622.2232,1168.8332,601,-377,-1627,63,9,4,111,-181,0
238622.2408,1168.8508,831,-203,-1551,40,6,29,94,-243,0
238622.2434,1168.8533,1223,158,-1486,59,41,32,53,-278,0
238622.248,1168.858,1411,407,-1644,56,35,57,31,-357,0
238622.2639,1168.8739,1316,298,-2207,47,66,57,32,-384,0
238622.2686,1168.8786,1606,277,-3187,35,95,24,26,-381,0
238622.2723,1168.8823,1807,254,-3963,19,109,23,3,-382,0
238622.2819,1168.8919,1754,445,-3422,24,94,48,-15,-365,0
238622.2843,1168.8943,1327,201,-3068,16,70,76,-35,-350,0
238622.2866,1168.8966,1472,245,-2904,34,83,99,-48,-342,0
238622.306,1168.916,1589,431,-3830,43,69,111,-41,-380,0
238622.3086,1168.9186,1659,503,-3553,55,83,82,-51,-355,0
238622.311,1168.921,1396,401,-3513,49,101,55,-28,-343,0
238622.3412,1168.9511,1229,227,-3960,54,121,31,-19,-348,0
238622.3425,1168.9525,1277,289,-3745,50,117,42,1,-346,0
238622.3448,1168.9548,1024,70,-4749,38,94,41,-11,-371,0
238622.3691,1168.9791,1028,-13,-4650,39,67,22,-3,-376,0
238622.3726,1168.9826,878,-335,-4218,63,22,20,5,-359,0
238622.3757,1168.9856,759,-663,-3331,54,10,-13,7,-329,0
238622.3858,1168.9958,502,-933,-3425,46,14,-25,-5,-297,0
238622.3898,1168.9998,585,-1138,-3512,50,3,-25,-28,-280,0
238622.3921,1169.0021,186,-1785,-2975,45,0,-13,-44,-253,0
238622.4142,1169.0241,78,-2108,-1953,25,16,13,-57,-232,0
238622.4219,1169.0319,294,-1893,-1027,15,-1,59,-52,-242,0
238622.427,1169.037,308,-1905,-604,7,-37,49,-12,-270,0
238622.4466,1169.0566,22,-2090,-1038,29,-71,28,-1,-298,0
238622.4495,1169.0595,151,-1847,-642,63,-87,-4,-29,-301,0
238622.4509,1169.0609,321,-1955,191,72,-81,-14,-57,-309,0
238622.4682,1169.0782,375,-2110,577,88,-76,-18,-86,-335,0
238622.471,1169.081,14,-2399,416,69,-59,-23,-85,-375,0
238622.4739,1169.0839,-179,-2520,-191,33,-43,-50,-120,-406,0
238622.5133,1169.1233,-346,-2487,-524,52,-12,-82,-110,-443,0
238622.5146,1169.1246,-312,-2572,211,103,-25,-113,-121,-394,0
238622.516,1169.126,-114,-2760,1026,118,-9,-87,-81,-344,0
238622.5189,1169.1288,-91,-2939,752,118,10,-60,-119,-309,0
238622.521,1169.131,-201,-2774,439,107,14,-40,-140,-258,0
238622.5224,1169.1324,-324,-2692,865,107,1,-50,-140,-209,0
238622.5241,1169.134,-293,-2575,1400,119,-4,-59,-117,-213,0
238622.5267,1169.1366,-150,-2388,2042,106,-13,-86,-84,-214,0
238622.532,1169.142,-95,-1854,1776,71,-7,-75,-81,-201,0
238622.5482,1169.1582,-256,-1504,992,58,18,-80,-100,-188,0
238622.5508,1169.1608,-201,-1201,1528,75,2,-73,-105,-175,0
238622.5531,1169.1631,-104,-1460,1773,93,7,-35,-92,-140,0
238622.5696,1169.1795,288,-1276,1726,78,-5,-42,-89,-136,0
238622.5719,1169.1819,308,-946,1045,64,-34,-35,-44,-129,0
238622.5772,1169.1872,320,-899,839,48,-27,11,-39,-128,0
238622.5967,1169.2067,264,-952,1175,37,-34,46,-41,-135,0
238622.6009,1169.2108,352,-762,1865,16,-39,64,-23,-105,0
238622.6041,1169.2141,305,-655,2280,18,-27,57,3,-16,0
238622.6169,1169.2269,274,-185,2249,2,-3,32,1,46,0
238622.6232,1169.2332,223,422,1634,-34,-5,24,8,81,0
238622.629,1169.239,-193,344,1556,-51,-6,16,20,95,0
238622.6364,1169.2464,-350,-124,2199,-45,26,28,5,127,0
238622.6418,1169.2518,-169,-310,2377,-55,44,25,-4,150,0
238622.6461,1169.2561,-166,-86,2564,-63,39,43,-31,132,0
238622.6752,1169.2852,-280,-29,1489,-53,33,60,-39,118,0
238622.6778,1169.2878,-226,-188,1267,-73,73,54,-63,136,0
238622.6805,1169.2905,-129,-197,1272,-54,89,57,-80,136,0
238622.6845,1169.2945,95,377,2187,-72,39,53,-88,150,0
238622.6872,1169.2972,107,881,1542,-56,26,41,-114,112,0
238622.6956,1169.3055,63,1194,749,-46,52,13,-133,93,0
238622.7205,1169.3305,-188,376,422,-59,72,19,-131,70,0
238622.7221,1169.3321,-133,278,1043,-54,85,15,-120,41,0
238622.7248,1169.3348,43,705,1752,-46,115,2,-93,3,0
238622.7463,1169.3562,-182,821,1166,-32,148,-4,-46,-1,0
238622.7518,1169.3618,-196,847,397,-38,152,-4,-54,-32,0
238622.7586,1169.3686,-120,931,317,-24,133,0,-52,-34,0
238622.7847,1169.3947,-86,979,675,-49,149,13,-56,23,0
238622.7871,1169.3971,106,1266,2059,-72,166,-4,-47,67,0
238622.7896,1169.3996,-85,1381,2166,-103,176,13,-14,131,0
238622.8117,1169.4216,-13,1394,1708,-139,172,-1,41,170,0
238622.8142,1169.4242,262,1376,2032,-150,167,-8,73,217,0
238622.8166,1169.4266,183,933,2477,-144,140,-35,69,247,0
238622.8377,1169.4477,52,573,2675,-116,111,-27,65,275,0
238622.8417,1169.4517,-155,565,2212,-96,90,-32,41,266,0
238622.844,1169.454,-48,685,1577,-97,39,-26,64,249,0
238622.8631,1169.4731,-174,924,1616,-88,2,-6,55,264,0
238622.8655,1169.4755,186,1567,2291,-97,4,-13,53,264,0
238622.8674,1169.4774,558,1914,3565,-103,10,-7,65,269,0
238622.8907,1169.5007,445,1678,3191,-134,-6,35,63,225,0
238622.8931,1169.5031,158,2010,2406,-158,-4,52,47,219,0
238622.8956,1169.5056,364,2455,2411,-170,16,39,33,228,0
238622.9024,1169.5124,603,2507,2378,-157,11,49,31,274,0
238622.9061,1169.5161,682,2391,2331,-93,3,71,30,261,0
238622.912,1169.522,476,2519,1927,-100,13,46,29,248,0
238622.9137,1169.5237,385,2410,857,-113,8,21,30,220,0
238622.9157,1169.5256,520,2344,1485,-103,18,25,19,187,0
238622.9181,1169.528,546,2147,2322,-66,34,24,21,168,0
238622.9272,1169.5372,579,2153,2500,-51,54,-2,25,154,0
238622.9296,1169.5396,275,2018,1948,-29,80,-32,30,160,0
238622.9319,1169.5419,-80,1797,1014,-36,61,-55,0,165,0
238622.9613,1169.5713,-59,1837,1435,-57,43,-14,-37,166,0
238622.9636,1169.5736,259,2083,1980,-45,40,-2,-69,142,0
238622.9679,1169.5779,475,2120,1930,-38,38,-34,-90,116,0
238622.9923,1169.6023,550,2340,1752,-42,-2,-65,-79,107,0
238623.023,1169.633,198,2218,658,-26,-25,-79,-58,91,0
238623.0277,1169.6377,368,2319,995,4,-56,-87,-45,88,0
238623.0367,1169.6467,498,2466,1237,33,-51,-81,-45,95,0
238623.0426,1169.6526,806,3028,1246,8,-67,-91,-49,91,0
238623.0456,1169.6556,1058,3542,1181,-30,-63,-75,-28,98,0
238623.0495,1169.6595,1091,3648,-339,-18,-82,-68,-20,101,0
238623.0528,1169.6628,1144,3383,107,-47,-61,-81,-37,73,0
238623.0556,1169.6656,1288,3160,1101,-45,-35,-57,-35,95,0
238623.0588,1169.6688,1251,2927,486,-37,-35,7,-52,95,0
238623.0614,1169.6714,1106,2804,772,-37,-83,-5,-96,88,0
238623.0638,1169.6738,1046,2706,-329,-76,-83,-38,-107,96,0
238623.0705,1169.6805,972,2635,182,-139,-54,-33,-82,89,0
238623.0733,1169.6833,1046,2579,1042,-158,-79,-29,-81,47,0
238623.0758,1169.6858,1102,2641,894,-127,-105,-41,-84,44,0
238623.1125,1169.7225,1289,2752,993,-95,-120,-10,-76,42,0
238623.1172,1169.7272,1068,2661,-221,-54,-131,38,-96,35,0
238623.1216,1169.7315,731,2645,319,-38,-120,14,-96,-2,0
238623.1272,1169.7371,503,2654,805,-24,-82,24,-73,18,0
238623.13,1169.74,622,2713,654,-27,-91,-3,-62,27,0
238623.1326,1169.7426,772,2616,1376,-30,-80,-13,-53,47,0
238623.1572,1169.7672,599,2307,278,-58,-82,-46,-21,49,0
238623.1703,1169.7803,446,1879,825,-20,-63,-32,35,61,0
238623.1739,1169.7839,546,1913,1681,-20,-62,-30,19,74,0
238623.1865,1169.7965,801,1990,1590,-24,-26,-46,-4,127,0
238623.1907,1169.8007,660,2046,2243,-28,18,-54,19,180,0
238623.1942,1169.8042,568,1935,1320,-33,22,-64,-4,161,0
238623.2344,1169.8444,498,1943,1690,-58,-18,-59,-40,165,0
238623.2408,1169.8508,149,1549,2537,-71,-27,-59,-8,182,0
238623.2459,1169.8559,136,1442,2401,-89,-29,-63,-20,198,0
238623.256,1169.866,195,1418,2836,-105,-47,-76,-50,209,0
238623.2677,1169.8777,-179,1368,1855,-103,-71,-79,-41,202,0
238623.2826,1169.8926,-66,1345,2215,-96,-78,-75,-13,189,0
238623.2943,1169.9043,-212,1293,2611,-126,-77,-85,22,158,0
238623.3003,1169.9103,-256,1172,2552,-126,-64,-89,58,114,0
238623.3041,1169.9141,-422,1107,2465,-135,-69,-117,65,91,0
238623.3182,1169.9282,-527,1074,1552,-147,-105,-146,47,84,0
238623.3208,1169.9308,-582,956,2336,-183,-101,-132,67,93,0
238623.3238,1169.9338,-439,990,3138,-185,-84,-120,42,35,0
238623.328,1169.9379,-576,808,3182,-186,-91,-128,25,8,0
238623.3313,1169.9413,-596,554,2776,-189,-85,-140,48,-16,0
238623.334,1169.944,-677,528,2693,-186,-56,-145,54,-21,0
238623.3379,1169.9479,-690,465,3088,-151,-38,-144,43,-37,0
238623.3402,1169.9502,-543,612,3943,-143,-45,-112,40,-63,0
238623.3426,1169.9525,-473,641,4045,-144,-61,-108,19,-105,0
238623.3453,1169.9552,-364,670,3183,-130,-68,-113,0,-161,0
238623.3479,1169.9579,-378,409,2710,-103,-57,-102,-17,-225,0
238623.3504,1169.9604,-227,370,2783,-119,-93,-74,-36,-249,0
238623.3532,1169.9632,-99,431,2798,-43,-91,-98,-50,-240,0
238623.3558,1169.9658,93,427,3390,6,-101,-72,-46,-218,0
238623.3584,1169.9684,-10,339,2346,-28,-89,-56,-46,-221,0
238623.3856,1169.9956,-266,204,1486,-21,-107,-64,-32,-249,0
238623.3883,1169.9982,-427,292,1661,-32,-109,-56,-31,-241,0
238623.3909,1170.0009,-404,303,2096,-26,-86,-40,-25,-209,0
238623.4322,1170.0422,-226,436,2641,9,-85,-45,-39,-217,0
238623.4338,1170.0438,-305,239,1909,52,-111,-63,-47,-259,0
238623.4353,1170.0452,-379,231,1656,61,-136,-81,-71,-305,0
238623.4384,1170.0484,-64,413,1924,54,-125,-84,-112,-333,0
238623.4405,1170.0505,-67,262,2152,35,-108,-89,-137,-363,0
238623.4431,1170.0531,69,233,2625,27,-104,-63,-170,-415,0
238623.4629,1170.0729,64,226,1759,29,-145,-62,-204,-417,0
238623.4691,1170.0791,148,206,1729,2,-142,-34,-217,-426,0
238623.4737,1170.0837,64,264,1694,22,-113,-25,-204,-467,0
238623.4785,1170.0885,-50,333,2056,36,-117,22,-191,-496,0
238623.4831,1170.0931,275,526,2581,95,-95,64,-168,-503,0
238623.4875,1170.0975,139,464,863,88,-99,77,-172,-525,0
238623.5028,1170.1128,73,652,366,121,-90,44,-161,-558,0
238623.5055,1170.1155,335,887,755,90,-121,59,-172,-520,0
238623.508,1170.118,487,931,808,83,-122,67,-210,-498,0
238623.5371,1170.1471,409,616,958,121,-119,103,-229,-510,0
238623.5595,1170.1695,161,695,125,125,-90,112,-202,-538,0
238623.5652,1170.1752,118,683,-460,134,-81,113,-241,-544,0
238623.6106,1170.2206,8,594,84,181,-97,95,-252,-515,0
238623.6131,1170.2231,-161,409,827,188,-79,127,-267,-500,0
238623.6155,1170.2255,-136,258,907,153,-101,124,-242,-514,0
238623.6183,1170.2283,-58,241,-359,155,-111,124,-212,-518,0
238623.6229,1170.2329,-21,164,-691,163,-83,95,-258,-545,0
238623.6244,1170.2344,-17,219,-226,193,-80,73,-269,-543,0
238623.6357,1170.2457,218,221,306,212,-73,94,-241,-542,0
238623.6381,1170.248,259,172,1585,209,-51,111,-214,-478,0
238623.6404,1170.2504,225,189,638,159,-25,90,-195,-475,0
238623.6431,1170.2531,121,138,349,124,-50,47,-175,-453,0
238623.6453,1170.2553,259,249,1080,77,-42,54,-179,-469,0
238623.648,1170.258,305,248,1216,95,-43,69,-184,-419,0
238623.6538,1170.2638,217,228,2337,85,-38,65,-175,-369,0
238623.6579,1170.2679,205,235,1701,87,-36,70,-180,-326,0
238623.6615,1170.2715,362,318,735,85,-30,54,-178,-313,0
238623.6938,1170.3038,464,383,1312,97,-52,54,-155,-261,0
238623.7206,1170.3306,713,578,2522,97,-60,48,-138,-228,0
238623.7339,1170.3438,714,513,3184,103,-97,61,-121,-191,0
238623.7522,1170.3621,12,376,1640,96,-106,61,-130,-150,0
238623.7734,1170.3833,-268,375,2168,69,-124,52,-130,-98,0
238623.7866,1170.3966,80,681,2675,27,-122,39,-140,-44,0
238623.7972,1170.4072,15,599,2553,55,-109,42,-157,-50,0
238623.8031,1170.4131,307,689,4748,100,-127,51,-161,-44,0
238623.8074,1170.4174,155,320,2877,116,-169,59,-140,-26,0
238623.8122,1170.4222,-39,158,2250,87,-156,53,-97,-37,0
238623.8179,1170.4278,60,369,3213,84,-109,51,-77,-47,0
238623.823,1170.4329,-175,162,2835,111,-80,43,-112,-68,0
238623.8284,1170.4384,-57,327,3552,107,-56,57,-100,-67,0
238623.8326,1170.4426,-183,279,2221,96,-72,81,-75,-71,0
238623.8365,1170.4465,-235,165,2448,96,-79,74,-86,-107,0
238623.8397,1170.4496,-276,-39,2593,119,-59,19,-98,-101,0
238623.8423,1170.4523,-334,217,2677,147,-37,18,-113,-117,0
238623.8572,1170.4672,-14,295,3924,176,-31,-1,-120,-128,0
238623.8607,1170.4707,-239,331,2168,178,-21,-22,-169,-163,0
238623.8635,1170.4734,-408,468,1177,167,-30,-13,-189,-229,0
238623.8661,1170.4761,-447,483,1231,184,-17,4,-165,-265,0
238623.8722,1170.4822,-252,503,909,169,-19,29,-141,-243,0
238623.8764,1170.4864,-150,509,1857,139,-72,57,-119,-283,0
238623.8793,1170.4893,-185,563,897,133,-106,72,-88,-333,0
238623.8824,1170.4924,-256,415,-193,134,-122,97,-108,-327,0
238623.885,1170.495,-82,331,794,109,-122,109,-153,-278,0
238623.8875,1170.4975,-77,339,1013,104,-107,106,-189,-308,0
238623.947,1170.557,-39,535,1789,123,-84,83,-192,-352,0
238623.9496,1170.5596,-233,410,-27,98,-159,64,-202,-366,0
238623.9523,1170.5623,-194,449,-572,98,-188,56,-220,-381,0
238623.9799,1170.5899,-118,450,-140,123,-155,51,-198,-353,0
238623.9828,1170.5928,2,423,168,116,-119,50,-196,-355,0
238623.9852,1170.5952,-72,552,1265,112,-96,64,-189,-400,0
238623.9879,1170.5979,-234,507,-116,96,-76,50,-158,-419,0
238623.9903,1170.6003,-186,492,-826,109,-80,46,-117,-412,0
238623.9927,1170.6027,288,516,130,111,-101,34,-105,-407,0
238623.9995,1170.6095,-41,249,954,99,-77,52,-90,-395,0
238624.0045,1170.6144,133,288,1052,120,-49,71,-105,-398,0
238624.0082,1170.6181,-38,344,-280,115,-50,68,-124,-337,0
238624.0132,1170.6232,297,377,-1258,87,-63,37,-124,-300,0
238624.0174,1170.6274,111,411,287,37,-48,27,-87,-286,0
238624.0206,1170.6306,225,303,1369,18,-15,10,-110,-294,0
238624.0247,1170.6347,554,241,936,12,11,5,-117,-272,0
238624.0289,1170.6388,461,107,804,10,24,-12,-114,-266,0
238624.0404,1170.6504,172,12,-111,19,38,0,-128,-248,0
238624.0614,1170.6714,368,6,690,17,63,3,-114,-217,0
238624.064,1170.674,311,-126,1121,37,72,4,-109,-217,0
238624.067,1170.677,251,-87,1776,35,69,-1,-117,-205,0
238624.0699,1170.6799,172,-336,1191,62,72,-21,-116,-236,0
238624.0724,1170.6824,-22,-388,529,90,68,9,-116,-229,0
238624.0755,1170.6854,57,-282,1248,77,82,6,-105,-181,0
238624.0788,1170.6888,308,-147,1336,77,102,-14,-110,-127,0
238624.087,1170.6969,365,-331,942,27,59,-48,-101,-112,0
238624.0892,1170.6992,249,-277,395,12,52,-5,-92,-89,0
238624.1124,1170.7224,-104,-337,-935,13,63,0,-98,-82,0
238624.1139,1170.7239,364,-97,978,33,102,-7,-116,-48,0
238624.116,1170.7259,431,-58,1756,30,93,-1,-135,-23,0
238624.1262,1170.7361,574,-37,1400,43,110,27,-153,-8,0
238624.1292,1170.7392,440,-155,1302,47,82,27,-153,19,0
238624.1313,1170.7413,117,-324,-501,46,85,-35,-154,70,0
238624.1708,1170.7808,548,-260,1169,7,93,-39,-104,77,0
238624.1728,1170.7828,822,-6,3706,23,92,-50,-63,107,0
238624.1807,1170.7907,367,-135,1673,39,82,-36,-66,94,0
238624.1862,1170.7962,182,-170,1987,49,55,-22,-54,95,0
238624.1904,1170.8004,-94,-234,364,27,44,-19,-48,76,0
238624.1934,1170.8034,51,-256,1626,23,20,-32,-46,43,0
238624.2172,1170.8272,207,-237,3236,0,-5,-33,-43,44,0
238624.2225,1170.8325,259,-144,2871,29,-24,-27,-17,30,0
238624.2274,1170.8374,470,124,2469,61,-31,-23,-2,18,0
238624.2361,1170.8461,339,8,661,76,-23,-19,-12,27,0
238624.2398,1170.8498,526,192,1441,90,-36,-25,12,44,0
238624.2435,1170.8535,696,186,2087,64,-30,-50,4,46,0
238624.2591,1170.8691,782,144,1752,37,-46,-51,-43,55,0
238624.2635,1170.8734,804,171,1349,34,-51,-35,-26,54,0
238624.2671,1170.8771,620,64,1068,48,-51,-26,0,42,0
238624.2873,1170.8973,535,21,2286,21,-20,-25,-15,12,0
238624.2898,1170.8998,540,-7,3001,14,-32,-20,-6,-41,0
238624.293,1170.903,662,-36,2359,30,-34,-47,5,-44,0
238624.3129,1170.9229,533,-124,1411,34,-61,-45,-3,-66,0
238624.3151,1170.9251,200,-259,827,87,-44,-42,-26,-93,0
238624.3178,1170.9278,492,-149,1990,129,-15,-2,-25,-121,0
238624.333,1170.943,570,-72,2079,127,28,30,-33,-159,0
238624.3354,1170.9454,521,-173,2004,152,44,46,21,-226,0
238624.3377,1170.9477,303,-371,782,159,32,33,21,-224,0
238624.34,1170.95,315,-418,182,162,-2,-2,-9,-221,0
238624.3442,1170.9542,347,-251,1620,168,28,-13,-11,-217,0
238624.3475,1170.9575,341,-198,2137,170,67,-27,0,-195,0
238624.3661,1170.9761,348,-137,611,141,70,-47,-3,-211,0
238624.3786,1170.9886,352,-176,1335,147,75,-57,-15,-224,0
238624.3814,1170.9914,-58,-285,79,134,72,-26,-1,-194,0
238624.391,1171.001,49,-260,376,119,63,-28,-7,-158,0
238624.3943,1171.0043,258,-201,1936,97,100,-25,-34,-141,0
238624.3981,1171.0081,213,-215,1474,76,141,-11,-57,-150,0
238624.428,1171.038,125,-186,1169,64,149,-16,-51,-187,0
238624.4308,1171.0407,-45,-267,324,42,130,8,-81,-206,0
238624.4347,1171.0447,203,-117,1141,19,110,10,-99,-238,0
238624.4547,1171.0647,469,-3,1478,5,109,11,-132,-272,0
238624.4595,1171.0695,536,-24,450,-6,124,31,-136,-349,0
238624.4622,1171.0721,87,-211,-381,32,99,79,-167,-396,0
238624.4739,1171.0839,80,-79,-815,78,63,60,-207,-394,0
238624.4753,1171.0853,285,54,-127,118,29,34,-240,-377,0
238624.4772,1171.0872,717,282,361,92,15,4,-243,-349,0
238624.4921,1171.1021,683,226,-419,60,31,-37,-242,-299,0
238624.4948,1171.1048,511,211,-1039,66,51,-56,-219,-241,0
238624.4962,1171.1062,456,288,-2248,71,76,-42,-181,-197,0
238624.5241,1171.134,824,301,-1140,33,90,-55,-168,-178,0
238624.5272,1171.1372,942,256,-426,44,79,-54,-177,-179,0
238624.5314,1171.1414,656,87,-1119,45,60,-64,-142,-78,0
238624.5377,1171.1476,648,-67,-1446,29,57,-46,-96,2,0
238624.5446,1171.1546,488,-139,-1527,12,46,-36,-83,-17,0
238624.5537,1171.1637,478,-157,-415,-1,62,-31,-35,-7,0
238624.5705,1171.1804,454,-12,1018,-20,76,-44,26,12,0
238624.5804,1171.1904,457,-93,-41,-7,42,-50,29,61,0
238624.5928,1171.2028,597,2,397,4,22,-37,18,63,0
238624.6064,1171.2163,539,-145,-417,4,14,-12,29,87,0
238624.6208,1171.2308,758,44,485,1,3,-13,40,146,0
238624.6326,1171.2426,978,167,1758,18,7,8,70,202,0
238624.6505,1171.2605,1037,18,873,-4,12,13,92,196,0
238624.6544,1171.2644,778,-307,1453,-23,30,47,84,178,0
238624.6568,1171.2668,392,-489,951,-13,79,77,88,160,0
238624.6598,1171.2697,236,-451,1554,6,138,93,97,156,0
238624.6622,1171.2722,210,-425,1932,30,159,101,88,150,0
238624.6645,1171.2745,35,-509,636,11,146,111,99,144,0
238624.6943,1171.3043,97,-303,1589,-21,149,91,118,159,0
238624.706,1171.316,91,-91,1116,-45,127,84,125,158,0
238624.7096,1171.3196,388,111,2024,-38,101,79,130,172,0
238624.7411,1171.3511,266,-17,2909,-30,81,63,193,156,0
238624.7475,1171.3575,-20,-45,518,-39,56,39,171,130,0
238624.7572,1171.3672,-130,-236,441,-48,53,28,158,121,0
238624.7626,1171.3726,-249,-391,-367,-30,42,-10,158,118,0
238624.7702,1171.3802,111,-97,8,-28,27,-3,156,86,0
238624.7797,1171.3897,251,-54,635,-28,48,5,105,44,0
238624.7857,1171.3957,14,-157,513,20,56,38,88,43,0
238624.7896,1171.3996,-243,-319,184,48,38,56,108,8,0
238624.7941,1171.4041,-290,-227,-190,75,47,16,104,14,0
238624.799,1171.409,29,-93,284,88,44,-12,100,-5,0
238624.8033,1171.4132,-44,110,1199,72,1,3,98,41,0
238624.8068,1171.4168,94,136,158,91,12,-12,82,46,0
238624.811,1171.421,203,155,-133,91,20,-32,88,35,0
238624.8184,1171.4284,106,169,-821,76,26,-47,99,4,0
238624.8255,1171.4355,26,144,88,82,23,-66,116,-11,0
238624.8358,1171.4458,422,116,1087,92,20,-40,66,-5,0
238624.8416,1171.4516,235,11,406,117,23,-4,41,5,0
238624.857,1171.467,18,63,-93,139,33,-48,17,36,0
238624.8763,1171.4862,190,331,-521,126,16,-45,17,20,0
238624.8865,1171.4964,326,542,-680,116,-15,-27,18,-4,0
238624.9018,1171.5117,165,498,69,119,-16,-21,31,35,0
238624.915,1171.5249,60,510,-1199,98,-28,-8,8,1,0
238624.9244,1171.5344,126,477,-1235,101,-31,-6,-12,-53,0
238624.9279,1171.5379,-154,301,-1767,123,-79,-30,-4,-75,0
238624.9344,1171.5443,-76,366,-1113,132,-71,-36,7,-57,0
238624.9394,1171.5493,1,564,-520,102,-42,-53,22,-35,0
238624.9436,1171.5536,43,474,-1679,97,-21,-77,1,-34,0
238624.9484,1171.5583,-50,547,-1724,71,-30,-89,-16,-52,0
238624.9522,1171.5622,-207,731,-1428,55,-65,-84,-28,-62,0
238624.9549,1171.5648,-101,934,-204,32,-61,-71,-54,-73,0
238624.9583,1171.5683,-10,870,674,17,-71,-55,-80,-67,0
238624.9609,1171.5709,33,846,406,44,-109,-26,-100,-91,0
238624.9653,1171.5753,-71,806,-119,50,-110,-27,-114,-128,0
238624.9683,1171.5783,-160,714,-925,37,-105,-41,-102,-179,0
238624.984,1171.594,210,945,-53,40,-87,-27,-144,-203,0
238624.9867,1171.5967,491,1029,420,67,-95,0,-178,-240,0
238624.9896,1171.5996,393,869,-61,106,-69,-7,-189,-205,0
238624.9922,1171.6021,328,878,-445,106,-52,-21,-172,-211,0
238624.9956,1171.6055,296,798,-318,90,-22,-10,-173,-262,0
238624.9985,1171.6085,661,663,881,107,-45,-18,-173,-267,0
238625.001,1171.611,703,536,1145,121,-49,-5,-172,-285,0
238625.0037,1171.6137,316,562,629,144,-45,27,-192,-350,0
238625.0272,1171.6372,211,617,40,183,-31,17,-158,-394,0
238625.0308,1171.6408,177,574,-286,177,-27,11,-153,-398,0
238625.034,1171.644,311,622,207,186,-66,-1,-131,-390,0
238625.0516,1171.6616,384,519,146,152,-71,4,-150,-321,0
238625.0542,1171.6642,267,375,-399,108,-58,-25,-187,-286,0
238625.0567,1171.6667,317,362,-398,83,-15,-34,-199,-277,0
238625.074,1171.684,175,422,-956,98,-25,-39,-157,-229,0
238625.0761,1171.6861,160,515,106,83,-27,-32,-140,-136,0
238625.0797,1171.6896,159,610,922,35,-27,-34,-107,-66,0
238625.0828,1171.6928,158,594,142,22,-4,-12,-111,-51,0
238625.0854,1171.6954,-16,487,-357,23,-33,8,-126,-77,0
238625.0901,1171.7,-50,508,-974,22,-13,37,-132,-66,0
238625.1021,1171.7121,337,618,-682,21,7,36,-147,-72,0
238625.1066,1171.7166,551,711,-801,40,15,61,-146,-65,0
238625.1091,1171.7191,376,669,-1122,77,13,75,-147,-68,0
238625.1329,1171.7429,95,557,-1550,78,28,57,-155,-34,0
238625.1391,1171.7491,-62,396,-2050,85,79,60,-163,6,0
238625.1439,1171.7539,67,513,-901,94,122,58,-179,6,0
238625.1587,1171.7687,62,637,-692,101,158,84,-156,42,0
238625.164,1171.774,79,576,-1001,80,138,111,-168,52,0
238625.1708,1171.7808,151,552,-983,115,169,108,-175,67,0
238625.1892,1171.7992,17,395,-1112,146,133,133,-167,87,0
238625.1925,1171.8025,128,583,463,115,147,134,-127,140,0
238625.1969,1171.8069,-19,528,541,80,106,99,-125,159,0
238625.2104,1171.8204,-379,382,-822,56,98,110,-137,149,0
238625.2294,1171.8394,-522,182,-193,54,85,104,-101,179,0
238625.2357,1171.8457,-393,198,13,61,103,65,-130,237,0
238625.259,1171.869,92,563,597,78,99,60,-133,287,0
238625.2652,1171.8752,321,647,1640,97,106,94,-114,317,0
238625.2733,1171.8833,46,546,83,76,93,92,-111,325,0
238625.2865,1171.8965,178,703,2096,75,82,89,-135,342,0
238625.2954,1171.9054,218,590,4433,84,45,47,-140,336,0
238625.3019,1171.9119,147,513,6216,107,1,23,-127,292,0
238625.3099,1171.9199,43,568,7281,124,-5,22,-125,289,0
238625.3152,1171.9251,185,706,6787,112,39,25,-119,266,0
238625.3201,1171.93,227,693,6968,82,20,35,-123,273,0
238625.3231,1171.9331,20,520,6172,98,-7,40,-145,260,0
238625.3257,1171.9356,98,532,6768,129,10,56,-163,277,0
238625.3281,1171.9381,222,591,6455,129,25,42,-108,259,0
238625.3536,1171.9635,388,512,5702,112,3,38,-117,266,0
238625.3588,1171.9688,396,328,4315,74,2,39,-146,237,0
238625.3638,1171.9738,266,343,3729,75,12,26,-144,243,0
238625.3669,1171.9769,351,414,4541,76,45,4,-104,267,0
238625.3692,1171.9792,505,456,5078,80,65,-7,-102,306,0
238625.3732,1171.9832,334,394,3798,103,60,14,-129,382,0
238625.3907,1172.0007,125,325,3057,110,48,6,-160,432,0
238625.3932,1172.0032,222,260,3158,69,53,16,-181,433,0
238625.3957,1172.0057,571,467,4093,72,72,67,-172,423,0
238625.4228,1172.0327,569,413,4272,69,108,68,-152,446,0
238625.4253,1172.0352,592,503,3554,61,117,58,-138,426,0
238625.428,1172.038,400,370,3236,49,122,80,-133,388,0
238625.472,1172.082,125,329,2621,62,131,98,-136,355,0
238625.4745,1172.0845,307,472,2954,66,133,88,-116,336,0
238625.477,1172.087,402,513,2857,113,155,74,-82,324,0
238625.4855,1172.0954,236,466,1552,173,154,48,-76,268,0
238625.4879,1172.0979,399,564,1663,169,137,32,-36,208,0
238625.4904,1172.1004,402,688,1546,170,127,23,-22,166,0
238625.4919,1172.1019,394,787,1687,236,131,3,-34,121,0
238625.495,1172.105,263,746,2186,250,119,-18,-38,110,0
238625.4977,1172.1077,330,576,891,231,73,-18,-40,79,0
238625.5024,1172.1124,512,569,740,207,29,-26,-74,44,0
238625.505,1172.115,515,507,296,193,1,-34,-42,41,0
238625.5079,1172.1179,709,459,875,227,34,-48,-3,50,0
238625.5337,1172.1437,923,490,986,258,30,-51,13,-5,0
238625.5397,1172.1497,844,236,206,266,31,-68,12,-71,0
238625.5468,1172.1567,794,115,-33,263,11,-94,22,-92,0
238625.5538,1172.1638,727,7,-634,261,12,-73,-24,-100,0
238625.562,1172.172,822,27,-55,243,-5,-62,-34,-111,0
238625.5669,1172.1769,806,-134,362,247,11,-54,-42,-166,0
238625.5803,1172.1903,693,-142,-834,275,-20,-82,-81,-192,0
238625.5827,1172.1927,422,-297,-1352,268,-46,-71,-116,-232,0
238625.586,1172.196,293,-433,-1534,258,-46,-44,-129,-204,0
238625.5968,1172.2068,627,-278,-936,238,-73,-31,-134,-188,0
238625.5998,1172.2097,491,-362,-362,209,-92,-40,-166,-182,0
238625.6026,1172.2126,341,-339,-1116,200,-74,-22,-206,-191,0
238625.6245,1172.2345,337,-360,-1767,189,-67,14,-207,-167,0
238625.6271,1172.237,393,-260,-1989,204,-51,24,-171,-175,0
238625.6373,1172.2473,366,-375,-970,219,-35,2,-168,-148,0
238625.6539,1172.2639,568,-133,366,228,-32,-7,-183,-136,0
238625.6585,1172.2684,489,-138,-334,229,-52,-4,-162,-101,0
238625.6607,1172.2706,325,-239,-674,238,-112,7,-131,-57,0
238625.6662,1172.2761,287,-270,-779,205,-139,15,-93,-30,0
238625.6722,1172.2822,533,-329,55,207,-144,49,-83,-40,0
238625.6755,1172.2855,266,-274,282,227,-122,72,-101,-61,0
238625.6806,1172.2906,-73,-359,-369,254,-114,74,-124,-69,0
238625.6839,1172.2939,-7,-276,-218,266,-133,55,-125,-93,0
238625.6865,1172.2965,218,-356,-386,248,-146,57,-120,-120,0
238625.7108,1172.3207,401,-183,251,214,-90,34,-144,-141,0
238625.7145,1172.3245,259,-233,208,204,-82,7,-177,-173,0
238625.7199,1172.3299,272,-135,-808,212,-93,3,-170,-231,0
238625.758,1172.368,297,51,-1312,201,-108,29,-132,-249,0
238625.7648,1172.3748,116,-41,-1448,222,-116,34,-113,-216,0
238625.77,1172.38,237,52,-578,199,-125,46,-110,-192,0
238625.7841,1172.3941,559,22,322,174,-103,34,-99,-155,0
238625.7878,1172.3977,581,-57,-366,142,-102,52,-88,-176,0
238625.7932,1172.4031,519,-164,-744,160,-102,62,-48,-166,0
238625.8109,1172.4208,499,-182,-422,182,-75,48,-65,-115,0
238625.8231,1172.4331,559,-282,222,215,-55,61,-48,-126,0
238625.8299,1172.4399,459,-218,479,195,-44,58,-43,-121,0
238625.8356,1172.4456,181,-108,-868,170,-73,52,-23,-124,0
238625.8448,1172.4548,-169,-264,-1303,194,-90,58,-31,-113,0
238625.8519,1172.4618,-230,-333,-1260,176,-105,69,-72,-91,0
238625.8586,1172.4686,190,-213,-320,154,-130,40,-71,-27,0
238625.8594,1172.4694,341,-151,52,145,-143,47,-57,6,0
238625.8601,1172.4701,321,-206,-691,142,-105,78,-40,19,0
238625.8755,1172.4855,233,-155,-555,146,-102,74,-15,74,0
238625.8817,1172.4917,114,-90,-634,111,-97,44,3,86,0
238625.8886,1172.4985,201,-23,-248,82,-70,53,-6,108,0
238625.8962,1172.5061,230,3,262,20,-76,60,6,155,0
238625.9006,1172.5106,12,9,-838,18,-102,49,24,158,0
238625.9034,1172.5134,38,65,-826,5,-87,26,39,147,0
238625.9114,1172.5214,89,-44,-432,49,-71,21,68,129,0
238625.9149,1172.5249,424,-68,368,89,-68,7,54,108,0
238625.9236,1172.5336,464,-168,281,133,-88,23,32,47,0
238625.9491,1172.5591,248,-306,-950,160,-70,37,25,-20,0
238625.9529,1172.5629,215,-321,-622,151,-64,57,-3,-75,0
238625.9547,1172.5647,191,-332,-813,182,-55,28,-10,-67,0
238625.9883,1172.5983,303,-298,-462,196,-78,34,-17,-104,0
238626.0179,1172.6279,322,-407,-252,231,-53,34,-26,-103,0
238626.0195,1172.6295,254,-273,-751,257,-54,56,-41,-143,0
238626.0222,1172.6322,26,-344,-1038,262,-62,58,-71,-163,0
238626.0256,1172.6356,-125,-459,-1061,226,-74,60,-75,-185,0
238626.0352,1172.6452,100,-383,-386,207,-54,44,-101,-181,0
238626.0508,1172.6608,209,-254,-165,237,-66,36,-112,-185,0
238626.0635,1172.6735,2,-488,-1112,249,-39,32,-133,-173,0
238626.0715,1172.6815,-173,-526,-1193,267,-35,45,-110,-156,0
238626.0885,1172.6984,-177,-415,-1209,286,-28,40,-112,-125,0
238626.092,1172.702,6,-210,-606,286,-8,56,-86,-101,0
238626.0944,1172.7044,342,53,-204,276,17,64,-103,-74,0
238626.1012,1172.7112,404,146,-1144,253,17,47,-130,-49,0
238626.1063,1172.7163,512,36,-1251,238,24,14,-142,-67,0
238626.1128,1172.7227,643,73,-954,245,34,43,-138,-120,0
238626.1272,1172.7372,772,70,-122,316,4,58,-141,-199,0
238626.1307,1172.7406,723,2,-112,340,20,69,-137,-207,0
238626.1332,1172.7432,319,-270,-1229,325,41,65,-167,-227,0
238626.1359,1172.7458,490,-187,-1380,317,44,90,-152,-241,0
238626.1376,1172.7475,413,-137,-950,341,43,118,-128,-272,0
238626.14,1172.7499,457,-101,-62,353,73,73,-105,-234,0
238626.1527,1172.7627,350,-205,609,365,89,43,-121,-180,0
238626.1554,1172.7654,225,-325,-240,365,108,-1,-152,-166,0
238626.1582,1172.7682,0,-340,-698,364,133,10,-185,-134,0
238626.1699,1172.7799,87,-225,-793,366,121,22,-167,-81,0
238626.1725,1172.7825,349,-77,264,379,105,1,-129,-26,0
238626.1751,1172.7851,390,-80,509,370,118,-35,-129,36,0
238626.178,1172.788,424,-102,76,346,116,-28,-142,59,0
238626.181,1172.791,439,-83,74,329,113,-1,-148,52,0
238626.1854,1172.7954,358,-171,67,315,100,5,-135,67,0
238626.2044,1172.8144,488,-260,1015,314,122,-45,-126,138,0
238626.2067,1172.8167,300,-394,1421,297,130,-86,-148,150,0
238626.2091,1172.8191,202,-415,956,274,94,-53,-176,115,0
238626.2186,1172.8286,99,-533,522,247,52,-5,-173,107,0
238626.2213,1172.8312,203,-522,975,262,62,15,-183,123,0
238626.2237,1172.8337,396,-417,1356,252,86,10,-171,107,0
238626.2337,1172.8437,402,-506,1209,272,111,-28,-159,125,0
238626.2358,1172.8458,240,-677,-2,327,115,-42,-167,110,0
238626.2382,1172.8482,223,-661,112,362,135,-42,-207,87,0
238626.2785,1172.8885,312,-479,266,371,173,-72,-203,81,0
238626.28,1172.89,256,-426,622,379,161,-95,-182,107,0
238626.2824,1172.8924,93,-587,524,389,165,-85,-163,145,0
238626.2939,1172.9038,28,-621,-58,386,175,-86,-130,159,0
238626.2965,1172.9064,162,-541,713,380,188,-58,-113,210,0
238626.2989,1172.9089,196,-548,784,368,189,-32,-114,264,0
238626.3186,1172.9286,194,-513,1541,317,183,-1,-117,275,0
238626.3228,1172.9327,-39,-601,1696,262,200,17,-113,243,0
238626.3252,1172.9352,-112,-670,1216,246,196,14,-96,236,0
238626.341,1172.951,-111,-610,1251,238,220,-9,-86,218,0
238626.3441,1172.954,-152,-471,1378,223,253,-25,-92,191,0
238626.3644,1172.9744,111,-356,1777,191,244,-32,-119,199,0
238626.3779,1172.9879,325,-374,1911,160,189,-29,-133,219,0
238626.3888,1172.9988,291,-372,1133,117,138,-34,-123,199,0
