"","timestamp","relative_time","Ch1","Ch2","Ch3","Ch4","Ch5","Ch6","Ch7","Ch8","Ch9"
"1",95480.0931128,415.0039,325,430,1501,-39,-96,1,-58,105,0
"2",95480.0943741,415.0052,-237,190,4918,-30,-124,12,-30,133,0
"3",95480.095814,415.0066,118,164,-344,-9,-138,41,-49,127,0
"4",95480.1265419,415.0374,122,648,7584,-20,-121,28,-59,169,0
"5",95480.1285554,415.0394,-124,234,1617,-32,-103,33,-99,148,0
"6",95480.1305944,415.0414,201,788,2800,-13,-94,42,-89,151,0
"7",95480.1320462,415.0429,-166,297,2656,-20,-83,21,-40,139,0
"8",95480.1333051,415.0441,66,93,-4347,-6,-102,13,-46,102,0
"9",95480.1377554,415.0486,48,329,2169,8,-61,7,-34,105,0
"10",95480.1595815,415.0704,-101,-298,-1472,21,-123,-19,-8,132,0
"11",95480.1610669,415.0719,252,192,2473,-21,-79,-22,21,148,0
"12",95480.1623071,415.0731,-338,-194,4026,-27,-42,-20,14,155,0
"13",95480.1638775,415.0747,-3,-364,-3178,-43,-49,-11,-40,134,0
"14",95480.1651684,415.076,38,-58,4947,-34,-28,-24,-48,153,0
"15",95480.166435,415.0773,-217,-526,-3334,-3,-48,-35,-16,156,0
"16",95480.1965084,415.1073,1,140,-618,-9,-47,-80,1,118,0
"17",95480.1977842,415.1086,-326,-188,3182,-26,-34,-114,-20,110,0
"18",95480.1992119,415.11,-2,-48,-5259,-42,-53,-141,-17,105,0
"19",95480.2310129,415.1418,-88,339,12,-70,-15,-95,-33,100,0
"20",95480.2324918,415.1433,-60,-215,-3548,-60,9,-84,-57,135,0
"21",95480.2338185,415.1446,347,293,22,-10,24,-83,-40,186,0
"22",95480.2618053,415.1726,44,-98,2562,14,53,-102,-20,189,0
"23",95480.2630991,415.1739,143,-126,-2644,11,13,-105,-30,164,0
"24",95480.2645962,415.1754,184,292,2818,-5,22,-95,4,179,0
"25",95480.2661229,415.1769,121,-483,-2235,-33,11,-81,2,180,0
"26",95480.2673754,415.1782,464,140,412,-25,-9,-65,-7,204,0
"27",95480.2686726,415.1795,219,10,-839,-31,-23,-55,-51,191,0
"28",95480.2965797,415.2074,389,103,-5318,-21,-63,-58,-49,198,0
"29",95480.2980246,415.2088,184,627,1142,-44,-58,-21,-30,225,0
"30",95480.2999566,415.2108,-147,-130,-4839,-61,-84,-46,-18,230,0
"31",95480.3300098,415.2408,362,346,-827,-62,-130,-65,26,240,0
"32",95480.3314152,415.2422,-76,-91,195,-70,-83,-77,25,218,0
"33",95480.3326678,415.2435,102,-326,-7486,-53,-108,-70,6,156,0
"34",95480.3380722,415.2489,19,100,-1492,-28,-70,-94,-25,145,0
"35",95480.3393789,415.2502,-149,-422,-5554,-36,-32,-139,-6,132,0
"36",95480.3407825,415.2516,58,232,-2628,-5,-49,-163,-14,144,0
"37",95480.392929,415.3038,-323,-118,2979,29,-11,-174,24,158,0
"38",95480.3946762,415.3055,-84,-285,-3113,75,-53,-231,11,157,0
"39",95480.3963745,415.3072,-123,56,84,88,-34,-242,25,146,0
"40",95480.4182194,415.329,-346,-491,-3526,93,-30,-236,9,161,0
"41",95480.4196081,415.3304,63,347,2108,104,-34,-255,3,156,0
"42",95480.4209645,415.3318,-588,81,804,70,-3,-251,34,173,0
"43",95480.4225745,415.3334,-43,-89,-5165,20,-17,-255,44,175,0
"44",95480.4269835,415.3378,67,251,3279,-7,1,-264,36,159,0
"45",95480.4282828,415.3391,-144,-393,-1741,9,-10,-235,15,171,0
"46",95480.4541024,415.3649,173,318,952,65,-7,-191,-8,179,0
"47",95480.4555721,415.3664,-13,284,2068,83,25,-205,-23,164,0
"48",95480.4568199,415.3676,349,71,-5520,66,-7,-200,-50,118,0
"49",95480.4860495,415.3969,284,533,3802,39,-8,-200,-8,130,0
"50",95480.4874482,415.3983,113,-115,-94,30,6,-178,9,130,0
"51",95480.4888371,415.3997,121,558,811,57,-21,-198,4,120,0
"52",95480.4903204,415.4011,-281,258,3542,105,-7,-213,30,132,0
"53",95480.491584,415.4024,-68,-45,100,83,-8,-199,30,114,0
"54",95480.4928731,415.4037,-212,437,5752,38,51,-186,31,97,0
"55",95480.52286,415.4337,-519,-105,1093,47,60,-177,39,100,0
"56",95480.524321,415.4351,-260,390,3515,43,89,-200,24,103,0
"57",95480.525631,415.4365,-748,-56,6464,58,105,-208,43,93,0
"58",95480.5554774,415.4663,-376,-70,1954,74,95,-225,39,99,0
"59",95480.5569738,415.4678,-327,448,7234,46,87,-238,51,122,0
"60",95480.5582842,415.4691,-527,-140,-361,64,89,-245,94,128,0
"61",95480.561767,415.4726,-120,389,1926,45,77,-257,82,137,0
"62",95480.5631837,415.474,-531,89,3607,39,121,-241,32,129,0
"63",95480.5644692,415.4753,-73,61,-4727,50,90,-268,1,106,0
"64",95480.5922903,415.5031,-227,557,4501,57,71,-232,26,95,0
"65",95480.5938368,415.5047,-208,-171,-73,89,63,-219,25,85,0
"66",95480.5952119,415.506,97,342,2111,97,65,-175,63,71,0
"67",95480.5968175,415.5076,-504,10,3632,72,80,-198,89,48,0
"68",95480.5980761,415.5089,-118,-299,-719,50,63,-200,52,92,0
"69",95480.5994389,415.5103,-148,87,3740,45,79,-213,49,108,0
"70",95480.6292796,415.5401,-394,-545,-2069,26,60,-208,46,90,0
"71",95480.6306256,415.5415,-16,199,-1779,7,51,-211,64,74,0
"72",95480.6318509,415.5427,-256,-39,-1316,-5,76,-196,44,68,0
"73",95480.6656852,415.5765,-60,-215,-5700,9,40,-196,78,78,0
"74",95480.6671595,415.578,-385,224,1185,-39,62,-183,86,104,0
"75",95480.6684299,415.5793,-389,-377,-4797,-59,70,-164,66,90,0
"76",95480.6698726,415.5807,43,217,-2437,-37,89,-173,74,56,0
"77",95480.6712065,415.582,-157,-146,100,-31,133,-140,94,57,0
"78",95480.6726441,415.5835,29,-164,-6157,-33,76,-120,103,19,0
"79",95480.7005618,415.6114,47,352,1850,6,96,-115,81,9,0
"80",95480.7049577,415.6158,-124,-320,-2773,19,94,-83,80,26,0
"81",95480.706391,415.6172,158,255,-2406,49,41,-62,50,48,0
"82",95480.7481465,415.659,-122,-10,2337,41,72,-35,6,49,0
"83",95480.7495158,415.6603,235,-137,-399,46,68,-28,-12,24,0
"84",95480.7509675,415.6618,203,253,5248,49,121,-28,-4,39,0
"85",95480.7525226,415.6633,-29,-417,-689,53,129,-37,-12,69,0
"86",95480.7537869,415.6646,378,330,1628,81,132,-32,-13,74,0
"87",95480.7552688,415.6661,-97,-3,2601,85,145,-8,-30,74,0
"88",95480.7870515,415.6979,22,-170,-3314,64,122,16,-31,34,0
"89",95480.7884445,415.6993,-110,385,4695,-1,132,14,-38,13,0
"90",95480.7899655,415.7008,-315,-200,-1900,-55,99,-2,-30,2,0
"91",95480.7914416,415.7023,157,344,1220,-34,93,-7,-33,14,0
"92",95480.7927973,415.7036,-431,99,5234,-59,141,-26,-45,37,0
"93",95480.7941371,415.705,-95,-11,-3871,-50,105,-27,-116,42,0
"94",95480.8354889,415.7463,38,427,4162,-85,91,-27,-88,30,0
"95",95480.8369121,415.7477,-243,-179,634,-74,100,-69,-112,43,0
"96",95480.8381431,415.749,87,443,1426,-102,81,-107,-108,39,0
"97",95480.8395439,415.7504,-62,185,6367,-115,107,-73,-115,67,0
"98",95480.8407923,415.7516,101,-30,986,-127,107,-93,-128,81,0
"99",95480.8423116,415.7531,-111,379,7627,-144,128,-82,-96,115,0
"100",95480.8744013,415.7852,-330,-294,3724,-142,118,-91,-81,122,0
"101",95480.8757354,415.7866,220,362,6050,-129,132,-93,-45,120,0
"102",95480.8770906,415.7879,-123,254,6068,-100,154,-72,-24,112,0
"103",95480.9050188,415.8158,178,60,1279,-96,169,-65,-45,128,0
"104",95480.9064399,415.8173,192,316,10140,-80,208,-51,-44,158,0
"105",95480.9079514,415.8188,-67,-331,4416,-108,158,-38,-51,197,0
"106",95480.9096426,415.8205,266,408,4533,-110,134,-23,-14,208,0
"107",95480.9109683,415.8218,-195,92,7308,-74,159,-17,-35,219,0
"108",95480.9123732,415.8232,37,-51,934,-72,115,-52,-23,241,0
"109",95480.9687286,415.8796,206,376,8110,-82,97,-19,-20,259,0
"110",95480.9702815,415.8811,26,-104,3804,-63,62,-2,-19,274,0
"111",95480.9717486,415.8826,393,637,2533,-74,55,-49,-19,264,0
"112",95481.0017735,415.9126,-198,373,1956,-98,52,-75,-57,253,0
"113",95481.0033788,415.9142,167,168,-3437,-71,40,-60,-69,256,0
"114",95481.0048344,415.9157,-15,746,4129,-56,77,-74,-70,304,0
"115",95481.012369,415.9232,-261,102,-726,-122,73,-90,-60,286,0
"116",95481.013853,415.9247,144,538,1137,-114,70,-103,-42,251,0
"117",95481.0153148,415.9261,-393,159,1247,-104,110,-71,-18,236,0
"118",95481.0167993,415.9276,-19,-10,-6830,-110,117,-80,15,253,0
"119",95481.0182055,415.929,17,449,-1066,-125,116,-83,-10,208,0
"120",95481.0194908,415.9303,-277,-129,-7873,-131,127,-93,-14,180,0
"121",95481.0473212,415.9581,163,323,-5183,-87,103,-84,14,170,0
"122",95481.0487052,415.9595,-192,263,-1053,-42,124,-106,37,145,0
"123",95481.0503904,415.9612,-204,93,-6029,3,141,-101,37,190,0
"124",95481.0825875,415.9934,-202,357,756,1,194,-83,43,219,0
"125",95481.0840692,415.9949,-429,-317,-5428,-5,207,-70,19,216,0
"126",95481.0859308,415.9968,-58,248,-5105,5,188,-79,-2,222,0
"127",95481.0874625,415.9983,-338,-7,-1094,9,214,-51,4,238,0
"128",95481.0888131,415.9996,-209,-304,-5837,43,166,-70,-13,226,0
"129",95481.0902674,416.0011,-493,-75,2757,77,232,-73,13,262,0
"130",95481.1424706,416.0533,-661,-587,-1253,73,226,-33,31,294,0
"131",95481.1464429,416.0573,-221,-10,1152,85,210,15,37,268,0
"132",95481.1488365,416.0597,-621,-300,2018,118,189,-13,50,210,0
"133",95481.152671,416.0635,-105,-397,-4628,104,156,-15,24,183,0
"134",95481.1541622,416.065,-11,108,1912,89,148,-26,25,168,0
"135",95481.1578229,416.0686,-298,-388,-3340,89,133,-39,22,154,0
"136",95481.1608174,416.0716,144,240,-504,81,120,-62,-5,132,0
"137",95481.1625732,416.0734,-29,-135,2924,32,94,-87,-23,102,0
"138",95481.1642619,416.0751,190,-304,-1561,22,52,-67,-62,94,0
"139",95481.1909683,416.1018,-1,136,6198,21,75,-104,-81,111,0
"140",95481.1923217,416.1031,-170,-427,1284,21,103,-150,-61,92,0
"141",95481.1937358,416.1046,133,183,1134,22,70,-132,-65,103,0
"142",95481.2216257,416.1325,-172,-62,4173,81,139,-124,-92,127,0
"143",95481.2230883,416.1339,-85,-134,-1002,94,128,-96,-68,133,0
"144",95481.2245347,416.1354,-17,350,5177,88,139,-74,-35,155,0
"145",95481.2282485,416.1391,79,-350,-1419,92,146,-64,-43,156,0
"146",95481.229641,416.1405,379,189,-1902,75,117,-38,-49,174,0
"147",95481.2311141,416.1419,64,-71,-36,45,141,4,-62,139,0
"148",95481.2622393,416.1731,219,-165,-4374,45,137,9,-67,99,0
"149",95481.2636495,416.1745,118,260,2168,17,141,-1,-62,97,0
"150",95481.2681884,416.179,-147,-187,-5120,-1,127,-7,-51,94,0
"151",95481.2962781,416.2071,439,425,-4505,0,101,-30,-49,92,0
"152",95481.2976873,416.2085,80,80,-1036,27,104,-35,-24,58,0
"153",95481.2992637,416.2101,318,-264,-6540,26,69,-61,-6,35,0
"154",95481.3294386,416.2403,93,3,-245,-5,90,-40,7,39,0
"155",95481.3310079,416.2418,-144,-676,-4469,-19,85,-22,10,71,0
"156",95481.332406,416.2432,334,-257,-1415,-26,81,-43,22,81,0
"157",95481.368792,416.2796,42,-442,1133,-13,73,-61,11,51,0
"158",95481.3703582,416.2812,257,-599,-2072,-31,105,-111,24,45,0
"159",95481.3720468,416.2829,256,-106,4896,-28,141,-90,59,51,0
"160",95481.3735695,416.2844,7,-817,-2167,-30,138,-90,40,20,0
"161",95481.3750461,416.2859,486,-211,-794,-35,112,-113,73,15,0
"162",95481.3763668,416.2872,-187,-559,920,-14,106,-127,97,-9,0
"163",95481.3777238,416.2885,-103,-648,-2799,-36,48,-113,109,45,0
"164",95481.3790177,416.2898,-219,109,4037,-71,93,-98,126,51,0
"165",95481.3803168,416.2911,-457,-414,-3719,-64,94,-120,80,40,0
"166",95481.4061727,416.317,-396,-14,-4263,-47,91,-141,60,28,0
"167",95481.4075304,416.3184,-743,-456,-306,-60,112,-157,62,9,0
"168",95481.4088748,416.3197,-302,-521,-6108,-67,73,-162,57,-19,0
"169",95481.4104037,416.3212,-371,55,1475,-84,93,-142,70,-41,0
"170",95481.4118083,416.3226,-859,-517,-3683,-78,74,-140,53,-21,0
"171",95481.4131501,416.324,-356,-11,-4527,-87,75,-99,24,-49,0
"172",95481.4431551,416.354,-271,-185,-3255,-80,80,-95,21,-57,0
"173",95481.444605,416.3554,-129,-350,-8184,-34,45,-119,13,-103,0
"174",95481.4459329,416.3568,-31,1,-2802,-48,42,-143,23,-134,0
"175",95481.4798829,416.3907,-234,-693,-7835,-73,32,-133,-5,-123,0
"176",95481.4812221,416.392,32,-202,-4291,-52,10,-157,-37,-114,0
"177",95481.4825484,416.3934,-389,-240,-2067,-47,17,-132,-7,-145,0
"178",95481.4841918,416.395,-7,-200,-6571,-35,10,-111,-39,-165,0
"179",95481.4857636,416.3966,-52,340,955,-38,57,-78,-46,-140,0
"180",95481.4871229,416.3979,-177,-204,-5737,-14,28,-70,-65,-141,0
"181",95481.5293711,416.4402,97,374,-1878,-19,-11,-47,-94,-183,0
"182",95481.5308705,416.4417,-249,313,848,-5,13,-9,-123,-194,0
"183",95481.5322825,416.4431,-62,83,-6279,-18,-24,5,-134,-185,0
"184",95481.5338714,416.4447,71,380,978,-48,5,15,-136,-150,0
"185",95481.5385951,416.4494,22,-241,-2710,-11,50,-9,-113,-156,0
"186",95481.5400962,416.4509,194,410,-258,4,58,-24,-110,-162,0
"187",95481.5683789,416.4792,-170,272,4637,-6,108,-37,-81,-124,0
"188",95481.5698608,416.4807,16,24,1002,23,59,-64,-98,-88,0
"189",95481.571206,416.482,-63,454,7347,22,34,-62,-71,-55,0
"190",95481.6318362,416.5427,-258,-7,862,53,23,-12,-84,-61,0
"191",95481.6334528,416.5443,180,382,1165,73,-4,26,-64,-34,0
"192",95481.6348262,416.5457,103,106,988,62,33,68,-63,-16,0
"193",95481.6362748,416.5471,427,-135,-2281,49,36,85,-67,-66,0
"194",95481.637638,416.5485,402,267,4400,20,41,65,-56,-76,0
"195",95481.6389092,416.5497,80,-267,-1686,4,82,78,-43,-88,0
"196",95481.6402929,416.5511,427,227,-79,-1,93,97,-19,-115,0
"197",95481.6418401,416.5527,41,143,4284,-11,98,77,-15,-141,0
"198",95481.6432866,416.5541,173,-22,-3396,5,41,60,-24,-115,0
"199",95481.6793278,416.5902,136,438,3042,25,60,30,-51,-106,0
"200",95481.6810125,416.5918,-115,-152,-942,3,27,29,-82,-107,0
"201",95481.6823139,416.5931,197,440,-364,12,34,13,-118,-143,0
"202",95481.683834,416.5947,-219,227,1112,-2,69,17,-123,-132,0
"203",95481.6851544,416.596,59,41,-5377,-11,82,26,-154,-115,0
"204",95481.6864257,416.5973,-165,523,-1457,-4,88,32,-158,-185,0
"205",95481.7142987,416.6251,-302,-249,-7477,2,81,-9,-176,-202,0
"206",95481.7156053,416.6264,94,136,-4988,30,83,-6,-193,-193,0
"207",95481.7168565,416.6277,-246,-61,-996,43,85,9,-194,-214,0
"208",95481.7448698,416.6557,27,-211,-4137,57,45,-28,-180,-196,0
"209",95481.7462962,416.6571,86,307,3128,76,67,-50,-178,-201,0
"210",95481.7476526,416.6585,-63,-431,-3147,97,46,-42,-162,-198,0
"211",95481.749393,416.6602,432,161,1211,76,15,-13,-140,-182,0
"212",95481.7509113,416.6617,-112,-60,5695,48,36,-36,-121,-188,0
"213",95481.7523834,416.6632,29,-250,-1160,33,-15,-42,-133,-204,0
"214",95481.7804208,416.6912,-304,265,5435,13,12,-43,-88,-216,0
"215",95481.7817425,416.6926,-365,-127,-710,3,-4,-69,-75,-206,0
"216",95481.7830517,416.6939,64,541,1654,34,-4,-84,-76,-170,0
"217",95481.8064478,416.7173,-160,284,6872,72,30,-57,-93,-136,0
"218",95481.8090375,416.7199,43,15,407,70,-2,-78,-73,-151,0
"219",95481.8105726,416.7214,-58,511,4653,64,20,-71,-46,-108,0
"220",95481.8616576,416.7725,-209,-216,-1567,8,7,-61,-51,-102,0
"221",95481.8631146,416.7739,48,208,2038,-7,1,-31,-53,-73,0
"222",95481.8646651,416.7755,-438,2,2223,-27,-22,-17,-84,-91,0
"223",95481.8660599,416.7769,-227,-180,-3497,-10,-42,-31,-86,-92,0
"224",95481.8673318,416.7782,-281,404,4543,-9,3,-37,-64,-104,0
"225",95481.8685888,416.7794,-354,-204,-191,0,1,-63,-56,-58,0
"226",95481.8982157,416.809,30,270,-972,4,-7,-81,-104,-15,0
"227",95481.8994985,416.8103,-216,-33,3384,22,-6,-65,-114,-24,0
"228",95481.90071,416.8115,103,-250,-3411,33,-10,-66,-103,-50,0
"229",95481.9021175,416.8129,215,105,1227,56,29,-48,-70,-70,0
"230",95481.9035156,416.8143,199,-554,-1697,59,15,-53,-61,-69,0
"231",95481.9047908,416.8156,352,7,-1210,55,31,-90,-52,-66,0
"232",95481.9365407,416.8474,-80,-135,774,71,78,-65,-37,-84,0
"233",95481.9378482,416.8487,100,-335,-3435,85,63,-78,-44,-143,0
"234",95481.9391165,416.8499,47,144,1607,86,78,-83,-10,-123,0
"235",95481.9405241,416.8513,-236,-501,-2589,136,67,-76,-6,-110,0
"236",95481.9417912,416.8526,-74,-37,-1377,180,61,-78,5,-128,0
"237",95481.943041,416.8539,-565,-103,2695,169,119,-96,19,-96,0
"238",95481.9743095,416.8851,-262,-430,-1143,162,95,-71,-10,-123,0
"239",95481.9755827,416.8864,-229,28,6080,114,129,-30,7,-126,0
"240",95481.9769992,416.8878,-274,-482,-89,127,132,13,27,-131,0
"241",95482.0136411,416.9245,110,66,3032,146,99,40,37,-118,0
"242",95482.0151829,416.926,-186,-238,7345,143,99,60,0,-80,0
"243",95482.0167071,416.9275,-136,-594,-689,142,98,55,9,-83,0
"244",95482.0184063,416.9292,-322,-19,6829,182,148,49,-13,-80,0
"245",95482.0198534,416.9307,-333,-498,2326,164,114,48,-69,-72,0
"246",95482.0212354,416.9321,157,70,3128,136,89,37,-42,-49,0
"247",95482.0762911,416.9871,-71,-63,5488,130,89,60,-55,-37,0
"248",95482.0787653,416.9896,-90,-299,-111,117,41,73,-66,-44,0
"249",95482.0810261,416.9919,-163,227,5513,116,40,117,-35,-34,0
"250",95482.0829271,416.9938,-336,-401,-1614,96,19,93,-53,-28,0
"251",95482.0841703,416.995,26,294,-1827,66,38,24,-78,-48,0
"252",95482.0854557,416.9963,-163,192,627,12,74,52,-73,-14,0
"253",95482.1133202,417.0241,99,45,-4157,7,45,52,-60,4,0
"254",95482.1147905,417.0256,46,585,3189,17,58,33,-28,24,0
"255",95482.1193648,417.0302,-301,27,-2279,31,45,32,-21,56,0
"256",95482.1209333,417.0318,98,499,-1700,37,29,1,-29,58,0
"257",95482.1222314,417.0331,-282,367,104,15,24,3,-51,39,0
"258",95482.1234458,417.0343,-58,18,-7114,39,-11,-12,-68,26,0
"259",95482.1491864,417.06,-147,503,1632,73,-40,-13,-61,-6,0
"260",95482.1505854,417.0614,-508,-100,-703,74,-44,-36,-65,-47,0
"261",95482.1518837,417.0627,-154,317,-834,68,-43,-40,-107,-40,0
"262",95482.1531764,417.064,-432,41,1391,22,-5,-45,-96,-17,0
"263",95482.1543882,417.0652,-380,-325,-3637,39,-9,-60,-42,-34,0
"264",95482.1556156,417.0664,-278,159,2726,49,28,-69,3,20,0
"265",95482.2182765,417.1291,-521,-355,-3175,35,32,-50,28,29,0
"266",95482.2196966,417.1305,-65,262,-2886,3,38,-68,51,-4,0
"267",95482.2212225,417.132,-483,218,-739,-17,32,-64,53,-34,0
"268",95482.222693,417.1335,-263,94,-6210,0,46,-77,31,-23,0
"269",95482.2239805,417.1348,-100,521,128,-11,74,-93,16,-24,0
"270",95482.2252002,417.136,-356,-121,-6603,-19,80,-125,-13,-50,0
"271",95482.2269993,417.1378,-55,328,-4814,-15,36,-134,-5,-77,0
"272",95482.2284257,417.1393,-316,257,-2004,-4,57,-158,18,-111,0
"273",95482.2297032,417.1405,-219,69,-8069,-29,22,-153,-3,-134,0
"274",95482.2600671,417.1709,-289,511,-1516,-33,44,-136,22,-129,0
"275",95482.261397,417.1722,-517,-215,-5128,-40,32,-125,36,-129,0
"276",95482.2626646,417.1735,-240,244,-4626,-26,12,-77,36,-158,0
"277",95482.2784568,417.1893,-505,-68,-1083,-3,28,-56,0,-162,0
"278",95482.2797701,417.1906,-432,-255,-5621,7,23,-71,11,-145,0
"279",95482.2813067,417.1921,-555,245,2618,41,47,-66,31,-135,0
"280",95482.3089668,417.2198,-655,-263,-2994,65,83,-69,-10,-123,0
"281",95482.3105342,417.2214,-186,270,-2359,55,55,-49,-16,-142,0
"282",95482.3118396,417.2227,-432,128,2763,71,55,-68,19,-155,0
"283",95482.3189587,417.2298,-254,-61,-2026,59,28,-82,1,-152,0
"284",95482.3202739,417.2311,-547,294,6071,57,24,-84,-14,-162,0
"285",95482.3216952,417.2325,-860,-502,198,44,14,-83,-17,-123,0
"286",95482.3515743,417.2624,-622,164,1320,45,2,-65,-60,-104,0
"287",95482.3528494,417.2637,-759,166,5014,46,15,-50,-32,-111,0
"288",95482.3541144,417.2649,-493,-121,-3059,32,-6,-31,-36,-123,0
"289",95482.383984,417.2948,-479,471,5282,27,-3,-40,6,-132,0
"290",95482.385405,417.2962,-510,86,1982,13,11,-28,20,-117,0
"291",95482.389717,417.3005,48,550,1019,-12,-30,-30,21,-120,0
"292",95482.4196589,417.3305,-317,396,3100,-18,-71,-40,3,-119,0
"293",95482.4211344,417.332,-33,198,-375,-20,-159,2,-6,-106,0
"294",95482.4224178,417.3332,-107,851,4844,7,-130,30,-32,-79,0
"295",95482.423876,417.3347,-169,421,2042,17,-113,29,-52,-66,0
"296",95482.4253432,417.3362,-21,704,2456,17,-143,55,-46,-62,0
"297",95482.426783,417.3376,-398,371,5087,23,-133,83,-25,-66,0
"298",95482.4707945,417.3816,-143,257,-589,33,-175,86,-15,-66,0
"299",95482.4722368,417.3831,-135,717,6397,10,-121,112,-3,-31,0
"300",95482.4735139,417.3843,-351,134,-1217,-2,-125,119,15,-36,0
"301",95482.4749447,417.3858,138,648,1555,-24,-130,110,4,-27,0
"302",95482.4762075,417.387,-173,422,4323,-10,-117,70,14,-5,0
"303",95482.4774687,417.3883,46,181,-3928,-16,-116,48,22,-75,0
"304",95482.5094049,417.4202,55,627,3537,-11,-106,24,23,-67,0
"305",95482.5106743,417.4215,-226,-13,-259,-1,-108,8,31,-40,0
"306",95482.5119722,417.4228,91,518,-2042,-11,-144,-16,26,-30,0
"307",95482.5418495,417.4527,-255,366,1936,48,-90,-34,44,-53,0
"308",95482.5431838,417.454,-17,145,-3010,51,-100,-7,36,-98,0
"309",95482.5445991,417.4554,-1,706,539,25,-81,-17,100,-80,0
"310",95482.5461518,417.457,-122,88,-4359,35,-76,-5,86,-102,0
"311",95482.5474532,417.4583,114,585,-957,35,-58,-19,76,-131,0
"312",95482.5487943,417.4596,-391,477,419,23,-56,-15,88,-167,0
"313",95482.5928331,417.5037,-246,155,-6449,38,-106,-12,53,-232,0
"314",95482.5940837,417.5049,-136,651,1761,22,-98,19,73,-257,0
"315",95482.5953683,417.5062,-452,-17,-1852,30,-128,55,64,-251,0
"316",95482.596784,417.5076,55,662,607,19,-141,55,27,-223,0
"317",95482.5980593,417.5089,-316,546,4088,37,-88,41,31,-190,0
"318",95482.5993522,417.5102,-54,315,-751,66,-127,37,16,-134,0
"319",95482.6291892,417.54,-200,714,7818,81,-135,35,23,-128,0
"320",95482.6306161,417.5414,-513,72,2470,54,-118,28,32,-118,0
"321",95482.6319197,417.5427,-238,457,3722,52,-106,-6,57,-114,0
"322",95482.6657664,417.5766,-501,327,8892,29,-58,13,26,-86,0
"323",95482.6671528,417.578,-206,232,1280,51,-88,-22,17,-79,0
"324",95482.6684009,417.5792,-64,819,8231,51,-82,-26,30,-67,0
"325",95482.670032,417.5809,-255,171,1159,42,-57,-26,11,-94,0
"326",95482.6746218,417.5854,73,497,2083,-3,-56,-19,38,-105,0
"327",95482.6778151,417.5886,-220,275,3750,-26,-45,-20,38,-119,0
"328",95482.7005131,417.6113,-172,14,-2792,-6,-73,-47,27,-122,0
"329",95482.7019262,417.6128,-29,618,2295,3,-60,-76,56,-110,0
"330",95482.7034748,417.6143,-225,139,-1587,14,-77,-129,20,-116,0
"331",95482.7089333,417.6198,142,583,2126,6,-125,-154,43,-65,0
"332",95482.7103714,417.6212,-405,180,6228,-2,-159,-170,50,-24,0
"333",95482.7118079,417.6226,-212,-166,-2645,-31,-203,-163,18,-48,0
"334",95482.741805,417.6526,-190,413,2834,-24,-177,-163,31,-33,0
"335",95482.7432433,417.6541,-700,-66,1352,24,-154,-129,45,-30,0
"336",95482.7446181,417.6554,-239,484,3175,46,-149,-91,57,-13,0
"337",95482.7765679,417.6874,-572,303,6024,43,-103,-63,34,3,0
"338",95482.7780897,417.6889,-229,-40,-2593,75,-99,-57,5,17,0
"339",95482.7796696,417.6905,-48,524,1783,58,-46,-79,-15,29,0
"340",95482.7812483,417.6921,-425,-227,-987,38,-46,-96,13,22,0
"341",95482.7825221,417.6933,116,398,362,21,-63,-123,38,47,0
"342",95482.7838053,417.6946,-270,339,2859,13,-52,-118,2,76,0
"343",95482.8056506,417.7165,-206,91,-3753,9,-64,-103,-6,50,0
"344",95482.8070249,417.7178,-24,635,3582,23,-67,-66,-2,38,0
"345",95482.8084658,417.7193,-178,-149,-2886,30,-76,-65,-35,29,0
"346",95482.8411939,417.752,153,352,-1214,42,-97,-50,-31,-3,0
"347",95482.8424547,417.7533,-167,199,3014,30,-97,-51,-30,-35,0
"348",95482.8437171,417.7545,-17,-106,-2660,-3,-109,-44,-51,-23,0
"349",95482.8451292,417.756,1,313,5026,-36,-93,-34,-76,18,0
"350",95482.8466899,417.7575,-308,-378,1602,-63,-109,-28,-63,31,0
"351",95482.8481797,417.759,-23,193,719,-60,-147,-37,-51,27,0
"352",95482.8762369,417.7871,-294,-8,5357,-24,-120,-9,-65,41,0
"353",95482.8776408,417.7885,87,-202,-1391,-19,-134,1,-70,33,0
"354",95482.8792078,417.79,-30,378,5468,-20,-82,-45,-38,50,0
"355",95482.9104953,417.8213,-364,-441,1758,-12,-78,-74,-60,31,0
"356",95482.9120117,417.8228,-52,-29,3366,-22,-50,-68,-77,36,0
"357",95482.9134152,417.8242,-304,-165,5508,-11,-4,-49,-81,49,0
"358",95482.9474585,417.8583,-104,-431,-1198,1,-27,-69,-134,53,0
"359",95482.9488889,417.8597,-2,33,4906,1,-9,-70,-131,69,0
"360",95482.9502985,417.8611,-209,-288,992,-12,51,-31,-157,78,0
"361",95482.981232,417.8921,143,215,1523,-18,55,-22,-118,66,0
"362",95482.9824953,417.8933,-258,55,5411,-22,60,-10,-134,25,0
"363",95482.9837094,417.8945,6,-128,-2304,-20,45,-81,-157,3,0
"364",95483.0084715,417.9193,64,411,6318,-1,84,-103,-92,14,0
"365",95483.0097787,417.9206,-198,-19,2471,-25,100,-87,-62,5,0
"366",95483.0112184,417.922,248,549,-1178,-37,55,-53,-50,5,0
"367",95483.012902,417.9237,3,358,-19,-70,82,-38,-18,20,0
"368",95483.0144429,417.9253,187,0,-7545,-93,44,-40,3,45,0
"369",95483.0158305,417.9267,39,520,-2626,-77,86,-6,-18,40,0
"370",95483.0217452,417.9326,-450,-257,-3575,-48,97,-22,-77,45,0
"371",95483.0231253,417.9339,-447,-10,-2559,-35,85,-9,-130,51,0
"372",95483.0244117,417.9352,-669,-259,-1138,-25,97,-21,-87,56,0
"373",95483.0498593,417.9607,-420,-305,-7459,16,62,-43,-95,36,0
"374",95483.0514127,417.9622,-313,199,-1386,30,55,-68,-106,0,0
"375",95483.0529211,417.9637,-615,-236,-5425,38,49,-58,-72,-2,0
"376",95483.090854,418.0017,-86,411,-2294,59,19,-49,-37,63,0
"377",95483.0928079,418.0036,-314,223,2495,65,19,-54,-28,93,0
"378",95483.09427,418.0051,-275,-93,-5419,47,18,-46,-34,86,0
"379",95483.0957805,418.0066,-236,306,-1195,20,26,-44,-4,40,0
"380",95483.0970316,418.0079,-318,-374,-6250,-3,-7,-59,-5,-8,0
"381",95483.0983028,418.0091,90,-71,-5818,28,-24,-58,-14,-34,0
"382",95483.1267382,418.0376,-383,-380,-2915,52,-36,-22,-15,-52,0
"383",95483.1280297,418.0389,-247,-593,-9468,51,-76,-2,-53,-108,0
"384",95483.1292753,418.0401,-85,42,-2957,42,-67,15,-65,-98,0
"385",95483.1614775,418.0723,-383,-618,-6872,11,-76,33,-69,-95,0
"386",95483.1628787,418.0737,42,-191,-4572,3,-101,37,-63,-110,0
"387",95483.1642421,418.0751,-302,-269,840,23,-71,40,-26,-118,0
"388",95483.1657345,418.0766,-92,-523,-4544,18,-101,11,-40,-123,0
"389",95483.166973,418.0778,-172,30,2677,-30,-98,1,-47,-143,0
"390",95483.1682097,418.079,-488,-511,-2280,-36,-116,-11,-25,-171,0
"391",95483.1963429,418.1072,-44,48,-2759,-23,-126,-19,-26,-165,0
"392",95483.197665,418.1085,-96,105,2126,-15,-87,-16,12,-155,0
"393",95483.1989117,418.1097,13,-64,-3730,-1,-66,-16,-2,-177,0
"394",95483.2267533,418.1376,79,466,2486,-36,-41,-10,-27,-175,0
"395",95483.2281884,418.139,-251,-145,-1336,-50,-55,-17,-19,-186,0
"396",95483.2327285,418.1436,130,371,-4020,-36,-90,-37,13,-205,0
"397",95483.2605162,418.1713,-215,222,1090,10,-58,-33,64,-204,0
"398",95483.261886,418.1727,-62,50,-1794,35,-46,-53,41,-198,0
"399",95483.2631224,418.1739,-214,642,4831,52,-24,-53,33,-160,0
"400",95483.2932025,418.204,-624,-111,-1377,90,-34,-80,21,-175,0
"401",95483.2947362,418.2056,-247,265,206,98,-51,-49,37,-155,0
"402",95483.2962385,418.2071,-347,18,2499,130,-35,-54,52,-112,0
"403",95483.3182078,418.229,-224,-302,-2630,158,-62,-51,40,-108,0
"404",95483.3197238,418.2305,-243,319,5818,163,-33,-28,57,-77,0
"405",95483.3211424,418.232,-472,-348,439,176,-27,-53,22,-110,0
"406",95483.3225212,418.2333,-46,97,-1369,135,-19,-78,17,-125,0
"407",95483.3239181,418.2347,-625,-109,1429,96,24,-107,24,-104,0
"408",95483.3253077,418.2361,-344,-286,-4439,95,-19,-74,53,-103,0
"409",95483.3531462,418.264,-235,372,2748,110,-10,-45,100,-88,0
"410",95483.3546956,418.2655,-296,-121,-1029,93,24,-60,122,-60,0
"411",95483.3561787,418.267,-33,295,-899,93,39,-85,87,-28,0
"412",95483.3880805,418.2989,-506,-1,4382,121,74,-63,76,-27,0
"413",95483.3894936,418.3003,-84,-370,-1321,124,56,-76,53,7,0
"414",95483.3907673,418.3016,37,166,4350,138,70,-82,25,25,0
"415",95483.3921428,418.303,-140,-258,1276,128,72,-105,13,21,0
"416",95483.3934783,418.3043,378,304,2192,109,59,-126,-2,32,0
"417",95483.3948035,418.3056,119,361,6524,91,88,-93,-2,56,0
"418",95483.4269321,418.3378,221,66,1509,110,95,-90,-33,117,0
"419",95483.4283787,418.3392,-26,545,8816,90,120,-81,-37,147,0
"420",95483.4296509,418.3405,-376,-165,149,39,99,-46,-62,155,0
"421",95483.4350412,418.3459,-80,387,572,0,59,-55,-108,148,0
"422",95483.436596,418.3474,-425,237,3804,-6,82,-62,-112,165,0
"423",95483.43796,418.3488,-42,-27,-4879,-16,47,-55,-147,176,0
"424",95483.4679381,418.3788,86,525,3123,16,104,-12,-124,185,0
"425",95483.4695426,418.3804,-204,-248,-401,29,79,2,-98,152,0
"426",95483.4707845,418.3816,-75,54,-513,1,67,44,-71,111,0
"427",95483.500651,418.4115,-56,-44,4544,-35,132,46,-67,118,0
"428",95483.5024878,418.4133,146,-242,-2566,-45,137,40,-88,134,0
"429",95483.5040271,418.4149,21,230,2035,-46,125,58,-87,172,0
"430",95483.5059238,418.4167,-350,-369,-481,-70,111,74,-61,154,0
"431",95483.5103423,418.4212,-204,119,-2063,-60,95,76,-69,144,0
"432",95483.5116526,418.4225,-509,-40,-523,-74,109,104,-55,145,0
"433",95483.5375628,418.4484,-401,-230,-3900,-100,102,89,-73,139,0
"434",95483.5390895,418.4499,-234,484,4701,-96,99,58,-65,138,0
"435",95483.5405592,418.4514,-504,-221,-1849,-111,119,57,-101,120,0
"436",95483.5703003,418.4811,-19,102,-1524,-87,141,42,-92,102,0
"437",95483.5717308,418.4826,-233,-23,3596,-122,140,57,-117,85,0
"438",95483.5731845,418.484,-77,-200,-5414,-115,119,51,-158,65,0
"439",95483.576693,418.4875,-2,352,2234,-115,99,95,-153,59,0
"440",95483.5780794,418.4889,-388,-93,173,-106,82,120,-138,75,0
"441",95483.5795379,418.4904,-87,273,-1251,-102,47,91,-152,91,0
"442",95483.6055057,418.5163,-366,252,3918,-102,69,78,-117,108,0
"443",95483.6068355,418.5177,-273,16,-3320,-92,60,69,-112,119,0
"444",95483.6082229,418.519,-146,434,2319,-99,48,61,-114,142,0
"445",95483.6281241,418.5389,-382,-222,-623,-72,40,23,-139,150,0
"446",95483.6295294,418.5404,-41,274,2069,-48,16,2,-97,153,0
"447",95483.6310436,418.5419,-608,258,3198,-28,58,15,-84,159,0
"448",95483.6610309,418.5719,-786,-116,-3656,-21,28,-10,-76,167,0
"449",95483.6625456,418.5734,-456,342,3277,-12,-16,-23,-38,145,0
"450",95483.6639778,418.5748,-552,-124,-2445,21,-5,-15,-30,182,0
"451",95483.6920835,418.6029,-162,382,-1610,51,-17,-56,-4,213,0
"452",95483.6935128,418.6043,-184,149,1871,42,29,-95,5,184,0
"453",95483.6947744,418.6056,-106,-142,-3465,44,10,-111,-11,155,0
"454",95483.7357499,418.6466,-95,315,2616,38,28,-119,-12,153,0
"455",95483.7372469,418.6481,-517,-490,-695,46,44,-138,21,130,0
"456",95483.7386059,418.6494,-392,-54,-1115,71,26,-120,27,156,0
"457",95483.7400857,418.6509,-744,-262,2523,72,58,-58,19,172,0
"458",95483.7413683,418.6522,-703,-470,-3056,57,2,-66,1,113,0
"459",95483.7427661,418.6536,-656,94,1540,29,34,-63,-6,107,0
"460",95483.7443745,418.6552,-651,-387,-3023,17,75,-43,-29,106,0
"461",95483.7456666,418.6565,14,113,-1986,20,88,-41,-42,87,0
"462",95483.7470464,418.6579,-419,-207,-306,4,122,-28,9,80,0
"463",95483.7792515,418.6901,-233,-428,-6208,19,140,-2,-12,96,0
"464",95483.7806423,418.6915,-129,208,2668,17,162,-8,-26,86,0
"465",95483.7819021,418.6927,-310,-286,-2959,12,175,22,-41,89,0
"466",95483.7862994,418.6971,113,324,-1580,39,169,31,-29,80,0
"467",95483.7876347,418.6985,-326,47,3608,30,193,11,-24,74,0
"468",95483.7890662,418.6999,-349,-361,-4777,15,158,10,-21,44,0
"469",95483.8050016,418.7158,-113,393,3168,48,116,14,-6,32,0
"470",95483.8062747,418.7171,-209,-162,-1618,51,134,9,-16,10,0
"471",95483.8075044,418.7183,338,284,-2506,47,145,2,-43,7,0
"472",95483.8385713,418.7494,292,305,1812,38,159,-24,-47,9,0
"473",95483.8399476,418.7508,229,101,-5464,12,144,-47,-49,-17,0
"474",95483.8412329,418.7521,115,465,367,36,148,-71,-79,-44,0
"475",95483.8771006,418.7879,-307,-276,-2413,81,96,-55,-115,-51,0
"476",95483.8783935,418.7892,170,80,-421,98,72,-42,-95,-46,0
"477",95483.8796579,418.7905,-170,15,5111,94,68,-19,-86,-27,0
"478",95483.9096923,418.8205,82,-266,-284,96,53,-23,-88,-14,0
"479",95483.911066,418.8219,110,257,4733,75,70,-63,-43,-10,0
"480",95483.9123555,418.8232,-132,-279,41,40,91,-75,-17,-57,0
"481",95483.9139802,418.8248,237,0,35,1,73,-79,-1,-51,0
"482",95483.9153589,418.8262,-114,-112,5045,-7,115,-51,-14,-27,0
"483",95483.9166443,418.8275,26,-535,-2053,-22,129,-45,-36,-3,0
"484",95483.9466948,418.8575,-65,48,5124,-15,151,-28,-31,27,0
"485",95483.948423,418.8592,-564,-511,1682,-27,153,-16,-38,44,0
"486",95483.9498756,418.8607,-34,31,1066,-33,142,-17,-42,83,0
"487",95483.9513725,418.8622,-454,-72,4802,-61,157,-29,-23,60,0
"488",95483.9526824,418.8635,-337,-407,-1079,-51,123,-48,-14,28,0
"489",95483.9540235,418.8648,-305,134,3663,-30,128,-39,23,58,0
"490",95484.0120658,418.9229,-454,-539,-1420,-55,135,-38,41,68,0
"491",95484.0135119,418.9243,-150,-175,97,-90,130,-22,35,49,0
"492",95484.0148611,418.9257,-476,-78,3664,-110,174,-23,48,54,0
"493",95484.0162935,418.9271,-300,-446,-827,-120,161,-59,29,57,0
"494",95484.0175855,418.9284,-294,14,4755,-114,186,-74,44,66,0
"495",95484.0188623,418.9297,-488,-683,-2154,-113,150,-62,17,50,0
"496",95484.0428343,418.9537,-61,-445,-1959,-99,102,-42,-12,69,0
"497",95484.044108,418.9549,-645,-661,1539,-92,122,-31,-5,83,0
"498",95484.0453994,418.9562,-451,-905,-4344,-77,90,-44,-7,88,0
"499",95484.0754139,418.9862,-39,-150,2684,-67,118,-55,0,118,0
"500",95484.0768923,418.9877,-491,-689,1082,-74,123,-61,-15,137,0
"501",95484.082095,418.9929,-64,-359,2278,-93,134,-92,-50,119,0
"502",95484.0899166,419.0007,-473,-470,7871,-83,119,-154,-21,166,0
"503",95484.0912004,419.002,-351,-777,2878,-74,84,-153,29,152,0
"504",95484.0924841,419.0033,-331,-87,7538,-81,91,-148,8,149,0
"505",95484.1204668,419.0313,-317,-595,3691,-93,90,-154,2,136,0
"506",95484.1221036,419.0329,387,-199,5468,-93,101,-183,-6,139,0
"507",95484.1234471,419.0343,220,-263,9776,-124,120,-198,10,170,0
"508",95484.1249688,419.0358,325,-582,5575,-103,77,-238,6,193,0
"509",95484.126436,419.0373,253,-2,11815,-101,78,-232,-22,201,0
"510",95484.1278554,419.0387,-147,-590,8125,-103,107,-218,-42,179,0
"511",95484.1579584,419.0688,523,-278,10635,-100,90,-211,-30,147,0
"512",95484.1593984,419.0702,102,-216,15440,-113,88,-208,-19,177,0
"513",95484.1606704,419.0715,150,-567,6118,-163,53,-195,-13,228,0
"514",95484.1946857,419.1055,93,-60,13800,-180,40,-150,17,259,0
"515",95484.1962223,419.107,-88,-556,9349,-178,33,-111,23,246,0
"516",95484.1975184,419.1083,226,-345,7944,-179,20,-124,52,204,0
"517",95484.1990209,419.1098,-169,-376,11970,-160,43,-112,59,197,0
"518",95484.2003261,419.1112,119,-748,5913,-138,10,-95,53,223,0
"519",95484.2016771,419.1125,222,-134,7616,-150,17,-83,98,257,0
"520",95484.2418335,419.1527,39,-676,880,-182,40,-36,102,265,0
"521",95484.2432088,419.154,472,93,-1202,-197,42,-76,132,268,0
"522",95484.2446537,419.1555,190,95,-1082,-194,57,-125,105,264,0
"523",95484.2462536,419.1571,281,-315,-8844,-163,10,-142,97,229,0
"524",95484.2478973,419.1587,218,144,-1481,-162,52,-167,86,220,0
"525",95484.2493389,419.1602,-274,-530,-5982,-140,61,-131,63,178,0
"526",95484.2807518,419.1916,52,-108,-3960,-106,51,-168,60,197,0
"527",95484.2821906,419.193,-178,-121,562,-110,46,-168,36,196,0
"528",95484.283509,419.1943,100,-349,-6508,-114,-4,-184,23,203,0
"529",95484.3154906,419.2263,91,271,1857,-138,-3,-178,31,218,0
"530",95484.3169432,419.2278,-376,-347,-550,-159,9,-191,2,271,0
"531",95484.3183076,419.2291,47,17,-4587,-173,16,-211,22,261,0
"532",95484.319861,419.2307,-146,-16,105,-160,42,-221,11,261,0
"533",95484.3211838,419.232,47,-209,-5680,-166,22,-198,-15,251,0
"534",95484.3225001,419.2333,197,343,283,-192,12,-198,30,238,0
"535",95484.3572671,419.2681,-67,-255,-4132,-194,29,-186,0,216,0
"536",95484.358655,419.2695,231,-53,-3928,-169,34,-180,-16,226,0
"537",95484.3599719,419.2708,54,-47,-399,-185,51,-160,-26,217,0
"538",95484.361935,419.2728,169,-316,-5011,-167,49,-206,-45,219,0
"539",95484.3632374,419.2741,221,154,1748,-154,83,-208,-35,235,0
"540",95484.3646729,419.2755,-173,-321,-3122,-167,93,-206,7,239,0
"541",95484.4194905,419.3303,37,-42,-2299,-174,83,-216,27,234,0
"542",95484.4210364,419.3319,-154,-256,1433,-171,109,-198,24,247,0
"543",95484.4223795,419.3332,84,-510,-6956,-147,55,-183,25,217,0
"544",95484.4240158,419.3348,143,94,-2095,-162,78,-172,26,211,0
"545",95484.4254062,419.3362,-209,-614,-4088,-156,86,-158,8,189,0
"546",95484.4268893,419.3377,22,-315,-3911,-118,72,-145,3,205,0
"547",95484.4529177,419.3637,-348,-458,1585,-133,56,-165,40,203,0
"548",95484.4542837,419.3651,-207,-667,-4186,-133,55,-186,44,191,0
"549",95484.4557593,419.3666,-181,20,-1152,-139,69,-200,53,181,0
"550",95484.4573173,419.3681,-415,-405,-3277,-127,58,-183,52,191,0
"551",95484.4587903,419.3696,-40,-75,-2947,-102,69,-156,51,186,0
"552",95484.4602865,419.3711,-238,-161,2264,-127,134,-161,94,170,0
"553",95484.4881195,419.3989,-91,-427,-4757,-115,107,-149,102,132,0
"554",95484.4895034,419.4003,162,13,1982,-102,114,-156,109,106,0
"555",95484.4909502,419.4018,-77,-496,-1326,-90,108,-142,103,122,0
"556",95484.5249564,419.4358,263,-150,609,-57,68,-152,82,143,0
"557",95484.5263802,419.4372,-109,-183,8121,-52,98,-155,74,175,0
"558",95484.5278539,419.4387,30,-427,2270,-18,66,-159,41,197,0
"559",95484.5294881,419.4403,100,282,9443,2,76,-159,66,171,0
"560",95484.5307592,419.4416,-272,-188,7520,-11,70,-162,67,150,0
"561",95484.5320313,419.4429,-93,250,7762,14,42,-154,60,192,0
"562",95484.5624116,419.4732,-559,140,12563,-15,87,-143,30,218,0
"563",95484.5638398,419.4747,-499,-207,6744,-4,61,-148,-13,233,0
"564",95484.5652058,419.476,-301,415,12280,-25,73,-149,2,258,0
"565",95484.6151565,419.526,-324,-181,8628,-12,86,-126,12,242,0
"566",95484.6166296,419.5275,-145,66,7938,5,89,-86,34,250,0
"567",95484.6182333,419.5291,-256,-67,12250,24,122,-44,36,289,0
"568",95484.6199442,419.5308,-375,-569,4203,11,96,-46,42,280,0
"569",95484.6249776,419.5358,-398,-172,9348,-20,148,-46,85,276,0
"570",95484.6264423,419.5373,-506,-729,3752,-10,164,-1,105,253,0
"571",95484.6279628,419.5388,13,-374,5277,-29,131,-27,169,238,0
"572",95484.6293798,419.5402,-112,-306,10479,-49,119,-28,238,223,0
"573",95484.6307503,419.5416,4,-626,2735,-32,79,-37,237,223,0
"574",95484.6547714,419.5656,227,12,7378,-61,113,0,230,238,0
"575",95484.6561856,419.567,-29,-462,1991,-82,108,-1,168,262,0
"576",95484.6574709,419.5683,221,-125,-2530,-104,102,-1,152,257,0
"577",95484.7096579,419.6205,-239,-107,1281,-105,141,-18,151,255,0
"578",95484.7110422,419.6219,-253,-437,-5665,-100,102,-30,154,274,0
"579",95484.7123516,419.6232,-120,251,-2494,-100,109,-52,166,263,0
"580",95484.7201073,419.6309,-504,-243,-7914,-79,103,-54,156,228,0
"581",95484.721538,419.6324,-58,1,-8814,-68,109,-59,112,215,0
"582",95484.7228234,419.6336,-373,-13,-4089,-81,127,-71,117,255,0
"583",95484.7271766,419.638,-266,-241,-8448,-68,141,-83,116,256,0
"584",95484.7285358,419.6394,112,428,-2263,-74,152,-89,88,270,0
"585",95484.7299653,419.6408,-250,-218,-7841,-100,155,-108,90,227,0
"586",95484.7862604,419.6971,234,181,-7892,-104,159,-129,85,206,0
"587",95484.7878106,419.6986,-119,96,-3855,-116,160,-127,50,190,0
"588",95484.789238,419.7001,-61,-297,-10881,-163,140,-145,9,158,0
"589",95484.7978344,419.7087,-45,241,-5596,-148,148,-164,14,159,0
"590",95484.7993139,419.7101,-540,-348,-9759,-165,141,-152,71,119,0
"591",95484.8007506,419.7116,-84,-52,-12330,-152,106,-156,81,83,0
"592",95484.8024329,419.7133,-374,-17,-8029,-167,96,-127,59,44,0
"593",95484.8039273,419.7148,-180,-217,-12550,-123,63,-125,29,30,0
"594",95484.8053205,419.7161,-6,367,-6132,-125,73,-160,49,22,0
"595",95484.8331377,419.744,-222,-271,-9830,-148,42,-160,79,-7,0
"596",95484.8344791,419.7453,178,42,-10057,-142,34,-158,102,-33,0
"597",95484.8357396,419.7466,-110,182,-6830,-117,7,-154,90,-18,0
"598",95484.8677757,419.7786,-54,-83,-13113,-90,-26,-152,68,-21,0
"599",95484.8692283,419.7801,-151,515,-5185,-82,-16,-132,83,-21,0
"600",95484.8706058,419.7814,-361,-141,-7627,-67,-30,-130,33,-30,0
"601",95484.9166762,419.8275,-211,230,-4920,-65,-21,-151,27,-10,0
"602",95484.9181156,419.8289,-502,254,520,-34,36,-151,37,18,0
"603",95484.9224475,419.8333,-15,167,-6722,-77,23,-138,-8,-11,0
"604",95484.9280837,419.8389,14,755,1480,-67,11,-94,-19,-15,0
"605",95484.9293818,419.8402,-331,133,-1361,-74,23,-82,-31,10,0
"606",95484.9306896,419.8415,3,297,-3952,-87,0,-80,-35,2,0
"607",95484.9322262,419.8431,-207,171,2045,-107,-10,-74,-23,24,0
"608",95484.9341231,419.8449,-74,-206,-3733,-154,-56,-93,-12,-2,0
"609",95484.9354632,419.8463,54,441,522,-176,-69,-79,-46,4,0
"610",95484.9633581,419.8742,-316,-73,-4355,-193,-67,-49,-25,-4,0
"611",95484.9647441,419.8756,-18,340,-5147,-203,-70,-23,-59,-28,0
"612",95484.9660573,419.8769,-639,472,856,-197,-59,-5,-67,-8,0
"613",95484.9675394,419.8784,-419,8,-3460,-145,-78,-14,-143,6,0
"614",95484.9689503,419.8798,12,426,3361,-163,-93,-27,-158,18,0
"615",95484.9706232,419.8814,-67,-7,902,-186,-94,-4,-140,30,0
"616",95485.0258301,419.9367,283,318,257,-175,-127,17,-149,15,0
"617",95485.0272544,419.9381,-407,405,4508,-123,-91,37,-141,5,0
"618",95485.0286388,419.9395,-282,-83,-4015,-77,-117,45,-179,40,0
"619",95485.0706431,419.9815,-183,281,1583,-95,-127,53,-188,41,0
"620",95485.0719515,419.9828,-788,-272,-2031,-81,-158,30,-188,21,0
"621",95485.0732204,419.984,-318,-35,-5919,-91,-181,9,-176,25,0
"622",95485.0745397,419.9854,-440,-69,-1374,-82,-103,11,-158,19,0
"623",95485.0757713,419.9866,-243,-476,-5566,-51,-101,0,-176,29,0
"624",95485.0771282,419.988,-144,100,-2110,-39,-90,-27,-150,25,0
"625",95485.078791,419.9896,-453,-370,-5654,-34,-105,4,-156,-18,0
"626",95485.0842159,419.995,46,-20,-7102,-15,-112,16,-180,-58,0
"627",95485.0857171,419.9965,-144,-83,-1490,-16,-98,41,-143,-49,0
"628",95485.155745,420.0666,-55,-282,-5879,-57,-136,52,-125,-26,0
"629",95485.1571268,420.068,22,507,219,-37,-96,62,-90,-24,0
"630",95485.158551,420.0694,-303,-79,-4392,-19,-83,32,-97,-50,0
"631",95485.1598516,420.0707,-154,250,-2967,3,-76,58,-120,-94,0
"632",95485.1611012,420.0719,-250,341,2795,-18,-59,71,-130,-84,0
"633",95485.1627145,420.0735,-29,-34,-1609,6,-89,59,-117,-54,0
"634",95485.1641703,420.075,53,619,5804,36,-78,66,-114,-33,0
"635",95485.1655026,420.0763,-268,-92,1881,54,-77,86,-122,21,0
"636",95485.1669816,420.0778,50,240,-3103,5,-97,87,-93,3,0
"637",95485.1684594,420.0793,-231,188,2268,10,-83,96,-72,10,0
"638",95485.1729767,420.0838,-226,-196,-4507,2,-65,64,-107,23,0
"639",95485.1742542,420.0851,-55,550,71,-4,-50,117,-127,36,0
"640",95485.2000838,420.1109,-450,-24,-1314,18,-58,135,-123,39,0
"641",95485.2013233,420.1121,-193,293,-2857,29,-122,132,-152,55,0
"642",95485.2026201,420.1134,-361,332,910,43,-90,126,-141,71,0
"643",95485.2264865,420.1373,-286,-136,-6608,23,-98,97,-121,94,0
"644",95485.2278457,420.1387,-152,496,-653,4,-99,106,-71,81,0
"645",95485.2291259,420.14,-521,-93,-2030,23,-133,113,-74,73,0
"646",95485.2630522,420.1739,-181,348,-1868,40,-175,70,-86,79,0
"647",95485.264406,420.1752,-390,468,3268,37,-171,55,-66,53,0
"648",95485.2657596,420.1766,-197,167,-4336,-1,-205,38,-97,5,0
"649",95485.2692075,420.18,-98,768,2250,-16,-184,22,-113,-35,0
"650",95485.2705666,420.1814,-323,107,2534,-13,-179,42,-115,-23,0
"651",95485.2722097,420.183,-111,349,372,-16,-151,32,-72,-15,0
"652",95485.2735953,420.1844,-447,193,3857,-20,-141,50,-46,5,0
"653",95485.2748945,420.1857,-107,-106,-2766,-15,-154,36,-49,19,0
"654",95485.2761522,420.187,-2,518,2763,-7,-137,60,-35,25,0
"655",95485.3683983,420.2792,-233,80,28,-10,-113,76,-34,75,0
"656",95485.3699277,420.2808,72,371,442,-31,-140,101,-28,88,0
"657",95485.3714188,420.2822,-332,408,3693,-38,-127,137,7,107,0
"658",95485.3728761,420.2837,-346,-60,-4279,-12,-130,161,-12,99,0
"659",95485.3740981,420.2849,-196,416,1926,27,-95,164,0,110,0
"660",95485.3753022,420.2861,-440,-100,-1226,36,-97,214,-39,136,0
"661",95485.3768762,420.2877,12,342,-1074,32,-104,229,-47,137,0
"662",95485.3781817,420.289,-184,333,3343,-10,-92,210,-45,112,0
"663",95485.3794829,420.2903,-24,-89,-2531,-54,-130,176,-52,98,0
"664",95485.3809644,420.2918,24,532,4019,-21,-108,136,-54,116,0
"665",95485.3824441,420.2933,-191,-138,660,-53,-103,166,-61,140,0
"666",95485.3837977,420.2946,41,60,-1830,-23,-131,181,-48,173,0
"667",95485.4137104,420.3245,-247,45,2906,-39,-110,175,-50,173,0
"668",95485.4152518,420.3261,-296,-381,-5098,-64,-127,152,-26,157,0
"669",95485.4179263,420.3288,-257,105,-2098,-15,-115,133,-36,127,0
"670",95485.4639775,420.3748,-634,-578,-3211,10,-87,84,-64,81,0
"671",95485.4653767,420.3762,-196,-130,-3760,43,-100,60,-59,74,0
"672",95485.4696141,420.3804,-338,132,1561,4,-27,64,-39,74,0
"673",95485.4709816,420.3818,-216,-172,-3096,12,-79,58,-26,79,0
"674",95485.4724506,420.3833,-114,574,491,34,-54,78,-28,86,0
"675",95485.473747,420.3846,-489,-39,-3564,45,-71,98,-39,64,0
"676",95485.4751507,420.386,-84,123,-4494,51,-123,73,-47,54,0
"677",95485.4763826,420.3872,-523,-35,1787,69,-96,104,-53,50,0
"678",95485.4776516,420.3885,-379,-359,-5250,39,-98,119,-72,28,0
"679",95485.5064512,420.4173,-216,428,994,55,-59,126,-106,38,0
"680",95485.5078017,420.4186,-544,-36,-1363,47,-70,158,-96,69,0
"681",95485.5090566,420.4199,-274,142,-4082,58,-76,138,-103,54,0
"682",95485.5347846,420.4456,-238,389,103,58,-35,141,-108,40,0
"683",95485.5361532,420.447,-66,-40,-5901,32,-76,104,-130,16,0
"684",95485.5374217,420.4482,63,484,1894,20,-76,106,-104,29,0
"685",95485.5853526,420.4962,-316,-53,2317,2,-88,76,-121,26,0
"686",95485.5867643,420.4976,134,214,1915,10,-125,65,-114,14,0
"687",95485.588027,420.4989,-11,369,5737,19,-79,88,-95,21,0
"688",95485.5962229,420.507,-210,-61,1728,7,-105,88,-112,33,0
"689",95485.5976476,420.5085,-121,408,8810,-3,-84,63,-121,63,0
"690",95485.5989143,420.5097,-366,-202,5374,19,-62,55,-95,67,0
"691",95485.6005809,420.5114,-90,-8,2338,28,-72,72,-115,84,0
"692",95485.6019008,420.5127,-369,85,5366,33,-17,111,-70,105,0
"693",95485.603281,420.5141,-84,-108,-2330,39,9,130,-87,104,0
"694",95485.657284,420.5681,123,642,2412,38,34,142,-44,65,0
"695",95485.6588765,420.5697,-552,-3,614,48,31,158,-25,78,0
"696",95485.6602366,420.5711,33,177,-1717,65,2,150,-17,96,0
"697",95485.6855682,420.5964,-575,176,4575,69,-25,162,13,99,0
"698",95485.6870071,420.5978,-304,-291,-1698,57,-37,145,6,72,0
"699",95485.688299,420.5991,27,458,2763,67,17,172,43,34,0
"700",95485.6897551,420.6006,-442,-137,1990,50,19,150,31,6,0
"701",95485.6911463,420.602,-82,391,1036,55,13,118,62,25,0
"702",95485.692503,420.6033,-370,533,6322,21,77,102,61,12,0
"703",95485.6938249,420.6046,-83,96,1401,-2,70,75,34,31,0
"704",95485.6952404,420.6061,50,688,6268,-20,58,46,63,69,0
"705",95485.6966024,420.6074,-379,178,-538,-44,31,55,71,61,0
"706",95485.7246714,420.6355,55,523,-3823,-52,-6,26,72,50,0
"707",95485.7260466,420.6369,-296,383,642,-57,20,29,24,71,0
"708",95485.7303847,420.6412,-259,-214,-7429,-38,10,45,10,65,0
"709",95485.7319145,420.6427,-384,370,-2175,-60,-18,26,21,77,0
"710",95485.733159,420.644,-626,-130,-3308,-29,-33,27,46,49,0
"711",95485.7344524,420.6453,-418,277,-5970,-18,-44,35,25,57,0
"712",95485.780605,420.6914,-505,394,2488,-31,12,53,40,59,0
"713",95485.7820994,420.6929,74,-39,-3661,-26,4,48,63,25,0
"714",95485.7833765,420.6942,235,671,-569,-28,3,29,34,0,0
"715",95485.7944432,420.7053,-26,147,-2639,-69,-24,23,32,17,0
"716",95485.7957401,420.7066,215,264,-4737,-62,-54,18,35,13,0
"717",95485.7971563,420.708,-153,128,-63,-45,-2,34,-6,1,0
"718",95485.8332088,420.744,-154,-314,-5469,-18,-24,13,-29,-15,0
"719",95485.8346755,420.7455,52,270,2339,11,-31,25,-45,-44,0
"720",95485.8360113,420.7468,-293,-317,-1167,11,-20,10,-66,-57,0
"721",95485.9021247,420.8129,132,-94,-2709,34,-51,-15,-77,-40,0
"722",95485.9036139,420.8144,-163,-98,3549,4,-40,-14,-67,-34,0
"723",95485.9049157,420.8157,-238,-482,-3847,-5,-58,3,-85,-44,0
"724",95485.9064645,420.8173,-141,265,4218,-9,-19,17,-94,-9,0
"725",95485.9077785,420.8186,-284,-162,2184,8,-23,16,-95,-24,0
"726",95485.9091256,420.82,204,137,261,2,-56,9,-82,-60,0
"727",95485.9106886,420.8215,-248,350,3471,-14,-27,3,-58,-51,0
"728",95485.9120003,420.8228,35,-125,-498,-30,-63,2,-44,-40,0
"729",95485.9133637,420.8242,106,615,5314,0,-63,8,-33,-55,0
"730",95485.9147861,420.8256,-373,-21,4535,-12,-45,5,6,-53,0
"731",95485.9162367,420.8271,82,142,792,-29,-79,-2,18,-50,0
"732",95485.9175956,420.8284,-173,10,3962,-29,-61,0,34,-31,0
"733",95485.9916834,420.9025,-460,-422,-3803,-15,-62,-1,32,-22,0
"734",95485.9931075,420.9039,-86,172,2546,-17,-64,1,69,-27,0
"735",95485.9943709,420.9052,-152,-221,-2528,-18,-73,15,68,-20,0
"736",95486.0020859,420.9129,243,-40,-3734,-7,-102,10,58,-44,0
"737",95486.0033291,420.9142,8,-25,1255,-15,-63,-14,56,-29,0
"738",95486.0045412,420.9154,-10,-457,-5843,-20,-71,9,27,-58,0
"739",95486.0058561,420.9167,89,82,1832,5,-23,23,24,-27,0
"740",95486.0070783,420.9179,-212,-369,-681,34,-11,29,20,11,0
"741",95486.008492,420.9193,115,14,-4034,52,-26,31,4,31,0
"742",95486.0099646,420.9208,-40,190,1844,36,8,61,-12,29,0
"743",95486.0112295,420.9221,-58,-254,-2628,44,5,57,-2,58,0
"744",95486.0158132,420.9266,347,315,4033,73,32,40,41,110,0
"745",95486.0436696,420.9545,-21,-209,4171,73,53,11,53,111,0
"746",95486.0449484,420.9558,338,108,3034,66,36,-16,70,115,0
"747",95486.0461946,420.957,152,354,4584,38,65,-14,76,128,0
"748",95486.108155,421.019,118,-131,-1854,53,91,-52,86,123,0
"749",95486.1096831,421.0205,401,527,5642,85,102,-64,110,137,0
"750",95486.1110586,421.0219,-102,-125,3193,78,117,-59,79,161,0
"751",95486.11269,421.0235,216,89,832,61,106,-73,39,142,0
"752",95486.1141063,421.0249,-44,221,6896,52,168,-72,24,129,0
"753",95486.1153657,421.0262,-130,-203,203,51,156,-105,17,141,0
"754",95486.1166801,421.0275,90,317,6363,8,173,-81,44,169,0
"755",95486.1179477,421.0288,-188,-221,5032,23,183,-72,26,130,0
"756",95486.1192158,421.03,132,-26,483,32,157,-91,-1,146,0
"757",95486.1207744,421.0316,-201,86,4070,24,167,-26,2,130,0
"758",95486.1223365,421.0332,-203,-314,-2232,-7,154,-40,29,126,0
"759",95486.123778,421.0346,-166,232,1000,15,170,-50,59,125,0
"760",95486.1745895,421.0854,-403,-346,-3072,16,152,-47,55,133,0
"761",95486.1762282,421.0871,92,-96,-3758,37,99,-55,57,125,0
"762",95486.177558,421.0884,-78,95,1250,34,131,-29,48,137,0
"763",95486.2255235,421.1363,43,-274,-4013,42,113,-49,39,129,0
"764",95486.2269307,421.1378,200,481,1358,59,89,-35,13,137,0
"765",95486.2282274,421.1391,-100,60,-3706,72,73,-33,-1,133,0
"766",95486.2601142,421.1709,288,334,-6130,112,58,-24,-13,131,0
"767",95486.2616376,421.1725,161,299,3239,119,92,-22,1,142,0
"768",95486.2629122,421.1737,-42,-228,-4272,94,70,3,-10,145,0
"769",95486.2644761,421.1753,70,375,1727,83,71,6,-5,144,0
"770",95486.2658071,421.1766,-191,-155,2227,75,46,-6,-14,151,0
"771",95486.2670461,421.1779,211,76,-1483,83,39,-29,-28,160,0
"772",95486.2684424,421.1793,-6,66,5113,60,81,-20,-22,153,0
"773",95486.2696888,421.1805,-112,-397,-1515,67,92,-37,-16,155,0
"774",95486.2710164,421.1818,62,318,3155,73,150,-24,-36,148,0
"775",95486.2764744,421.1873,-123,-352,3546,92,120,-11,-19,156,0
"776",95486.2778066,421.1886,338,-145,201,120,96,2,31,169,0
"777",95486.2790906,421.1899,-60,-181,2802,118,133,17,44,150,0
"778",95486.2984492,421.2093,-99,-667,-3590,95,95,16,46,127,0
"779",95486.2999023,421.2107,14,93,1371,50,125,-17,30,79,0
"780",95486.3041947,421.215,-241,-389,-2529,29,144,-17,30,52,0
"781",95486.3055272,421.2164,226,-147,-4694,17,87,-27,8,42,0
"782",95486.3068386,421.2177,124,-17,704,8,88,-7,18,37,0
"783",95486.3082159,421.219,94,-527,-5771,23,63,-28,-17,-4,0
"784",95486.3562275,421.2671,274,90,612,27,45,-54,-53,-1,0
"785",95486.357676,421.2685,63,-375,356,48,33,-16,-63,-19,0
"786",95486.3589228,421.2697,465,-21,-4313,64,3,-20,-52,-44,0
"787",95486.3792282,421.2901,67,39,1864,81,-3,-2,-23,-55,0
"788",95486.3807372,421.2916,31,-415,-5364,85,-49,-25,-51,-52,0
"789",95486.3822565,421.2931,159,108,-1136,68,-51,-2,-40,-32,0
"790",95486.3835907,421.2944,-163,-408,-1983,57,-53,12,-7,-10,0
"791",95486.3848293,421.2957,111,-216,-4022,94,-60,-3,-13,-30,0
"792",95486.3860144,421.2968,-93,-69,396,121,-48,-48,-38,-37,0
"793",95486.4116882,421.3225,25,-410,-4074,123,-27,-78,-42,-49,0
"794",95486.4130545,421.3239,204,190,3709,127,-12,-100,-33,-39,0
"795",95486.4144324,421.3253,-233,-410,811,156,-24,-87,-35,-46,0
"796",95486.4442502,421.3551,32,-276,-486,142,-42,-118,-26,-62,0
"797",95486.4457356,421.3566,-318,-113,4648,135,-58,-78,-6,-43,0
"798",95486.4470194,421.3578,-223,-415,-4070,148,-73,-70,6,-39,0
"799",95486.479028,421.3899,137,348,1808,144,-76,-63,28,-38,0
"800",95486.4803522,421.3912,-217,-106,1311,165,-64,-58,26,-18,0
"801",95486.4816379,421.3925,305,234,-1643,176,-87,-84,8,6,0
"802",95486.4831865,421.394,-40,359,4160,156,-89,-83,1,1,0
"803",95486.4846053,421.3954,-71,-102,-2125,138,-110,-60,19,17,0
"804",95486.4858725,421.3967,239,542,1909,110,-114,-61,30,66,0
"805",95486.5157489,421.4266,-196,-74,563,106,-103,-46,29,84,0
"806",95486.5172628,421.4281,175,54,-472,135,-145,-45,32,94,0
"807",95486.5185603,421.4294,33,150,5108,169,-129,-22,32,136,0
"808",95486.5886509,421.4995,49,-438,-795,123,-151,-24,-7,122,0
"809",95486.5901635,421.501,115,167,5124,124,-137,-16,-1,143,0
"810",95486.5915873,421.5024,-229,-262,977,134,-79,-16,37,141,0
"811",95486.5930529,421.5039,32,-85,-2000,88,-107,-28,24,116,0
"812",95486.5945381,421.5054,-19,-55,4590,77,-73,-22,-4,126,0
"813",95486.5958832,421.5067,83,-491,-2066,122,-74,-27,-8,166,0
"814",95486.5974725,421.5083,400,113,3169,106,-60,-30,-15,156,0
"815",95486.5988863,421.5097,-126,-423,-165,75,-57,-21,0,139,0
"816",95486.6034155,421.5142,144,-146,-6819,104,-103,-41,5,109,0
"817",95486.6049136,421.5157,-48,-201,-460,125,-62,-37,15,93,0
"818",95486.6063725,421.5172,67,-619,-6144,173,-71,-43,6,105,0
"819",95486.6076695,421.5185,347,204,-2283,158,-75,-54,-27,87,0
"820",95486.6316675,421.5425,-202,-305,-2789,135,-69,-30,-59,33,0
"821",95486.6331646,421.544,74,32,-4652,88,-73,-70,-38,14,0
"822",95486.6347388,421.5456,-131,-2,1216,68,-10,-66,-39,-1,0
"823",95486.6605575,421.5714,-58,-589,-2351,88,-50,-48,3,-10,0
"824",95486.6619358,421.5728,163,229,4977,136,-67,-61,44,-4,0
"825",95486.6631894,421.574,-219,-289,3422,149,-88,-77,61,7,0
"826",95486.6992298,421.6101,155,-17,-162,135,-107,-65,62,28,0
"827",95486.7005819,421.6114,-73,164,3968,127,-50,-51,64,51,0
"828",95486.7024574,421.6133,-171,-341,-6082,112,-94,-44,54,40,0
"829",95486.7039483,421.6148,-124,137,-833,100,-75,-51,45,13,0
"830",95486.7051884,421.616,-472,-609,-3136,101,-76,-79,25,4,0
"831",95486.7064902,421.6173,-102,-339,-8141,52,-102,-75,-19,-14,0
"832",95486.7351304,421.646,-187,-55,-1431,49,-101,-78,-13,-18,0
"833",95486.7365358,421.6474,-266,-447,-8454,72,-135,-75,-17,-66,0
"834",95486.7378778,421.6487,-41,278,-4334,80,-113,-92,-11,-119,0
"835",95486.7392751,421.6501,-284,-293,-2995,102,-92,-66,5,-101,0
"836",95486.7405497,421.6514,201,-137,-5701,84,-113,-66,12,-83,0
"837",95486.7419067,421.6527,-150,-30,-910,56,-137,-96,-7,-89,0
"838",95486.7939743,421.7048,-238,-487,-8004,21,-162,-124,-16,-119,0
"839",95486.7954115,421.7062,17,175,-2657,-7,-159,-117,2,-111,0
"840",95486.7966698,421.7075,-237,-193,-3104,14,-143,-59,36,-127,0
"841",95486.8290294,421.7399,298,61,-4423,46,-199,-38,31,-109,0
"842",95486.8302971,421.7411,-8,-29,4458,52,-175,-49,82,-98,0
"843",95486.8315327,421.7424,-231,-553,-2789,99,-188,-79,71,-112,0
"844",95486.8328047,421.7436,-120,77,4193,104,-166,-71,105,-84,0
"845",95486.8340806,421.7449,-405,-392,1487,120,-131,-31,88,-86,0
"846",95486.8354251,421.7462,45,-20,-2363,130,-139,-11,71,-110,0
"847",95486.8368269,421.7477,-85,78,5726,126,-88,-13,74,-85,0
"848",95486.8382248,421.749,-39,-533,865,108,-118,-4,65,-76,0
"849",95486.839526,421.7504,66,126,2706,101,-115,-3,33,-64,0
"850",95486.875796,421.7866,-191,-463,2725,110,-87,-6,19,-49,0
"851",95486.8771592,421.788,167,-170,388,99,-100,-21,-12,-24,0
"852",95486.8784485,421.7893,-239,5,6499,102,-44,-38,-42,7,0
"853",95486.8799344,421.7908,-336,-499,-924,141,-70,-69,-66,1,0
"854",95486.8812442,421.7921,-272,141,3233,111,-53,-71,-62,-27,0
"855",95486.8825538,421.7934,-547,-466,979,100,-27,-44,-50,-33,0
"856",95486.9024498,421.8133,-249,-241,-1395,131,-49,-67,-32,-21,0
"857",95486.9038084,421.8146,-310,-200,3834,140,-33,-73,-65,-42,0
"858",95486.9052025,421.816,-235,-658,-2341,130,-12,-56,-89,-23,0
"859",95486.9386451,421.8495,13,152,490,110,18,-28,-109,-31,0
"860",95486.9398878,421.8507,-284,-475,283,85,49,-37,-121,-12,0
"861",95486.9413283,421.8522,-7,-357,-1783,55,32,-50,-103,3,0
"862",95486.9691685,421.88,27,-26,4471,56,83,-44,-81,14,0
"863",95486.9706562,421.8815,160,-462,-2903,-28,47,-35,-93,-4,0
"864",95486.9720165,421.8828,330,150,811,-28,47,-76,-98,1,0
"865",95487.0101537,421.921,55,-340,-2637,-42,58,-59,-117,-4,0
"866",95487.0115583,421.9224,491,62,-4664,-37,73,-36,-94,-11,0
"867",95487.0129302,421.9238,299,234,1665,-17,100,-27,-76,11,0
"868",95487.014429,421.9253,407,-79,-2902,-8,93,-18,-84,-3,0
"869",95487.0158151,421.9266,592,451,1966,-24,98,-49,-104,-16,0
"870",95487.0173405,421.9282,170,-313,-1795,-46,101,-69,-136,-4,0
"871",95487.0492516,421.9601,509,-61,-6054,-49,106,-73,-122,-64,0
"872",95487.050781,421.9616,180,164,-577,-82,156,-59,-86,-106,0
"873",95487.0521766,421.963,221,-340,-5812,-108,110,-72,-114,-130,0
"874",95487.0537964,421.9646,410,304,1476,-110,109,-76,-123,-146,0
"875",95487.0551791,421.966,-151,-149,2082,-110,120,-63,-100,-92,0
"876",95487.0565481,421.9674,298,213,-4125,-80,98,-58,-100,-109,0
"877",95487.106611,422.0174,278,379,3028,-74,154,-47,-68,-92,0
"878",95487.1080758,422.0189,231,-10,-2458,-70,140,-84,-53,-138,0
"879",95487.109401,422.0202,285,684,631,-55,123,-97,-53,-99,0
"880",95487.1190828,422.0299,-119,142,-187,-66,98,-59,-64,-61,0
"881",95487.1204381,422.0313,366,455,-2810,-68,70,-56,-77,-72,0
"882",95487.1218821,422.0327,208,650,962,-41,93,-33,-57,-117,0
"883",95487.1232906,422.0341,17,64,-4959,-48,62,-40,-60,-117,0
"884",95487.1245523,422.0354,212,580,-30,-70,91,-33,-72,-105,0
"885",95487.1288223,422.0396,-317,-21,-3039,-42,115,-17,-81,-103,0
"886",95487.1573078,422.0681,8,143,-3002,5,80,-7,-118,-109,0
"887",95487.1588159,422.0696,-209,404,5633,36,89,-5,-136,-77,0
"888",95487.1602687,422.0711,-407,-97,-1537,45,65,9,-150,-59,0
"889",95487.1941478,422.105,-233,434,3155,25,92,-40,-140,-55,0
"890",95487.1956282,422.1065,-688,-33,1389,17,106,-53,-81,-34,0
"891",95487.1969759,422.1078,-555,24,-3560,18,98,-38,-135,-23,0
"892",95487.2268744,422.1377,-521,95,2069,17,128,-45,-130,-35,0
"893",95487.2282537,422.1391,-421,-283,-1447,54,78,-30,-86,-4,0
"894",95487.2296942,422.1405,-118,562,2524,61,64,-31,-70,4,0
"895",95487.2312665,422.1421,-448,-2,1977,82,61,3,-45,-21,0
"896",95487.2325311,422.1434,-312,226,-1388,82,49,11,-39,-17,0
"897",95487.2337619,422.1446,-363,310,1761,113,74,56,-49,-66,0
"898",95487.2616208,422.1724,-278,-88,-7052,119,38,23,-59,-84,0
"899",95487.2629891,422.1738,56,719,-1121,141,57,19,-32,-101,0
"900",95487.2642777,422.1751,-387,148,-4564,129,81,40,-32,-119,0
"901",95487.2657585,422.1766,124,421,-8314,151,62,41,-34,-126,0
"902",95487.2670876,422.1779,33,620,-140,153,95,53,-6,-138,0
"903",95487.2685169,422.1793,-90,152,-6353,168,35,87,19,-136,0
"904",95487.3284979,422.2393,90,911,272,152,10,102,8,-161,0
"905",95487.3298782,422.2407,-40,399,1131,176,-22,108,11,-172,0
"906",95487.3318003,422.2426,373,563,-3837,183,-58,80,28,-184,0
"907",95487.3331558,422.244,86,580,1458,159,-74,89,52,-192,0
"908",95487.3345326,422.2454,-51,-244,-4337,142,-98,66,56,-174,0
"909",95487.3359553,422.2468,197,303,-1138,135,-79,17,53,-183,0
"910",95487.3657727,422.2766,-125,-354,-1751,113,-74,24,58,-196,0
"911",95487.3674555,422.2783,217,-382,-5721,104,-111,13,15,-167,0
"912",95487.3689393,422.2798,-105,-244,-881,156,-101,13,-9,-170,0
"913",95487.3704568,422.2813,-68,-629,-7596,196,-138,-5,-33,-197,0
"914",95487.3717982,422.2826,189,303,-2422,219,-129,26,-18,-212,0
"915",95487.3731223,422.2839,-171,-34,-3322,198,-95,59,-45,-218,0
"916",95487.4552912,422.3661,270,167,-4750,185,-90,51,-69,-228,0
"917",95487.4567979,422.3676,-75,339,2679,229,-49,44,-39,-227,0
"918",95487.4582906,422.3691,-148,15,-6513,200,-41,20,-72,-233,0
"919",95487.4597937,422.3706,288,650,491,180,-62,19,-87,-254,0
"920",95487.4641772,422.375,25,302,3468,149,-38,30,-95,-211,0
"921",95487.4654348,422.3763,291,421,-1369,143,-29,4,-81,-203,0
"922",95487.4669676,422.3778,-34,374,5811,128,40,38,-76,-229,0
"923",95487.4682593,422.3791,-90,-217,1104,160,55,43,-98,-184,0
"924",95487.4695605,422.3804,22,555,4160,144,32,64,-84,-153,0
"925",95487.4771733,422.388,-312,105,3485,124,10,70,-70,-128,0
"926",95487.4786391,422.3895,-35,282,556,135,-47,60,-69,-134,0
"927",95487.4799091,422.3907,-264,400,6291,151,-12,49,-74,-116,0
"928",95487.4956815,422.4065,-278,-64,75,118,26,26,-70,-117,0
"929",95487.4969849,422.4078,-92,540,6211,127,52,20,-60,-118,0
"930",95487.4983621,422.4092,-415,24,4989,108,45,28,-38,-95,0
"931",95487.4998168,422.4106,-159,147,551,79,42,9,-27,-90,0
"932",95487.5013477,422.4122,-349,90,4225,65,63,9,12,-98,0
"933",95487.5027095,422.4135,-358,-520,-4698,29,68,-36,7,-128,0
"934",95487.5627496,422.4736,-41,232,-986,-7,120,-49,26,-155,0
"935",95487.5643942,422.4752,-320,-230,-567,-1,137,-60,34,-145,0
"936",95487.5658228,422.4766,98,-201,-3323,23,115,-63,10,-124,0
"937",95487.5675184,422.4783,62,169,4664,59,139,-52,12,-86,0
"938",95487.5688125,422.4796,-7,-114,-1281,58,95,-45,4,-94,0
"939",95487.5700853,422.4809,284,508,-792,32,68,-35,-3,-74,0
"940",95487.6001219,422.5109,91,-119,236,34,87,-35,-13,-47,0
"941",95487.601673,422.5125,281,39,-901,59,76,-36,-26,-12,0
"942",95487.6031375,422.514,42,263,2202,40,101,-54,-39,3,0
"943",95487.6045526,422.5154,-139,-326,-3471,27,83,-50,-43,18,0
"944",95487.6059257,422.5168,29,145,1176,57,57,-48,-80,33,0
"945",95487.60717,422.518,-267,-428,-1163,84,75,-71,-80,41,0
"946",95487.6350581,422.5459,-57,-243,-2881,71,49,-123,-54,48,0
"947",95487.6367174,422.5475,-308,56,3696,78,59,-84,-31,69,0
"948",95487.6380415,422.5489,-264,-454,-4601,103,41,-88,-20,64,0
"949",95487.6679501,422.5788,39,91,675,108,46,-99,3,64,0
"950",95487.6693973,422.5802,-427,-270,-533,97,32,-66,9,48,0
"951",95487.6706601,422.5815,-80,-48,-5093,99,29,-76,12,3,0
"952",95487.672107,422.5829,-405,195,804,87,48,-85,-6,-12,0
"953",95487.6736437,422.5845,-354,-290,-4065,105,12,-93,-13,-20,0
"954",95487.6749962,422.5858,62,210,50,110,43,-87,-18,-32,0
"955",95487.730328,422.6412,-255,-265,-820,75,66,-33,-14,-64,0
"956",95487.7316639,422.6425,-55,-97,-1721,58,52,-7,-5,-60,0
"957",95487.7331005,422.6439,-153,249,5815,71,61,34,0,3,0
"958",95487.7408934,422.6517,-154,-272,-344,67,83,32,-41,11,0
"959",95487.7421561,422.653,27,315,6992,62,108,42,-24,29,0
"960",95487.7433728,422.6542,-624,-234,6193,76,102,38,1,46,0
"961",95487.7447018,422.6555,-52,-271,2861,86,70,49,-26,65,0
"962",95487.7460926,422.6569,-161,-87,6552,83,77,59,-2,51,0
"963",95487.7474104,422.6582,-128,-628,-1924,77,44,47,19,64,0
"964",95487.7752936,422.6861,4,-3,1704,71,32,7,15,67,0
"965",95487.7766716,422.6875,-366,-343,1242,96,58,-3,11,60,0
"966",95487.7779038,422.6887,-44,-301,-3473,105,23,-6,22,70,0
"967",95487.8076436,422.7185,-341,-209,2783,112,38,-17,2,104,0
"968",95487.8091304,422.72,28,-640,-3906,113,30,-39,-23,117,0
"969",95487.8104166,422.7212,183,-8,-413,121,11,-33,-25,102,0
"970",95487.8445201,422.7553,-249,-369,-353,129,14,-48,-26,87,0
"971",95487.8459339,422.7568,-38,-135,-6460,145,-42,-47,-37,63,0
"972",95487.8472328,422.7581,-220,79,-1787,143,-41,-81,-17,49,0
"973",95487.8488748,422.7597,-33,-287,-8605,127,-61,-113,-1,21,0
"974",95487.8502827,422.7611,294,437,-4007,108,-57,-84,6,-7,0
"975",95487.851586,422.7624,-132,95,-5479,110,3,-61,-14,-71,0
"976",95487.8776371,422.7885,371,352,-5141,103,-10,-53,-28,-83,0
"977",95487.8790521,422.7899,273,612,2237,103,7,-37,4,-97,0
"978",95487.8817185,422.7925,263,92,-3024,118,-24,-65,0,-55,0
"979",95487.9095586,422.8204,412,735,1355,146,-30,-64,8,-53,0
"980",95487.9111077,422.8219,-210,188,-268,164,-51,-41,-31,-77,0
"981",95487.9124485,422.8233,164,268,-2622,155,-81,-27,-13,-54,0
"982",95487.9444512,422.8553,94,512,3734,143,-51,-1,27,-14,0
"983",95487.9456914,422.8565,3,-8,-4043,131,-96,9,4,-38,0
"984",95487.9469824,422.8578,144,699,-869,153,-110,9,-8,-29,0
"985",95487.9505642,422.8614,-193,38,-320,170,-79,12,-2,-45,0
"986",95487.9518274,422.8627,78,158,-4267,176,-102,13,-13,-58,0
"987",95487.953326,422.8642,-17,508,1367,196,-43,36,24,-53,0
"988",95487.983286,422.8941,-70,-133,-4975,201,2,17,35,-48,0
"989",95487.9847417,422.8956,271,353,-1303,161,35,20,-2,-36,0
"990",95487.9860137,422.8968,-288,-274,-3316,178,63,21,9,-12,0
"991",95487.9905018,422.9013,170,-190,-6598,160,32,1,-25,-6,0
"992",95487.9918424,422.9027,-178,97,537,163,61,-14,-44,-24,0
"993",95487.993108,422.9039,-251,-350,-5521,174,8,-63,-57,-27,0
"994",95488.040386,422.9512,47,444,780,204,24,-95,-68,-30,0
"995",95488.041762,422.9526,-267,-94,1848,214,36,-78,-110,-45,0
"996",95488.0430373,422.9539,103,-6,-2793,236,21,-47,-153,-48,0
"997",95488.0787969,422.9896,-185,302,3977,238,81,-35,-98,-38,0
"998",95488.0802558,422.9911,8,-107,-1173,196,44,-44,-98,-43,0
"999",95488.0819084,422.9927,286,567,1886,210,27,-30,-114,-25,0
"1000",95488.0839511,422.9948,-118,196,1553,238,39,-6,-146,-42,0
"1001",95488.0852198,422.996,176,251,-476,229,12,-22,-143,-21,0
"1002",95488.0864697,422.9973,-93,424,5277,201,8,0,-129,13,0
"1003",95488.0879423,422.9988,-123,-36,-841,163,19,-13,-146,11,0
"1004",95488.0892578,423.0001,0,578,3347,139,9,-17,-154,2,0
"1005",95488.0905544,423.0014,-450,71,2323,139,7,-27,-156,0,0
"1006",95488.1206088,423.0314,-289,119,-2433,149,-2,-38,-149,-2,0
"1007",95488.1219759,423.0328,-539,357,3961,153,29,-9,-128,8,0
"1008",95488.1232092,423.034,-481,-245,-2566,167,-8,11,-174,0,0
"1009",95488.1529465,423.0638,-235,326,1983,200,1,0,-199,0,0
"1010",95488.1543879,423.0652,-593,-91,3385,183,10,6,-223,16,0
"1011",95488.1556538,423.0665,-251,231,304,216,17,-12,-247,55,0
"1012",95488.1572657,423.0681,-218,502,8223,229,24,19,-225,73,0
"1013",95488.1585698,423.0694,-133,-61,1628,223,2,8,-235,100,0
"1014",95488.1598006,423.0706,16,556,2599,184,27,-36,-222,136,0
"1015",95488.1916375,423.1025,-160,-20,3547,175,7,-60,-204,159,0
"1016",95488.1930338,423.1039,177,125,1761,201,-24,-54,-175,118,0
"1017",95488.1944072,423.1052,-50,444,6637,206,-17,-65,-139,130,0
"1018",95488.2241799,423.135,-88,-46,1320,200,-32,-28,-125,146,0
"1019",95488.2256842,423.1365,-53,422,5113,151,5,-23,-128,191,0
"1020",95488.2270689,423.1379,-561,-221,4012,100,43,-10,-101,183,0
"1021",95488.2577112,423.1685,-285,-90,-275,59,11,-11,-93,156,0
"1022",95488.2590475,423.1699,-315,164,6203,61,7,15,-50,172,0
"1023",95488.2603121,423.1711,-142,-243,-3213,77,-25,0,-48,166,0
"1024",95488.2618912,423.1727,-8,497,2210,72,-32,-44,-44,192,0
"1025",95488.2633766,423.1742,-631,70,1363,58,-2,-64,-17,208,0
"1026",95488.2646817,423.1755,-221,240,-5293,65,2,-80,-17,197,0
"1027",95488.2961253,423.2069,-323,390,2977,42,40,-110,-15,215,0
"1028",95488.2975949,423.2084,-311,-141,-2135,38,70,-123,-36,252,0
"1029",95488.2988822,423.2097,-89,420,1684,64,82,-103,-55,237,0
"1030",95488.3004846,423.2113,-396,-18,2584,32,86,-74,-62,206,0
"1031",95488.3018712,423.2127,-197,48,-2010,7,67,-105,-85,218,0
"1032",95488.3032293,423.2141,-396,293,3361,-21,90,-93,-94,226,0
"1033",95488.3574745,423.2683,-515,-387,-3710,-57,102,-113,-99,170,0
"1034",95488.359083,423.2699,-224,256,1031,-41,106,-132,-110,150,0
"1035",95488.3604397,423.2713,-433,-123,732,-38,124,-102,-78,139,0
"1036",95488.3619741,423.2728,-134,11,-1767,-49,114,-83,-49,131,0
"1037",95488.3633037,423.2741,-348,304,4142,-92,147,-74,-81,155,0
"1038",95488.3645504,423.2754,-359,-40,-2101,-58,135,-76,-95,173,0
"1039",95488.3660712,423.2769,76,590,223,-50,181,-69,-123,171,0
"1040",95488.3673371,423.2782,-316,151,384,-42,174,-63,-102,121,0
"1041",95488.3685778,423.2794,-59,304,-4170,-21,142,-69,-93,100,0
"1042",95488.4008028,423.3116,-269,402,4126,-20,172,-70,-83,129,0
"1043",95488.4021254,423.313,-321,-184,-1497,-39,152,-71,-80,119,0
"1044",95488.4036048,423.3144,-168,486,3342,-60,201,-64,-40,144,0
"1045",95488.4294239,423.3402,-662,-67,5150,-41,212,-106,-18,176,0
"1046",95488.4309613,423.3418,-378,-120,2226,-17,180,-106,-11,180,0
"1047",95488.4322858,423.3431,-517,130,6181,-5,211,-97,26,186,0
"1048",95488.4614143,423.3722,-469,-449,-1226,-8,190,-88,1,214,0
"1049",95488.4627326,423.3736,-157,208,4586,29,203,-56,-3,231,0
"1050",95488.4640331,423.3749,-503,-178,3901,50,218,-47,11,237,0
"1051",95488.4937835,423.4046,-20,20,-669,62,203,-57,34,235,0
"1052",95488.4951678,423.406,-161,359,8535,61,220,-48,62,255,0
"1053",95488.4964731,423.4073,-313,-79,473,76,226,-75,62,278,0
"1054",95488.4981081,423.4089,-131,527,3292,72,226,-96,91,264,0
"1055",95488.4993947,423.4102,-622,-40,4654,82,196,-76,121,271,0
"1056",95488.500647,423.4115,-153,154,-2756,87,161,-66,128,245,0
"1057",95488.5286129,423.4394,-218,351,2627,53,175,-40,124,208,0
"1058",95488.5300708,423.4409,-250,-250,-2262,37,186,-49,95,217,0
"1059",95488.531326,423.4422,167,375,2833,50,184,-76,102,236,0
"1060",95488.5591971,423.47,-270,-60,3130,56,215,-105,80,264,0
"1061",95488.5636618,423.4745,-144,14,-917,66,183,-141,53,250,0
"1062",95488.5650993,423.4759,-443,189,4687,55,191,-138,57,261,0
"1063",95488.5689159,423.4797,-603,-464,-2070,37,190,-160,37,245,0
"1064",95488.5704699,423.4813,-346,308,2521,41,169,-174,38,239,0
"1065",95488.5719399,423.4828,-733,16,324,45,202,-188,30,221,0
"1066",95488.5938142,423.5046,-373,-27,-1282,59,173,-209,21,198,0
"1067",95488.5951069,423.5059,-517,135,6739,29,201,-198,48,184,0
"1068",95488.5964836,423.5073,-521,-358,1126,53,191,-227,67,205,0
"1069",95488.6242358,423.5351,-290,112,6791,66,174,-254,101,236,0
"1070",95488.6257072,423.5365,-533,-156,7946,71,191,-226,91,264,0
"1071",95488.627039,423.5379,-116,-112,2290,60,184,-233,61,278,0
"1072",95488.6610268,423.5719,-183,182,9782,50,219,-241,71,289,0
"1073",95488.662349,423.5732,131,-187,2521,81,217,-263,43,255,0
"1074",95488.6637501,423.5746,506,470,2807,84,207,-259,40,239,0
"1075",95488.665381,423.5762,-2,-146,4740,45,175,-213,48,259,0
"1076",95488.6666951,423.5775,279,-275,2712,17,159,-221,47,296,0
"1077",95488.6680313,423.5789,26,-209,8249,-11,222,-226,36,304,0
"1078",95488.6940505,423.6049,-152,-731,-1629,-60,188,-243,34,283,0
"1079",95488.6954287,423.6063,143,-86,2011,-107,193,-235,66,289,0
"1080",95488.6967208,423.6075,-284,-549,750,-156,171,-234,103,280,0
"1081",95488.7246127,423.6354,-22,-470,-4823,-171,177,-229,96,269,0
"1082",95488.7261171,423.6369,-177,-107,-65,-171,188,-199,103,235,0
"1083",95488.7275831,423.6384,-145,-522,-7611,-145,146,-195,60,176,0
"1084",95488.7821167,423.6929,106,241,-613,-135,156,-192,47,162,0
"1085",95488.7836759,423.6945,-202,-169,2034,-153,144,-185,54,185,0
"1086",95488.7856582,423.6965,106,-51,-2622,-151,124,-181,52,219,0
"1087",95488.7869756,423.6978,103,187,5896,-145,119,-191,57,221,0
"1088",95488.7881907,423.699,-134,-371,-3174,-156,76,-168,40,194,0
"1089",95488.7894354,423.7003,230,331,-304,-155,82,-167,21,203,0
"1090",95488.7908137,423.7016,-125,-134,985,-119,85,-163,32,230,0
"1091",95488.7921743,423.703,259,19,-3327,-97,54,-181,-17,211,0
"1092",95488.7934629,423.7043,89,241,122,-120,112,-160,1,193,0
"1093",95488.8053634,423.7162,-163,-406,-5777,-73,91,-138,-11,211,0
"1094",95488.8067585,423.7176,166,196,-193,-42,85,-102,-31,238,0
"1095",95488.8112856,423.7221,-207,-282,-453,-61,88,-80,-65,221,0
"1096",95488.8635927,423.7744,75,-286,-3898,-54,89,-115,-72,204,0
"1097",95488.8650998,423.7759,-24,-120,3890,-59,135,-118,-43,189,0
"1098",95488.866635,423.7775,-182,-687,-2464,-47,135,-85,-49,219,0
"1099",95488.8844048,423.7952,-1,-193,-1365,-60,165,-50,-30,236,0
"1100",95488.8857085,423.7965,-476,-528,-2749,-73,166,-40,-54,248,0
"1101",95488.8869691,423.7978,-104,-416,-8945,-61,124,-17,-57,181,0
"1102",95488.8885425,423.7994,-366,-92,-3550,-66,112,-16,-71,154,0
"1103",95488.8898705,423.8007,-504,-664,-10153,-84,62,-4,-65,173,0
"1104",95488.8911529,423.802,-112,50,-7437,-65,39,8,-61,146,0
"1105",95488.9212191,423.832,-339,-225,-5820,-42,61,16,-105,136,0
"1106",95488.9224899,423.8333,-23,-173,-9671,-60,9,21,-139,103,0
"1107",95488.9237561,423.8346,-23,72,-681,-32,28,32,-139,96,0
"1108",95488.9254155,423.8362,-258,-514,-5677,-24,8,43,-145,79,0
"1109",95488.9268455,423.8377,139,123,1205,-26,-11,91,-163,86,0
"1110",95488.9281002,423.8389,-247,-358,1193,-50,0,131,-154,93,0
"1111",95488.9938288,423.9047,-15,-291,-3215,-2,-5,97,-194,95,0
"1112",95488.9954159,423.9062,-218,-15,2992,55,14,65,-147,123,0
"1113",95488.9978667,423.9087,-341,-644,-3719,43,8,51,-147,132,0
"1114",95488.9992827,423.9101,-165,-7,425,52,18,18,-167,96,0
"1115",95489.0007407,423.9116,-489,-427,1596,65,23,27,-149,93,0
"1116",95489.0020623,423.9129,-254,-163,-4163,70,7,9,-135,110,0
"1117",95489.0034309,423.9143,-417,321,2499,94,56,26,-75,108,0
"1118",95489.0049263,423.9158,-421,-302,-1411,66,50,28,-66,127,0
"1119",95489.0063705,423.9172,-14,354,903,44,77,-1,-76,147,0
"1120",95489.0342547,423.9451,-355,167,2429,39,111,-14,-55,173,0
"1121",95489.0359569,423.9468,29,377,-2864,64,86,-11,-70,174,0
"1122",95489.0373082,423.9481,-204,689,3774,56,88,9,-101,178,0
"1123",95489.0388243,423.9496,-320,-13,-4177,49,53,6,-105,171,0
"1124",95489.0401083,423.9509,124,582,-94,54,82,12,-123,154,0
"1125",95489.0413962,423.9522,-283,160,697,105,83,-9,-122,170,0
"1126",95370.094801,305.0056,-147,1,1513,-94,150,18,34,215,0
"1127",95370.0963165,305.0071,-209,-450,-3745,-124,124,35,38,216,0
"1128",95370.0975939,305.0084,40,206,1100,-150,130,45,50,211,0
"1129",95370.1314569,305.0423,-293,-227,-356,-182,142,32,39,168,0
"1130",95370.1347015,305.0455,128,179,-786,-160,104,0,54,194,0
"1131",95370.1361021,305.0469,-221,233,3022,-120,102,-4,69,175,0
"1132",95370.13762,305.0484,-119,-70,-4962,-114,93,-27,35,139,0
"1133",95370.1389345,305.0498,123,628,785,-117,23,-39,56,120,0
"1134",95370.1402173,305.051,-377,197,-2895,-126,16,-45,37,129,0
"1135",95370.172137,305.083,-14,517,-5215,-139,31,-46,-19,128,0
"1136",95370.1735932,305.0844,-143,413,1491,-138,39,-37,-27,121,0
"1137",95370.1749815,305.0858,-221,77,-8248,-115,31,-83,-34,127,0
"1138",95370.192771,305.1036,-18,775,-3970,-66,22,-102,-42,89,0
"1139",95370.1942444,305.1051,-271,240,-4080,-44,17,-75,-65,55,0
"1140",95370.1955316,305.1064,-27,603,-5003,-37,9,-90,-50,63,0
"1141",95370.2399147,305.1507,-276,764,1984,-67,27,-107,-48,34,0
"1142",95370.2413344,305.1522,-129,434,-5055,-83,-11,-95,-52,2,0
"1143",95370.2451583,305.156,-102,922,1013,-63,-3,-81,-60,-15,0
"1144",95370.2465467,305.1574,-625,332,-507,-42,2,-62,-71,8,0
"1145",95370.2478788,305.1587,-94,720,-3357,-29,-11,-55,-57,9,0
"1146",95370.2493568,305.1602,-166,695,2568,-60,33,-78,-41,35,0
"1147",95370.2732221,305.184,-41,313,-2249,-48,14,-108,-41,18,0
"1148",95370.2745958,305.1854,59,784,3712,-45,5,-106,-15,51,0
"1149",95370.2759206,305.1867,-349,182,-1554,-37,46,-96,-9,43,0
"1150",95370.2772822,305.1881,-94,636,-2510,-14,32,-95,-35,64,0
"1151",95370.2785408,305.1894,-459,695,1863,-14,100,-90,-40,31,0
"1152",95370.2846272,305.1955,-266,365,-6089,-9,80,-76,-32,16,0
"1153",95370.3265863,305.2374,-87,1041,1354,-32,27,-42,0,-2,0
"1154",95370.328179,305.239,-149,354,-52,-17,51,-52,-31,27,0
"1155",95370.3295694,305.2404,7,434,-5590,-16,50,-23,-9,56,0
"1156",95370.361835,305.2727,-163,450,-179,-44,49,-18,11,42,0
"1157",95370.3633043,305.2741,71,168,-5102,-56,21,-39,42,42,0
"1158",95370.3646563,305.2755,259,767,-537,-70,62,-25,59,65,0
"1159",95370.3661577,305.277,-182,245,-511,-62,75,-53,29,97,0
"1160",95370.367415,305.2782,154,628,-2945,-52,57,-100,35,119,0
"1161",95370.3687502,305.2796,-180,671,317,-47,47,-91,41,139,0
"1162",95370.3733707,305.2842,-107,349,-7763,-33,19,-80,53,112,0
"1163",95370.3746784,305.2855,231,1038,-552,-29,49,-85,70,113,0
"1164",95370.3760092,305.2868,-19,503,-1896,-27,64,-117,53,128,0
"1165",95370.4219142,305.3327,266,741,-1803,1,17,-136,70,166,0
"1166",95370.423362,305.3342,-61,888,2862,17,44,-132,84,161,0
"1167",95370.4245829,305.3354,76,412,-4938,-16,53,-108,81,144,0
"1168",95370.4383839,305.3492,221,890,906,-5,49,-106,67,148,0
"1169",95370.4397642,305.3506,-159,393,-81,-25,-7,-98,66,137,0
"1170",95370.4410325,305.3519,175,716,-1705,4,-25,-120,53,131,0
"1171",95370.4719565,305.3828,-272,656,2882,9,-14,-134,48,158,0
"1172",95370.4732709,305.3841,-268,264,-5516,20,-30,-135,53,137,0
"1173",95370.4745763,305.3854,-26,851,-731,17,-9,-113,49,142,0
"1174",95370.4759215,305.3867,-358,-15,-894,28,-5,-97,13,113,0
"1175",95370.4771716,305.388,-5,83,-1838,41,-33,-71,-17,81,0
"1176",95370.4786169,305.3894,-291,206,597,19,-41,-106,-3,79,0
"1177",95370.5286806,305.4395,-145,-202,-6161,1,-114,-96,-13,57,0
"1178",95370.5327065,305.4435,-7,385,921,9,-111,-125,-5,6,0
"1179",95370.5341255,305.445,-335,-141,302,9,-87,-151,15,35,0
"1180",95370.5525799,305.4634,-36,253,-2252,51,-47,-140,18,26,0
"1181",95370.5539623,305.4648,-242,173,3898,86,-19,-131,5,53,0
"1182",95370.5552488,305.4661,-292,-373,-2192,94,-16,-166,7,64,0
"1183",95370.5565747,305.4674,-317,334,3372,55,15,-167,32,73,0
"1184",95370.5605947,305.4714,-509,-143,3076,33,30,-148,36,80,0
"1185",95370.5620313,305.4729,44,312,-1388,44,5,-134,41,115,0
"1186",95370.5878632,305.4987,-293,311,3372,31,26,-102,57,115,0
"1187",95370.5892941,305.5001,-196,-32,-3656,43,-7,-116,54,126,0
"1188",95370.5905753,305.5014,8,520,-1074,8,-21,-110,53,90,0
"1189",95370.6144325,305.5253,-350,-156,-2387,-9,7,-96,52,109,0
"1190",95370.6158094,305.5266,-177,-60,-5131,-14,7,-113,44,84,0
"1191",95370.6170945,305.5279,-496,-124,-262,-14,38,-99,40,64,0
"1192",95370.653287,305.5641,-345,-570,-5583,-6,30,-127,55,59,0
"1193",95370.6548081,305.5656,-210,-23,618,11,48,-151,97,69,0
"1194",95370.6561641,305.567,-563,-521,-477,12,74,-135,103,75,0
"1195",95370.6579732,305.5688,-281,-325,-1830,14,60,-166,117,103,0
"1196",95370.6594393,305.5703,-450,-423,5426,23,55,-135,125,96,0
"1197",95370.6609644,305.5718,-321,-735,-1326,10,15,-139,97,59,0
"1198",95370.662581,305.5734,-228,-151,1866,29,-2,-148,106,65,0
"1199",95370.6638518,305.5747,-807,-597,-1137,24,-12,-108,84,67,0
"1200",95370.6652449,305.5761,-229,-272,-1934,14,-38,-96,95,66,0
"1201",95370.7576056,305.6684,-238,-100,5776,-1,-24,-101,100,103,0
"1202",95370.7591174,305.6699,-241,-458,651,-18,-34,-109,74,88,0
"1203",95370.7605664,305.6714,20,11,5900,-10,-32,-119,89,127,0
"1204",95370.7621562,305.673,-218,-579,3484,-23,-40,-128,110,129,0
"1205",95370.7638669,305.6747,229,-128,1445,10,-33,-152,66,115,0
"1206",95370.7652489,305.6761,-41,55,5585,21,13,-164,88,143,0
"1207",95370.7667063,305.6775,-223,-419,-1748,5,8,-146,59,125,0
"1208",95370.7683077,305.6791,-75,203,3511,10,41,-119,98,120,0
"1209",95370.7698598,305.6807,-303,-434,992,14,44,-109,101,116,0
"1210",95370.7712873,305.6821,103,-69,-554,24,11,-115,63,120,0
"1211",95370.772933,305.6838,-171,-108,5619,38,29,-85,44,131,0
"1212",95370.7743436,305.6852,-149,-601,-1820,20,33,-138,76,74,0
"1213",95370.8642635,305.7751,-5,145,4281,45,67,-134,66,69,0
"1214",95370.868112,305.7789,-347,-367,2546,9,105,-141,39,90,0
"1215",95370.8695966,305.7804,-66,-37,-3160,-23,105,-106,58,74,0
"1216",95370.8712021,305.782,-392,-101,1822,-23,145,-90,56,88,0
"1217",95370.8728328,305.7837,-185,-574,-1814,0,119,-91,38,79,0
"1218",95370.874085,305.7849,-49,7,1531,-28,131,-104,69,54,0
"1219",95370.8755897,305.7864,-395,-609,1040,-24,154,-85,73,39,0
"1220",95370.8770212,305.7878,-100,-192,1057,13,146,-72,60,63,0
"1221",95370.8783513,305.7892,-786,-161,5796,16,160,-46,74,54,0
"1222",95370.8797204,305.7905,-731,-596,-3204,-1,129,-70,43,29,0
"1223",95370.8809445,305.7918,-479,16,2097,-4,146,-69,36,10,0
"1224",95370.8821759,305.793,-720,-388,1296,40,134,-53,31,11,0
"1225",95370.8837445,305.7946,-322,-290,196,54,125,-52,-4,31,0
"1226",95370.8872143,305.798,-277,-167,6073,55,134,-76,17,56,0
"1227",95370.8887398,305.7996,-205,-428,-2902,41,103,-77,-37,31,0
"1228",95370.9829844,305.8938,-137,5,3417,52,70,-82,-25,21,0
"1229",95370.9844109,305.8952,-445,-531,3938,71,74,-93,-31,30,0
"1230",95370.9858662,305.8967,-284,-313,-57,70,61,-98,-64,66,0
"1231",95370.9974833,305.9083,-752,-126,3575,60,71,-63,-82,30,0
"1232",95370.9991506,305.91,-712,-450,-842,100,29,-61,-105,12,0
"1233",95371.0006127,305.9114,-69,121,2508,90,62,-65,-87,26,0
"1234",95371.0021754,305.913,-321,-462,1763,87,67,-69,-86,5,0
"1235",95371.0034351,305.9143,117,-220,1382,98,33,-72,-77,33,0
"1236",95371.0047122,305.9155,-244,-154,6200,98,50,-50,-69,38,0
"1237",95371.0061766,305.917,-265,-655,-842,74,37,-37,-67,25,0
"1238",95371.0075185,305.9183,-89,-13,4627,70,59,-35,-53,11,0
"1239",95371.0087853,305.9196,-438,-446,-496,71,71,-38,-26,6,0
"1240",95371.0105064,305.9213,-32,-44,-1733,67,22,-39,29,-15,0
"1241",95371.0126706,305.9235,-279,190,6080,79,36,-10,33,-19,0
"1242",95371.0139655,305.9248,-23,24,-50,93,37,18,30,14,0
"1243",95371.0378372,305.9487,161,682,5068,98,52,17,28,31,0
"1244",95371.0392411,305.9501,-60,61,2613,82,56,19,28,46,0
"1245",95371.0405429,305.9514,107,181,-3115,73,29,8,17,17,0
"1246",95371.0886415,305.9995,-91,102,3457,90,95,-23,33,-28,0
"1247",95371.0901005,306.0009,-87,-256,-1869,110,68,-27,26,-27,0
"1248",95371.0914167,306.0022,67,269,3336,125,78,-7,78,1,0
"1249",95371.1071938,306.018,-367,-234,3166,140,94,-3,91,-12,0
"1250",95371.1108272,306.0217,111,205,-1694,114,108,2,109,-25,0
"1251",95371.1120997,306.0229,-169,356,3475,100,115,34,106,-18,0
"1252",95371.1134982,306.0243,-22,19,-1850,86,65,54,115,-33,0
"1253",95371.1148441,306.0257,-44,478,2550,103,70,69,120,-60,0
"1254",95371.116323,306.0271,-276,-102,-1021,100,87,44,126,-38,0
"1255",95371.1178828,306.0287,-73,177,-2675,34,44,42,112,-58,0
"1256",95371.1192352,306.0301,-428,365,5343,13,39,27,129,-30,0
"1257",95371.1206454,306.0315,-379,-108,-3714,28,19,17,134,-34,0
"1258",95371.1649182,306.0757,-95,488,603,25,20,8,121,-63,0
"1259",95371.1663813,306.0772,-417,-34,-1096,34,11,36,117,-80,0
"1260",95371.1677208,306.0785,-86,151,-4894,36,-28,26,121,-64,0
"1261",95371.1735446,306.0844,-261,214,969,38,-18,25,157,-33,0
"1262",95371.1749435,306.0858,-322,-192,-6916,54,-43,51,141,-25,0
"1263",95371.1763337,306.0872,-217,532,-1632,46,-54,53,127,29,0
"1264",95371.2040132,306.1148,-479,-92,-1312,51,-28,56,180,62,0
"1265",95371.2055958,306.1164,-48,282,-4470,64,-30,43,179,32,0
"1266",95371.20699,306.1178,-373,404,-43,33,-7,47,187,-4,0
"1267",95371.2084467,306.1193,-245,-209,-6321,8,-24,23,179,-1,0
"1268",95371.2096641,306.1205,58,449,-1987,-17,-7,14,173,16,0
"1269",95371.2158198,306.1266,-146,-72,-5446,-31,-13,-10,183,17,0
"1270",95371.2629583,306.1738,38,124,-5242,-46,-74,-17,193,25,0
"1271",95371.2645299,306.1754,-509,192,1769,-50,-52,-6,194,24,0
"1272",95371.2657823,306.1766,-532,-328,-5778,-26,-76,-4,209,9,0
"1273",95371.275289,306.1861,-259,288,-994,-23,-72,29,214,34,0
"1274",95371.2765605,306.1874,-540,-153,-1461,-2,-60,-3,196,72,0
"1275",95371.2778043,306.1886,-281,92,-3799,-7,-79,-18,155,140,0
"1276",95371.2793608,306.1902,-610,147,1671,16,-38,-15,104,135,0
"1277",95371.2806372,306.1915,-585,-209,-2628,-11,-31,2,78,138,0
"1278",95371.2819755,306.1928,-389,672,-513,-25,-30,9,52,139,0
"1279",95371.3113632,306.2222,-661,213,-354,-22,-74,12,12,134,0
"1280",95371.3127674,306.2236,-300,445,-2637,-31,-101,-23,-13,148,0
"1281",95371.3141736,306.225,-515,444,1988,-53,-115,-7,11,144,0
"1282",95371.3802765,306.2911,-738,-230,-4687,-76,-127,10,-28,161,0
"1283",95371.3817017,306.2925,-462,383,2141,-79,-104,22,-15,177,0
"1284",95371.3833528,306.2942,-714,-188,-268,-84,-119,49,-35,172,0
"1285",95371.3876157,306.2984,-507,33,-2951,-88,-122,56,-74,173,0
"1286",95371.3891026,306.2999,-703,252,5081,-98,-132,42,-78,173,0
"1287",95371.3903982,306.3012,-801,-175,-4062,-75,-164,15,-86,179,0
"1288",95371.3920033,306.3028,-568,385,2828,-46,-153,-35,-78,178,0
"1289",95371.3933872,306.3042,-727,-12,1472,-44,-130,-42,-76,187,0
"1290",95371.3946978,306.3055,-459,400,-4609,-23,-119,-64,-120,170,0
"1291",95371.4930267,306.4039,-615,359,739,-41,-83,-96,-113,173,0
"1292",95371.4945427,306.4054,-420,-241,-2777,-47,-59,-127,-132,201,0
"1293",95371.4961988,306.407,-292,372,2694,-45,-44,-132,-127,194,0
"1294",95371.4976946,306.4085,-718,-144,1733,-38,-3,-133,-113,190,0
"1295",95371.4989404,306.4098,-410,-25,1320,-44,28,-98,-129,211,0
"1296",95371.5002074,306.411,-623,112,6970,-55,56,-94,-137,236,0
"1297",95371.501719,306.4125,-385,-270,-1006,-67,14,-92,-152,235,0
"1298",95371.5032482,306.4141,-163,396,4225,-98,-25,-73,-136,222,0
"1299",95371.5047565,306.4156,-514,-60,766,-110,-21,-89,-127,225,0
"1300",95371.5061995,306.417,-205,78,-2539,-105,-31,-92,-136,233,0
"1301",95371.5121877,306.423,-536,302,4732,-123,-15,-76,-110,241,0
"1302",95371.5136483,306.4245,-366,11,-3544,-99,-52,-102,-74,233,0
"1303",95371.5152861,306.4261,-313,627,-38,-93,-36,-95,-37,194,0
"1304",95371.5165794,306.4274,-629,41,-748,-72,-11,-106,-42,165,0
"1305",95371.5178804,306.4287,-395,2,-4474,-25,-18,-164,-63,193,0
"1306",95371.6167861,306.5276,-648,57,4220,18,50,-178,-65,220,0
"1307",95371.618083,306.5289,-572,-417,-2217,7,45,-190,-107,207,0
"1308",95371.6193564,306.5302,-289,281,-254,1,14,-165,-115,177,0
"1309",95371.6206749,306.5315,-645,-234,-282,15,15,-118,-93,155,0
"1310",95371.6220485,306.5329,-176,-186,-1763,47,-3,-121,-75,158,0
"1311",95371.623317,306.5341,-162,-224,3656,65,45,-110,-41,152,0
"1312",95371.6267387,306.5376,-154,-664,-506,43,-5,-133,-46,184,0
"1313",95371.6281775,306.539,-49,28,5322,55,-31,-152,-67,183,0
"1314",95371.6296254,306.5405,-146,-350,3944,54,-44,-141,-67,179,0
"1315",95371.6311623,306.542,363,-76,-454,94,-19,-175,-92,184,0
"1316",95371.6325645,306.5434,109,14,6800,87,-11,-159,-69,166,0
"1317",95371.6338707,306.5447,181,-450,-2379,71,-2,-122,-39,150,0
"1318",95371.6353613,306.5462,361,177,3397,89,11,-132,-24,165,0
"1319",95371.6393247,306.5501,-22,-220,1492,113,48,-133,-11,134,0
"1320",95371.6407778,306.5516,153,146,-2601,168,63,-167,-4,134,0
"1321",95371.696892,306.6077,184,170,3280,142,53,-171,-18,110,0
"1322",95371.6987522,306.6096,113,-388,-384,121,57,-161,-9,89,0
"1323",95371.7001252,306.6109,220,445,4843,110,54,-166,-25,117,0
"1324",95371.701533,306.6124,-81,65,3146,130,101,-165,-38,128,0
"1325",95371.7028375,306.6137,419,206,1188,116,96,-176,-68,128,0
"1326",95371.7041083,306.6149,224,336,4877,107,119,-196,-62,129,0
"1327",95371.7054261,306.6163,-29,-144,-2587,85,151,-238,-102,137,0
"1328",95371.70709,306.6179,191,425,1579,53,188,-274,-138,135,0
"1329",95371.7087084,306.6195,-359,-172,-316,51,192,-295,-148,129,0
"1330",95371.800663,306.7115,-22,138,-933,40,171,-310,-112,124,0
"1331",95371.8023105,306.7131,89,333,7631,64,163,-289,-101,130,0
"1332",95371.8038169,306.7146,151,33,-921,74,148,-287,-97,123,0
"1333",95371.8052286,306.7161,217,597,4803,98,110,-238,-115,130,0
"1334",95371.8064955,306.7173,-193,16,4206,72,95,-223,-140,128,0
"1335",95371.8078089,306.7186,114,69,-650,72,71,-254,-130,150,0
"1336",95371.8091239,306.7199,-214,171,3830,59,132,-238,-155,148,0
"1337",95371.8105771,306.7214,-199,-299,-2374,60,70,-242,-155,136,0
"1338",95371.8119064,306.7227,109,460,1476,52,63,-244,-145,100,0
"1339",95371.8133609,306.7242,-208,-119,1032,48,95,-226,-130,89,0
"1340",95371.8147638,306.7256,227,-71,59,73,48,-203,-110,107,0
"1341",95371.8161058,306.7269,12,127,5039,62,48,-204,-123,77,0
"1342",95371.8176527,306.7285,-247,-335,-531,13,29,-196,-116,59,0
"1343",95371.8192163,306.73,219,218,3534,21,10,-215,-63,105,0
"1344",95371.8238786,306.7347,-295,-450,-1006,-7,-5,-237,-70,82,0
"1345",95371.8959405,306.8068,51,-294,-3125,-8,-3,-250,-86,53,0
"1346",95371.8974164,306.8082,-160,6,2581,-27,14,-227,-77,46,0
"1347",95371.8987811,306.8096,-170,-459,-3691,-46,25,-210,-83,2,0
"1348",95371.9003686,306.8112,146,182,1743,-44,30,-161,-79,-9,0
"1349",95371.9018721,306.8127,-201,-296,-1138,-52,57,-139,-58,-17,0
"1350",95371.9031453,306.814,-103,-80,-4873,-11,35,-129,-31,-71,0
"1351",95371.9045079,306.8153,-398,162,-308,-22,28,-127,-25,-83,0
"1352",95371.905784,306.8166,-293,-318,-6627,24,-2,-129,-45,-75,0
"1353",95371.9097084,306.8205,-58,445,-1833,38,13,-105,-51,-30,0
"1354",95371.9137326,306.8246,-162,9,-3788,12,38,-101,-49,-20,0
"1355",95371.9150403,306.8259,367,46,-5471,25,0,-106,-16,-48,0
"1356",95371.9163782,306.8272,10,2,286,17,15,-95,6,-20,0
"1357",95371.9341209,306.8449,-102,-328,-6666,39,18,-81,-8,-40,0
"1358",95371.9354337,306.8463,53,460,-1593,5,6,-70,-20,-91,0
"1359",95371.9366782,306.8475,-118,-12,-2848,9,22,-44,7,-71,0
"1360",95371.9685185,306.8793,269,284,-3671,7,8,-62,14,-44,0
"1361",95371.9699075,306.8807,113,432,3180,25,52,-84,32,-40,0
"1362",95371.9712037,306.882,118,-50,-5053,54,43,-57,20,-40,0
"1363",95372.005244,306.9161,273,319,1623,23,76,5,3,-26,0
"1364",95372.0066927,306.9175,-153,-347,1060,8,82,37,24,-61,0
"1365",95372.0099651,306.9208,255,-151,-5275,-11,60,52,44,-101,0
"1366",95372.011477,306.9223,88,-96,1690,-7,51,62,47,-49,0
"1367",95372.0127253,306.9235,269,-509,-4939,-28,23,44,3,-52,0
"1368",95372.0140344,306.9249,568,208,864,-3,39,40,-1,-87,0
"1369",95372.0409917,306.9518,268,-143,1910,-30,57,54,-13,-90,0
"1370",95372.0431369,306.954,586,58,-2553,-16,27,91,-26,-127,0
"1371",95372.0453934,306.9562,321,319,1375,-7,39,101,-13,-91,0
"1372",95372.0733795,306.9842,503,-12,-5362,-15,34,82,-16,-107,0
"1373",95372.0747482,306.9856,688,693,-1297,-36,35,79,9,-147,0
"1374",95372.0760401,306.9869,292,207,-2527,-6,18,73,4,-156,0
"1375",95372.1080262,307.0189,716,409,-5222,-18,-8,78,-29,-168,0
"1376",95372.1094168,307.0202,519,478,2090,6,15,80,-27,-176,0
"1377",95372.110682,307.0215,423,-127,-6518,-2,16,87,-37,-233,0
"1378",95372.1123415,307.0232,323,518,-604,12,14,47,-65,-259,0
"1379",95372.1136268,307.0245,-225,15,442,-26,4,70,-83,-248,0
"1380",95372.1149461,307.0258,354,203,-792,-42,-32,60,-92,-194,0
"1381",95372.1431209,307.0539,20,365,4937,-49,1,75,-55,-217,0
"1382",95372.1445105,307.0553,-146,-192,-4179,-50,-46,40,-38,-245,0
"1383",95372.1458042,307.0566,124,209,-1858,-53,-49,44,-28,-196,0
"1384",95372.1473485,307.0582,-259,-305,-3657,-44,-35,79,-51,-212,0
"1385",95372.1486264,307.0595,52,-181,-7071,-30,-55,78,-73,-251,0
"1386",95372.1500523,307.0609,-317,-98,-2742,-11,-42,80,-89,-251,0
"1387",95372.2561161,307.1669,-469,-677,-7888,-1,-67,79,-81,-285,0
"1388",95372.2575914,307.1684,-263,-14,-2777,0,-97,94,-55,-337,0
"1389",95372.2614337,307.1723,-465,-523,-3465,-41,-97,56,-88,-341,0
"1390",95372.2628852,307.1737,-243,-347,-6470,-47,-108,64,-114,-352,0
"1391",95372.2641638,307.175,-373,-132,1958,-17,-76,88,-149,-330,0
"1392",95372.2654438,307.1763,-310,-532,-5470,-5,-89,77,-154,-317,0
"1393",95372.2668173,307.1776,-1,163,1793,-5,-52,66,-145,-270,0
"1394",95372.2680735,307.1789,-196,-279,5606,-15,6,97,-105,-220,0
"1395",95372.2693347,307.1802,154,-97,2647,-13,-29,112,-112,-238,0
"1396",95372.2707763,307.1816,-62,77,11016,-27,13,58,-127,-189,0
"1397",95372.2760513,307.1869,-145,-492,7023,-22,11,46,-150,-173,0
"1398",95372.2774162,307.1882,-109,-80,9282,-6,2,50,-140,-146,0
"1399",95372.3193917,307.2302,-417,-482,8156,-17,66,31,-111,-190,0
"1400",95372.3208365,307.2317,-13,-210,8442,-9,71,11,-130,-207,0
"1401",95372.3222847,307.2331,-298,56,15420,17,80,-13,-86,-145,0
"1402",95372.3442083,307.255,-269,-402,10536,28,92,-3,-93,-99,0
"1403",95372.3455175,307.2563,-212,127,14694,14,132,-5,-111,-52,0
"1404",95372.3469268,307.2578,-414,-408,12893,-5,148,-44,-141,-35,0
"1405",95372.3599757,307.2708,-82,-173,8563,-36,134,-60,-142,0,0
"1406",95372.3613008,307.2721,-266,30,15259,-30,150,-42,-145,15,0
"1407",95372.3629416,307.2738,-277,-553,7864,-24,175,-48,-120,19,0
"1408",95372.3643484,307.2752,-56,23,13979,-47,155,-54,-113,45,0
"1409",95372.3656686,307.2765,-348,-261,11516,-76,156,-93,-114,72,0
"1410",95372.3671107,307.2779,-74,109,4165,-44,131,-130,-95,63,0
"1411",95372.36867,307.2795,-228,225,7746,-47,135,-123,-53,22,0
"1412",95372.3699231,307.2807,-25,-477,-1305,-30,145,-135,-116,29,0
"1413",95372.3712186,307.282,336,233,1557,-6,132,-143,-90,31,0
"1414",95372.4229203,307.3337,-53,-396,992,4,146,-124,-40,27,0
"1415",95372.4243791,307.3352,141,-273,-1898,49,143,-103,-38,17,0
"1416",95372.4257973,307.3366,-52,-91,2192,44,178,-65,-24,11,0
"1417",95372.4354967,307.3463,-58,-623,-6190,29,176,-38,-68,-1,0
"1418",95372.4369892,307.3478,136,-33,509,50,174,-68,-77,23,0
"1419",95372.438296,307.3491,-405,-524,-1110,67,157,-40,-90,41,0
"1420",95372.4397486,307.3506,15,-361,-2776,69,131,-29,-82,62,0
"1421",95372.4410335,307.3519,0,-140,2425,47,158,-4,-90,106,0
"1422",95372.4423808,307.3532,-26,-661,-5337,56,155,-9,-102,113,0
"1423",95372.4746679,307.3855,270,-48,1762,84,167,-17,-91,115,0
"1424",95372.4759933,307.3868,-250,-709,534,85,184,-2,-71,104,0
"1425",95372.4772631,307.3881,74,-474,-3703,59,184,2,-97,55,0
"1426",95372.4789779,307.3898,-267,-286,1226,35,226,1,-97,53,0
"1427",95372.4805223,307.3913,-143,-533,-6146,43,207,-5,-84,74,0
"1428",95372.4819059,307.3927,8,99,-4393,53,177,12,-48,52,0
"1429",95372.5278387,307.4387,-400,-357,-4184,64,158,45,-5,37,0
"1430",95372.529389,307.4402,-205,-159,-8665,66,130,21,2,16,0
"1431",95372.5309134,307.4417,-386,-99,-2889,89,154,20,43,16,0
"1432",95372.5807943,307.4916,-234,-593,-8226,100,141,-33,78,27,0
"1433",95372.5823844,307.4932,151,41,-2067,97,164,-10,96,39,0
"1434",95372.5837659,307.4946,-86,-427,-3984,96,148,23,102,57,0
"1435",95372.5974549,307.5083,319,-316,-8600,77,154,25,92,23,0
"1436",95372.5988698,307.5097,101,-160,-2176,82,164,38,80,12,0
"1437",95372.60017,307.511,29,-800,-8849,112,161,77,73,5,0
"1438",95372.6017206,307.5125,161,-87,-3032,110,188,86,95,-3,0
"1439",95372.6031382,307.514,-319,-422,-2400,121,172,75,108,-20,0
"1440",95372.6077021,307.5185,33,-203,-7361,136,111,38,97,-41,0
"1441",95372.6091828,307.52,-8,51,-1087,130,112,43,116,-24,0
"1442",95372.6104988,307.5213,-194,-395,-5065,146,75,34,70,-6,0
"1443",95372.6117797,307.5226,175,188,-974,151,69,23,49,25,0
"1444",95372.6316024,307.5424,-250,-386,1113,169,91,61,49,51,0
"1445",95372.6329787,307.5438,28,-334,-1197,201,41,58,63,96,0
"1446",95372.6342484,307.5451,3,-87,2157,206,49,57,47,85,0
"1447",95372.6641585,307.575,-247,-535,-4282,250,24,107,44,51,0
"1448",95372.665568,307.5764,-4,52,2395,253,20,101,59,54,0
"1449",95372.6668463,307.5777,-226,-582,2763,224,43,78,73,67,0
"1450",95372.6947484,307.6056,182,-457,2633,220,2,66,35,85,0
"1451",95372.69615,307.607,-10,-279,8692,186,85,54,48,113,0
"1452",95372.6974306,307.6083,22,-619,580,173,96,48,37,136,0
"1453",95372.6989408,307.6098,175,157,8106,149,92,83,44,114,0
"1454",95372.7002187,307.611,-356,-370,8510,133,132,151,39,134,0
"1455",95372.7014817,307.6123,44,-90,4674,140,117,182,43,153,0
"1456",95372.7293158,307.6401,-401,80,11590,155,130,206,51,175,0
"1457",95372.7306617,307.6415,-410,-529,4680,168,131,186,43,207,0
"1458",95372.7319324,307.6428,-300,61,8670,142,130,181,48,200,0
"1459",95372.7647851,307.6756,-750,-446,7931,113,112,161,56,233,0
"1460",95372.7662839,307.6771,-400,-223,4191,78,77,156,54,228,0
"1461",95372.7675659,307.6784,-423,103,8114,98,74,158,51,258,0
"1462",95372.7689503,307.6798,-383,-345,772,118,65,168,60,230,0
"1463",95372.7701791,307.681,-324,194,7267,124,55,116,73,232,0
"1464",95372.7714674,307.6823,-738,-446,6057,144,41,97,45,208,0
"1465",95372.799551,307.7104,-310,-335,1557,130,43,116,21,227,0
"1466",95372.8008751,307.7117,-384,-291,7744,142,65,119,59,273,0
"1467",95372.8021799,307.713,-313,-732,-1633,148,55,116,60,266,0
"1468",95372.8340586,307.7449,-117,7,334,124,39,135,24,235,0
"1469",95372.836047,307.7469,-633,-488,163,109,73,116,-14,229,0
"1470",95372.8379606,307.7488,-385,-257,-5588,104,9,65,-29,223,0
"1471",95372.8397978,307.7506,-301,-3,130,140,35,44,1,189,0
"1472",95372.8412535,307.7521,-507,-475,-8293,137,-1,51,-12,161,0
"1473",95372.8428913,307.7537,-178,147,-5549,105,16,57,4,179,0
"1474",95372.8769549,307.7878,-555,-372,-6380,127,18,62,36,160,0
"1475",95372.8785334,307.7894,-258,-221,-8794,145,-23,25,30,137,0
"1476",95372.87991,307.7907,-506,23,-3718,159,-7,43,60,148,0
"1477",95372.909773,307.8206,-517,-424,-9860,169,-24,32,46,99,0
"1478",95372.9110859,307.8219,-295,118,-5727,128,-38,49,54,110,0
"1479",95372.9123336,307.8232,-768,-593,-6790,113,-5,26,75,121,0
"1480",95372.9383411,307.8492,-370,-477,-6871,135,0,18,73,100,0
"1481",95372.939761,307.8506,-617,-299,657,135,0,14,39,99,0
"1482",95372.9411007,307.8519,-762,-863,-7493,127,19,18,60,107,0
"1483",95372.9425721,307.8534,-576,-243,-2103,151,31,47,102,134,0
"1484",95372.9439529,307.8548,-911,-646,-268,154,69,4,91,114,0
"1485",95372.9452516,307.8561,-425,2,-3755,121,89,-2,126,105,0
"1486",95372.9825602,307.8934,-509,376,1686,86,142,5,152,122,0
"1487",95372.9838905,307.8947,-489,-99,-3545,89,139,23,145,159,0
"1488",95372.985237,307.8961,-300,579,626,111,93,-13,131,168,0
"1489",95372.9868674,307.8977,-641,170,537,107,114,-12,112,176,0
"1490",95372.9881148,307.8989,-358,143,-587,99,85,2,82,168,0
"1491",95372.9894615,307.9003,-578,290,3806,103,89,24,85,173,0
"1492",95373.0275904,307.9384,-602,-171,-2427,128,23,-24,98,204,0
"1493",95373.0291813,307.94,-352,440,546,119,31,-38,93,206,0
"1494",95373.0333855,307.9442,-666,-148,-631,107,76,-31,63,244,0
"1495",95373.0349363,307.9458,-293,49,-4997,121,55,-45,30,245,0
"1496",95373.0362117,307.947,-310,376,4202,120,100,-51,22,267,0
"1497",95373.0375193,307.9483,-350,-171,-2372,105,101,-48,8,274,0
"1498",95373.063545,307.9744,-95,361,999,55,134,-58,33,276,0
"1499",95373.0650273,307.9759,-558,-150,1455,26,178,-71,50,296,0
"1500",95373.0664799,307.9773,-289,124,-3706,20,151,-83,63,331,0
"1501",95373.1025444,308.0134,-280,488,4706,-1,153,-78,112,326,0
"1502",95373.104028,308.0149,-221,-64,-1368,11,122,-80,100,338,0
"1503",95373.105399,308.0162,185,470,2673,40,76,-36,132,321,0
"1504",95373.1127441,308.0236,-255,97,1851,53,75,-3,150,346,0
"1505",95373.1141233,308.0249,107,233,-1107,51,39,3,153,350,0
"1506",95373.1154051,308.0262,-23,521,1356,15,30,-30,103,333,0
"1507",95373.1473448,308.0582,12,56,-4513,24,14,-54,51,290,0
"1508",95373.1486281,308.0595,210,599,-2002,1,40,-26,48,260,0
"1509",95373.1498834,308.0607,-37,152,-2081,-5,52,-44,73,233,0
"1510",95373.1512155,308.062,149,149,-4433,-43,26,-53,105,244,0
"1511",95373.1525233,308.0633,-35,335,2081,-35,88,-21,113,290,0
"1512",95373.1537673,308.0646,-7,-182,-3478,-12,72,2,108,318,0
"1513",95373.1823857,308.0932,246,449,1679,1,57,24,118,351,0
"1514",95373.1837658,308.0946,-253,-85,2493,29,55,69,111,354,0
"1515",95373.1851681,308.096,-172,-41,-2786,53,57,81,101,365,0
"1516",95373.2188956,308.1297,-218,89,3499,44,79,65,99,338,0
"1517",95373.2202322,308.1311,-260,-325,-3445,50,52,61,100,311,0
"1518",95373.2215207,308.1323,176,435,-1050,70,56,52,56,297,0
"1519",95373.2228908,308.1337,-91,-83,-967,77,90,38,49,226,0
"1520",95373.2241355,308.135,34,158,-1898,98,87,29,38,224,0
"1521",95373.2254771,308.1363,-257,377,4983,107,90,41,67,231,0
"1522",95373.2557203,308.1665,-374,-241,-1658,75,55,16,58,230,0
"1523",95373.2572419,308.1681,-150,364,2601,69,46,-15,85,256,0
"1524",95373.2590079,308.1698,-438,-97,911,61,48,4,116,245,0
"1525",95373.3027958,308.2136,-12,32,-4207,66,59,-29,120,235,0
"1526",95373.3041632,308.215,-252,277,2018,57,73,-16,134,229,0
"1527",95373.3056397,308.2165,-373,-461,-6418,47,44,11,114,221,0
"1528",95373.3069414,308.2178,-175,170,-1230,30,54,46,109,220,0
"1529",95373.3081739,308.219,-403,-299,-1081,44,77,41,110,225,0
"1530",95373.3121255,308.223,133,-59,-6561,76,74,53,118,197,0
"1531",95373.3298655,308.2407,-32,218,1377,82,128,31,135,175,0
"1532",95373.3312189,308.242,-47,-454,-5545,80,110,17,99,153,0
"1533",95373.3324835,308.2433,419,75,-2465,74,105,5,106,141,0
"1534",95373.3885353,308.2994,116,-338,-4045,68,99,2,97,134,0
"1535",95373.3900219,308.3008,384,-82,-6139,105,93,-15,100,111,0
"1536",95373.3915215,308.3023,85,215,440,123,147,-10,114,106,0
"1537",95373.3931502,308.304,87,-314,-3708,153,150,-12,95,91,0
"1538",95373.3944406,308.3053,321,200,2957,182,154,-23,95,66,0
"1539",95373.3958713,308.3067,-19,-332,2804,237,132,-5,96,73,0
"1540",95373.3973886,308.3082,276,-150,129,222,124,9,95,87,0
"1541",95373.3988245,308.3096,105,104,5825,218,118,40,94,97,0
"1542",95373.4002662,308.3111,34,-514,-2725,200,88,37,121,94,0
"1543",95373.4282076,308.339,265,45,3039,189,88,42,132,83,0
"1544",95373.4296527,308.3405,-178,-345,440,134,131,63,115,76,0
"1545",95373.4310891,308.3419,158,-268,-4302,122,117,64,84,67,0
"1546",95373.4590283,308.3699,-83,-29,1226,98,125,84,75,47,0
"1547",95373.460462,308.3713,-303,-532,-2517,73,101,108,61,56,0
"1548",95373.4617915,308.3726,-30,70,1958,85,93,99,60,80,0
"1549",95373.4632942,308.3741,-376,-344,1715,69,81,77,47,104,0
"1550",95373.4646294,308.3755,-133,-174,-756,64,78,68,31,122,0
"1551",95373.4659783,308.3768,-394,-40,3231,74,125,36,37,120,0
"1552",95373.4957036,308.4065,-358,-432,-3985,70,95,42,27,112,0
"1553",95373.4970454,308.4079,-234,235,-408,68,81,48,45,115,0
"1554",95373.4983599,308.4092,-443,-111,-2590,85,77,25,23,119,0
"1555",95373.5262742,308.4371,-43,14,-5643,88,46,23,15,107,0
"1556",95373.5275546,308.4384,-305,231,1045,57,75,2,50,83,0
"1557",95373.529043,308.4399,-360,-370,-7064,51,61,-13,42,57,0
"1558",95373.5553522,308.4662,-27,423,-1000,78,78,-35,52,26,0
"1559",95373.5568438,308.4677,-323,27,1527,87,98,-53,66,33,0
"1560",95373.5582103,308.469,116,-43,-4925,88,67,-72,67,35,0
"1561",95373.5597165,308.4705,-50,-12,1329,72,109,-69,29,63,0
"1562",95373.5610896,308.4719,-371,-485,-5127,91,98,-67,-45,69,0
"1563",95373.5625229,308.4733,-230,114,-1762,110,83,-40,-70,78,0
"1564",95373.5883291,308.4992,-317,-368,-419,127,91,-13,-63,103,0
"1565",95373.5896285,308.5005,42,-244,-5293,106,60,-14,-55,62,0
"1566",95373.5934137,308.5042,-182,49,-73,117,86,9,-6,70,0
"1567",95373.6342583,308.5451,-198,-490,-6131,114,98,-11,-17,18,0
"1568",95373.6356314,308.5465,-252,63,-2355,100,102,-13,8,-12,0
"1569",95373.6370842,308.5479,-622,-485,-2558,70,117,3,33,-28,0
"1570",95373.6385782,308.5494,-252,-251,-5834,50,101,-19,-7,-4,0
"1571",95373.6398551,308.5507,-372,-23,2553,57,157,-68,18,-8,0
"1572",95373.6410848,308.5519,-458,-557,-5254,42,156,-80,22,33,0
"1573",95373.6731946,308.584,-125,167,-1693,43,153,-79,52,53,0
"1574",95373.6745267,308.5854,-462,-166,-1907,37,181,-106,47,2,0
"1575",95373.675844,308.5867,-139,-143,-8305,35,165,-119,17,-62,0
"1576",95373.6772945,308.5881,-134,48,-1452,18,155,-121,-20,-51,0
"1577",95373.6785691,308.5894,-382,-592,-4401,52,140,-103,-28,-43,0
"1578",95373.6830085,308.5938,-49,86,-490,33,147,-101,-14,-39,0
"1579",95373.7249959,308.6358,-238,-157,-1026,43,145,-87,-5,-22,0
"1580",95373.7263798,308.6372,87,-40,-4162,89,122,-96,-21,-13,0
"1581",95373.7277118,308.6385,-99,113,1604,95,120,-144,-26,24,0
"1582",95373.7292421,308.6401,-221,-542,-5101,82,87,-143,-23,33,0
"1583",95373.7305561,308.6414,-67,45,-272,95,113,-125,10,36,0
"1584",95373.7318646,308.6427,-285,-369,-1583,72,123,-82,15,7,0
"1585",95373.7753856,308.6862,-30,-241,-4398,85,79,-58,21,-25,0
"1586",95373.7769186,308.6877,-139,84,5647,75,91,-37,33,-31,0
"1587",95373.7784188,308.6892,-176,-498,-2438,72,97,-44,28,-36,0
"1588",95373.8062703,308.7171,224,243,2022,100,92,-39,50,-8,0
"1589",95373.8078434,308.7187,-208,-240,1411,114,114,-10,87,37,0
"1590",95373.8095542,308.7204,273,-97,-5988,120,98,24,93,43,0
"1591",95373.8373906,308.7482,38,169,-805,144,125,23,112,19,0
"1592",95373.8388526,308.7497,-75,-388,-4651,185,102,8,106,-26,0
"1593",95373.8402285,308.7511,60,189,168,197,74,-1,116,-50,0
"1594",95373.8437117,308.7545,-277,-298,1344,190,78,2,129,-67,0
"1595",95373.8450473,308.7559,166,-246,-2126,168,80,23,125,-81,0
"1596",95373.8464343,308.7573,84,188,2747,138,70,42,146,-117,0
"1597",95373.8478604,308.7587,-159,-279,-3973,148,55,39,138,-109,0
"1598",95373.8491927,308.76,193,552,1369,166,36,36,140,-95,0
"1599",95373.8504646,308.7613,-204,111,473,152,13,63,115,-119,0
"1600",95373.8803845,308.7912,10,6,-4098,125,-18,73,99,-131,0
"1601",95373.884198,308.795,-159,180,1724,115,-24,95,93,-123,0
"1602",95373.8856184,308.7964,-276,-407,-5240,145,-75,87,112,-153,0
"1603",95373.9153699,308.8262,-161,256,-526,137,-52,46,134,-160,0
"1604",95373.91679,308.8276,-511,-305,2702,164,-46,37,131,-175,0
"1605",95373.918136,308.829,-64,-240,-340,190,-81,54,128,-108,0
"1606",95373.9196131,308.8304,-114,-13,5787,187,-63,65,107,-78,0
"1607",95373.9208919,308.8317,-127,-491,-3133,175,-86,46,93,-75,0
"1608",95373.9221503,308.833,201,13,-68,143,-66,46,105,-71,0
"1609",95373.9520573,308.8629,-184,-535,325,113,-67,82,113,-55,0
"1610",95373.953413,308.8642,-87,-591,-1789,95,-60,80,129,-51,0
"1611",95373.9546881,308.8655,-283,-362,4032,89,-37,72,120,-40,0
"1612",95373.9868512,308.8977,-93,-835,-903,98,-69,46,106,-47,0
"1613",95373.98829,308.8991,132,-103,3775,156,-49,49,83,-52,0
"1614",95373.9895485,308.9004,-179,-585,4058,139,-48,39,64,-23,0
"1615",95373.9910614,308.9019,44,-526,298,68,-77,41,57,-16,0
"1616",95373.9923054,308.9031,-231,-424,7563,44,-46,27,68,10,0
"1617",95373.993634,308.9045,-128,-990,-610,63,-59,29,57,24,0
"1618",95374.0257105,308.9365,80,-364,3288,81,-44,-4,73,15,0
"1619",95374.027023,308.9378,-224,-810,3203,93,-35,-16,71,31,0
"1620",95374.0282952,308.9391,118,-699,-4970,90,-35,-61,65,53,0
"1621",95374.0841219,308.9949,46,-480,2041,83,-18,-75,65,57,0
"1622",95374.0855143,308.9963,137,-1109,-4812,71,-62,-76,11,34,0
"1623",95374.0868959,308.9977,406,-571,-277,63,-39,-81,20,55,0
"1624",95374.0944841,309.0053,-203,-975,-1275,118,-9,-44,21,59,0
"1625",95374.0959454,309.0068,85,-863,-2511,117,-23,-23,23,81,0
"1626",95374.0972025,309.008,-264,-516,2020,98,25,-22,21,105,0
"1627",95374.0987054,309.0095,-297,-1097,-3757,88,32,-24,-2,118,0
"1628",95374.0999309,309.0108,247,-581,1824,82,41,-34,-28,138,0
"1629",95374.1012087,309.012,-11,-1046,-226,37,43,-38,-24,142,0
"1630",95374.1551599,309.066,94,-1035,-2667,15,42,-38,-24,160,0
"1631",95374.1567082,309.0675,-99,-765,6404,4,72,-24,23,180,0
"1632",95374.1602931,309.0711,-176,-1545,215,20,41,-24,12,180,0
"1633",95374.1782955,309.0891,-15,-1035,6272,26,42,-1,44,183,0
"1634",95374.1796735,309.0905,-411,-1522,7047,29,41,17,40,197,0
"1635",95374.1810462,309.0919,70,-1308,1557,16,37,26,29,202,0
"1636",95374.1848469,309.0957,-116,-1222,8138,26,67,30,12,208,0
"1637",95374.1860864,309.0969,-133,-1758,3887,38,19,23,1,216,0
"1638",95374.187333,309.0982,-108,-1213,6314,46,35,0,15,229,0
"1639",95374.1890608,309.0999,-572,-1720,5375,61,68,-17,4,244,0
"1640",95374.1904787,309.1013,-294,-1570,-988,22,64,-26,5,246,0
"1641",95374.1919498,309.1028,-179,-1324,4694,0,57,4,33,254,0
"1642",95374.2160457,309.1269,-143,-1822,-1857,-13,47,-4,37,216,0
"1643",95374.217387,309.1282,197,-976,536,-27,53,0,36,174,0
"1644",95374.2186452,309.1295,-320,-1330,-775,-74,77,31,39,147,0
"1645",95374.2502021,309.161,9,-1221,-4159,-79,45,14,62,129,0
"1646",95374.2517579,309.1626,2,-1089,2142,-42,73,-1,72,123,0
"1647",95374.2529898,309.1638,-24,-1726,-4715,-21,56,19,70,106,0
"1648",95374.2545414,309.1654,153,-1025,-23,-23,54,12,63,86,0
"1649",95374.2559474,309.1668,-183,-1585,1240,-53,86,58,60,61,0
"1650",95374.2573605,309.1682,209,-1408,-5013,-52,72,66,29,66,0
"1651",95374.2874536,309.1983,18,-1075,2278,-58,74,111,29,68,0
"1652",95374.2889215,309.1997,-50,-1610,-4530,-85,80,123,-20,82,0
"1653",95374.2917346,309.2026,52,-929,-978,-103,94,111,-34,65,0
"1654",95374.3197114,309.2305,-390,-1492,42,-112,121,89,-18,75,0
"1655",95374.3212486,309.2321,-68,-1270,-5125,-124,119,83,-37,44,0
"1656",95374.3227593,309.2336,49,-838,1984,-177,149,84,-51,34,0
"1657",95374.3242681,309.2351,-91,-1418,-5275,-205,137,44,-31,22,0
"1658",95374.3255921,309.2364,224,-738,169,-199,138,39,13,12,0
"1659",95374.3268189,309.2376,-158,-1141,892,-183,137,48,21,-28,0
"1660",95374.3547351,309.2656,8,-987,-2613,-183,72,62,6,-18,0
"1661",95374.3561157,309.2669,-112,-746,4152,-188,39,44,47,-32,0
"1662",95374.357425,309.2682,-173,-1274,-3149,-239,62,22,10,-51,0
"1663",95374.4096318,309.3205,-128,-614,2958,-235,106,-22,20,-29,0
"1664",95374.4110987,309.3219,-495,-1081,4959,-207,129,-45,9,12,0
"1665",95374.4125774,309.3234,104,-851,-2759,-167,117,-54,-33,41,0
"1666",95374.4140632,309.3249,163,-510,4322,-138,133,-40,1,44,0
"1667",95374.415333,309.3262,71,-1069,-591,-95,101,-59,-6,35,0
"1668",95374.4166457,309.3275,526,-331,2028,-97,84,-69,-41,32,0
"1669",95374.4466056,309.3574,116,-694,1177,-80,109,-87,-39,30,0
"1670",95374.4480639,309.3589,265,-534,-1505,-106,97,-82,-25,44,0
"1671",95374.4523124,309.3631,71,-403,4537,-104,105,-61,-37,33,0
"1672",95374.4761923,309.387,-121,-1205,-865,-109,101,-80,-57,91,0
"1673",95374.4779121,309.3887,-133,-687,3405,-117,73,-74,-77,125,0
"1674",95374.4792709,309.3901,-442,-937,2363,-121,28,-62,-76,153,0
"1675",95374.480712,309.3915,-29,-736,-1341,-89,-12,-76,-78,198,0
"1676",95374.4821635,309.393,-73,-359,3551,-74,16,-76,-103,194,0
"1677",95374.4834492,309.3943,-175,-900,-2372,-113,1,-83,-129,201,0
"1678",95374.5154722,309.4263,155,-362,1457,-110,24,-92,-133,170,0
"1679",95374.5167749,309.4276,-141,-908,3177,-84,26,-103,-132,163,0
"1680",95374.5181659,309.429,49,-837,-762,-98,-23,-90,-125,167,0
"1681",95374.519691,309.4305,-257,-635,4816,-83,-13,-78,-122,162,0
"1682",95374.521078,309.4319,-267,-1318,-2618,-74,15,-104,-139,185,0
"1683",95374.5223328,309.4332,-115,-596,-2234,-75,40,-91,-113,163,0
"1684",95374.5536872,309.4645,-378,-892,-3530,-104,65,-95,-128,141,0
"1685",95374.5550369,309.4659,-34,-751,-8303,-85,47,-120,-125,106,0
"1686",95374.5564794,309.4673,-140,-596,-1971,-97,58,-130,-93,78,0
"1687",95374.6210778,309.5319,-99,-975,-9028,-66,19,-122,-90,42,0
"1688",95374.6225607,309.5334,22,-293,-3333,-23,31,-118,-118,34,0
"1689",95374.6244638,309.5353,-334,-618,-3596,-1,28,-133,-121,44,0
"1690",95374.6259702,309.5368,64,-461,-8530,-1,3,-110,-105,49,0
"1691",95374.6272617,309.5381,-313,-95,-2285,13,-12,-100,-77,45,0
"1692",95374.6286351,309.5395,-467,-668,-8169,6,-29,-92,-43,49,0
"1693",95374.6302058,309.541,-93,-87,-900,-27,-52,-95,-42,24,0
"1694",95374.6314663,309.5423,-322,-578,801,-42,-50,-83,-39,41,0
"1695",95374.6328833,309.5437,117,-604,-1972,-34,-101,-86,-59,74,0
"1696",95374.660804,309.5716,91,-193,6467,-26,-35,-54,-56,88,0
"1697",95374.6623315,309.5732,31,-752,-1228,-26,-70,-71,-83,104,0
"1698",95374.6636713,309.5745,182,-59,1777,-30,-78,-79,-98,87,0
"1699",95374.6651649,309.576,-86,-378,3035,-32,-40,-66,-52,94,0
"1700",95374.6665829,309.5774,242,-422,-2349,-39,-74,-91,-71,86,0
"1701",95374.6680492,309.5789,20,-243,2961,-71,-22,-73,-104,71,0
"1702",95374.6958489,309.6067,-118,-632,-3867,-107,-25,-84,-117,63,0
"1703",95374.6973114,309.6081,77,92,899,-96,-17,-65,-110,87,0
"1704",95374.6986096,309.6094,-611,-345,2,-129,-7,-57,-105,132,0
"1705",95374.7327639,309.6436,-435,-297,-5893,-151,-10,-11,-151,129,0
"1706",95374.7347513,309.6456,-702,88,615,-155,34,-24,-138,120,0
"1707",95374.7362848,309.6471,-746,-507,-7074,-133,29,-26,-158,124,0
"1708",95374.7377112,309.6485,-455,37,-3705,-106,23,-19,-172,91,0
"1709",95374.739081,309.6499,-614,-411,-3110,-83,-11,-13,-139,45,0
"1710",95374.7405096,309.6513,-275,-457,-6861,-66,-61,-20,-141,18,0
"1711",95374.8109983,309.7218,-303,-397,-182,-60,-69,-12,-113,-20,0
"1712",95374.8124565,309.7233,-178,-988,-5258,-42,-79,-10,-93,-21,0
"1713",95374.8137494,309.7246,64,-409,-1550,6,-78,-3,-79,-14,0
"1714",95374.8152218,309.726,-183,-585,1686,20,-63,16,-86,-33,0
"1715",95374.8167344,309.7276,87,-263,-470,-11,-45,-5,-110,-10,0
"1716",95374.8180907,309.7289,-123,68,6638,-2,-28,53,-93,36,0
"1717",95374.823003,309.7338,-269,-592,-1600,24,-25,62,-72,3,0
"1718",95374.8243441,309.7352,-278,-1,735,5,-14,66,-33,-10,0
"1719",95374.8256724,309.7365,-541,-560,2060,28,21,71,-36,25,0
"1720",95374.8556001,309.7664,-246,-585,-302,12,7,52,-5,-6,0
"1721",95374.8569831,309.7678,-498,-457,4543,-14,38,52,36,-14,0
"1722",95374.8582561,309.7691,-524,-1017,-3184,-28,65,46,43,24,0
"1723",95374.8598756,309.7707,-81,-307,-1540,-47,60,12,22,9,0
"1724",95374.8612689,309.7721,-613,-613,-707,-55,71,7,17,-80,0
"1725",95374.8625482,309.7734,-321,-580,-4571,-37,25,-22,33,-112,0
"1726",95374.8743298,309.7852,-496,-222,3196,-3,28,-53,57,-141,0
"1727",95374.8756279,309.7865,-453,-680,-797,0,0,-49,68,-118,0
"1728",95374.8769335,309.7878,-153,-42,2014,1,15,-34,58,-68,0
"1729",95374.9308929,309.8417,-392,-313,1838,-15,14,-31,98,-16,0
"1730",95374.9323302,309.8432,69,-368,-3516,-37,-2,-46,84,-50,0
"1731",95374.9337141,309.8445,128,10,2242,-44,1,-22,57,-62,0
"1732",95374.9350281,309.8459,124,-696,-1575,-58,-29,-64,105,-87,0
"1733",95374.9363372,309.8472,210,-382,4538,-36,-32,-66,117,-95,0
"1734",95374.9379022,309.8487,-1,-724,3773,-55,-2,-53,102,-53,0
"1735",95374.9657094,309.8765,173,-675,-1411,-46,5,-106,70,-48,0
"1736",95374.9671087,309.8779,103,-290,5041,-45,9,-82,44,-34,0
"1737",95374.9684408,309.8793,176,-627,-1568,-37,-9,-73,21,-28,0
"1738",95374.972132,309.883,220,27,2158,-66,7,-74,-8,-14,0
"1739",95374.9734603,309.8843,-223,-491,2276,-72,14,-57,-20,-12,0
"1740",95374.9772873,309.8881,193,-610,-4987,-60,10,-47,-40,11,0
"1741",95375.0052765,309.9161,42,-420,581,-94,22,-54,-64,-12,0
"1742",95375.0066839,309.9175,-115,-912,-6379,-104,32,-71,-76,-27,0
"1743",95375.008005,309.9188,173,-185,-2811,-107,41,-57,-69,4,0
"1744",95375.0356714,309.9465,-256,-630,5,-90,69,-60,-69,47,0
"1745",95375.0371495,309.948,56,-615,-4628,-63,47,-53,-78,7,0
"1746",95375.038403,309.9492,-254,-158,-63,-53,90,-53,-62,-8,0
"1747",95375.0683601,309.9792,-283,-463,-5745,-61,90,-110,-67,-58,0
"1748",95375.0697944,309.9806,44,115,-2302,-34,67,-145,-56,-91,0
"1749",95375.0710768,309.9819,-186,-408,-1972,-13,27,-150,-30,-73,0
"1750",95375.0726828,309.9835,139,-279,-6284,22,18,-126,-66,-42,0
"1751",95375.0741153,309.9849,35,19,582,20,71,-162,-41,-41,0
"1752",95375.075466,309.9863,-32,-606,-5130,31,57,-181,-23,-68,0
"1753",95375.1053812,310.0162,321,15,1628,51,50,-176,-24,-64,0
"1754",95375.1068177,310.0176,-324,-329,1685,40,41,-171,-31,-38,0
"1755",95375.1082047,310.019,115,-261,-1232,65,33,-212,-19,-23,0
"1756",95375.1361257,310.047,-75,-145,6657,79,36,-193,-15,6,0
"1757",95375.1375704,310.0484,-216,-765,1369,103,15,-207,-11,5,0
"1758",95375.1388693,310.0497,-139,-222,4553,122,28,-193,4,-1,0
"1759",95375.1505876,310.0614,-702,-703,3497,138,51,-166,19,34,0
"1760",95375.1520122,310.0628,-289,-379,-1910,139,11,-161,-18,44,0
"1761",95375.1532589,310.0641,-155,292,2486,137,4,-176,-39,30,0
"1762",95375.1829373,310.0938,43,45,-2726,165,-22,-182,-46,22,0
"1763",95375.1844516,310.0953,300,693,2577,192,-20,-163,-19,17,0
"1764",95375.1858476,310.0967,-272,222,4029,162,-11,-148,-7,58,0
"1765",95375.2401363,310.151,94,226,-1276,179,-39,-125,0,61,0
"1766",95375.2416312,310.1525,-10,510,6139,208,3,-132,-13,39,0
"1767",95375.2432061,310.154,-285,-174,-489,177,5,-131,-43,42,0
"1768",95375.244663,310.1555,65,375,3771,187,57,-128,-79,37,0
"1769",95375.2460022,310.1568,-206,30,6045,180,86,-113,-60,77,0
"1770",95375.2473183,310.1581,-91,82,-651,205,80,-134,-104,89,0
"1771",95375.248639,310.1595,-212,474,5258,213,101,-112,-81,80,0
"1772",95375.249885,310.1607,-313,-1,-2122,207,106,-116,-75,93,0
"1773",95375.2511629,310.162,-20,536,-242,191,106,-134,-53,94,0
"1774",95375.2798124,310.1906,-456,-205,653,181,121,-135,-49,102,0
"1775",95375.2836295,310.1945,-314,3,-4996,157,75,-110,-49,97,0
"1776",95375.2849254,310.1958,-393,208,2072,175,93,-116,9,70,0
"1777",95375.3127569,310.2236,-495,-388,-4155,150,96,-126,16,80,0
"1778",95375.3141624,310.225,-189,214,1567,153,101,-114,20,49,0
"1779",95375.3154189,310.2262,-536,-131,2812,128,124,-93,23,43,0
"1780",95375.3189919,310.2298,-188,-46,-875,102,117,-64,29,38,0
"1781",95375.3203108,310.2311,-247,171,6860,105,98,-45,55,30,0
"1782",95375.3215845,310.2324,-331,-351,-1307,114,88,-56,49,42,0
"1783",95375.3534205,310.2642,-7,291,1761,104,90,-62,66,12,0
"1784",95375.354831,310.2657,-435,-59,538,75,124,-48,54,-4,0
"1785",95375.3560953,310.2669,-342,-8,-5003,56,74,-59,39,1,0
"1786",95375.3576701,310.2685,-337,251,2262,56,70,-7,61,21,0
"1787",95375.3589171,310.2697,-106,-341,-1002,62,59,-21,78,34,0
"1788",95375.3601669,310.271,-25,244,3021,81,68,-29,66,56,0
"1789",95375.3921227,310.3029,-440,-276,5102,61,98,-26,89,93,0
"1790",95375.3934378,310.3043,-217,-265,-425,68,80,-28,88,126,0
"1791",95375.3949854,310.3058,-128,126,5041,44,97,-10,121,151,0
"1792",95375.4490134,310.3598,48,-554,-906,9,106,-21,71,186,0
"1793",95375.4504876,310.3613,146,-38,3245,-1,76,-26,34,172,0
"1794",95375.4520819,310.3629,-273,-333,4487,-9,88,-26,22,192,0
"1795",95375.4554163,310.3662,14,-403,-429,-36,79,17,39,193,0
"1796",95375.4568173,310.3676,-140,-56,5730,-40,132,23,52,206,0
"1797",95375.4580719,310.3689,-307,-547,-1379,-7,99,-20,43,164,0
"1798",95375.461586,310.3724,153,114,1355,5,97,-19,19,207,0
"1799",95375.4628601,310.3737,-183,-360,-246,16,86,-10,-13,216,0
"1800",95375.4640769,310.3749,77,-394,-7072,10,67,-49,-24,197,0
"1801",95375.4978136,310.4086,42,-209,885,-10,84,-51,7,210,0
"1802",95375.4990946,310.4099,-166,-813,-5485,18,97,-34,4,212,0
"1803",95375.5005108,310.4113,141,-66,-3200,19,101,13,3,222,0
"1804",95375.5040406,310.4149,-161,-346,-3204,10,108,0,12,222,0
"1805",95375.505376,310.4162,242,-258,-8303,-26,102,-7,-3,194,0
"1806",95375.5066817,310.4175,52,29,-3622,-17,88,-1,5,236,0
"1807",95375.5588565,310.4697,-287,-563,-7705,-37,74,-5,43,236,0
"1808",95375.560274,310.4711,-126,-55,-1863,-33,92,-65,57,274,0
"1809",95375.561658,310.4725,-450,-535,-3268,-35,90,-66,55,259,0
"1810",95375.5630689,310.4739,-59,-406,-8274,-22,56,-41,17,210,0
"1811",95375.5668406,310.4777,-169,-40,-1471,-8,108,-13,9,185,0
"1812",95375.568089,310.4789,-327,-578,-5944,9,106,-28,5,168,0
"1813",95375.6079558,310.5188,14,51,-1878,-12,81,-46,-6,164,0
"1814",95375.6101349,310.521,-250,-346,-623,5,91,-51,9,143,0
"1815",95375.6115062,310.5223,6,-105,-6475,-14,39,-23,10,140,0
"1816",95375.6128526,310.5237,-253,252,450,-26,89,-49,20,180,0
"1817",95375.61413,310.525,-305,-187,-5925,-45,78,-42,32,111,0
"1818",95375.6156047,310.5264,210,370,-2215,-47,66,-69,22,43,0
"1819",95375.6191344,310.53,-453,-99,-100,-50,52,-83,10,81,0
"1820",95375.6206481,310.5315,-478,-103,-4315,-38,25,-64,-1,113,0
"1821",95375.6220066,310.5328,-544,109,1884,-31,50,-63,-8,94,0
"1822",95375.6560656,310.5669,-670,-351,-3163,-32,40,-68,20,108,0
"1823",95375.6574287,310.5683,-159,288,335,-18,35,-50,18,125,0
"1824",95375.658734,310.5696,-386,-5,-1628,-22,39,-45,17,102,0
"1825",95375.6865485,310.5974,-225,18,-5258,-21,31,-23,48,92,0
"1826",95375.6878624,310.5987,-476,246,798,10,-13,-28,37,104,0
"1827",95375.6890923,310.5999,-404,-426,-7431,24,-31,-49,-8,96,0
"1828",95375.6907834,310.6016,-106,307,-3133,14,-36,-87,0,37,0
"1829",95375.6921466,310.603,-431,23,995,19,-42,-89,-2,36,0
"1830",95375.693605,310.6044,-70,104,-4558,7,-62,-90,-16,22,0
"1831",95375.7215113,310.6323,-324,163,3650,16,-18,-71,-23,24,0
"1832",95375.7228557,310.6337,-466,-467,-2769,17,24,-54,-65,0,0
"1833",95375.7242219,310.635,-124,267,-1792,43,33,-86,-55,-40,0
"1834",95375.7541626,310.665,-410,71,1117,39,22,-92,-81,-22,0
"1835",95375.7554563,310.6663,-152,90,-4256,53,-4,-130,-75,-35,0
"1836",95375.7566824,310.6675,-20,263,2099,52,36,-110,-74,-50,0
"1837",95375.7885221,310.6993,-93,-416,-3970,54,59,-116,-76,-60,0
"1838",95375.789797,310.7006,96,241,-510,55,67,-109,-77,-106,0
"1839",95375.7910513,310.7019,-274,-134,1214,43,95,-103,-91,-99,0
"1840",95375.7924133,310.7032,88,-70,-3530,39,68,-99,-111,-76,0
"1841",95375.7938413,310.7047,-84,257,3037,25,140,-89,-133,-76,0
"1842",95375.7951139,310.7059,-335,-304,-5890,4,140,-109,-154,-134,0
"1843",95375.8389735,310.7498,114,385,-825,43,143,-117,-138,-165,0
"1844",95375.8403523,310.7512,-354,-1,1527,43,183,-84,-107,-173,0
"1845",95375.8421444,310.753,-14,-72,-3396,41,173,-82,-82,-155,0
"1846",95375.8463082,310.7571,-281,227,4162,44,194,-83,-54,-159,0
"1847",95375.8476725,310.7585,-418,-82,275,50,168,-81,-31,-125,0
"1848",95375.848968,310.7598,-88,725,3851,46,148,-69,-33,-86,0
"1849",95375.8810466,310.7919,-432,369,3416,34,189,-20,-48,-71,0
"1850",95375.8824667,310.7933,-111,411,-1257,12,160,-24,-90,-74,0
"1851",95375.8837341,310.7946,-232,465,4472,-4,165,7,-133,-78,0
"1852",95375.8850836,310.7959,-235,-127,-2283,-28,144,5,-160,-66,0
"1853",95375.8863596,310.7972,163,434,-79,-58,143,3,-138,-80,0
"1854",95375.8875995,310.7984,-265,-170,171,-52,145,5,-116,-89,0
"1855",95375.9173468,310.8282,25,-52,-6019,-32,94,-20,-105,-117,0
"1856",95375.9187528,310.8296,-107,204,1460,-3,82,-29,-124,-107,0
"1857",95375.9200204,310.8308,-239,-511,-4026,11,80,-47,-103,-122,0
"1858",95375.9517686,310.8626,16,-26,415,30,79,-43,-69,-107,0
"1859",95375.9532178,310.864,-302,-559,4276,61,95,-35,-71,-103,0
"1860",95375.9545216,310.8653,-1,-279,-797,111,61,-59,-74,-66,0
"1861",95375.9558635,310.8667,-157,103,4354,122,59,-71,-106,-37,0
"1862",95375.957246,310.8681,-1,-469,-365,119,68,-82,-93,-17,0
"1863",95375.9586319,310.8695,143,88,2953,145,81,-125,-81,-29,0
"1864",95376.012842,310.9237,-314,-343,5790,113,104,-103,-53,6,0
"1865",95376.0143547,310.9252,-8,-403,2096,96,89,-87,-49,15,0
"1866",95376.0157263,310.9266,-325,-248,6262,103,104,-77,-39,51,0
"1867",95376.0171797,310.928,-336,-627,1644,91,85,-57,-77,65,0
"1868",95376.0185958,310.9294,-81,65,5663,80,107,-56,-52,58,0
"1869",95376.0199114,310.9307,-357,-426,2968,95,137,-48,-44,65,0
"1870",95376.0496968,310.9605,-10,-507,-1566,99,126,-39,-66,73,0
"1871",95376.0512111,310.962,-24,-261,6868,109,142,-36,-75,116,0
"1872",95376.0525505,310.9634,-154,-836,213,86,108,-39,-61,170,0
"1873",95376.0540341,310.9649,18,-182,2908,106,136,-17,-89,195,0
"1874",95376.0553493,310.9662,-421,-566,2906,98,127,-30,-78,227,0
"1875",95376.056566,310.9674,-83,-518,-3651,112,100,-43,-48,263,0
"1876",95376.088523,310.9993,-265,-151,1531,105,133,-77,-48,281,0
"1877",95376.0899881,311.0008,-463,-716,-3770,80,109,-112,-21,276,0
"1878",95376.0912699,311.0021,-80,-256,-329,94,94,-120,7,271,0
"1879",95376.123201,311.034,-344,-625,2218,67,132,-88,32,280,0
"1880",95376.1272262,311.0381,-230,-666,-2492,72,110,-65,50,274,0
"1881",95376.1285375,311.0394,-246,-276,3105,85,160,-67,49,295,0
"1882",95376.1564501,311.0673,-198,-801,-3004,52,128,-68,-3,276,0
"1883",95376.1578028,311.0686,62,-331,-1876,7,112,-51,1,265,0
"1884",95376.1590949,311.0699,-282,-908,-395,9,134,-16,14,268,0
"1885",95376.1606294,311.0715,-90,-875,-2120,37,168,-5,8,279,0
"1886",95376.1619299,311.0728,-10,-402,3954,4,200,9,10,261,0
"1887",95376.1632447,311.0741,-372,-709,-4411,-11,176,9,-15,236,0
"1888",95376.1974796,311.1083,-215,76,-734,-4,194,-6,-32,219,0
"1889",95376.1989732,311.1098,-740,-336,1699,-11,238,16,-56,227,0
"1890",95376.2004749,311.1113,-396,-322,-3895,11,170,-8,-33,253,0
"1891",95376.2020393,311.1129,-254,-99,4358,38,181,-26,2,276,0
"1892",95376.203395,311.1142,-191,-485,-1868,37,166,-43,-4,265,0
"1893",95376.2046817,311.1155,-62,185,1178,25,131,-26,3,280,0
"1894",95376.2325211,311.1433,-287,-142,3392,45,148,-11,13,329,0
"1895",95376.2338439,311.1447,20,-110,-2720,32,109,-14,-8,295,0
"1896",95376.2351504,311.146,-172,324,3616,26,145,27,-9,287,0
"1897",95376.2730216,311.1838,-516,-213,-1241,42,153,40,15,302,0
"1898",95376.2744137,311.1852,-123,442,3959,54,147,62,38,305,0
"1899",95376.2756916,311.1865,-335,6,3219,14,206,48,23,284,0
"1900",95376.2771928,311.188,-290,115,-2677,-5,171,31,17,247,0
"1901",95376.2787475,311.1896,-220,532,3944,-5,183,36,32,255,0
"1902",95376.2801048,311.1909,-163,66,-3188,15,172,31,21,243,0
"1903",95376.3138173,311.2246,124,559,602,27,157,41,-13,269,0
"1904",95376.3151626,311.226,-509,-38,1289,10,168,59,0,292,0
"1905",95376.3165642,311.2274,-229,-222,-6915,24,109,30,14,248,0
"1906",95376.318097,311.2289,-241,313,-2339,57,104,64,50,212,0
"1907",95376.3194186,311.2302,-124,-49,-8489,38,90,80,62,217,0
"1908",95376.3206889,311.2315,17,430,-4806,87,99,134,67,241,0
"1909",95376.3504992,311.2613,-390,103,-1917,107,111,146,60,199,0
"1910",95376.351826,311.2627,-107,184,-8032,96,67,132,75,166,0
"1911",95376.3531335,311.264,-36,476,-2984,118,70,124,59,143,0
"1912",95376.3828275,311.2937,-369,-194,-6856,103,68,81,29,148,0
"1913",95376.384127,311.295,-291,512,-2926,106,47,47,17,119,0
"1914",95376.3854226,311.2962,-585,161,-884,135,55,54,34,130,0
"1915",95376.3869216,311.2977,-71,402,-7148,138,39,76,47,82,0
"1916",95376.3908247,311.3016,-110,733,458,138,51,65,36,77,0
"1917",95376.392066,311.3029,-230,151,-7043,196,46,91,-3,66,0
"1918",95376.4199333,311.3308,181,848,-2712,177,54,102,7,66,0
"1919",95376.4214455,311.3323,34,574,571,159,75,131,16,85,0
"1920",95376.4228479,311.3337,375,616,-6368,163,30,162,29,59,0
"1921",95376.4547291,311.3656,244,755,2118,174,41,139,22,39,0
"1922",95376.4560704,311.3669,108,205,-990,153,44,121,10,74,0
"1923",95376.4573675,311.3682,269,845,580,184,79,61,3,99,0
"1924",95376.4852182,311.396,-99,341,1235,209,88,42,31,75,0
"1925",95376.4866686,311.3975,-58,422,-4131,204,52,36,42,34,0
"1926",95376.4880058,311.3988,-35,658,1888,156,71,40,21,6,0
"1927",95376.5190382,311.4299,-309,83,-4389,113,53,43,-18,-4,0
"1928",95376.5202965,311.4311,-191,736,303,100,79,45,32,-6,0
"1929",95376.521515,311.4323,-300,455,2778,104,113,59,76,36,0
"1930",95376.5229586,311.4338,-88,327,-1898,108,111,51,79,22,0
"1931",95376.5243662,311.4352,-438,629,4580,99,133,14,97,3,0
"1932",95376.5257547,311.4366,-429,66,-2541,60,102,0,106,2,0
"1933",95376.5538534,311.4647,-178,492,-828,61,93,10,99,-13,0
"1934",95376.5552365,311.4661,-786,28,1377,66,146,21,90,-16,0
"1935",95376.5565914,311.4674,-428,41,-5681,95,161,34,59,7,0
"1936",95376.5580232,311.4688,-573,338,-1026,108,181,50,75,2,0
"1937",95376.5594712,311.4703,-307,-323,-7292,102,159,38,49,-58,0
"1938",95376.5607396,311.4716,62,286,-4547,104,143,49,26,-74,0
"1939",95376.6108019,311.5216,-143,-107,877,81,168,33,45,-52,0
"1940",95376.6123117,311.5231,54,-116,-2569,59,132,22,28,-41,0
"1941",95376.613686,311.5245,15,379,2131,79,139,78,36,-44,0
"1942",95376.6253827,311.5362,-78,-141,-2661,112,132,68,72,-39,0
"1943",95376.6268455,311.5377,84,395,1913,103,134,50,89,8,0
"1944",95376.6281118,311.5389,-228,0,-101,66,134,47,75,-2,0
"1945",95376.6296296,311.5405,108,-71,-6722,65,104,50,46,-21,0
"1946",95376.6308693,311.5417,234,289,2106,30,130,65,56,-18,0
"1947",95376.6322237,311.543,-50,-293,-4289,37,109,78,60,-38,0
"1948",95376.6602618,311.5711,220,237,-537,52,84,77,48,-42,0
"1949",95376.6616779,311.5725,-161,-42,1038,44,124,104,35,-52,0
"1950",95376.6630399,311.5739,161,-15,-2514,54,92,88,14,-35,0
"1951",95376.6927492,311.6036,-149,208,6456,83,65,95,40,17,0
"1952",95376.6941327,311.605,-352,-256,972,78,38,80,33,26,0
"1953",95376.6979879,311.6088,87,445,311,62,31,71,41,15,0
"1954",95376.7174952,311.6283,-390,50,925,59,19,42,7,27,0
"1955",95376.7188424,311.6297,96,67,-1716,66,-16,24,-6,26,0
"1956",95376.7201115,311.6309,-108,501,2821,32,20,33,1,31,0
"1957",95376.7520491,311.6629,-234,-138,-1645,-30,28,19,14,9,0
"1958",95376.7535371,311.6644,288,496,2010,-58,37,21,2,-12,0
"1959",95376.7548023,311.6656,-18,184,1867,-62,60,15,-12,-12,0
"1960",95376.7848062,311.6956,241,84,-3502,-46,41,23,-59,-30,0
"1961",95376.7862211,311.697,24,392,4576,-13,71,8,-40,-22,0
"1962",95376.7876779,311.6985,-21,-218,-2555,-24,55,26,-37,20,0
"1963",95376.7925888,311.7034,448,624,431,-25,40,24,-39,35,0
"1964",95376.793874,311.7047,130,398,4677,-16,27,17,-30,56,0
"1965",95376.7953256,311.7062,345,414,-1603,27,3,-7,-10,29,0
"1966",95376.8392977,311.7501,191,881,4881,8,-15,26,13,31,0
"1967",95376.8407229,311.7515,247,219,-1730,-16,-69,57,21,6,0
"1968",95376.8419431,311.7528,467,629,-1681,-35,-78,32,47,-12,0
"1969",95376.8455524,311.7564,17,410,-791,-31,-57,41,48,-16,0
"1970",95376.8469476,311.7578,261,498,-5091,21,-94,50,35,-54,0
"1971",95376.8482799,311.7591,483,993,3748,41,-54,86,47,-23,0
"1972",95376.849761,311.7606,419,353,-1165,20,-84,47,42,19,0
"1973",95376.8511759,311.762,455,790,2629,-11,-45,35,38,8,0
"1974",95376.8525576,311.7634,-22,325,3980,18,-13,24,7,19,0
"1975",95376.8844632,311.7953,135,151,-1112,-2,-38,20,-30,0,0
"1976",95376.8860136,311.7968,128,431,5525,0,-68,44,-37,-39,0
"1977",95376.8873199,311.7981,-59,-261,-2762,-18,-74,28,-56,-17,0
"1978",95376.9171435,311.828,156,310,-944,26,-45,16,-63,-34,0
"1979",95376.9186665,311.8295,-355,-40,2115,-7,-12,9,-56,-30,0
"1980",95376.92024,311.8311,-56,-61,-1657,13,1,14,-88,-17,0
"1981",95376.9218412,311.8327,-254,289,3815,17,38,34,-111,-17,0
"1982",95376.9232187,311.834,-364,-214,-2667,38,36,3,-99,-49,0
"1983",95376.9246047,311.8354,-146,348,-548,23,32,-21,-100,-32,0
"1984",95376.9564727,311.8673,-473,-112,2423,10,2,-36,-66,-18,0
"1985",95376.9579224,311.8687,-388,-318,54,-15,-45,-36,-33,-12,0
"1986",95376.9592361,311.8701,-588,-11,4887,4,10,-37,-36,-8,0
"1987",95376.9910559,311.9019,-659,-571,-882,2,27,-15,-66,-55,0
"1988",95376.9925245,311.9033,-213,152,192,34,36,0,-64,-72,0
"1989",95376.9964143,311.9072,-493,-246,-839,77,49,11,-58,-70,0
"1990",95376.9999111,311.9107,-243,-238,-3393,95,11,-15,-49,-66,0
"1991",95377.0012141,311.912,-515,116,5550,68,3,-40,-11,-49,0
"1992",95377.0026582,311.9135,-679,-465,-1412,49,-2,-61,-9,-27,0
"1993",95377.0365334,311.9474,-476,157,3609,45,-28,-62,5,-30,0
"1994",95377.0380469,311.9489,-656,-148,5953,60,42,-45,47,17,0
"1995",95377.0393477,311.9502,-532,-211,-1160,39,-13,-64,37,39,0
"1996",95377.0408541,311.9517,-649,65,4828,35,-5,-56,31,101,0
"1997",95377.0421028,311.9529,-613,-498,90,26,22,-62,28,101,0
"1998",95377.0433245,311.9541,-337,124,1636,34,36,-50,12,97,0
"1999",95377.101452,312.0123,-727,-131,4347,8,17,-57,33,128,0
"2000",95377.1029566,312.0138,-579,-229,-1562,26,8,-32,48,139,0
"2001",95377.1043895,312.0152,-581,120,1509,6,2,-19,26,159,0
"2002",95377.1059439,312.0168,-807,-571,-3889,-17,-4,17,8,158,0
"2003",95377.1072793,312.0181,-370,139,-2009,-23,6,8,25,185,0
"2004",95377.1087089,312.0195,-814,-155,-1520,-61,6,32,17,184,0
"2005",95377.1136466,312.0245,-488,-285,-6933,-59,-29,45,20,220,0
"2006",95377.1149951,312.0258,-547,159,568,-81,8,7,15,258,0
"2007",95377.1162283,312.0271,-553,-111,-7116,-75,26,31,-15,230,0
"2008",95377.1435618,312.0544,-184,491,-1804,-69,30,19,-19,200,0
"2009",95377.1458662,312.0567,-687,83,-276,-73,29,-15,-39,178,0
"2010",95377.1471505,312.058,-542,68,-4491,-80,24,-37,-51,178,0
"2011",95377.1811005,312.0919,-663,408,1140,-77,55,-34,-32,151,0
"2012",95377.1824749,312.0933,-641,-135,-2961,-58,61,-3,-42,105,0
"2013",95377.1838053,312.0946,-400,439,-205,-28,58,-59,-45,80,0
"2014",95377.1851307,312.096,-714,18,642,-13,88,-107,-59,77,0
"2015",95377.1865702,312.0974,-421,45,-4652,-24,54,-119,-69,92,0
"2016",95377.1906269,312.1015,-381,426,2525,-37,56,-129,-49,120,0
"2017",95377.2170946,312.1279,-537,-207,-1006,-39,17,-152,-19,161,0
"2018",95377.2184944,312.1293,-94,273,1382,-60,-9,-120,23,210,0
"2019",95377.2199351,312.1308,-535,-184,751,-33,0,-82,32,184,0
"2020",95377.2497217,312.1605,-422,-301,-2303,-4,-34,-109,-2,172,0
"2021",95377.2511927,312.162,-421,164,5614,17,-17,-94,-17,202,0
"2022",95377.2525717,312.1634,-572,-190,-1060,15,1,-96,-58,219,0
"2023",95377.2541269,312.165,-36,612,2342,25,22,-119,-45,201,0
"2024",95377.2579825,312.1688,-197,154,4248,25,41,-79,-51,203,0
"2025",95377.2594689,312.1703,1,209,-4507,37,24,-95,-45,221,0
"2026",95377.2862242,312.197,-138,449,831,-10,71,-115,-76,229,0
"2027",95377.287565,312.1984,-237,-176,-5291,-6,74,-95,-80,181,0
"2028",95377.2889877,312.1998,1,373,-1923,-9,72,-86,-65,148,0
"2029",95377.31679,312.2276,-467,-71,1681,-14,89,-60,-40,151,0
"2030",95377.3181535,312.229,-184,-136,-1742,13,66,-66,-53,169,0
"2031",95377.3194351,312.2303,-367,288,3340,20,59,-41,-24,174,0
"2032",95377.3657824,312.2766,-592,-308,-2569,5,76,-66,-38,121,0
"2033",95377.3671643,312.278,-239,207,-85,-3,74,-72,-53,93,0
"2034",95377.3684485,312.2793,-544,-173,-495,-7,140,-46,-47,72,0
"2035",95377.3721027,312.2829,-216,-63,-5513,19,129,-31,-81,82,0
"2036",95377.3735925,312.2844,-204,373,1208,23,166,-2,-84,104,0
"2037",95377.3779684,312.2888,-474,-156,-5200,1,131,31,-62,108,0
"2038",95377.379524,312.2903,-372,545,-2354,-4,117,20,-57,112,0
"2039",95377.3808956,312.2917,-658,105,1160,21,102,6,-76,176,0
"2040",95377.3822692,312.2931,-441,1,-4147,56,82,-39,-90,193,0
"2041",95377.4061866,312.317,-479,372,5207,64,105,-47,-60,181,0
"2042",95377.4074777,312.3183,-515,-91,-404,107,84,-45,-19,164,0
"2043",95377.408819,312.3196,-187,648,389,125,87,-53,15,153,0
"2044",95377.4226775,312.3335,-386,465,3711,126,97,-36,22,173,0
"2045",95377.4240577,312.3349,74,644,994,152,73,-47,8,196,0
"2046",95377.4254237,312.3362,-95,811,7275,146,79,-28,20,206,0
"2047",95377.4554474,312.3663,-385,126,1544,131,69,-41,-8,194,0
"2048",95377.456838,312.3677,-110,660,4030,96,72,-28,-30,210,0
"2049",95377.4582324,312.3691,-334,266,3528,85,95,-44,-26,188,0
"2050",95377.5024213,312.4132,-11,246,-3274,99,42,-25,-49,149,0
"2051",95377.5038316,312.4147,-85,803,4005,75,44,-13,-56,143,0
"2052",95377.5053086,312.4161,-192,208,-1501,71,61,-32,-18,137,0
"2053",95377.5067442,312.4176,296,873,524,36,57,-26,16,94,0
"2054",95377.5080015,312.4188,-18,596,1584,44,116,5,30,59,0
"2055",95377.5092094,312.42,368,603,-5931,27,61,-32,1,23,0
"2056",95377.5369516,312.4478,452,803,3777,35,67,-28,43,42,0
"2057",95377.5382552,312.4491,285,196,-3437,33,66,-13,63,70,0
"2058",95377.5413642,312.4522,614,642,-2064,18,84,7,80,72,0
"2059",95377.5429588,312.4538,152,202,1249,2,125,33,78,40,0
"2060",95377.5468556,312.4577,293,69,-878,-5,109,8,36,20,0
"2061",95377.548341,312.4592,239,536,6098,-10,130,-3,48,66,0
"2062",95377.5773088,312.4881,18,-125,1626,-21,103,-4,75,121,0
"2063",95377.578684,312.4895,260,346,2825,-44,88,7,62,149,0
"2064",95377.5802263,312.4911,-193,-78,2840,-63,44,14,55,166,0
"2065",95377.6122489,312.5231,188,82,-3680,-56,5,17,26,171,0
"2066",95377.6137632,312.5246,24,606,5040,-37,18,45,-20,181,0
"2067",95377.6153182,312.5261,-15,-176,-308,-21,-11,47,-22,178,0
"2068",95377.624841,312.5357,115,312,4689,-29,-21,50,16,194,0
"2069",95377.6261856,312.537,-466,-65,6711,-14,0,88,-10,225,0
"2070",95377.627469,312.5383,-375,-146,-2550,-16,-25,102,-24,225,0
"2071",95377.6598622,312.5707,-289,317,4709,-23,-19,82,-16,222,0
"2072",95377.6613529,312.5722,-397,-148,-1528,-28,-63,54,-21,210,0
"2073",95377.6628256,312.5737,67,426,-261,10,-39,27,-18,226,0
"2074",95377.6642767,312.5751,-340,150,2082,30,-4,44,-23,198,0
"2075",95377.6656103,312.5764,31,37,-4537,33,-17,39,-20,194,0
"2076",95377.6669175,312.5777,147,621,457,-3,8,38,-42,175,0
"2077",95377.6966584,312.6075,79,-24,-5093,2,-23,49,-104,157,0
"2078",95377.6979735,312.6088,581,493,-3442,28,-31,47,-114,138,0
"2079",95377.6992197,312.61,101,41,-2736,14,-7,19,-99,111,0
"2080",95377.7310811,312.6419,42,29,-7279,2,-31,36,-90,99,0
"2081",95377.7335619,312.6444,111,573,1122,2,3,14,-67,132,0
"2082",95377.7358048,312.6466,189,65,-3014,20,3,-9,-67,186,0
"2083",95377.7678983,312.6787,326,664,357,25,8,-33,-67,198,0
"2084",95377.7691792,312.68,37,171,3911,43,33,-78,-45,175,0
"2085",95377.7704109,312.6812,321,-69,-2892,12,-4,-97,-43,159,0
"2086",95377.7719419,312.6828,34,307,5022,12,44,-73,-41,168,0
"2087",95377.7733705,312.6842,-138,-251,-635,-7,44,-85,-57,172,0
"2088",95377.7746554,312.6855,153,336,751,-23,82,-93,-44,191,0
"2089",95377.8045576,312.7154,-306,141,3052,-50,102,-64,-30,175,0
"2090",95377.8058592,312.7167,-109,141,-5080,-26,77,-58,-34,181,0
"2091",95377.8071083,312.7179,40,520,1435,-11,61,-64,-3,178,0
"2092",95377.8086532,312.7195,-122,-149,-3459,-22,57,-104,-16,159,0
"2093",95377.8100539,312.7209,-35,489,-1781,-12,60,-85,1,103,0
"2094",95377.8115512,312.7224,-302,-52,486,13,35,-68,0,72,0
"2095",95377.8455301,312.7564,-174,-89,-2777,12,52,-33,0,88,0
"2096",95377.8495451,312.7604,-231,154,3945,43,94,-17,48,83,0
"2097",95377.8509121,312.7617,-510,-651,-1464,58,75,-50,47,108,0
"2098",95377.8802067,312.791,-10,48,1031,72,104,-76,36,154,0
"2099",95377.8814735,312.7923,-395,-31,4589,47,150,-60,40,192,0
"2100",95377.8826659,312.7935,-9,69,-807,38,126,-47,19,183,0
"2101",95377.8841672,312.795,-368,441,5817,69,178,-33,42,193,0
"2102",95377.8855257,312.7964,-377,-109,1194,73,152,-39,41,213,0
"2103",95377.886827,312.7977,88,659,2830,57,138,-38,79,190,0
"2104",95377.916775,312.8276,-201,458,5893,66,173,-25,73,240,0
"2105",95377.9181757,312.829,-11,446,2276,77,148,-21,49,261,0
"2106",95377.9194768,312.8303,-284,707,8685,62,146,-38,25,316,0
"2107",95377.9211379,312.832,-394,33,1317,37,168,-70,18,339,0
"2108",95377.9224468,312.8333,-66,553,1061,-5,188,-47,62,362,0
"2109",95377.9238859,312.8347,-329,289,2093,-8,249,-46,115,354,0
"2110",95377.951775,312.8626,-77,315,-1675,-11,213,-46,112,352,0
"2111",95377.953087,312.8639,-250,638,4348,-38,232,-76,95,340,0
"2112",95377.9543742,312.8652,-527,-10,-4464,-68,252,-87,92,282,0
"2113",95377.9843454,312.8952,-118,678,-2647,-85,253,-114,82,272,0
"2114",95377.985769,312.8966,-302,382,-2659,-97,239,-136,88,275,0
"2115",95377.9870687,312.8979,-44,458,-8851,-87,206,-156,105,219,0
"2116",95378.0169409,312.9278,-256,605,-1630,-77,198,-163,117,190,0
"2117",95378.0183864,312.9292,-407,-88,-6649,-38,197,-176,122,179,0
"2118",95378.0196405,312.9305,-167,524,-5994,-25,180,-168,122,179,0
"2119",95378.0333478,312.9442,-375,212,-2690,-29,196,-185,151,148,0
"2120",95378.0347932,312.9456,-194,111,-6328,8,187,-179,130,140,0
"2121",95378.0360555,312.9469,-386,400,-1931,23,187,-171,105,126,0
"2122",95378.0701079,312.9809,-439,-338,-5619,24,161,-200,69,115,0
"2123",95378.0716021,312.9824,-64,450,-1646,23,159,-224,52,92,0
"2124",95378.0728844,312.9837,-594,237,-1258,40,166,-225,45,103,0
"2125",95378.0744724,312.9853,-565,162,-5826,30,120,-196,39,105,0
"2126",95378.0757529,312.9866,-454,618,682,43,162,-172,79,109,0
"2127",95378.0770391,312.9879,-510,96,-4349,66,114,-170,83,108,0
"2128",95378.1270842,313.0379,-29,752,-1761,94,115,-165,61,90,0
"2129",95378.1286156,313.0394,-311,396,-484,96,138,-140,34,74,0
"2130",95378.1299138,313.0407,-188,235,-5293,132,98,-126,-8,61,0
"2131",95378.1339909,313.0448,-276,508,3500,124,101,-130,2,26,0
"2132",95378.1353011,313.0461,-403,-232,2001,115,83,-134,-1,14,0
"2133",95378.1393091,313.0501,-293,344,2909,105,100,-121,-26,20,0
"2134",95378.1874203,313.0982,-366,-39,4638,78,142,-110,-52,13,0
"2135",95378.1889335,313.0998,-186,-190,-462,51,130,-99,-72,7,0
"2136",95378.1903521,313.1012,-429,205,7107,0,140,-74,-38,16,0
"2137",95378.1921569,313.103,-517,-225,4835,-35,140,-74,-26,39,0
"2138",95378.1936181,313.1044,-162,540,7159,4,118,-113,-61,88,0
"2139",95378.19509,313.1059,-481,121,6214,0,168,-96,-66,81,0
"2140",95378.1965442,313.1074,-295,-41,2102,-8,121,-113,-64,8,0
"2141",95378.1979016,313.1087,-306,298,8595,-17,103,-122,-62,-7,0
"2142",95378.1991913,313.11,-402,-239,1929,-52,103,-98,-76,-26,0
"2143",95378.2293544,313.1402,-209,280,2574,-76,77,-79,-65,-18,0
"2144",95378.2308191,313.1416,-574,126,4278,-83,123,-47,-83,-2,0
"2145",95378.2322552,313.1431,-290,-80,-1920,-134,103,-53,-104,-43,0
"2146",95378.2337435,313.1446,-428,170,6101,-142,95,-54,-112,-82,0
"2147",95378.2351699,313.146,-471,-384,616,-128,104,-52,-111,-87,0
"2148",95378.2365274,313.1474,-240,111,2153,-94,115,-81,-80,-64,0
"2149",95378.2643028,313.1751,-397,-33,1689,-73,115,-92,-63,-60,0
"2150",95378.2655655,313.1764,-156,-64,-4987,-54,129,-96,-77,-80,0
"2151",95378.2668839,313.1777,-276,392,-372,-55,132,-59,-59,-70,0
"2152",95378.296399,313.2072,-493,-208,-4927,-63,106,-63,-62,-40,0
"2153",95378.297655,313.2085,-310,352,-4120,-52,98,-46,-15,-58,0
"2154",95378.2990149,313.2098,-600,-51,-3555,12,127,-14,4,-85,0
"2155",95378.3309343,313.2418,-364,-395,-9004,52,112,-54,20,-70,0
"2156",95378.3323288,313.2432,-472,-83,-2418,48,99,-41,60,-58,0
"2157",95378.3336259,313.2445,-601,-589,-8263,42,74,-53,46,-37,0
"2158",95378.3352374,313.2461,-252,198,-4157,62,52,-64,35,6,0
"2159",95378.3364697,313.2473,-562,54,859,74,41,-36,-3,26,0
"2160",95378.3377068,313.2485,-329,-169,-6928,109,25,-34,-5,47,0
"2161",95378.3682473,313.2791,-358,130,528,80,43,8,-36,81,0
"2162",95378.3695643,313.2804,-393,-413,-6452,67,51,17,-42,68,0
"2163",95378.370851,313.2817,-80,123,-6788,57,52,-12,-46,75,0
"2164",95378.4007241,313.3115,-597,-201,-3292,63,75,-15,-18,53,0
"2165",95378.4049909,313.3158,-336,-274,-6068,113,74,-10,-30,10,0
"2166",95378.4065904,313.3174,-485,129,531,114,48,-17,-7,21,0
"2167",95378.408074,313.3189,-705,-531,-2579,110,32,-44,-10,33,0
"2168",95378.4096136,313.3204,-233,-23,1480,128,65,-48,5,51,0
"2169",95378.4110648,313.3219,-577,-299,3194,116,109,-48,12,51,0
"2170",95378.4542484,313.3651,-389,-214,-4865,124,84,-22,-3,68,0
"2171",95378.4556635,313.3665,-342,183,1600,110,121,-35,5,76,0
"2172",95378.4569216,313.3677,-331,-279,-6146,129,148,-84,-1,64,0
"2173",95378.458505,313.3693,167,394,-3378,129,117,-66,19,52,0
"2174",95378.4597756,313.3706,19,264,-2181,147,120,-73,10,23,0
"2175",95378.4610505,313.3719,302,267,-8669,149,109,-89,-2,-5,0
"2176",95378.4931959,313.404,224,591,-299,159,136,-82,14,2,0
"2177",95378.4945185,313.4053,-81,-58,-4271,180,141,-97,11,1,0
"2178",95378.4958205,313.4066,134,486,-3667,220,136,-112,12,16,0
"2179",95378.4973321,313.4082,-169,253,-3004,228,193,-100,27,16,0
"2180",95378.4987206,313.4095,-42,55,-7733,229,181,-98,59,5,0
"2181",95378.4999978,313.4108,-15,500,-2508,241,214,-53,73,18,0
"2182",95378.5279583,313.4388,-15,-114,-8034,256,200,-14,30,6,0
"2183",95378.52924,313.4401,302,346,-6889,264,184,-28,37,-4,0
"2184",95378.5305269,313.4414,-16,78,-3887,258,180,-54,64,-13,0
"2185",95378.5603055,313.4711,244,-143,-5023,269,107,-59,89,-28,0
"2186",95378.5616956,313.4725,-55,296,4084,248,118,-72,97,-18,0
"2187",95378.5629418,313.4738,-244,-317,-3426,248,133,-83,74,-29,0
"2188",95378.5644843,313.4753,194,194,-622,213,134,-75,67,-32,0
"2189",95378.5657655,313.4766,-121,-47,5137,178,175,-56,69,-9,0
"2190",95378.5669683,313.4778,61,-141,-1980,164,141,-31,54,0,0
"2191",95378.5989498,313.5098,-24,404,4200,140,190,-10,15,17,0
"2192",95378.6003951,313.5112,-298,-304,816,117,184,27,17,18,0
"2193",95378.6018306,313.5127,20,283,1520,105,152,8,23,-10,0
"2194",95378.6380413,313.5489,-486,19,4503,106,134,54,43,-4,0
"2195",95378.6395191,313.5503,-95,-62,-1011,94,107,50,32,-38,0
"2196",95378.6409386,313.5518,-54,159,7313,84,139,66,48,-30,0
"2197",95378.672141,313.583,-239,-417,3032,60,135,76,10,-53,0
"2198",95378.6734053,313.5842,175,178,5812,96,129,92,2,-31,0
"2199",95378.6747279,313.5856,-318,-81,6109,125,148,96,16,-63,0
"2200",95378.6763001,313.5871,-141,-98,-1000,150,58,101,11,-99,0
"2201",95378.6801989,313.591,-371,439,6107,112,80,126,-2,-117,0
"2202",95378.6815537,313.5924,-680,-196,124,99,94,113,5,-122,0
"2203",95378.7114544,313.6223,-292,370,2365,86,79,126,3,-144,0
"2204",95378.7128567,313.6237,-586,220,4668,71,94,155,39,-129,0
"2205",95378.7141716,313.625,-276,-105,-5667,86,86,162,-30,-141,0
"2206",95378.7155878,313.6264,-381,185,-1279,105,76,148,-73,-170,0
"2207",95378.7168316,313.6277,-190,-408,-5895,88,35,187,-80,-154,0
"2208",95378.7180555,313.6289,171,267,-5689,76,20,163,-69,-132,0
"2209",95378.7481636,313.659,-38,-35,-5128,72,46,124,-42,-105,0
"2210",95378.7496081,313.6604,223,-53,-11281,46,-11,71,-86,-79,0
"2211",95378.7508539,313.6617,-27,375,-2859,47,8,62,-60,-14,0
"2212",95378.7786646,313.6895,-471,-246,-6017,38,-1,23,-50,-2,0
"2213",95378.7800494,313.6909,-192,419,-3534,27,-19,14,-36,1,0
"2214",95378.7813456,313.6922,-413,81,-2834,43,18,25,-41,18,0
"2215",95378.8151832,313.726,1,111,-8370,22,-13,3,-44,-11,0
"2216",95378.8164397,313.7273,-176,676,-265,-4,-8,-1,-23,-28,0
"2217",95378.8176732,313.7285,-394,14,-5447,-36,-1,19,-33,9,0
"2218",95378.8192151,313.73,93,551,-5115,-59,-16,86,-42,19,0
"2219",95378.82052,313.7313,-98,263,252,-84,14,100,-46,47,0
"2220",95378.8218884,313.7327,231,114,-5535,-88,-10,115,-24,61,0
"2221",95378.8539684,313.7648,351,628,2426,-99,7,106,-4,79,0
"2222",95378.855379,313.7662,91,138,-3231,-95,-3,111,-7,63,0
"2223",95378.8567468,313.7676,334,604,-3678,-88,-25,111,-56,67,0
"2224",95378.8846176,313.7954,-55,247,968,-72,-36,151,-59,36,0
"2225",95378.886852,313.7977,45,59,-3423,-44,-90,131,-36,11,0
"2226",95378.8881436,313.799,-126,316,2268,-43,-51,80,33,22,0
"2227",95378.8894654,313.8003,-467,-210,-1739,-41,-47,69,53,52,0
"2228",95378.8907105,313.8015,167,497,1359,-71,-46,40,71,97,0
"2229",95378.8920554,313.8029,-13,334,3661,-81,-12,48,85,102,0
"2230",95378.9197828,313.8306,4,167,-1890,-80,-40,25,67,122,0
"2231",95378.9210674,313.8319,-80,606,3130,-104,-24,39,45,145,0
"2232",95378.9225539,313.8334,-198,-165,-5056,-157,-27,73,2,149,0
"2233",95378.9564399,313.8673,166,361,-3831,-168,-39,75,7,129,0
"2234",95378.9577282,313.8686,-169,181,691,-169,-17,84,30,125,0
"2235",95378.9589682,313.8698,156,177,-6466,-138,-58,61,-43,96,0
"2236",95378.9630344,313.8739,118,689,814,-119,-43,71,-4,92,0
"2237",95378.9644689,313.8753,-233,-45,-6146,-100,-53,69,-37,93,0
"2238",95378.9659822,313.8768,295,341,-5242,-96,-50,50,-68,82,0
"2239",95378.9918012,313.9026,-24,-54,760,-60,4,54,-63,83,0
"2240",95378.9931268,313.904,149,-416,-2725,-23,-33,25,-67,118,0
"2241",95378.9944097,313.9052,119,47,1512,16,-7,-9,-54,121,0
"2242",95379.026334,313.9372,-133,-562,-3312,5,-6,8,-32,143,0
"2243",95379.0278029,313.9386,131,58,686,7,25,23,-20,194,0
"2244",95379.0293832,313.9402,-344,-193,3165,2,40,29,-24,183,0
"2245",95379.0308003,313.9416,-98,-193,-3628,23,8,18,-12,188,0
"2246",95379.0322121,313.943,14,122,3243,7,0,14,2,209,0
"2247",95379.0336081,313.9444,-258,-521,-4861,31,-13,-8,7,172,0
"2248",95379.0676068,313.9784,278,-64,-1902,50,-38,-4,17,173,0
"2249",95379.0690124,313.9798,-313,-312,1720,58,-21,-21,22,181,0
"2250",95379.0705188,313.9813,-51,-472,-4797,59,0,-34,66,166,0
"2251",95379.0741623,313.985,-128,-89,2411,30,-8,-12,73,135,0
"2252",95379.0755196,313.9863,-190,-718,-2596,-11,-31,-5,33,119,0
"2253",95379.0768777,313.9877,66,-131,-1643,-37,-66,-22,13,95,0
"2254",95379.1168359,314.0277,-156,-306,1353,-39,-29,3,13,118,0
"2255",95379.1181533,314.029,170,-378,-4128,-30,-28,13,-24,126,0
"2256",95379.1194022,314.0302,136,76,1151,-16,-47,35,-7,152,0
"2257",95379.1227657,314.0336,-137,-462,-3680,-3,-56,34,-16,142,0
"2258",95379.1240768,314.0349,2,-94,-2760,14,-65,29,-47,134,0
"2259",95379.1253502,314.0362,-366,-383,-1972,21,-80,5,-59,118,0
"2260",95379.196096,314.1069,-43,-345,-7129,20,-117,12,-80,89,0
"2261",95379.197585,314.1084,-117,27,-644,67,-117,54,-73,47,0
"2262",95379.1993244,314.1101,-279,-655,-7206,116,-141,80,-73,-3,0
"2263",95379.2008043,314.1116,41,-96,-5513,141,-168,23,-70,-47,0
"2264",95379.2021087,314.1129,-249,-253,-2264,101,-154,49,-62,-59,0
"2265",95379.2033816,314.1142,53,-343,-7143,94,-182,74,-59,-59,0
"2266",95379.2068235,314.1176,-197,35,-435,108,-163,104,-55,-81,0
"2267",95379.2080637,314.1189,-231,-469,-5046,109,-147,102,-67,-102,0
"2268",95379.2094051,314.1202,72,89,-3145,127,-130,119,-97,-125,0
"2269",95379.2414487,314.1523,-83,-43,-400,116,-92,162,-97,-174,0
"2270",95379.2427482,314.1536,113,-154,-3028,126,-112,171,-49,-200,0
"2271",95379.244044,314.1549,28,270,2829,166,-81,161,-23,-160,0
"2272",95379.2703916,314.1812,-104,-412,-4292,157,-89,124,-63,-154,0
"2273",95379.27179,314.1826,285,188,-1216,169,-123,101,-70,-154,0
"2274",95379.2731203,314.1839,-340,-32,1895,176,-97,89,-37,-115,0
"2275",95379.3131944,314.224,-86,-274,-1709,213,-123,120,-60,-84,0
"2276",95379.315401,314.2262,-90,206,3758,210,-68,88,-26,-80,0
"2277",95379.317335,314.2282,-42,-363,153,194,-73,105,-42,-80,0
"2278",95379.3188213,314.2296,285,242,3848,203,-67,78,-37,-54,0
"2279",95379.3201356,314.231,-249,-26,7136,181,-59,47,-59,-47,0
"2280",95379.3215527,314.2324,-128,-109,-684,146,-45,9,-82,-52,0
"2281",95379.3230441,314.2339,-192,251,6933,109,-13,35,-93,-49,0
"2282",95379.3286566,314.2395,-47,-300,-121,130,-31,45,-75,-61,0
"2283",95379.3300635,314.2409,228,390,161,158,-31,31,-35,-62,0
"2284",95379.3542139,314.265,-263,73,1049,119,8,46,-5,-72,0
"2285",95379.3555465,314.2664,52,-130,-5729,109,-4,57,-7,-45,0
"2286",95379.3568163,314.2676,-18,410,940,108,22,59,-8,-42,0
"2287",95379.358295,314.2691,-273,-226,-4613,110,-26,55,-14,-70,0
"2288",95379.3595836,314.2704,52,66,-2553,100,-24,50,16,-77,0
"2289",95379.3608532,314.2717,-428,-321,-2028,82,-21,68,41,-77,0
"2290",95379.4048022,314.3156,-241,-444,-6048,92,-16,60,41,-84,0
"2291",95379.4062012,314.317,-286,3,2285,111,-27,84,24,-53,0
"2292",95379.4075472,314.3184,-376,-661,-3451,71,1,128,6,-19,0
"2293",95379.4089479,314.3198,-137,24,-3272,27,-21,143,3,-13,0
"2294",95379.4101739,314.321,-650,-324,-205,34,-22,135,6,-31,0
"2295",95379.4115432,314.3224,-474,-546,-5035,58,-52,99,25,-39,0
"2296",95379.4429566,314.3538,-440,-108,4028,78,-26,45,30,-34,0
"2297",95379.4443035,314.3551,-664,-681,-772,71,-38,55,0,6,0
"2298",95379.4455449,314.3564,-161,-167,222,82,-77,114,16,8,0
"2299",95379.4795818,314.3904,-503,-364,2923,66,-61,106,34,5,0
"2300",95379.4810979,314.3919,-238,-520,-4153,82,-74,100,15,-53,0
"2301",95379.4823882,314.3932,-159,-141,2409,103,-66,87,-18,-55,0
"2302",95379.512239,314.4231,-104,-541,-1061,152,-52,108,13,-50,0
"2303",95379.5136389,314.4245,230,87,2471,202,-35,112,17,-19,0
"2304",95379.5150516,314.4259,-263,-300,5658,217,7,120,47,9,0
"2305",95379.5164975,314.4273,30,-437,-2310,202,-7,105,50,13,0
"2306",95379.5177991,314.4286,-170,-54,6038,166,7,169,65,32,0
"2307",95379.5217223,314.4325,-565,-762,1023,191,-17,164,65,40,0
"2308",95379.5455566,314.4564,-206,-305,1668,214,-52,151,50,56,0
"2309",95379.5472164,314.458,-442,-463,3772,179,-14,146,22,25,0
"2310",95379.5486382,314.4595,-162,-222,-4572,151,-21,111,-15,21,0
"2311",95379.5784548,314.4893,-301,328,2516,143,3,112,2,6,0
"2312",95379.5799963,314.4908,-349,-130,-3426,120,-8,95,8,-45,0
"2313",95379.5813705,314.4922,255,488,-1775,111,-23,91,25,-59,0
"2314",95379.5987171,314.5095,-117,128,801,106,1,87,18,-71,0
"2315",95379.6001345,314.511,339,-97,-3895,88,20,62,-14,-80,0
"2316",95379.6014288,314.5123,291,338,4235,107,49,58,-8,-62,0
"2317",95379.602973,314.5138,214,-244,256,133,48,55,24,-37,0
"2318",95379.6044171,314.5152,495,241,1270,126,31,39,8,-71,0
"2319",95379.6057853,314.5166,35,38,2798,127,95,5,17,-90,0
"2320",95379.6476686,314.5585,235,-124,-2282,109,72,-38,44,-86,0
"2321",95379.649218,314.56,238,269,3674,107,93,-32,25,-97,0
"2322",95379.650591,314.5614,25,-416,-2597,84,88,-43,1,-134,0
"2323",95379.652249,314.5631,276,146,-1345,67,75,-85,-19,-151,0
"2324",95379.6535459,314.5644,-169,-216,1646,77,128,-69,-26,-110,0
"2325",95379.6548519,314.5657,264,-377,-5060,89,97,-79,-37,-90,0
"2326",95379.6830561,314.5939,342,13,2305,100,110,-58,-18,-65,0
"2327",95379.6845176,314.5953,39,-520,-151,118,112,-59,-20,-78,0
"2328",95379.6858362,314.5967,437,168,-148,156,90,-43,-8,-82,0
"2329",95379.7137601,314.6246,200,-131,2341,130,124,-26,32,-73,0
"2330",95379.7152304,314.6261,371,-246,-660,158,118,-41,51,-84,0
"2331",95379.7167125,314.6275,132,149,5045,134,136,-24,50,-51,0
"2332",95379.7486768,314.6595,-192,-512,-481,78,132,-21,24,-35,0
"2333",95379.750119,314.6609,41,23,805,44,125,9,22,-58,0
"2334",95379.7515678,314.6624,-183,-184,2045,35,124,53,4,-53,0
"2335",95379.7855946,314.6964,8,-368,-4016,58,72,34,-18,-52,0
"2336",95379.7870235,314.6978,115,298,2722,35,72,25,-27,-58,0
"2337",95379.7883684,314.6992,-48,-337,-1429,31,102,11,-9,-21,0
"2338",95379.790105,314.7009,195,1,-1172,2,111,15,-22,-19,0
"2339",95379.7915145,314.7023,88,-163,3558,0,130,1,-5,-24,0
"2340",95379.792896,314.7037,471,-281,-3755,28,98,-25,-20,-59,0
"2341",95379.8028208,314.7136,323,129,1929,47,135,-36,-2,-66,0
"2342",95379.8065853,314.7174,14,-495,-2622,20,115,-37,-8,-92,0
"2343",95379.8078784,314.7187,340,13,-3247,10,76,-35,7,-109,0
"2344",95379.8378082,314.7486,34,44,102,20,79,-2,17,-170,0
"2345",95379.8392727,314.7501,300,79,-6557,39,51,7,1,-169,0
"2346",95379.840631,314.7515,128,451,1776,30,77,8,40,-191,0
"2347",95379.8703921,314.7812,-248,-100,-2230,8,71,-4,50,-210,0
"2348",95379.8718584,314.7827,74,319,-314,-10,28,-23,76,-157,0
"2349",95379.8732,314.784,-446,-48,305,1,50,-7,81,-167,0
"2350",95379.8746082,314.7854,-356,-258,-3625,36,-13,1,47,-173,0
"2351",95379.8759723,314.7868,-451,134,2526,35,-14,16,19,-207,0
"2352",95379.8772619,314.7881,-520,-499,-3699,45,-28,-7,3,-209,0
"2353",95379.9110725,314.8219,-310,8,-984,69,-20,-15,-2,-188,0
"2354",95379.9124907,314.8233,-652,-176,1631,91,-34,-49,-32,-182,0
"2355",95379.9137225,314.8245,-303,-199,-4807,88,-48,-43,-58,-201,0
"2356",95379.9414305,314.8523,-246,268,3040,53,-32,-46,-55,-166,0
"2357",95379.9427918,314.8536,-305,-335,-3082,39,-40,-50,-18,-165,0
"2358",95379.9441699,314.855,22,240,-3848,55,-48,-34,-6,-182,0
"2359",95379.9847743,314.8956,-202,165,-59,62,3,-45,15,-198,0
"2360",95379.9861197,314.8969,-82,98,-5609,75,23,-48,-1,-219,0
"2361",95379.9873709,314.8982,-217,575,2326,95,41,-9,12,-196,0
"2362",95379.9887606,314.8996,-471,21,-1936,57,34,10,13,-202,0
"2363",95379.990373,314.9012,-21,499,-1007,58,-14,-5,13,-206,0
"2364",95379.9917769,314.9026,-377,238,1603,92,48,-27,34,-199,0
"2365",95379.9931498,314.904,-46,-12,-2000,105,87,-15,32,-182,0
"2366",95379.9945278,314.9054,-4,350,6215,148,101,20,45,-109,0
"2367",95379.9958902,314.9067,-301,-351,67,170,75,0,80,-83,0
"2368",95380.022711,314.9335,-124,144,1522,189,50,30,49,-82,0
"2369",95380.024045,314.9349,-482,52,6075,205,85,16,78,-59,0
"2370",95380.0253332,314.9362,-371,-116,-3895,209,91,-11,67,-63,0
"2371",95380.0654485,314.9763,-352,192,1878,190,107,-55,69,-68,0
"2372",95380.0669429,314.9778,-646,-490,-3355,169,102,-50,40,-100,0
"2373",95380.0682438,314.9791,-319,-16,-2246,183,109,-40,64,-100,0
"2374",95380.0695324,314.9804,-777,-355,2822,174,155,-4,98,-87,0
"2375",95380.0707847,314.9816,-451,-430,-2789,171,133,6,92,-58,0
"2376",95380.0720792,314.9829,-445,177,4211,176,160,20,105,-37,0
"2377",95260.0894074,195.0002,-383,-619,-4209,203,-38,-43,-43,-96,0
"2378",95260.0908768,195.0017,-479,-14,2059,181,-25,-48,-46,-116,0
"2379",95260.0927474,195.0036,-722,-801,-574,204,-20,-34,-20,-104,0
"2380",95260.0943641,195.0052,-325,-515,1439,233,-26,-33,-19,-74,0
"2381",95260.0956311,195.0065,-619,-553,6547,264,-36,-1,10,-48,0
"2382",95260.0969632,195.0078,-661,-1028,-747,263,-89,12,-28,-64,0
"2383",95260.1267593,195.0376,-587,-273,4055,239,-87,40,-47,-57,0
"2384",95260.1301617,195.041,-716,-794,2181,201,-93,57,-65,-82,0
"2385",95260.1339791,195.0448,-133,-331,3016,211,-120,50,-97,-58,0
"2386",95260.1353873,195.0462,-562,-317,9079,241,-97,68,-93,-57,0
"2387",95260.1366962,195.0475,-583,-873,3145,269,-76,43,-94,-27,0
"2388",95260.1379613,195.0488,-494,-336,8566,263,-40,-18,-98,11,0
"2389",95260.1620284,195.0729,-720,-1002,4228,238,-61,-38,-108,38,0
"2390",95260.1635648,195.0744,-298,-684,3210,231,-70,-33,-124,12,0
"2391",95260.1650182,195.0758,-817,-782,6976,234,-32,-57,-141,-4,0
"2392",95260.1990443,195.1099,-800,-1245,343,288,-66,-65,-106,19,0
"2393",95260.2002999,195.1111,-906,-595,6059,262,-45,-36,-66,14,0
"2394",95260.2015568,195.1124,-1029,-1161,2011,263,-33,-24,-63,9,0
"2395",95260.2030307,195.1139,-745,-742,-524,242,-85,-2,-70,9,0
"2396",95260.2045798,195.1154,-1023,-901,2058,211,-69,21,-48,-17,0
"2397",95260.2060532,195.1169,-831,-1168,-5380,173,-72,14,-19,-14,0
"2398",95260.2361926,195.147,-652,-541,4558,162,-20,26,-18,-4,0
"2399",95260.2376411,195.1485,-1050,-1205,2088,145,-18,50,-8,5,0
"2400",95260.2389969,195.1498,-711,-922,-108,129,-43,32,6,3,0
"2401",95260.2851784,195.196,-1052,-872,3582,99,5,44,49,29,0
"2402",95260.2865496,195.1974,-1035,-1233,-3479,79,-5,12,60,50,0
"2403",95260.2878315,195.1987,-808,-489,1537,67,12,-48,46,93,0
"2404",95260.3279705,195.2388,-1003,-1092,-3263,75,15,-95,20,91,0
"2405",95260.329316,195.2401,-552,-536,-3138,89,28,-91,3,76,0
"2406",95260.3306373,195.2415,-869,-477,1170,99,79,-55,22,52,0
"2407",95260.3321817,195.243,-597,-884,-4451,115,76,-52,3,35,0
"2408",95260.3338028,195.2446,-544,-254,4448,129,60,-40,11,56,0
"2409",95260.3352389,195.2461,-825,-882,1113,127,69,3,-14,84,0
"2410",95260.3369444,195.2478,-461,-386,1052,124,43,-6,-27,90,0
"2411",95260.338374,195.2492,-796,-296,5906,111,94,-19,-18,120,0
"2412",95260.3398259,195.2507,-885,-724,-3499,118,49,-46,-29,103,0
"2413",95260.3412753,195.2521,-818,22,4823,89,84,-40,-25,72,0
"2414",95260.3426055,195.2534,-991,-627,1697,68,107,-20,-15,58,0
"2415",95260.3439444,195.2548,-550,-126,606,67,68,1,34,74,0
"2416",95260.4054496,195.3163,-706,71,7788,54,85,9,38,97,0
"2417",95260.406934,195.3178,-615,-414,1747,37,34,26,-8,132,0
"2418",95260.408339,195.3192,-434,136,6710,47,74,27,-34,139,0
"2419",95260.4116338,195.3225,-701,-659,4802,55,68,48,-40,133,0
"2420",95260.4129533,195.3238,-471,-440,5704,81,80,48,-21,107,0
"2421",95260.4142333,195.3251,-692,-560,9407,61,142,51,-40,54,0
"2422",95260.4156048,195.3264,-484,-865,3585,41,106,28,-34,43,0
"2423",95260.4168876,195.3277,-360,-185,10538,13,108,53,-47,49,0
"2424",95260.4182158,195.329,-689,-885,4982,-19,100,51,-80,28,0
"2425",95260.4440775,195.3549,-295,-268,7380,0,37,49,-78,39,0
"2426",95260.4461118,195.3569,-788,-242,12615,37,92,71,-48,70,0
"2427",95260.4473344,195.3582,-411,-798,5998,37,93,100,-21,83,0
"2428",95260.4541064,195.3649,-248,-231,12315,46,84,72,8,100,0
"2429",95260.4554556,195.3663,-589,-899,8635,59,91,79,-3,129,0
"2430",95260.4568302,195.3677,-76,-403,5269,47,84,87,-20,126,0
"2431",95260.5030487,195.4139,-439,-453,10875,42,109,84,-18,120,0
"2432",95260.504497,195.4153,-420,-814,5384,33,49,74,-53,105,0
"2433",95260.5059939,195.4168,-227,-103,11136,34,76,78,-69,136,0
"2434",95260.518405,195.4292,-525,-862,8795,37,78,90,-55,194,0
"2435",95260.5199135,195.4307,-239,-464,7215,-9,101,62,-26,214,0
"2436",95260.521187,195.432,-401,-476,8650,-16,148,58,-3,208,0
"2437",95260.553029,195.4639,-309,-995,-1845,-18,122,-1,-48,213,0
"2438",95260.5544958,195.4653,39,-56,1415,-25,129,-14,-75,182,0
"2439",95260.5580431,195.4689,-522,-811,-2328,-50,117,-34,-71,188,0
"2440",95260.5594697,195.4703,-12,-423,-2090,-20,112,-58,-66,222,0
"2441",95260.5608513,195.4717,-420,-406,1970,-4,103,-48,-81,243,0
"2442",95260.5621013,195.4729,-498,-859,-7368,8,75,-73,-89,254,0
"2443",95260.6104974,195.5213,-527,-260,-952,3,101,-108,-93,265,0
"2444",95260.6122076,195.523,-915,-818,-4731,11,79,-122,-90,263,0
"2445",95260.6135829,195.5244,-440,-277,-8355,10,37,-112,-99,201,0
"2446",95260.6233357,195.5342,-616,-282,-4803,-36,41,-81,-93,178,0
"2447",95260.6246491,195.5355,-467,-652,-11705,-38,5,-51,-82,139,0
"2448",95260.6258804,195.5367,-277,-42,-3395,-41,37,-23,-58,186,0
"2449",95260.627419,195.5382,-357,-806,-5302,-35,12,-50,-43,202,0
"2450",95260.6287483,195.5396,-188,-462,-6627,3,6,16,-6,191,0
"2451",95260.6301043,195.5409,-565,-570,-2019,23,35,6,-4,179,0
"2452",95260.6897898,195.6006,-524,-928,-6439,18,14,15,-56,199,0
"2453",95260.6913996,195.6022,-260,-227,530,-16,34,47,-37,182,0
"2454",95260.6951899,195.606,-439,-853,-2738,-6,32,38,-18,167,0
"2455",95260.729145,195.64,-95,-269,-5728,3,10,27,-19,156,0
"2456",95260.730698,195.6415,-303,-250,-3057,-6,48,13,36,140,0
"2457",95260.7321281,195.643,-126,-639,-11546,4,-6,0,32,127,0
"2458",95260.7336026,195.6444,-65,52,-2722,-2,-27,-7,30,104,0
"2459",95260.7348819,195.6457,-518,-696,-3797,1,-8,-29,33,69,0
"2460",95260.7411248,195.6519,-174,-447,-5633,9,-58,-11,39,45,0
"2461",95260.7427475,195.6536,-614,-473,-3105,3,-30,-20,19,36,0
"2462",95260.7440692,195.6549,-421,-938,-8981,32,-9,-44,17,18,0
"2463",95260.7455716,195.6564,-312,-216,-3953,50,-15,-58,33,-24,0
"2464",95260.7612502,195.6721,-440,-732,-6000,70,-13,-69,44,-37,0
"2465",95260.7627392,195.6736,74,-187,-4883,102,-54,-68,49,-60,0
"2466",95260.7640181,195.6748,-172,-202,-1265,106,-27,-64,50,-57,0
"2467",95260.7654106,195.6762,-132,-627,-8495,98,-42,-51,30,-27,0
"2468",95260.7666844,195.6775,-96,-73,-3393,44,-15,-45,14,4,0
"2469",95260.7679207,195.6787,-50,-568,-7619,-2,2,-28,4,19,0
"2470",95260.8179888,195.7288,376,-41,-5529,-11,-22,-35,9,38,0
"2471",95260.8209367,195.7318,-156,-90,-1661,-30,-15,-31,7,-8,0
"2472",95260.8222772,195.7331,234,-619,-8049,5,-29,-60,-38,-32,0
"2473",95260.8317955,195.7426,346,33,3647,50,-32,-50,-36,-28,0
"2474",95260.8330883,195.7439,-76,-670,4560,64,-27,-44,-46,-32,0
"2475",95260.8343344,195.7452,221,-347,2882,35,-49,-71,-47,-31,0
"2476",95260.8641914,195.775,-59,-296,9008,42,-22,-87,-26,-20,0
"2477",95260.8656604,195.7765,26,-448,3114,57,-46,-120,-58,-22,0
"2478",95260.8669236,195.7777,20,198,9616,69,-29,-137,-76,-33,0
"2479",95260.8685194,195.7793,-379,-494,5413,44,-21,-164,-64,-31,0
"2480",95260.8698144,195.7806,-284,2,6494,9,-29,-167,-61,-1,0
"2481",95260.871068,195.7819,-528,37,9042,-24,-8,-172,-84,-14,0
"2482",95260.9689644,195.8798,-245,-455,2016,-34,-24,-145,-99,-27,0
"2483",95260.9704721,195.8813,-442,270,7393,-24,-16,-123,-84,-23,0
"2484",95260.971864,195.8827,-688,-507,3810,-36,-17,-116,-95,-6,0
"2485",95260.9815303,195.8924,-390,-294,3301,-12,5,-139,-101,-35,0
"2486",95260.9828436,195.8937,-740,-327,7812,15,50,-129,-114,-77,0
"2487",95260.9843167,195.8951,-642,-760,592,0,22,-127,-132,-60,0
"2488",95260.9876595,195.8985,-551,-12,9646,27,19,-156,-136,-77,0
"2489",95260.9889455,195.8998,-778,-562,8215,24,63,-155,-145,-62,0
"2490",95260.9902445,195.9011,-261,-182,6012,35,79,-135,-205,-76,0
"2491",95260.9917172,195.9025,-596,-156,8470,31,126,-106,-196,-109,0
"2492",95260.9929936,195.9038,-516,-425,-75,55,155,-75,-227,-115,0
"2493",95260.9943918,195.9052,-189,285,3814,69,187,-72,-230,-86,0
"2494",95261.0224792,195.9333,-402,-277,-2741,31,191,-38,-288,-94,0
"2495",95261.0242956,195.9351,-139,267,-6109,-8,198,-63,-323,-106,0
"2496",95261.0256154,195.9364,-485,69,-1938,1,226,-35,-311,-117,0
"2497",95261.0965636,196.0074,-299,-211,-6686,-9,201,-25,-251,-108,0
"2498",95261.0980262,196.0089,-248,536,326,-8,206,-8,-232,-71,0
"2499",95261.0993241,196.0101,-361,-107,-4448,-30,184,27,-206,-85,0
"2500",95261.1007457,196.0116,-62,291,-5582,-14,173,16,-175,-71,0
"2501",95261.1020143,196.0128,-501,205,-2207,2,202,5,-160,-26,0
"2502",95261.1032654,196.0141,-414,-238,-10841,47,174,-31,-146,-33,0
"2503",95261.1048279,196.0157,-411,265,-1794,33,177,-61,-145,-32,0
"2504",95261.1060993,196.0169,-612,-212,-4405,37,196,-70,-150,7,0
"2505",95261.1075046,196.0183,46,512,-7989,17,169,-95,-178,-40,0
"2506",95261.1088988,196.0197,-17,406,-3490,-35,178,-73,-155,-82,0
"2507",95261.1105245,196.0213,59,-97,-8836,-33,156,-105,-120,-65,0
"2508",95261.1119506,196.0228,-66,482,-2821,-1,133,-111,-76,-17,0
"2509",95261.1135268,196.0244,-469,-125,-7464,44,120,-140,-75,-35,0
"2510",95261.1148755,196.0257,-202,556,-8795,24,91,-165,-85,-40,0
"2511",95261.1164904,196.0273,-30,361,-3870,27,102,-169,-50,-55,0
"2512",95261.2066633,196.1175,320,-17,-10923,36,59,-146,-63,-85,0
"2513",95261.2082079,196.119,61,623,-3794,35,89,-156,-32,-129,0
"2514",95261.2100459,196.1209,-434,-164,-6574,55,112,-141,8,-133,0
"2515",95261.2114608,196.1223,178,378,-5477,63,89,-144,39,-89,0
"2516",95261.2127502,196.1236,-367,341,265,71,124,-165,46,-63,0
"2517",95261.2140557,196.1249,-89,-304,-6567,79,97,-174,5,-21,0
"2518",95261.215445,196.1263,444,184,-1083,48,98,-190,-20,-21,0
"2519",95261.2167026,196.1275,179,-703,-5297,29,79,-187,-21,-49,0
"2520",95261.2184247,196.1292,561,-267,-5596,30,54,-187,-38,-45,0
"2521",95261.2198715,196.1307,79,-256,-451,35,81,-187,-29,-26,0
"2522",95261.223196,196.134,-85,-743,-6981,22,61,-179,-11,-37,0
"2523",95261.2244902,196.1353,48,-136,-153,27,64,-171,-12,-38,0
"2524",95261.2260009,196.1368,-314,-832,-567,18,34,-159,-9,-33,0
"2525",95261.2272277,196.1381,74,-386,-1177,27,28,-140,-10,-14,0
"2526",95261.2285567,196.1394,-280,-338,2123,52,83,-104,-26,11,0
"2527",95261.3066465,196.2175,49,-623,-4071,26,38,-101,-33,37,0
"2528",95261.3086636,196.2195,47,165,2302,29,61,-118,-20,74,0
"2529",95261.3100497,196.2209,-81,-507,-2595,22,49,-124,-28,41,0
"2530",95261.3118113,196.2226,432,-14,-954,8,60,-132,-46,17,0
"2531",95261.3131702,196.224,213,84,3898,37,81,-151,-53,25,0
"2532",95261.3144936,196.2253,354,-99,-4568,24,40,-138,-73,33,0
"2533",95261.3159806,196.2268,363,525,2191,-8,45,-109,-74,70,0
"2534",95261.3172353,196.2281,139,-55,-1932,-14,36,-109,-71,65,0
"2535",95261.3184948,196.2293,311,381,-1970,-31,15,-127,-72,50,0
"2536",95261.3199311,196.2308,-24,233,4986,-28,51,-122,-44,69,0
"2537",95261.3215029,196.2323,152,-193,-1897,-47,41,-132,-19,79,0
"2538",95261.3231483,196.234,285,575,3461,-57,79,-148,-5,77,0
"2539",95261.3509706,196.2618,-163,-27,-445,-59,74,-156,12,37,0
"2540",95261.3523796,196.2632,298,438,-949,-63,50,-175,16,32,0
"2541",95261.3536413,196.2645,-167,350,4044,-54,113,-169,20,55,0
"2542",95261.3795318,196.2904,-55,-90,-4826,-56,90,-149,3,51,0
"2543",95261.3809562,196.2918,85,602,3690,-31,107,-116,7,78,0
"2544",95261.3823508,196.2932,-450,-101,-1156,-3,118,-107,-12,66,0
"2545",95261.412554,196.3234,-78,154,-3086,-3,91,-139,-26,36,0
"2546",95261.4139561,196.3248,-316,49,4273,-12,95,-138,-29,40,0
"2547",95261.4153214,196.3261,-138,-429,-2894,-7,89,-123,-13,64,0
"2548",95261.4167991,196.3276,-133,185,4582,4,84,-100,-10,74,0
"2549",95261.4182859,196.3291,-394,-439,-999,26,58,-75,-30,114,0
"2550",95261.4195841,196.3304,-108,-61,-3726,46,73,-58,-59,84,0
"2551",95261.4476733,196.3585,-348,-146,4144,76,67,-79,-44,83,0
"2552",95261.4490004,196.3598,-205,-672,-806,79,46,-100,-4,67,0
"2553",95261.4504021,196.3612,-101,-90,5394,96,71,-96,3,88,0
"2554",95261.4842829,196.3951,-322,-733,1398,101,98,-66,15,75,0
"2555",95261.4857935,196.3966,196,-151,1077,82,112,-37,45,74,0
"2556",95261.4872703,196.3981,-190,-189,3856,24,98,-34,73,82,0
"2557",95261.533229,196.4441,-208,-609,-5065,-5,98,-29,79,62,0
"2558",95261.5366075,196.4474,-22,52,2958,-20,90,-11,66,82,0
"2559",95261.5379486,196.4488,-369,-569,-3139,2,106,-20,48,64,0
"2560",95261.5494611,196.4603,110,-260,-3874,-17,93,-60,58,57,0
"2561",95261.5507763,196.4616,-280,-444,1250,-7,96,-90,89,-21,0
"2562",95261.5520575,196.4629,-237,-860,-7629,-2,45,-82,88,-59,0
"2563",95261.5534989,196.4643,-46,-270,2228,6,53,-63,67,-58,0
"2564",95261.5549491,196.4658,-492,-1011,1412,28,48,-39,97,-87,0
"2565",95261.5562297,196.4671,-260,-543,452,33,33,-29,126,-96,0
"2566",95261.5841326,196.495,-458,-704,3054,-20,61,-23,129,-90,0
"2567",95261.5856479,196.4965,-274,-984,-5663,-24,70,-26,132,-127,0
"2568",95261.5872731,196.4981,-251,-265,-691,-1,65,-1,130,-169,0
"2569",95261.588831,196.4997,-416,-980,-796,-27,68,-2,78,-190,0
"2570",95261.5901477,196.501,-17,-395,579,-12,54,-10,46,-185,0
"2571",95261.5914021,196.5022,-258,-468,3649,8,91,12,50,-171,0
"2572",95261.627673,196.5385,-250,-721,-4382,-4,33,30,48,-142,0
"2573",95261.6291354,196.54,-196,-16,3114,-52,17,16,42,-91,0
"2574",95261.6308052,196.5416,-435,-671,-1657,-41,-17,-6,45,-93,0
"2575",95261.6321869,196.543,88,-191,-3517,-29,-32,9,74,-99,0
"2576",95261.6334829,196.5443,-190,-363,1011,-50,-19,28,84,-78,0
"2577",95261.6394995,196.5503,-290,-790,-6025,-40,-49,18,64,-85,0
"2578",95261.6656952,196.5765,-172,-237,2892,-50,-48,-4,91,-57,0
"2579",95261.6672165,196.578,-285,-966,573,-36,-43,-9,98,-40,0
"2580",95261.6685044,196.5793,-65,-445,915,-1,-99,-38,75,-39,0
"2581",95261.6984077,196.6092,-527,-505,6070,-42,-74,-12,79,5,0
"2582",95261.6998342,196.6107,-95,-885,144,-35,-89,-2,78,38,0
"2583",95261.7011306,196.612,-59,-126,5116,-36,-52,-11,82,82,0
"2584",95261.7292476,196.6401,-402,-738,491,-59,-22,-42,81,82,0
"2585",95261.7305397,196.6414,-102,-248,-1883,-62,-28,-33,56,94,0
"2586",95261.7317458,196.6426,-239,-291,1562,-54,2,-47,51,79,0
"2587",95261.7332638,196.6441,-171,-605,-6003,-55,-11,-72,56,14,0
"2588",95261.7345395,196.6454,-159,94,1599,-39,3,-68,81,-2,0
"2589",95261.7359779,196.6468,-164,-714,151,-25,2,-65,115,-10,0
"2590",95261.8280078,196.7388,244,-375,1315,-24,-33,-66,102,23,0
"2591",95261.8294048,196.7402,-383,-528,6781,-34,19,-70,104,65,0
"2592",95261.8308592,196.7417,-108,-923,-1805,-28,1,-84,77,72,0
"2593",95261.8340757,196.7449,-15,-181,5602,-55,45,-74,98,57,0
"2594",95261.8353391,196.7462,-372,-853,213,-29,49,-51,79,97,0
"2595",95261.8366189,196.7474,-35,-269,-2419,-50,23,-63,57,99,0
"2596",95261.8381066,196.7489,-145,-225,5101,-37,24,-25,76,133,0
"2597",95261.8394634,196.7503,83,-571,57,-56,-10,-5,79,164,0
"2598",95261.8407649,196.7516,24,216,6815,-11,11,-8,118,181,0
"2599",95261.844068,196.7549,-136,-445,2424,-10,15,-4,80,151,0
"2600",95261.8453847,196.7562,162,75,1726,-14,2,-3,52,129,0
"2601",95261.8466463,196.7575,-510,-160,6168,6,31,13,50,151,0
"2602",95261.8663524,196.7772,-365,-521,-2135,-1,28,24,28,133,0
"2603",95261.8676507,196.7785,-67,60,4047,-5,32,40,20,157,0
"2604",95261.8688955,196.7797,-217,-667,-1764,7,60,53,47,176,0
"2605",95261.8702447,196.7811,-80,-275,-3772,20,31,36,59,171,0
"2606",95261.8714392,196.7823,-463,-253,1897,-9,53,44,77,196,0
"2607",95261.8726824,196.7835,-183,-791,-5136,12,34,54,58,171,0
"2608",95261.9245896,196.8354,-98,-193,1370,22,77,29,61,173,0
"2609",95261.9261051,196.8369,-356,-968,-1521,6,63,33,67,150,0
"2610",95261.9273256,196.8382,-18,-569,-4198,12,34,34,49,103,0
"2611",95261.9411818,196.852,-303,-729,3770,-14,49,22,40,95,0
"2612",95261.9426036,196.8534,-230,-1082,-2853,-48,39,-41,47,129,0
"2613",95261.9442187,196.855,-123,-339,1688,-68,36,-37,56,136,0
"2614",95261.9457014,196.8565,-261,-841,-1301,-51,16,-12,39,134,0
"2615",95261.947055,196.8579,155,-188,-1584,-35,6,12,19,142,0
"2616",95261.9485179,196.8593,-168,-95,3033,22,29,19,21,145,0
"2617",95261.9783042,196.8891,-218,-580,-3616,35,-12,1,17,161,0
"2618",95261.9796973,196.8905,54,397,3322,6,-12,-12,7,134,0
"2619",95261.9811196,196.8919,98,-41,-1075,3,-1,12,23,103,0
"2620",95262.0472266,196.9581,486,512,-738,9,8,5,-5,104,0
"2621",95262.0487662,196.9596,219,580,6304,3,29,1,-2,104,0
"2622",95262.0501262,196.961,322,268,-1075,-4,-8,-59,34,129,0
"2623",95262.0515986,196.9624,-106,776,6040,-9,-11,-68,31,107,0
"2624",95262.0529141,196.9637,-722,15,3769,26,-19,-56,34,99,0
"2625",95262.0543219,196.9651,-382,498,-727,8,-26,-50,23,92,0
"2626",95262.0559255,196.9668,-333,418,4334,44,17,-52,20,59,0
"2627",95262.0571881,196.968,104,75,-175,40,8,-61,49,46,0
"2628",95262.0584456,196.9693,395,703,6658,36,25,-52,76,63,0
"2629",95262.0618924,196.9727,126,-2,3952,-11,2,-23,82,79,0
"2630",95262.063139,196.974,282,507,1705,-14,-28,-18,60,107,0
"2631",95262.0686889,196.9795,-58,195,2583,-28,-22,0,61,88,0
"2632",95262.0906332,197.0015,85,-85,-4917,-29,-27,16,56,84,0
"2633",95262.092052,197.0029,304,843,2714,-36,-14,12,69,83,0
"2634",95262.0934011,197.0042,55,130,-693,-41,17,-26,100,78,0
"2635",95262.1434115,197.0542,273,480,-2173,-27,22,-8,85,66,0
"2636",95262.1447726,197.0556,107,567,3874,2,41,27,81,41,0
"2637",95262.146009,197.0568,216,326,-6493,22,6,12,36,35,0
"2638",95262.1758811,197.0867,282,1035,49,-1,69,-6,51,43,0
"2639",95262.1773897,197.0882,-363,181,-1438,-26,105,-28,22,45,0
"2640",95262.1787907,197.0896,-45,494,-5191,-29,104,-6,-2,23,0
"2641",95262.1802116,197.091,-287,363,-671,-23,80,25,-18,5,0
"2642",95262.1815929,197.0924,-97,13,-7115,3,31,30,-8,-13,0
"2643",95262.1828599,197.0937,-44,769,-1625,16,31,27,-10,-30,0
"2644",95262.1843681,197.0952,-383,49,-3474,30,26,17,6,-9,0
"2645",95262.1856126,197.0964,184,533,-1612,29,16,30,8,4,0
"2646",95262.1868789,197.0977,-18,575,2496,69,62,36,26,-7,0
"2647",95262.2146466,197.1255,81,390,-1789,78,28,3,-2,-10,0
"2648",95262.2160097,197.1268,442,1160,6681,112,19,-4,-1,17,0
"2649",95262.2176637,197.1285,74,386,3075,99,37,8,-6,56,0
"2650",95262.2455711,197.1564,480,698,1061,73,44,10,30,96,0
"2651",95262.2468906,197.1577,101,475,5037,45,72,-6,40,87,0
"2652",95262.2483786,197.1592,263,110,-2868,38,68,-21,63,82,0
"2653",95262.2763294,197.1872,239,854,4064,54,70,-51,60,86,0
"2654",95262.2776144,197.1884,163,185,2335,59,50,-21,54,94,0
"2655",95262.2789987,197.1898,409,869,354,42,22,-57,85,115,0
"2656",95262.2805475,197.1914,-16,834,4736,83,25,-40,100,117,0
"2657",95262.2819309,197.1928,-12,451,-2711,84,21,-28,72,107,0
"2658",95262.2833324,197.1942,168,979,3611,106,42,-9,89,138,0
"2659",95262.3100392,197.2209,-154,174,-1291,102,37,4,81,151,0
"2660",95262.3113601,197.2222,172,632,-777,90,-9,-1,55,130,0
"2661",95262.3126082,197.2234,-208,637,2957,74,32,-41,24,138,0
"2662",95262.3403588,197.2512,-174,232,-2593,96,19,-68,7,124,0
"2663",95262.3419327,197.2528,-31,952,3287,87,16,-56,38,89,0
"2664",95262.3431932,197.254,-315,358,-390,76,-6,-44,33,79,0
"2665",95262.3590032,197.2698,154,735,509,49,26,-48,11,105,0
"2666",95262.3621779,197.273,-379,583,5632,5,69,-36,31,91,0
"2667",95262.3634442,197.2743,-365,248,-3284,11,54,-63,57,87,0
"2668",95262.3915541,197.3024,-103,1015,4246,34,111,-32,100,110,0
"2669",95262.3929628,197.3038,-243,306,-1152,11,132,-55,117,142,0
"2670",95262.3944149,197.3052,111,885,-2032,7,101,-81,86,128,0
"2671",95262.4243122,197.3351,-194,893,4232,21,129,-57,82,124,0
"2672",95262.4257588,197.3366,-131,493,-5301,5,69,-55,47,126,0
"2673",95262.42721,197.338,-180,1130,-1417,-6,70,-93,41,88,0
"2674",95262.463137,197.374,-457,467,-5865,-17,53,-100,46,82,0
"2675",95262.4645278,197.3754,-106,865,-5208,-1,35,-78,57,72,0
"2676",95262.4658022,197.3766,-368,715,-14,0,46,-27,77,87,0
"2677",95262.4672221,197.378,-61,345,-5712,0,21,-14,55,84,0
"2678",95262.4685034,197.3793,120,1098,3253,15,55,-6,74,66,0
"2679",95262.4697105,197.3805,-226,346,-2185,18,48,10,86,41,0
"2680",95262.4712351,197.3821,209,863,-2827,-3,21,4,70,34,0
"2681",95262.4724969,197.3833,-21,870,2895,-38,62,21,99,20,0
"2682",95262.4737272,197.3846,23,270,-6107,-39,44,-3,80,1,0
"2683",95262.5037253,197.4146,55,735,1509,-3,58,1,63,27,0
"2684",95262.5051278,197.416,-302,-136,-680,-7,37,1,71,36,0
"2685",95262.506605,197.4174,239,326,-595,-32,23,-27,72,16,0
"2686",95262.5605406,197.4714,22,132,4562,-32,41,13,87,14,0
"2687",95262.5619271,197.4728,-3,-406,-1162,-46,10,30,77,42,0
"2688",95262.5632516,197.4741,-120,187,2004,-66,17,48,89,53,0
"2689",95262.5706693,197.4815,-367,-570,-2720,-25,33,64,93,68,0
"2690",95262.5719847,197.4828,96,-168,-3569,-9,29,29,89,53,0
"2691",95262.5731881,197.484,-227,-321,-1413,-12,43,21,90,61,0
"2692",95262.5745232,197.4853,-28,-675,-8065,37,9,-19,68,44,0
"2693",95262.5759698,197.4868,-124,-12,1500,51,12,-36,57,30,0
"2694",95262.5772318,197.4881,-538,-760,-1887,67,4,-38,58,50,0
"2695",95262.6102753,197.5211,50,-260,-1015,93,-14,-33,77,61,0
"2696",95262.6120279,197.5229,-285,-293,3706,92,32,7,62,62,0
"2697",95262.6134495,197.5243,-256,-664,-3945,108,32,-12,45,47,0
"2698",95262.6673385,197.5782,-304,-131,3041,127,38,-18,34,79,0
"2699",95262.6688163,197.5796,-578,-787,-570,110,53,-19,10,78,0
"2700",95262.6702366,197.5811,-267,-367,-1692,116,26,-15,38,51,0
"2701",95262.6717571,197.5826,-421,-264,2932,122,43,-42,59,40,0
"2702",95262.6750829,197.5859,-504,-670,-2942,143,29,-85,43,46,0
"2703",95262.6765122,197.5873,-242,79,2280,161,66,-100,12,71,0
"2704",95262.6779275,197.5888,-416,-424,-1114,163,78,-69,4,71,0
"2705",95262.6792709,197.5901,63,191,-129,197,62,-40,4,63,0
"2706",95262.6805837,197.5914,-281,256,2808,178,79,-23,7,57,0
"2707",95262.7084262,197.6193,-189,-205,-6415,179,65,-23,9,70,0
"2708",95262.7098022,197.6206,-348,268,-1237,184,98,-55,1,58,0
"2709",95262.7111099,197.6219,-515,-523,-6473,170,117,-73,21,21,0
"2710",95262.7126208,197.6234,-13,-198,-4414,189,107,-68,21,-6,0
"2711",95262.713886,197.6247,-414,-275,-482,181,135,-45,10,-23,0
"2712",95262.7153641,197.6262,-137,-621,-7342,197,92,-68,-24,-26,0
"2713",95262.7655183,197.6763,-150,232,2618,219,130,-64,-1,18,0
"2714",95262.7673818,197.6782,-365,-503,-1073,206,98,-86,20,31,0
"2715",95262.7686772,197.6795,-84,-299,-4735,131,96,-101,12,29,0
"2716",95262.7701574,197.681,-489,-467,1432,102,138,-64,-7,32,0
"2717",95262.7715184,197.6823,-173,-881,-3517,141,134,-72,-25,7,0
"2718",95262.7728334,197.6837,34,-46,1775,144,200,-70,11,2,0
"2719",95262.8047428,197.7156,-420,-845,-3068,157,195,-89,25,1,0
"2720",95262.8061839,197.717,-161,-611,-1503,207,164,-115,38,-1,0
"2721",95262.8075326,197.7184,-488,-496,2686,154,166,-121,34,39,0
"2722",95262.8089853,197.7198,-210,-705,-3735,139,131,-149,17,75,0
"2723",95262.8102255,197.7211,138,226,4120,139,123,-141,-7,86,0
"2724",95262.811475,197.7223,-171,-405,-98,152,81,-151,-5,33,0
"2725",95262.8595411,197.7704,132,-11,856,149,57,-166,-10,51,0
"2726",95262.8610646,197.7719,-216,-160,5144,149,77,-120,-21,63,0
"2727",95262.863486,197.7743,-84,-593,-4693,127,78,-135,-34,35,0
"2728",95262.8853189,197.7961,56,160,2175,126,100,-120,-61,25,0
"2729",95262.8866644,197.7975,-297,-673,-136,117,86,-124,-92,-9,0
"2730",95262.888042,197.7989,14,-126,-662,130,84,-116,-71,-7,0
"2731",95262.889585,197.8004,-190,37,6090,109,136,-88,-77,37,0
"2732",95262.8909226,197.8017,-46,-349,-1231,89,108,-82,-108,65,0
"2733",95262.8923332,197.8032,158,256,6287,75,142,-108,-73,117,0
"2734",95262.9181437,197.829,-298,-434,3145,74,164,-89,-99,145,0
"2735",95262.9196318,197.8305,-82,-12,2255,87,121,-62,-115,130,0
"2736",95262.9209397,197.8318,-293,-13,5488,93,132,-76,-64,133,0
"2737",95262.9887159,197.8995,-38,-450,-2388,103,65,-95,-82,56,0
"2738",95262.9901643,197.901,37,475,6024,75,71,-110,-104,18,0
"2739",95262.9914797,197.9023,-243,-124,-389,74,72,-98,-123,11,0
"2740",95262.9928391,197.9037,109,254,-2530,75,85,-90,-130,2,0
"2741",95262.994151,197.905,-125,207,3869,95,118,-50,-119,-6,0
"2742",95262.9954428,197.9063,-170,-241,-5013,119,88,-25,-137,-49,0
"2743",95262.9969838,197.9078,-317,616,1564,121,82,1,-123,-51,0
"2744",95262.9983318,197.9092,-594,-165,-3952,125,79,-3,-128,-89,0
"2745",95262.9997362,197.9106,-187,323,-4938,119,66,-14,-152,-104,0
"2746",95263.0235362,197.9344,-345,364,718,135,88,-24,-122,-102,0
"2747",95263.0248623,197.9357,-299,-134,-8329,153,81,-26,-125,-106,0
"2748",95263.0261866,197.937,-284,622,-2778,165,107,-51,-106,-143,0
"2749",95263.0276883,197.9385,-479,-229,-3159,171,120,-59,-97,-157,0
"2750",95263.0289566,197.9398,-131,82,-2839,156,71,-72,-121,-159,0
"2751",95263.0302959,197.9411,-348,361,637,188,112,-73,-111,-159,0
"2752",95263.0824397,197.9933,-171,11,-7577,145,124,-84,-145,-175,0
"2753",95263.0838877,197.9947,85,887,-601,127,169,-81,-117,-206,0
"2754",95263.0852133,197.996,-187,168,-4512,116,201,-68,-135,-224,0
"2755",95263.0969924,198.0078,16,522,-5931,110,175,-75,-143,-216,0
"2756",95263.0983169,198.0091,-310,578,599,109,187,-80,-117,-223,0
"2757",95263.0996298,198.0105,-171,-22,-6785,122,134,-111,-112,-246,0
"2758",95263.1011712,198.012,-73,588,430,134,166,-101,-96,-267,0
"2759",95263.1025395,198.0134,-459,-159,-2911,144,155,-100,-110,-282,0
"2760",95263.1038387,198.0147,-104,209,-5954,157,107,-102,-139,-305,0
"2761",95263.1317449,198.0426,-377,212,2939,205,94,-78,-142,-274,0
"2762",95263.1330415,198.0439,-208,-271,-2899,193,77,-105,-137,-270,0
"2763",95263.1343401,198.0452,-39,489,2425,219,105,-102,-112,-305,0
"2764",95263.1641424,198.075,-347,-203,-1013,222,135,-107,-117,-305,0
"2765",95263.1656904,198.0765,132,204,-1631,230,112,-104,-155,-270,0
"2766",95263.1671057,198.0779,-281,272,3438,200,148,-79,-120,-219,0
"2767",95263.2004244,198.1112,77,-290,-4523,170,113,-98,-123,-192,0
"2768",95263.2017681,198.1126,168,425,5001,169,118,-123,-105,-158,0
"2769",95263.2030851,198.1139,-61,-276,283,178,119,-147,-75,-186,0
"2770",95263.2044439,198.1153,226,136,-354,142,79,-140,-74,-225,0
"2771",95263.2075911,198.1184,-215,328,4817,108,78,-102,-106,-210,0
"2772",95263.2088719,198.1197,31,-178,-3685,91,50,-100,-163,-206,0
"2773",95263.2409599,198.1518,215,564,4020,94,30,-127,-148,-195,0
"2774",95263.2426244,198.1534,-8,-221,2341,87,54,-134,-167,-168,0
"2775",95263.2439737,198.1548,394,36,894,69,19,-127,-164,-134,0
"2776",95263.2455125,198.1563,26,-88,6112,104,59,-105,-189,-144,0
"2777",95263.2468294,198.1577,170,-855,-3073,132,48,-93,-232,-182,0
"2778",95263.2480829,198.1589,53,-280,3544,126,44,-44,-212,-154,0
"2779",95263.3084831,198.2193,-227,-976,2625,144,33,-46,-193,-105,0
"2780",95263.3116087,198.2224,131,-598,2646,123,-1,-36,-183,-90,0
"2781",95263.3147444,198.2256,-106,-426,6333,121,24,17,-120,-93,0
"2782",95263.3180234,198.2288,125,-1057,-1383,110,0,9,-155,-107,0
"2783",95263.3196693,198.2305,178,-317,4409,125,8,-3,-159,-106,0
"2784",95263.3211004,198.2319,-185,-1188,-1716,91,3,-37,-152,-139,0
"2785",95263.3225336,198.2334,233,-790,-1217,127,-15,-35,-190,-131,0
"2786",95263.3239372,198.2348,-117,-621,4825,118,-1,-33,-193,-95,0
"2787",95263.3251955,198.236,-165,-1112,-3715,140,-52,-36,-173,-86,0
"2788",95263.3529721,198.2638,107,-232,4491,159,-11,-80,-162,-89,0
"2789",95263.3544297,198.2653,-310,-941,1211,102,-3,-57,-175,-88,0
"2790",95263.3557246,198.2665,54,-532,-2051,112,2,-69,-167,-85,0
"2791",95263.3836805,198.2945,-284,-510,4995,133,40,-67,-143,-90,0
"2792",95263.3856406,198.2965,-45,-1159,-4828,119,49,-53,-172,-105,0
"2793",95263.3869991,198.2978,15,-313,-381,77,98,-45,-167,-114,0
"2794",95263.4128925,198.3237,-298,-1029,-4793,16,110,17,-168,-124,0
"2795",95263.4151179,198.3259,238,-671,-5591,13,88,2,-158,-155,0
"2796",95263.4172364,198.3281,-39,-568,391,59,134,20,-153,-161,0
"2797",95263.4197377,198.3306,51,-1170,-6742,58,97,1,-173,-135,0
"2798",95263.4217684,198.3326,125,-236,2680,72,69,6,-149,-160,0
"2799",95263.4239169,198.3347,-338,-1112,-801,70,67,13,-150,-194,0
"2800",95263.4520444,198.3629,218,-708,-2296,102,80,40,-158,-175,0
"2801",95263.4534978,198.3643,113,-428,3170,84,143,63,-143,-153,0
"2802",95263.4548875,198.3657,174,-962,-5356,52,145,51,-147,-158,0
"2803",95263.4563267,198.3672,151,-161,1683,14,173,52,-93,-154,0
"2804",95263.4576231,198.3684,-313,-1015,-811,-15,191,56,-66,-149,0
"2805",95263.4610483,198.3719,-125,-782,-3855,51,185,44,-73,-181,0
"2806",95263.5332591,198.4441,-277,-527,3637,59,197,40,-52,-151,0
"2807",95263.5348192,198.4456,-240,-1125,-4761,67,154,20,-74,-169,0
"2808",95263.5362153,198.447,-24,-168,1829,87,159,7,-103,-188,0
"2809",95263.5541021,198.4649,-384,-1006,-2449,80,186,27,-84,-220,0
"2810",95263.5554037,198.4662,213,-484,-551,113,181,31,-111,-212,0
"2811",95263.5566896,198.4675,-103,-199,5512,99,229,66,-139,-190,0
"2812",95263.5582105,198.469,-17,-830,-4177,60,224,33,-192,-219,0
"2813",95263.559503,198.4703,-59,-195,3644,50,199,6,-159,-211,0
"2814",95263.5607646,198.4716,-331,-1016,-573,74,167,15,-144,-210,0
"2815",95263.5621062,198.4729,59,-564,-3034,63,138,-2,-143,-202,0
"2816",95263.563378,198.4742,-286,-410,1518,36,178,0,-133,-162,0
"2817",95263.5648132,198.4756,-214,-952,-6756,53,149,-14,-142,-170,0
"2818",95263.5986837,198.5095,-68,-4,1955,53,182,-28,-125,-172,0
"2819",95263.6000421,198.5109,-303,-872,960,34,218,-29,-64,-148,0
"2820",95263.6013693,198.5122,132,-594,-805,43,198,-29,-63,-167,0
"2821",95263.6193468,198.5302,-208,-452,6050,24,214,-21,-32,-171,0
"2822",95263.6206276,198.5315,-169,-969,-2415,21,191,-44,-44,-186,0
"2823",95263.6222153,198.533,-4,127,5616,0,154,-26,-47,-162,0
"2824",95263.6237861,198.5346,-46,-363,4336,13,155,-13,-52,-158,0
"2825",95263.6250585,198.5359,383,66,1929,4,167,-38,-84,-142,0
"2826",95263.6263068,198.5371,25,233,5841,4,244,-35,-107,-147,0
"2827",95263.6543141,198.5651,59,-521,-577,21,186,-28,-98,-134,0
"2828",95263.6556106,198.5664,138,361,6937,20,206,-40,-82,-132,0
"2829",95263.6569243,198.5677,-226,-483,3032,0,194,-64,-114,-79,0
"2830",95263.6886186,198.5994,172,-142,305,-1,170,-53,-118,-68,0
"2831",95263.6899301,198.6008,-201,55,6103,2,228,-46,-137,-85,0
"2832",95263.6912234,198.602,-93,-645,-1333,-25,231,-59,-111,-100,0
"2833",95263.7189617,198.6298,96,138,6619,-36,278,-76,-70,-74,0
"2834",95263.7202006,198.631,-271,-481,2516,-36,275,-82,-64,-43,0
"2835",95263.7214865,198.6323,242,-143,-1758,-59,271,-78,-103,-33,0
"2836",95263.7230743,198.6339,75,-227,4148,-82,293,-49,-122,-1,0
"2837",95263.7244623,198.6353,90,-888,-3781,-94,247,-53,-153,-17,0
"2838",95263.7257921,198.6366,16,-112,4392,-108,237,-71,-150,-35,0
"2839",95263.7599732,198.6708,-388,-831,965,-123,236,-52,-127,-6,0
"2840",95263.7621707,198.673,-4,-222,-514,-109,218,-72,-124,-12,0
"2841",95263.7640775,198.6749,-368,-43,4290,-128,251,-78,-122,-19,0
"2842",95263.7879742,198.6988,-274,-636,-3922,-116,218,-92,-141,-13,0
"2843",95263.789389,198.7002,-108,255,5380,-110,265,-86,-100,22,0
"2844",95263.7907496,198.7016,-423,-666,1868,-95,264,-70,-113,26,0
"2845",95263.8249791,198.7358,-2,-393,-516,-56,225,-49,-138,13,0
"2846",95263.8265015,198.7373,-311,-217,5864,-24,243,-21,-146,32,0
"2847",95263.8277766,198.7386,17,-728,-3392,-28,219,-26,-138,9,0
"2848",95263.8291961,198.74,88,235,3233,-24,227,-33,-154,5,0
"2849",95263.8307412,198.7416,-155,-489,-263,-19,244,-49,-186,25,0
"2850",95263.832227,198.7431,233,-43,-2287,-7,212,-32,-239,59,0
"2851",95263.8601009,198.7709,-212,86,5552,-21,226,-34,-264,89,0
"2852",95263.8614375,198.7723,-126,-405,-2438,-40,196,-55,-235,66,0
"2853",95263.8629668,198.7738,172,557,2525,-60,231,-64,-215,65,0
"2854",95263.8644605,198.7753,-214,-249,-2696,-67,217,-44,-241,43,0
"2855",95263.8658129,198.7766,147,48,-1266,-40,159,-65,-222,57,0
"2856",95263.867075,198.7779,-420,27,3946,-22,150,-77,-212,90,0
"2857",95263.9206618,198.8315,-711,-629,-2886,-18,106,-104,-200,72,0
"2858",95263.9220806,198.8329,-451,137,4439,19,113,-111,-178,79,0
"2859",95263.9233644,198.8342,-861,-416,332,8,141,-124,-181,79,0
"2860",95263.9351444,198.846,-421,-124,-887,-15,111,-131,-187,88,0
"2861",95263.9364265,198.8473,-581,-15,6122,-10,162,-137,-144,125,0
"2862",95263.9377009,198.8485,-367,-650,-1372,-29,172,-143,-157,146,0
"2863",95263.939226,198.8501,-344,214,3512,-16,175,-157,-134,157,0
"2864",95263.9406748,198.8515,-690,-552,796,35,205,-158,-134,141,0
"2865",95263.9419645,198.8528,-71,-288,-2687,41,179,-172,-135,145,0
"2866",95263.9759689,198.8868,-231,-302,4054,29,213,-127,-141,138,0
"2867",95263.977554,198.8884,-145,-924,-4005,-7,173,-135,-131,122,0
"2868",95263.9790172,198.8898,-22,46,326,-37,203,-166,-122,106,0
"2869",95263.9805218,198.8913,-366,-671,-4539,-65,196,-162,-135,99,0
"2870",95263.9820327,198.8929,-34,-245,-4704,-70,153,-137,-140,109,0
"2871",95263.9834333,198.8943,-239,171,532,-65,143,-98,-95,153,0
"2872",95264.0438373,198.9547,-106,-320,-5228,-83,108,-105,-102,167,0
"2873",95264.0452593,198.9561,-210,603,2157,-105,101,-86,-163,178,0
"2874",95264.0469662,198.9578,-630,-98,-3398,-124,137,-99,-175,167,0
"2875",95264.0485052,198.9593,-17,361,-3468,-81,126,-122,-190,152,0
"2876",95264.0528829,198.9637,-176,515,2373,-95,138,-90,-155,159,0
"2877",95264.054218,198.965,-19,-282,-5845,-119,116,-83,-180,138,0
"2878",95264.0780028,198.9888,290,582,3361,-130,137,-64,-163,153,0
"2879",95264.0794173,198.9902,-137,-17,1303,-114,131,-44,-203,170,0
"2880",95264.0806982,198.9915,132,382,-1632,-112,108,-38,-193,159,0
"2881",95264.0821013,198.9929,-7,453,4679,-99,154,-32,-193,158,0
"2882",95264.0835075,198.9943,-139,-239,-1565,-76,160,-42,-216,206,0
"2883",95264.0848901,198.9957,103,566,4692,-74,167,-40,-205,217,0
"2884",95264.1376376,199.0485,-331,-215,1260,-74,208,-32,-197,205,0
"2885",95264.1390822,199.0499,-21,57,-302,-97,152,-22,-203,204,0
"2886",95264.1403378,199.0512,-177,-83,3392,-83,139,3,-183,229,0
"2887",95264.1539873,199.0648,87,-691,-4162,-101,146,21,-193,194,0
"2888",95264.1552629,199.0661,284,189,3951,-91,171,35,-143,200,0
"2889",95264.1565271,199.0674,-93,-510,-174,-83,170,58,-135,236,0
"2890",95264.1904996,199.1013,416,-143,-1026,-58,146,59,-132,214,0
"2891",95264.192574,199.1034,232,-129,4649,-34,180,49,-115,244,0
"2892",95264.1945065,199.1053,171,-962,-5140,-48,146,52,-114,259,0
"2893",95264.1965597,199.1074,155,55,348,-72,134,63,-97,284,0
"2894",95264.1982357,199.1091,-205,-573,-2162,-80,127,115,-79,283,0
"2895",95264.1995028,199.1103,250,-215,-4738,-96,111,107,-61,282,0
"2896",95264.2010056,199.1118,-6,-190,1395,-66,116,79,-31,267,0
"2897",95264.205067,199.1159,18,-870,-6052,-28,82,56,-35,255,0
"2898",95264.2063704,199.1172,50,-95,2172,20,98,43,-36,298,0
"2899",95264.2605783,199.1714,-220,-773,533,13,123,59,-19,343,0
"2900",95264.262366,199.1732,328,-152,-636,29,113,78,-29,332,0
"2901",95264.263786,199.1746,220,97,3031,33,155,77,-44,304,0
"2902",95264.2653058,199.1761,-7,-391,-3110,44,132,71,-68,310,0
"2903",95264.2666613,199.1775,-83,383,4510,24,141,81,-41,321,0
"2904",95264.2679217,199.1787,-286,-213,-489,4,106,103,-23,345,0
"2905",95264.2694022,199.1802,-59,291,-2560,15,55,63,-23,345,0
"2906",95264.2731697,199.184,27,352,4467,39,97,65,22,348,0
"2907",95264.2747893,199.1856,22,-219,-3038,34,73,58,10,320,0
"2908",95264.3008536,199.2117,123,445,4663,25,99,50,25,326,0
"2909",95264.3021997,199.213,-279,-365,1511,35,118,55,20,306,0
"2910",95264.3035499,199.2144,139,33,-1401,29,94,15,18,301,0
"2911",95264.3554431,199.2663,-162,132,5245,20,148,7,65,318,0
"2912",95264.35692,199.2677,170,-450,-4613,5,122,-4,48,310,0
"2913",95264.3582492,199.2691,149,352,-232,0,99,-11,-1,261,0
"2914",95264.3598245,199.2706,-41,-450,-2605,-19,91,21,9,217,0
"2915",95264.3612226,199.272,298,-22,-2248,-18,51,-18,35,184,0
"2916",95264.3626524,199.2735,20,55,2822,-1,74,-57,66,212,0
"2917",95264.3639982,199.2748,112,-625,-3981,21,31,-79,57,213,0
"2918",95264.3653347,199.2762,210,488,3048,34,29,-81,56,205,0
"2919",95264.3665885,199.2774,3,-282,-1205,43,32,-63,47,198,0
"2920",95264.3952861,199.3061,343,26,-737,66,-8,-104,50,186,0
"2921",95264.3970341,199.3079,-49,80,4373,74,16,-111,62,183,0
"2922",95264.3983893,199.3092,176,-635,-3854,26,-19,-108,46,177,0
"2923",95264.4281781,199.339,359,117,3227,18,-4,-120,49,176,0
"2924",95264.4296618,199.3405,240,-449,1615,62,-5,-74,81,200,0
"2925",95264.4309423,199.3418,790,8,-785,86,-9,-54,108,186,0
"2926",95264.4567078,199.3675,241,88,4429,94,10,-33,115,197,0
"2927",95264.4580715,199.3689,364,-457,-4404,84,-18,-17,99,160,0
"2928",95264.4593621,199.3702,399,284,2059,69,-28,23,96,154,0
"2929",95264.46148,199.3723,98,-286,-576,49,-16,21,90,141,0
"2930",95264.4627155,199.3735,459,6,-1950,93,-52,26,93,147,0
"2931",95264.4640593,199.3749,217,112,582,108,-23,41,108,119,0
"2932",95264.4898117,199.4006,330,-466,-7611,146,-55,24,89,95,0
"2933",95264.4912308,199.4021,324,352,-989,146,-30,19,81,38,0
"2934",95264.4924756,199.4033,17,-482,-4141,139,-12,14,71,23,0
"2935",95264.5243409,199.4352,413,-122,-4518,150,-40,31,65,26,0
"2936",95264.5257291,199.4366,65,-58,1177,145,8,88,61,21,0
"2937",95264.5271225,199.4379,230,-694,-7128,120,-30,103,30,27,0
"2938",95264.5738602,199.4847,270,40,1006,120,-61,98,47,22,0
"2939",95264.5752646,199.4861,-76,-666,-372,98,-60,69,52,28,0
"2940",95264.5792139,199.49,245,-83,-11,89,-114,37,13,29,0
"2941",95264.5806341,199.4915,-98,87,4846,36,-68,91,38,42,0
"2942",95264.5820085,199.4928,-2,-569,-4363,15,-107,71,27,37,0
"2943",95264.5852401,199.4961,236,323,2137,-12,-90,55,11,-26,0
"2944",95264.5866019,199.4974,-42,-281,-2373,5,-90,72,-13,-46,0
"2945",95264.5878792,199.4987,305,207,-3132,23,-91,84,-18,-27,0
"2946",95264.5892193,199.5,3,352,263,30,-77,135,8,-40,0
"2947",95264.6099762,199.5208,72,-149,-8224,6,-150,127,-16,-54,0
"2948",95264.611306,199.5221,3,614,1235,12,-150,128,18,-82,0
"2949",95264.612612,199.5234,-388,-288,-2322,38,-124,155,27,-66,0
"2950",95264.6425665,199.5534,-42,-84,-326,62,-140,148,-5,-50,0
"2951",95264.6438545,199.5547,-176,48,7736,57,-108,118,5,-23,0
"2952",95264.6452568,199.5561,170,-365,-1488,66,-117,58,0,-8,0
"2953",95264.6772247,199.588,190,438,6407,78,-81,43,12,-6,0
"2954",95264.6786573,199.5895,-253,-364,437,58,-58,43,-7,36,0
"2955",95264.679879,199.5907,-291,3,-2858,20,-30,51,4,38,0
"2956",95264.6814338,199.5923,-921,74,4277,25,18,40,17,27,0
"2957",95264.6828603,199.5937,-616,-465,-4606,34,-26,80,5,30,0
"2958",95264.6842764,199.5951,-381,322,458,21,-17,104,-7,45,0
"2959",95264.7182419,199.6291,-511,-332,-1713,-3,9,138,21,66,0
"2960",95264.7197803,199.6306,119,117,-1548,41,-33,121,41,66,0
"2961",95264.721192,199.632,-94,102,2768,64,0,119,49,73,0
"2962",95264.75307,199.6639,11,-616,-3871,68,-11,96,46,79,0
"2963",95264.7544984,199.6653,156,151,3450,47,17,51,93,86,0
"2964",95264.7557528,199.6666,-469,-580,-2299,3,15,35,123,79,0
"2965",95264.7822934,199.6931,395,-141,-764,-3,-2,25,104,81,0
"2966",95264.7836946,199.6945,-55,38,6868,4,45,-5,125,107,0
"2967",95264.7849837,199.6958,39,-599,-1530,-18,-6,-24,124,84,0
"2968",95264.7864548,199.6973,140,167,4485,-53,-15,-48,102,73,0
"2969",95264.787725,199.6985,-134,-582,112,-77,19,-38,83,36,0
"2970",95264.7890107,199.6998,323,-65,-925,-76,-4,-32,48,48,0
"2971",95264.8067331,199.7176,83,-54,6157,-60,22,-40,75,53,0
"2972",95264.8080787,199.7189,258,-600,690,-35,3,-52,107,28,0
"2973",95264.8093588,199.7202,336,223,7803,-20,70,-31,133,46,0
"2974",95264.8646463,199.7755,-180,-406,2801,-8,84,16,149,54,0
"2975",95264.8661084,199.7769,60,-26,2504,-11,69,34,142,61,0
"2976",95264.8674565,199.7783,-362,186,7572,-17,109,74,134,85,0
"2977",95264.8832627,199.7941,-282,-354,188,-23,86,69,120,76,0
"2978",95264.8845676,199.7954,-144,476,8080,-40,104,31,151,86,0
"2979",95264.88781,199.7986,-419,-327,2686,-30,117,41,181,109,0
"2980",95264.8891287,199.8,194,33,3323,-33,91,7,189,116,0
"2981",95264.8908664,199.8017,-104,-2,8634,-45,98,5,162,92,0
"2982",95264.8923585,199.8032,-6,-681,-215,-59,85,-11,148,59,0
"2983",95264.8938791,199.8047,258,204,9183,-11,92,11,157,44,0
"2984",95264.8953116,199.8061,-289,-456,4073,-6,112,-10,134,14,0
"2985",95264.8967248,199.8075,107,186,734,-32,113,14,113,-35,0
"2986",95264.9246407,199.8355,-5,164,6839,-14,129,14,135,-6,0
"2987",95264.9259209,199.8367,147,-465,16,7,102,2,153,-1,0
"2988",95264.9272346,199.8381,341,208,5509,0,124,18,153,47,0
"2989",95264.9366883,199.8475,-33,-574,-539,14,141,-6,108,43,0
"2990",95264.9379492,199.8488,362,-95,-598,24,128,-16,83,21,0
"2991",95264.9391798,199.85,-181,84,4809,-1,133,4,100,17,0
"2992",95264.9757681,199.8866,199,-436,-1378,-13,91,9,111,5,0
"2993",95264.9770922,199.8879,576,460,6467,45,94,8,104,9,0
"2994",95264.9784558,199.8893,172,-337,1160,69,111,1,105,11,0
"2995",95265.0083267,199.9192,336,58,566,103,91,-2,57,-29,0
"2996",95265.0097275,199.9206,-92,174,6531,103,96,12,41,-15,0
"2997",95265.0110929,199.9219,154,-354,-3802,84,49,-15,34,-38,0
"2998",95265.0126699,199.9235,161,389,3115,60,46,-15,46,-28,0
"2999",95265.0141628,199.925,-239,-333,-1346,41,62,-14,28,-12,0
"3000",95265.0154494,199.9263,176,60,-2874,19,44,-7,23,-62,0
"3001",95265.0444516,199.9553,-410,-15,1717,18,27,7,60,-69,0
"3002",95265.0458961,199.9567,-75,-431,-4279,15,-30,8,76,-85,0
"3003",95265.0472793,199.9581,-30,415,2972,27,5,29,120,-62,0
"3004",95265.0791718,199.99,-365,-505,-511,33,57,56,132,-34,0
"3005",95265.080552,199.9914,13,-34,-302,66,43,57,128,-19,0
"3006",95265.081882,199.9927,-249,77,5530,94,110,65,136,-3,0
"3007",95265.0833165,199.9941,-52,-340,-1485,117,99,45,147,-15,0
"3008",95265.0845285,199.9954,248,604,5095,109,126,46,123,-2,0
"3009",95265.0857851,199.9966,-124,-134,-1349,90,111,2,99,-1,0
"3010",95265.120808,200.0316,351,284,-2305,88,49,-24,115,22,0
"3011",95265.1221454,200.033,-155,301,5507,108,73,-11,127,78,0
"3012",95265.1233781,200.0342,-248,-513,-4047,108,16,-19,110,68,0
"3013",95265.1511616,200.062,-162,169,1970,71,50,14,111,93,0
"3014",95265.1526622,200.0635,-604,-671,-2437,72,61,58,89,92,0
"3015",95265.1560305,200.0669,-190,-303,-6051,49,10,53,107,90,0
"3016",95265.1758606,200.0867,-651,-235,1025,36,40,34,116,67,0
"3017",95265.1771905,200.088,-493,-716,-6336,50,28,15,117,52,0
"3018",95265.1785367,200.0894,-336,205,693,58,49,34,130,55,0
"3019",95265.1803023,200.0911,-631,-403,-138,59,60,50,161,78,0
"3020",95265.1815816,200.0924,-223,28,-166,59,19,34,163,79,0
"3021",95265.1828796,200.0937,-549,33,2955,84,50,57,149,93,0
"3022",95265.2147771,200.1256,-362,-520,-4353,90,25,47,142,99,0
"3023",95265.2160594,200.1269,-150,213,3880,99,22,71,156,125,0
"3024",95265.2172839,200.1281,-471,-591,-1954,91,5,101,130,126,0
"3025",95265.2449889,200.1558,113,-198,-1028,88,-38,83,102,125,0
"3026",95265.2463059,200.1571,-222,-56,4909,107,0,91,122,137,0
"3027",95265.2476338,200.1585,-332,-820,-5173,117,-47,100,125,107,0
"3028",95265.2491256,200.16,-338,-134,2935,118,-37,95,155,140,0
"3029",95265.2503724,200.1612,-576,-781,-349,162,-38,51,151,153,0
"3030",95265.2517011,200.1625,-31,-407,-2859,170,-87,32,146,161,0
"3031",95265.279606,200.1904,-227,-276,1459,192,-40,8,131,157,0
"3032",95265.2809426,200.1918,23,-647,-6171,181,-89,34,79,142,0
"3033",95265.2822342,200.1931,98,208,-1124,175,-62,28,68,134,0
"3034",95265.3422256,200.2531,-276,-570,-5812,135,-29,-9,56,98,0
"3035",95265.343512,200.2543,39,-173,-7662,159,-32,-55,56,106,0
"3036",95265.3449394,200.2558,-317,-74,-3712,175,-2,-49,70,78,0
"3037",95265.3464642,200.2573,-165,-758,-8187,210,-37,-75,85,65,0
"3038",95265.3478197,200.2586,-159,50,1408,191,-57,-90,78,53,0
"3039",95265.3491497,200.26,-525,-712,-2776,188,-19,-96,54,42,0
"3040",95265.3505789,200.2614,-197,-186,-2847,157,-18,-70,24,25,0
"3041",95265.3518686,200.2627,-231,-81,3643,153,27,-55,10,31,0
"3042",95265.3532101,200.264,-127,-509,-4891,201,-3,-28,34,32,0
"3043",95265.3892075,200.3,-193,190,3793,223,25,-12,61,20,0
"3044",95265.3905161,200.3013,-602,-667,605,207,38,-27,68,29,0
"3045",95265.3920214,200.3028,-186,-174,-741,202,52,-59,81,22,0
"3046",95265.3934307,200.3043,-508,-63,3428,176,124,-61,71,72,0
"3047",95265.3947117,200.3055,-305,-540,-4956,184,93,-46,32,67,0
"3048",95265.3959223,200.3067,-60,329,1973,144,87,-55,47,56,0
"3049",95265.4258993,200.3367,-290,-349,-183,127,51,-43,43,76,0
"3050",95265.4272475,200.3381,288,157,1188,140,4,-12,44,81,0
"3051",95265.4303577,200.3412,1,224,4664,159,36,43,84,105,0
"3052",95265.4584429,200.3693,3,-286,-4985,169,-6,47,56,126,0
"3053",95265.4598027,200.3706,199,552,5356,159,14,22,62,184,0
"3054",95265.4610684,200.3719,-246,-229,15,133,12,22,61,192,0
"3055",95265.4909585,200.4018,145,221,-466,155,8,24,72,196,0
"3056",95265.4923042,200.4031,-410,274,5935,136,41,32,93,224,0
"3057",95265.4950158,200.4058,-239,-253,-3546,146,34,36,90,235,0
"3058",95265.5108697,200.4217,-157,561,5328,128,20,64,48,220,0
"3059",95265.5122267,200.4231,-531,-196,3971,123,41,75,38,245,0
"3060",95265.5135099,200.4243,-4,403,2547,116,33,56,33,227,0
"3061",95265.545272,200.4561,-349,459,6999,103,73,71,53,207,0
"3062",95265.5467198,200.4575,-176,-57,-269,74,40,45,32,196,0
"3063",95265.5479856,200.4588,-95,785,7179,80,60,55,56,168,0
"3064",95265.5494235,200.4602,-516,-140,2965,104,62,32,48,133,0
"3065",95265.5506682,200.4615,-200,161,3150,101,37,25,22,114,0
"3066",95265.5521235,200.4629,-460,328,6630,83,78,38,34,141,0
"3067",95265.5840355,200.4949,-559,-64,-983,47,56,24,-4,135,0
"3068",95265.5853809,200.4962,-514,770,6184,21,70,36,-30,142,0
"3069",95265.5866533,200.4975,-933,-97,2737,10,72,67,-18,135,0
"3070",95265.6207203,200.5315,-480,169,3147,-3,71,54,-10,124,0
"3071",95265.622034,200.5329,-761,141,7088,-18,99,43,-13,143,0
"3072",95265.6233174,200.5341,-436,-413,-3459,-23,67,35,-24,131,0
"3073",95265.6246844,200.5355,-462,289,2749,-38,67,32,-16,170,0
"3074",95265.6259306,200.5368,-793,-431,508,-24,68,64,-17,149,0
"3075",95265.6271651,200.538,-337,-42,-813,14,56,101,-11,151,0
"3076",95265.6570182,200.5678,-565,105,5414,4,89,117,-3,137,0
"3077",95265.6583032,200.5691,-469,-496,-3312,3,70,88,-17,158,0
"3078",95265.6595542,200.5704,-382,262,3515,-8,59,117,-22,193,0
"3079",95265.6627347,200.5736,-590,-529,1691,36,48,90,-2,230,0
"3080",95265.6641191,200.5749,97,7,-251,14,-13,65,23,229,0
"3081",95265.6654171,200.5762,-80,187,1413,44,9,70,63,243,0
"3082",95265.695706,200.6065,89,-374,-5823,52,-28,75,42,231,0
"3083",95265.6970395,200.6079,214,399,977,22,-8,62,68,225,0
"3084",95265.698364,200.6092,-140,-402,-3725,13,-13,62,97,245,0
"3085",95265.725993,200.6368,110,-18,-4483,40,-39,50,85,239,0
"3086",95265.7272955,200.6381,-129,-132,738,18,14,28,71,244,0
"3087",95265.730532,200.6414,-120,-637,-6193,32,-31,24,15,267,0
"3088",95265.7320785,200.6429,-103,228,853,35,-34,39,1,279,0
"3089",95265.7334826,200.6443,-264,-508,-4084,52,-27,44,34,275,0
"3090",95265.734766,200.6456,185,-42,-4703,57,-53,43,53,247,0
"3091",95265.7646725,200.6755,-332,-46,3285,62,-35,45,87,235,0
"3092",95265.7660341,200.6769,-361,-716,-5750,90,-63,15,77,197,0
"3093",95265.7673402,200.6782,-192,234,835,101,-64,29,90,171,0
"3094",95265.7992201,200.71,-355,-583,-847,95,-49,20,63,203,0
"3095",95265.8006945,200.7115,37,-208,-876,102,-48,26,61,181,0
"3096",95265.8020697,200.7129,-305,-17,1094,96,-26,13,47,150,0
"3097",95265.8035945,200.7144,-321,-673,-7648,81,-64,-18,31,122,0
"3098",95265.804874,200.7157,-280,44,435,42,-42,-1,74,154,0
"3099",95265.8061108,200.7169,-422,-673,-3523,4,-18,3,68,145,0
"3100",95265.8659269,200.7768,143,-168,-2366,14,-8,3,94,109,0
"3101",95265.8672268,200.7781,-214,-40,3647,8,21,10,100,122,0
"3102",95265.8684595,200.7793,-99,-551,-4792,46,1,-11,73,111,0
"3103",95265.8697962,200.7806,-31,317,1976,72,4,-7,64,84,0
"3104",95265.8710349,200.7819,-88,-425,925,72,42,-3,38,54,0
"3105",95265.8723016,200.7831,283,35,-2377,68,5,0,47,79,0
"3106",95265.8736463,200.7845,-59,197,4308,54,44,29,31,85,0
"3107",95265.8749145,200.7857,111,-236,-1438,54,25,47,6,64,0
"3108",95265.8761655,200.787,21,599,4278,53,22,70,2,49,0
"3109",95265.9000928,200.8109,-267,-265,-371,34,43,82,-10,24,0
"3110",95265.9015007,200.8123,77,79,-2031,-4,1,91,-29,-8,0
"3111",95265.9028132,200.8136,-133,166,2133,-30,21,88,-27,-30,0
"3112",95265.9367385,200.8476,71,-181,-7226,-11,-8,73,-71,-33,0
"3113",95265.9381643,200.849,166,779,1737,0,-13,64,-67,-23,0
"3114",95265.9395013,200.8503,48,264,-2900,14,-33,47,-58,-9,0
"3115",95265.967218,200.878,501,637,-1726,12,-80,20,-30,-17,0
"3116",95265.9685571,200.8794,270,599,5104,22,-40,6,-10,-29,0
"3117",95265.9698893,200.8807,183,-141,-4154,16,-70,-5,-18,-80,0
"3118",95265.9714078,200.8822,428,777,4348,27,-75,4,-21,-79,0
"3119",95265.972664,200.8835,73,230,2563,17,-94,12,-29,-66,0
"3120",95265.9739089,200.8847,179,650,1892,24,-99,-9,-49,-53,0
"3121",95266.0280827,200.9389,-44,664,7293,42,-37,1,-47,-16,0
"3122",95266.0294454,200.9403,81,48,-1060,42,-52,7,-23,51,0
"3123",95266.0326119,200.9434,272,925,5729,25,-12,21,-16,90,0
"3124",95266.0340369,200.9449,-125,179,3030,-13,50,40,-1,133,0
"3125",95266.0353105,200.9461,78,540,2023,-25,51,21,-6,128,0
"3126",95266.036607,200.9474,-351,600,3453,-27,95,53,-2,91,0
"3127",95266.0657642,200.9766,-110,35,-5788,-24,90,26,-10,89,0
"3128",95266.0676261,200.9785,-14,758,3279,0,101,-6,-21,67,0
"3129",95266.0696483,200.9805,-447,-178,-1397,12,111,-7,-2,73,0
"3130",95266.0715306,200.9824,-7,82,-1860,3,90,-36,-46,66,0
"3131",95266.0731119,200.9839,-112,117,5604,7,125,-35,-46,86,0
"3132",95266.0746943,200.9855,177,-233,-3117,-13,106,-23,-79,80,0
"3133",95266.1168093,201.0276,201,413,2267,-30,118,5,-79,54,0
"3134",95266.1182013,201.029,-147,-381,-435,-5,118,16,-78,27,0
"3135",95266.1195054,201.0303,227,-13,336,-13,122,10,-71,20,0
"3136",95266.1209405,201.0318,-297,84,7443,-12,149,23,-49,45,0
"3137",95266.1222614,201.0331,-139,-341,-1761,-36,120,-3,-36,69,0
"3138",95266.1235267,201.0344,-33,427,4023,-35,145,-31,-16,104,0
"3139",95266.1514868,201.0623,-180,-337,2036,-57,131,-9,-17,112,0
"3140",95266.1527756,201.0636,276,46,963,-34,79,-2,-34,99,0
"3141",95266.1540535,201.0649,-140,6,5281,-1,128,19,11,75,0
"3142",95266.1880663,201.0989,-16,-388,-3062,6,111,6,14,54,0
"3143",95266.1894599,201.1003,143,414,4380,5,145,45,40,65,0
"3144",95266.1907044,201.1015,-338,-350,-106,-20,159,104,48,80,0
"3145",95266.1920516,201.1029,8,160,-449,2,142,120,68,80,0
"3146",95266.1932971,201.1041,-200,162,4523,-24,141,128,69,87,0
"3147",95266.1945496,201.1054,-133,-458,-3277,-43,76,96,81,87,0
"3148",95266.2365795,201.1474,-53,300,2539,-67,106,105,65,82,0
"3149",95266.2380315,201.1489,-217,-343,-809,-37,96,90,36,65,0
"3150",95266.2394033,201.1502,203,-21,-4385,-31,44,64,-11,3,0
"3151",95266.2551196,201.1659,-331,73,490,-21,25,38,-35,-57,0
"3152",95266.2563965,201.1672,-48,-645,-6000,-35,-29,21,-26,-55,0
"3153",95266.2581558,201.169,188,4,1954,-19,-11,57,-20,-62,0
"3154",95266.2921802,201.203,-262,-634,-1699,10,10,82,-5,-49,0
"3155",95266.293621,201.2044,299,105,305,36,-14,73,-28,-88,0
"3156",95266.2949105,201.2057,61,33,7556,51,18,57,21,-55,0
"3157",95266.3287404,201.2396,167,-513,754,72,-33,36,49,-27,0
"3158",95266.3300316,201.2409,137,176,11761,59,17,-2,53,-58,0
"3159",95266.3331054,201.2439,-347,-618,7855,60,20,-10,10,-63,0
"3160",95266.3344571,201.2453,138,-286,7413,37,-17,-26,-30,-65,0
"3161",95266.335762,201.2466,57,-41,12787,42,-1,-7,-27,-76,0
"3162",95266.336961,201.2478,124,-543,4863,32,-36,11,-6,-97,0
"3163",95266.338528,201.2494,141,244,12240,3,-16,13,-4,-90,0
"3164",95266.3399391,201.2508,-100,-612,9589,-2,8,-1,-19,-104,0
"3165",95266.3422369,201.2531,359,-76,9687,12,11,-12,2,-95,0
"3166",95266.370237,201.2811,-221,-27,14711,12,35,3,3,-87,0
"3167",95266.3715345,201.2824,-220,-533,6749,12,22,29,-10,-75,0
"3168",95266.3727969,201.2836,-31,247,14719,0,20,33,-1,-32,0
"3169",95266.4049027,201.3157,-273,-379,11293,-8,53,33,-11,11,0
"3170",95266.4063003,201.3171,289,61,10902,-8,43,55,-14,13,0
"3171",95266.40763,201.3185,-20,124,15692,-12,62,93,-25,24,0
"3172",95266.409066,201.3199,33,-473,6977,1,32,101,-15,11,0
"3173",95266.4102971,201.3211,-182,71,9749,21,54,88,-14,12,0
"3174",95266.4116512,201.3225,-442,-743,605,2,48,100,-2,-17,0
"3175",95266.4436208,201.3544,-80,-288,-1618,29,8,88,12,-4,0
"3176",95266.4449483,201.3558,-218,-194,1954,1,33,109,39,-9,0
"3177",95266.4463923,201.3572,-40,-714,-5260,-22,-13,86,34,-14,0
"3178",95266.4519106,201.3627,-204,138,3236,-32,-4,103,15,7,0
"3179",95266.453345,201.3642,-558,-600,-1620,-43,33,101,-6,30,0
"3180",95266.454564,201.3654,-42,-43,-1990,-44,21,89,-24,49,0
"3181",95266.4852883,201.3961,-413,-108,2302,-45,55,128,-14,72,0
"3182",95266.4869937,201.3978,-221,-670,-8262,-78,38,93,-15,49,0
"3183",95266.4884184,201.3992,-146,297,-4061,-95,51,64,-1,37,0
"3184",95266.5201181,201.4309,-250,-461,-7260,-109,57,46,-3,-5,0
"3185",95266.5217708,201.4326,83,-73,-6076,-99,43,37,-20,38,0
"3186",95266.5231494,201.434,-290,-190,-1451,-113,61,51,-12,103,0
"3187",95266.5246261,201.4355,-229,-729,-9531,-119,7,36,-18,96,0
"3188",95266.5260161,201.4368,-22,238,-687,-124,44,41,-52,81,0
"3189",95266.5273155,201.4381,-263,-350,-4164,-122,67,18,-80,47,0
"3190",95266.5568354,201.4677,102,101,-6528,-90,61,9,-95,43,0
"3191",95266.5581968,201.469,-476,155,-532,-76,109,43,-61,36,0
"3192",95266.5594748,201.4703,-551,-417,-7890,-53,110,47,-85,21,0
"3193",95266.593233,201.5041,-490,413,-498,-51,113,53,-74,44,0
"3194",95266.5946704,201.5055,-430,-405,-5491,-28,137,48,-87,33,0
"3195",95266.5978088,201.5086,36,-109,-6178,-11,135,49,-104,52,0
"3196",95266.5993177,201.5101,-420,67,244,-27,134,57,-113,60,0
"3197",95266.6007007,201.5115,-181,-651,-7698,-20,85,48,-125,36,0
"3198",95266.6020389,201.5129,-37,28,-2229,-42,71,39,-96,42,0
"3199",95266.6754751,201.5863,-357,-874,-3194,-25,51,52,-106,55,0
"3200",95266.6768308,201.5877,-56,-348,-4300,-32,16,35,-95,9,0
"3201",95266.678153,201.589,-392,-316,1797,-10,3,57,-88,-7,0
"3202",95266.6795078,201.5903,-286,-1038,-5744,29,-18,68,-106,-58,0
"3203",95266.6808023,201.5916,-376,-357,2301,26,-31,63,-100,-45,0
"3204",95266.6822421,201.5931,-480,-1024,-1799,9,-40,88,-87,-40,0
"3205",95266.6837711,201.5946,148,-425,-904,-27,-44,62,-73,-35,0
"3206",95266.6851498,201.596,-196,-312,5283,-40,-9,53,-106,-44,0
"3207",95266.6864648,201.5973,-337,-818,-4166,-92,-28,44,-128,-71,0
"3208",95266.7385172,201.6493,-254,19,1852,-79,-26,18,-120,-47,0
"3209",95266.7403361,201.6512,-696,-672,-1679,-71,-26,-4,-64,-33,0
"3210",95266.7416871,201.6525,-316,-277,-1392,-39,-22,16,-37,-34,0
"3211",95266.743102,201.6539,-555,-245,5053,-33,21,27,-27,-45,0
"3212",95266.7445693,201.6554,-321,-821,-943,-7,24,39,-80,-48,0
"3213",95266.7458955,201.6567,-232,175,5327,-43,70,15,-70,-54,0
"3214",95266.7474526,201.6583,-194,-276,4092,-21,60,1,-66,-58,0
"3215",95266.7489016,201.6597,73,177,6552,-5,-7,8,-82,-56,0
"3216",95266.7502842,201.6611,-418,167,10668,38,9,32,-67,-22,0
"3217",95266.7762305,201.6871,-272,-263,3551,43,3,13,-42,1,0
"3218",95266.777658,201.6885,-302,562,9420,27,34,-3,-10,31,0
"3219",95266.7790059,201.6898,-180,-212,4879,39,44,13,7,-14,0
"3220",95266.8048693,201.7157,159,98,4498,27,5,-14,6,-48,0
"3221",95266.8062541,201.7171,-186,178,11547,31,70,-2,14,-74,0
"3222",95266.8075917,201.7184,-65,-390,1923,22,66,-16,-18,-96,0
"3223",95266.809062,201.7199,-13,321,9719,-1,112,9,-3,-121,0
"3224",95266.8104132,201.7212,-204,-317,8177,3,102,11,-6,-125,0
"3225",95266.811889,201.7227,152,139,5917,4,48,10,-17,-125,0
"3226",95266.8421275,201.753,-198,115,10926,-13,82,12,-22,-133,0
"3227",95266.843523,201.7543,8,-356,4380,0,39,-15,-47,-130,0
"3228",95266.845049,201.7559,-30,689,9160,13,41,-35,-25,-129,0
"3229",95266.8768754,201.7877,-186,93,2668,19,49,-31,-33,-108,0
"3230",95266.8801982,201.791,259,558,1999,33,46,-61,-37,-85,0
"3231",95266.8814542,201.7923,-118,551,4145,22,74,-86,-26,-71,0
"3232",95266.8828007,201.7936,-114,34,-4434,26,34,-114,-67,-87,0
"3233",95266.8840348,201.7949,-49,834,1227,25,45,-121,-33,-50,0
"3234",95266.8852282,201.7961,-203,175,-4633,7,30,-80,-46,-30,0
"3235",95266.9112683,201.8221,217,587,-6249,26,8,-75,-52,-34,0
"3236",95266.9127695,201.8236,-168,581,-1464,-10,83,-50,-73,-16,0
"3237",95266.9141401,201.825,-47,-61,-10928,11,66,-34,-120,-4,0
"3238",95266.9683991,201.8792,-86,676,-3054,52,97,-12,-119,23,0
"3239",95266.9699403,201.8808,-396,-108,-8250,53,87,35,-134,18,0
"3240",95266.9718043,201.8826,138,393,-10471,38,91,24,-133,11,0
"3241",95266.9816809,201.8925,-41,485,-3389,38,123,-2,-102,-51,0
"3242",95266.9831672,201.894,23,-115,-9632,42,113,-6,-101,-64,0
"3243",95266.9845474,201.8954,65,853,-1924,66,148,-14,-89,-56,0
"3244",95266.9860721,201.8969,-324,49,-6581,74,158,-7,-69,-70,0
"3245",95266.9873349,201.8982,116,245,-5696,49,154,-21,-86,-50,0
"3246",95266.9886029,201.8994,-263,77,-327,78,195,-6,-94,-47,0
"3247",95267.0205728,201.9314,-195,-583,-7015,84,153,-5,-78,-50,0
"3248",95267.0219057,201.9327,-69,-76,1226,59,173,-24,-68,-77,0
"3249",95267.0232788,201.9341,-303,-806,-5540,42,150,-61,-58,-68,0
"3250",95267.0531751,201.964,202,-291,-3538,13,140,-38,-22,-65,0
"3251",95267.0545506,201.9654,-210,-299,3094,25,178,-12,-12,-44,0
"3252",95267.0558358,201.9667,39,-1012,-5439,-3,162,-6,-21,-48,0
"3253",95267.057514,201.9683,35,-323,2429,-25,150,17,-20,-13,0
"3254",95267.0587762,201.9696,-225,-1069,-1010,-10,122,-19,-1,17,0
"3255",95267.0602016,201.971,227,-695,-3238,-8,67,2,16,15,0
"3256",95267.0881835,201.999,-240,-785,2497,-21,74,10,28,-30,0
"3257",95267.0897185,202.0005,-71,-1207,-3163,-10,8,0,-3,-51,0
"3258",95267.0910509,202.0019,103,-543,2817,-3,-27,-12,12,4,0
"3259",95267.1250512,202.0359,-190,-1239,-846,9,-48,-21,-8,9,0
"3260",95267.1265838,202.0374,223,-704,-2351,26,-82,-18,-55,-3,0
"3261",95267.1279271,202.0388,-56,-625,2747,5,-35,-12,-22,46,0
"3262",95267.1293226,202.0401,11,-1157,-5922,-45,-77,-13,-58,57,0
"3263",95267.1306715,202.0415,48,-368,3196,-39,-74,-47,-75,47,0
"3264",95267.1319999,202.0428,-451,-1181,-1785,-37,-73,-45,-97,64,0
"3265",95267.1700145,202.0808,-17,-753,-1652,-45,-85,-43,-119,60,0
"3266",95267.1715069,202.0823,-376,-605,5018,-64,-39,1,-108,105,0
"3267",95267.1730228,202.0838,-289,-1008,-2580,-62,-58,-12,-104,122,0
"3268",95267.2049183,202.1157,-143,-270,3106,-122,-24,18,-106,124,0
"3269",95267.2063783,202.1172,-373,-991,-2051,-163,-19,3,-120,103,0
"3270",95267.207774,202.1186,-44,-607,-3744,-126,-19,-4,-117,102,0
"3271",95267.2093052,202.1201,-326,-545,1444,-130,4,-11,-111,114,0
"3272",95267.2107176,202.1215,-325,-1061,-5797,-122,-6,-9,-129,118,0
"3273",95267.2120206,202.1228,-382,-355,1766,-137,19,19,-121,131,0
"3274",95267.2418263,202.1527,-402,-1012,-1918,-150,31,20,-120,106,0
"3275",95267.2431404,202.154,19,-634,-2305,-128,0,5,-100,103,0
"3276",95267.2444093,202.1552,-295,-756,2005,-133,53,6,-83,85,0
"3277",95267.2459792,202.1568,-66,-1216,-4557,-102,47,20,-98,38,0
"3278",95267.2472608,202.1581,48,-487,2742,-100,86,-25,-87,14,0
"3279",95267.248507,202.1593,-211,-1306,-968,-128,92,-28,-84,27,0
"3280",95267.2782052,202.189,349,-692,161,-129,45,-23,-77,47,0
"3281",95267.2796939,202.1905,-103,-601,5625,-113,37,-49,-67,44,0
"3282",95267.2810941,202.1919,-183,-1132,-3839,-60,-1,-63,-63,49,0
"3283",95267.3049195,202.2157,-145,-424,5047,-42,59,-39,-30,40,0
"3284",95267.3063151,202.2171,-359,-1097,1828,-10,105,-54,-49,48,0
"3285",95267.3077016,202.2185,-5,-708,1069,-42,70,-56,-58,33,0
"3286",95267.3152218,202.226,-229,-751,4932,-57,88,-40,-84,50,0
"3287",95267.3165301,202.2274,-196,-1190,-4410,-47,49,-65,-121,56,0
"3288",95267.3179063,202.2287,-116,-261,943,-78,72,-81,-99,49,0
"3289",95267.3570566,202.2679,-233,-1118,-4359,-106,77,-85,-106,36,0
"3290",95267.3585384,202.2694,-1,-793,-3851,-95,17,-83,-159,49,0
"3291",95267.3598302,202.2707,-403,-699,745,-62,57,-57,-178,84,0
"3292",95267.3617185,202.2725,-381,-1088,-8150,-34,46,-59,-182,98,0
"3293",95267.3630581,202.2739,-385,-322,-1027,-14,55,-58,-176,118,0
"3294",95267.3643255,202.2752,-606,-1157,-5810,-4,49,-76,-160,132,0
"3295",95267.4344578,202.3453,-199,-792,-5579,-13,-3,-77,-127,111,0
"3296",95267.4359899,202.3468,-466,-923,1184,36,3,-75,-123,55,0
"3297",95267.4374989,202.3483,-377,-1361,-5403,64,-22,-88,-129,64,0
"3298",95267.4390245,202.3498,-284,-557,488,71,-10,-96,-152,83,0
"3299",95267.4422996,202.3531,-590,-1227,-4022,75,-54,-77,-151,116,0
"3300",95267.4435621,202.3544,92,-520,-6353,75,-106,-92,-178,99,0
"3301",95267.4450087,202.3558,-208,-403,-830,52,-76,-108,-155,63,0
"3302",95267.4463574,202.3572,-173,-1112,-6756,91,-89,-104,-153,92,0
"3303",95267.447832,202.3587,-88,-272,814,117,-50,-99,-135,104,0
"3304",95267.4719246,202.3827,-413,-1098,-2683,142,-36,-74,-88,105,0
"3305",95267.4733007,202.3841,-189,-582,-3012,139,-68,-61,-35,106,0
"3306",95267.4746203,202.3854,-352,-494,1992,174,-20,-3,-2,122,0
"3307",95267.5046839,202.4155,-92,-1101,-4636,180,-74,26,-8,106,0
"3308",95267.506063,202.4169,-141,-461,2463,119,-66,27,32,57,0
"3309",95267.5073533,202.4182,-331,-1067,-2640,90,-58,20,38,18,0
"3310",95267.508814,202.4196,322,-545,-267,112,-80,31,71,49,0
"3311",95267.5101301,202.421,-279,-605,5375,105,-33,43,82,72,0
"3312",95267.5114423,202.4223,-331,-1027,-3869,77,-62,43,34,80,0
"3313",95267.5434426,202.4543,-206,-174,3061,63,-66,40,9,84,0
"3314",95267.5447578,202.4556,-34,-763,-117,53,-75,37,-34,69,0
"3315",95267.5460078,202.4568,491,-205,-1592,49,-80,1,-32,97,0
"3316",95267.5497096,202.4605,248,-190,2777,61,-37,-35,0,138,0
"3317",95267.5509508,202.4618,195,-672,-5757,86,-68,-18,-26,137,0
"3318",95267.5521737,202.463,198,4,-259,82,-70,-12,-24,123,0
"3319",95267.5821595,202.493,-144,-707,-3915,81,-86,11,-24,127,0
"3320",95267.5835223,202.4943,41,-295,-4593,59,-102,20,-1,101,0
"3321",95267.5848864,202.4957,-207,-28,2546,72,-63,-24,47,87,0
"3322",95267.614798,202.5256,-6,-305,-5308,77,-113,-31,14,82,0
"3323",95267.616117,202.5269,97,542,1549,94,-82,-40,5,54,0
"3324",95267.6189087,202.5297,-161,-215,-1955,90,-49,-36,3,29,0
"3325",95267.6488139,202.5596,343,120,-2053,51,-69,-16,22,21,0
"3326",95267.6503798,202.5612,-261,134,1952,-19,-40,12,73,-11,0
"3327",95267.6516999,202.5625,-300,-375,-7037,-60,-111,19,86,-24,0
"3328",95267.6531468,202.564,-255,302,2045,-45,-79,8,102,-24,0
"3329",95267.6545866,202.5654,-483,-507,-1606,-33,-74,0,81,-23,0
"3330",95267.655837,202.5667,-108,56,-2111,12,-106,24,91,-26,0
"3331",95267.7017508,202.6126,-402,116,3664,20,-102,20,73,-3,0
"3332",95267.7031646,202.614,-272,-374,-4855,11,-119,24,87,-14,0
"3333",95267.7044475,202.6153,-168,486,2066,-1,-129,43,83,-25,0
"3334",95267.707857,202.6187,-438,-402,-2181,0,-96,30,66,-14,0
"3335",95267.7111523,202.622,154,151,-3337,19,-123,10,71,3,0
"3336",95267.7127088,202.6235,-100,126,925,-5,-96,-2,87,-26,0
"3337",95267.7571005,202.6679,134,-343,-6172,-23,-115,17,81,-12,0
"3338",95267.7585906,202.6694,6,332,3483,-20,-108,-10,99,0,0
"3339",95267.7599265,202.6708,-175,-314,-864,-45,-60,-60,93,25,0
"3340",95267.7614061,202.6722,395,300,916,-40,-99,-63,47,58,0
"3341",95267.7627578,202.6736,51,404,7872,-40,-58,-53,25,45,0
"3342",95267.7640329,202.6749,372,-74,188,-10,-72,-59,-5,55,0
"3343",95267.7920326,202.7029,436,668,5670,8,-41,-52,-7,75,0
"3344",95267.7934138,202.7042,-102,-66,3372,11,-34,-26,-6,74,0
"3345",95267.7948779,202.7057,310,363,2801,23,-40,-42,0,58,0
"3346",95267.8004795,202.7113,-57,259,6851,34,-14,-40,34,29,0
"3347",95267.8018298,202.7127,145,-74,-1839,46,-36,3,22,27,0
"3348",95267.8031456,202.714,324,823,4117,50,-25,22,43,48,0
"3349",95267.8690768,202.7799,234,-51,-773,44,-21,13,59,76,0
"3350",95267.8704923,202.7813,475,192,1154,29,-10,29,91,104,0
"3351",95267.87185,202.7827,163,174,5004,27,23,46,120,92,0
"3352",95267.8732498,202.7841,499,-415,-1479,48,5,45,150,99,0
"3353",95267.8745148,202.7853,440,318,4816,-4,9,63,172,105,0
"3354",95267.8757668,202.7866,151,-547,1258,8,15,65,186,104,0
"3355",95267.8773526,202.7882,430,-252,1848,54,12,31,165,87,0
"3356",95267.878726,202.7896,85,-305,5806,55,49,38,173,99,0
"3357",95267.8799929,202.7908,199,-850,-873,65,30,28,135,94,0
"3358",95267.9098161,202.8206,152,73,7981,112,42,35,104,131,0
"3359",95267.9111829,202.822,-102,-474,2739,111,68,22,67,127,0
"3360",95267.9125291,202.8234,380,45,-1562,90,33,5,35,126,0
"3361",95267.9140036,202.8248,82,-46,4495,68,53,-5,43,148,0
"3362",95267.9154076,202.8262,260,-461,-3783,81,20,-9,32,152,0
"3363",95267.9166803,202.8275,284,478,3486,82,40,0,65,174,0
"3364",95267.9446002,202.8554,-183,-240,1196,102,35,9,41,143,0
"3365",95267.9460319,202.8569,274,191,558,84,18,-31,46,141,0
"3366",95267.9473086,202.8581,130,249,4645,47,57,-28,58,186,0
"3367",95267.9831293,202.894,249,-347,-2975,52,34,-33,64,186,0
"3368",95267.9845517,202.8954,57,459,4232,44,88,-18,101,153,0
"3369",95267.9859997,202.8968,-174,-335,-1271,37,110,-3,78,168,0
"3370",95267.9875316,202.8984,192,114,-1664,41,64,-4,90,192,0
"3371",95267.990813,202.9016,-125,13,2341,62,60,-2,90,221,0
"3372",95267.9921612,202.903,68,-285,-6857,24,61,-48,57,186,0
"3373",95268.0220623,202.9329,48,551,1517,30,78,-68,61,161,0
"3374",95268.0234329,202.9343,-33,-153,-233,15,63,-82,73,158,0
"3375",95268.0247011,202.9355,372,381,-1850,26,43,-85,85,150,0
"3376",95268.068537,202.9794,-132,330,2853,24,116,-73,125,142,0
"3377",95268.0700234,202.9808,-179,-206,-4512,29,87,-89,129,90,0
"3378",95268.0717922,202.9826,-7,555,665,50,106,-92,113,74,0
"3379",95268.0733218,202.9841,-375,-300,-703,37,80,-110,73,38,0
"3380",95268.0745891,202.9854,188,247,-1552,32,53,-89,58,45,0
"3381",95268.0758891,202.9867,-105,170,2320,-2,97,-84,41,45,0
"3382",95268.1078378,203.0187,-33,-445,-6017,-2,58,-60,9,45,0
"3383",95268.1098008,203.0206,0,240,2379,6,70,-22,43,56,0
"3384",95268.1114174,203.0222,-13,-342,-3462,29,75,-26,34,59,0
"3385",95268.1127942,203.0236,229,105,-2148,69,45,-38,46,68,0
"3386",95268.1140727,203.0249,-225,205,2056,59,80,-29,41,67,0
"3387",95268.115503,203.0263,147,-262,-6261,22,72,-35,35,28,0
"3388",95268.129433,203.0403,4,434,2585,23,83,-65,20,22,0
"3389",95268.1307154,203.0415,-306,-472,-3180,-2,69,-50,7,-1,0
"3390",95268.1319549,203.0428,46,159,-5424,-29,37,-62,-2,19,0
"3391",95268.1638982,203.0747,-54,280,2612,-26,54,-47,-36,6,0
"3392",95268.1651468,203.076,224,-202,-3239,-21,23,-67,-60,-5,0
"3393",95268.1663918,203.0772,315,560,4745,10,45,-43,-57,41,0
"3394",95268.1962902,203.1071,85,-224,2474,0,72,-35,-68,93,0
"3395",95268.1976951,203.1085,527,413,2794,14,75,-59,-52,73,0
"3396",95268.1989545,203.1098,90,387,5745,-20,96,-82,-30,58,0
"3397",95268.2271627,203.138,219,-345,-2152,-66,51,-79,-8,3,0
"3398",95268.2290797,203.1399,293,363,5417,-116,57,-89,-7,42,0
"3399",95268.2308446,203.1417,-87,-373,-1829,-135,102,-85,-45,27,0
"3400",95268.2371015,203.1479,322,76,-1343,-148,120,-75,-91,-3,0
"3401",95268.238985,203.1498,107,195,4380,-149,136,-45,-73,-17,0
"3402",95268.2414012,203.1522,110,-278,-4208,-139,118,-5,-75,-40,0
"3403",95268.2694227,203.1802,133,509,3576,-142,123,-12,-86,-24,0
"3404",95268.2707174,203.1815,-145,-187,309,-141,102,-2,-119,-8,0
"3405",95268.2720948,203.1829,436,369,1288,-139,112,-50,-125,12,0
"3406",95268.2756084,203.1864,71,204,7055,-108,127,-38,-117,23,0
"3407",95268.2791669,203.19,64,-389,-1378,-78,121,-43,-116,39,0
"3408",95268.2804928,203.1913,500,573,5111,-35,138,-25,-74,8,0
"3409",95268.3062898,203.2171,68,-132,846,-35,167,-34,-74,23,0
"3410",95268.3076191,203.2184,436,230,-1795,-56,153,-29,-129,-13,0
"3411",95268.3088556,203.2197,18,204,2365,-43,183,-18,-155,-13,0
"3412",95268.3369521,203.2478,-22,-406,-3438,-9,155,-38,-198,-14,0
"3413",95268.3383319,203.2492,-74,381,6134,22,126,-55,-186,24,0
"3414",95268.3396198,203.2504,-141,-293,2511,27,123,-35,-150,71,0
"3415",95268.343707,203.2545,220,403,3974,64,127,-38,-169,82,0
"3416",95268.345001,203.2558,-164,458,8341,58,139,-12,-136,123,0
"3417",95268.3464439,203.2573,36,111,26,50,100,-10,-131,113,0
"3418",95268.3786932,203.2895,11,771,6428,35,120,7,-125,111,0
"3419",95268.3799776,203.2908,-37,-13,1481,15,122,31,-118,131,0
"3420",95268.3817306,203.2926,148,450,-1701,8,89,46,-153,133,0
"3421",95268.4097212,203.3205,-151,407,3168,-4,133,77,-170,170,0
"3422",95268.4112404,203.3221,69,-323,-4087,-25,114,95,-154,180,0
"3423",95268.4125012,203.3233,95,405,674,-34,124,98,-151,173,0
"3424",95268.4403626,203.3512,-314,-510,-618,-34,100,125,-121,182,0
"3425",95268.4418284,203.3527,170,-43,307,-9,70,132,-75,192,0
"3426",95268.4432719,203.3541,-150,-322,4809,-15,124,150,-42,251,0
"3427",95268.4452176,203.356,132,-740,-2084,9,97,157,-37,250,0
"3428",95268.4464583,203.3573,275,216,5861,13,88,157,-31,226,0
"3429",95268.4476812,203.3585,-271,-642,-248,-7,100,129,-12,233,0
"3430",95268.4855404,203.3964,301,-335,-578,-10,53,151,8,196,0
"3431",95268.4868529,203.3977,-133,-429,4388,-28,99,164,54,208,0
"3432",95268.4881441,203.399,74,-921,-3469,-1,56,161,36,228,0
"3433",95268.51815,203.429,137,-132,5863,-37,80,132,73,247,0
"3434",95268.5195272,203.4304,-93,-679,2644,-81,81,115,96,279,0
"3435",95268.5210625,203.4319,328,-280,341,-67,76,68,88,284,0
"3436",95268.5225218,203.4333,-11,-406,4171,-83,79,36,118,272,0
"3437",95268.5237741,203.4346,190,-1013,-5740,-88,16,42,103,260,0
"3438",95268.5250708,203.4359,406,-94,1275,-106,30,31,114,252,0
"3439",95268.5751776,203.486,247,-1014,-2865,-116,40,26,118,246,0
"3440",95268.5768829,203.4877,536,-530,-3555,-140,45,29,103,215,0
"3441",95268.5782998,203.4891,54,-631,-33,-148,111,41,100,185,0
"3442",95268.5817491,203.4926,181,-1152,-6066,-153,63,50,54,205,0
"3443",95268.583087,203.4939,280,-284,1641,-170,94,48,77,241,0
"3444",95268.5845862,203.4954,-29,-917,-3047,-150,111,68,68,248,0
"3445",95268.6103046,203.5211,542,-476,-3124,-145,70,34,91,227,0
"3446",95268.6117989,203.5226,138,-593,624,-147,149,20,96,210,0
"3447",95268.6131128,203.5239,-55,-1088,-9616,-94,118,40,76,160,0
"3448",95268.6166521,203.5275,169,-199,-3203,-93,137,7,113,83,0
"3449",95268.6180808,203.5289,215,-835,-5650,-130,136,3,109,82,0
"3450",95268.6195834,203.5304,799,-215,-5094,-108,139,-5,113,72,0
"3451",95268.6726242,203.5834,330,-327,-25,-85,176,6,122,63,0
"3452",95268.6739782,203.5848,587,-805,-3704,-35,144,14,112,37,0
"3453",95268.6753186,203.5861,404,65,2823,-30,173,6,94,12,0
"3454",95268.6829154,203.5937,42,-748,-564,-24,157,-11,52,1,0
"3455",95268.6842453,203.5951,432,-305,-1002,-16,128,-37,29,10,0
"3456",95268.6855371,203.5964,222,-328,2654,25,169,-28,43,-16,0
"3457",95268.7152208,203.626,285,-692,-5684,60,143,-45,4,-50,0
"3458",95268.7166044,203.6274,418,183,1917,57,140,-31,-9,-48,0
"3459",95268.7178465,203.6287,117,-432,-2593,66,159,-44,26,-45,0
"3460",95268.7192289,203.6301,435,-9,-707,107,150,-30,38,-22,0
"3461",95268.7204831,203.6313,-24,-188,5110,101,186,-5,20,-6,0
"3462",95268.7218697,203.6327,191,-756,-2081,148,163,-38,13,23,0
"3463",95268.7516494,203.6625,139,84,3871,175,164,-50,56,28,0
"3464",95268.7530503,203.6639,-176,-669,1287,206,142,-36,82,41,0
"3465",95268.7543313,203.6652,78,-111,-2570,186,85,-32,46,35,0
"3466",95268.7597103,203.6705,-110,-102,1694,192,121,-11,47,13,0
"3467",95268.7611585,203.672,85,-377,-5285,178,88,-7,14,-19,0
"3468",95268.762458,203.6733,140,532,1648,170,88,-4,14,-58,0
"3469",95268.7965204,203.7073,-60,-266,-624,201,115,-54,20,-77,0
"3470",95268.7980639,203.7089,127,159,-605,189,98,-69,18,-59,0
"3471",95268.7994456,203.7103,-186,207,2812,183,146,-66,-9,-74,0
"3472",95268.8009201,203.7117,-87,-233,-2618,149,91,-62,-14,-80,0
"3473",95268.8022311,203.7131,0,794,3643,141,104,-61,-27,-60,0
"3474",95268.8036271,203.7145,-355,-69,-2489,133,62,-80,-38,-72,0
"3475",95268.8475915,203.7584,-103,394,-1996,152,14,-64,-45,-75,0
"3476",95268.8489938,203.7598,-447,414,3347,134,35,-83,-56,-55,0
"3477",95268.8523815,203.7632,-282,-76,-3651,143,-8,-95,-52,-24,0
"3478",95268.8538119,203.7646,-153,932,3780,132,7,-79,-17,-4,0
"3479",95268.8551711,203.766,-138,413,-218,102,-14,-81,-24,-4,0
"3480",95268.8564158,203.7672,281,951,-2974,107,-40,-79,-48,-11,0
"3481",95268.8862696,203.7971,-83,987,1628,104,-21,-60,-64,-5,0
"3482",95268.8878389,203.7987,13,374,-3229,78,-73,-61,-75,-28,0
"3483",95268.8891771,203.8,-26,983,5143,70,-37,-62,-54,-11,0
"3484",95268.9210366,203.8319,-261,34,2756,43,-43,-119,-28,24,0
"3485",95268.9231848,203.834,196,464,2848,110,-86,-156,-16,41,0
"3486",95268.9249433,203.8358,-163,395,7925,129,-86,-153,44,53,0
"3487",95268.9264526,203.8373,-61,11,866,125,-116,-127,39,67,0
"3488",95268.9279684,203.8388,-194,729,7888,121,-134,-104,28,64,0
"3489",95268.9295431,203.8404,-377,-5,2832,73,-113,-82,34,98,0
"3490",95268.9594696,203.8703,-4,550,1578,39,-128,-92,44,146,0
"3491",95268.9608608,203.8717,-286,582,5804,1,-107,-119,36,124,0
"3492",95268.9621698,203.873,-108,-26,-6157,4,-118,-125,-1,149,0
"3493",95268.9941627,203.905,68,456,-124,14,-78,-115,34,117,0
"3494",95268.9956397,203.9065,-331,-472,-3171,8,-45,-88,31,143,0
"3495",95268.9970772,203.9079,-82,0,-2864,17,-37,-105,5,155,0
"3496",95268.9986419,203.9095,-302,30,4023,27,-14,-86,41,182,0
"3497",95269.0001798,203.911,-188,-374,-2769,21,-69,-66,47,144,0
"3498",95269.0014972,203.9123,-297,518,2690,2,-59,-47,62,143,0
"3499",95269.0315256,203.9424,-185,-123,-3130,9,-42,-40,39,117,0
"3500",95269.0328733,203.9437,377,338,-3603,-11,-94,-50,49,117,0
"3501",95269.0341027,203.9449,49,258,2433,-6,-84,-37,31,111,0
"3502",95269.0619053,203.9727,389,-180,-3383,-8,-134,-80,-5,120,0
"3503",95269.0633045,203.9741,213,715,2953,-25,-119,-64,11,107,0
"3504",95269.0645758,203.9754,1,-127,-427,-38,-87,-77,23,109,0
"3505",95269.0662397,203.9771,339,120,-1288,-18,-121,-73,51,58,0
"3506",95269.0675997,203.9784,-130,57,4100,22,-80,-62,96,32,0
"3507",95269.0689065,203.9797,74,-550,-1824,25,-71,-44,77,14,0
"3508",95269.0968659,204.0077,25,202,6018,17,-28,-77,63,39,0
"3509",95269.0982152,204.009,-412,-508,279,42,-13,-101,65,63,0
"3510",95269.0994834,204.0103,9,60,-973,48,-11,-120,50,43,0
"3511",95269.1552901,204.0661,-89,227,4562,29,59,-93,82,17,0
"3512",95269.1586261,204.0695,8,-367,-1992,48,26,-93,60,-16,0
"3513",95269.160128,204.071,65,465,2177,35,34,-78,73,4,0
"3514",95269.1799914,204.0908,-186,-449,-2255,36,33,-88,52,39,0
"3515",95269.1813061,204.0921,167,-2,-1670,79,19,-84,20,78,0
"3516",95269.1827496,204.0936,-327,-17,911,79,74,-100,36,54,0
"3517",95269.2086169,204.1194,-34,-553,-6714,81,43,-132,39,43,0
"3518",95269.2100384,204.1209,-114,208,-31,68,44,-109,28,37,0
"3519",95269.2114543,204.1223,-468,-721,-7120,94,43,-83,18,21,0
"3520",95269.2128237,204.1236,-144,-275,-7110,85,5,-90,7,-19,0
"3521",95269.214179,204.125,-515,-215,-343,89,16,-105,26,-26,0
"3522",95269.2154856,204.1263,-148,-603,-7027,91,-7,-109,23,-11,0
"3523",95269.2169777,204.1278,47,393,2243,125,-11,-112,24,-1,0
"3524",95269.2182299,204.1291,-198,-293,266,126,1,-110,30,-13,0
"3525",95269.2195531,204.1304,-294,142,-1086,123,-17,-99,12,-65,0
"3526",95269.2495568,204.1604,-445,0,4274,105,13,-68,19,-42,0
"3527",95269.250895,204.1617,8,-559,-1680,137,-24,-71,3,-43,0
"3528",95269.2521546,204.163,-99,367,3995,145,-8,-63,15,-10,0
"3529",95269.2819194,204.1927,-309,-267,864,151,24,-62,27,-31,0
"3530",95269.2832842,204.1941,-37,180,652,158,-25,-64,22,-1,0
"3531",95269.2847014,204.1955,-134,316,3178,122,10,-60,15,-7,0
"3532",95269.2882485,204.1991,-33,-173,-1597,108,9,-62,1,50,0
"3533",95269.2895295,204.2004,-48,711,6108,87,37,-36,6,56,0
"3534",95269.2908119,204.2016,-337,-4,292,60,66,-9,20,69,0
"3535",95269.3228901,204.2337,267,560,-540,72,65,20,-17,81,0
"3536",95269.3242017,204.235,65,513,2697,102,54,49,-36,92,0
"3537",95269.3254678,204.2363,117,-75,-6740,75,-6,31,-8,53,0
"3538",95269.3554124,204.2662,94,603,2253,97,38,26,6,73,0
"3539",95269.3567893,204.2676,84,141,-1951,104,44,42,11,67,0
"3540",95269.3580629,204.2689,308,697,-2206,83,26,88,11,76,0
"3541",95269.359366,204.2702,-141,538,3902,69,57,75,19,148,0
"3542",95269.3605536,204.2714,-202,-155,-1682,90,18,66,-14,187,0
"3543",95269.3618219,204.2726,-158,496,2210,41,14,67,-6,155,0
"3544",95269.3937929,204.3046,-394,-243,-1731,35,25,83,-21,100,0
"3545",95269.3950549,204.3059,154,268,-770,-10,1,61,-68,92,0
"3546",95269.3962846,204.3071,-110,172,3437,-9,14,50,-48,79,0
"3547",95269.4261183,204.3369,56,-454,-2033,5,-23,47,-67,123,0
"3548",95269.4298045,204.3406,103,116,6674,-19,22,31,-99,176,0
"3549",95269.4311124,204.3419,-244,-600,1149,-20,38,44,-122,173,0
"3550",95269.4326632,204.3435,-73,-7,2361,6,31,23,-105,180,0
"3551",95269.4340741,204.3449,-267,136,6878,8,70,66,-92,187,0
"3552",95269.4354957,204.3463,-243,-301,-391,0,57,47,-95,130,0
"3553",95269.4915978,204.4024,-185,460,7559,17,54,26,-61,156,0
"3554",95269.4931273,204.404,-473,-237,2007,20,84,49,-39,176,0
"3555",95269.4946467,204.4055,208,389,-1846,28,69,76,-56,143,0
"3556",95269.4961012,204.4069,-126,495,2155,25,77,75,-61,122,0
"3557",95269.497377,204.4082,307,-65,-3190,14,42,44,-50,119,0
"3558",95269.4986256,204.4095,492,607,3464,17,87,87,-80,130,0
"3559",95269.5287637,204.4396,-81,-357,-809,41,120,81,-46,126,0
"3560",95269.53048,204.4413,135,15,-188,44,95,90,-49,107,0
"3561",95269.5318647,204.4427,-111,68,3871,44,129,91,-19,110,0
"3562",95269.5332244,204.444,-321,-504,-4478,45,87,66,-24,113,0
"3563",95269.5346647,204.4455,-251,286,2810,22,97,69,24,103,0
"3564",95269.5361264,204.447,-619,-518,-2457,-1,77,77,33,90,0
"3565",95269.5619199,204.4727,-249,79,-2501,-16,49,83,36,109,0
"3566",95269.5633727,204.4742,-498,38,3756,-38,89,99,29,120,0
"3567",95269.5648593,204.4757,-121,-372,-5946,-38,97,98,13,114,0
"3568",95269.5819257,204.4928,183,424,176,-75,139,124,12,74,0
"3569",95269.5834781,204.4943,-20,-589,-2071,-79,135,128,3,59,0
"3570",95269.5847943,204.4956,403,-189,-2458,-78,80,107,2,95,0
"3571",95269.6146978,204.5255,210,-233,4639,-78,89,75,-16,92,0
"3572",95269.6160955,204.5269,126,-698,-3366,-30,56,63,-39,60,0
"3573",95269.6173729,204.5282,189,204,2502,-22,101,46,-54,47,0
"3574",95269.6187242,204.5295,-174,-554,-761,-36,95,46,-48,57,0
"3575",95269.6200231,204.5308,-273,-79,-1600,-9,83,27,-73,35,0
"3576",95269.6212601,204.5321,-638,135,2033,-5,118,23,-100,-24,0
"3577",95269.6533103,204.5641,-517,-351,-5119,3,82,-2,-135,-33,0
"3578",95269.6546504,204.5655,-238,540,1498,12,75,-16,-103,-42,0
"3579",95269.6559147,204.5667,-297,-206,-2058,-3,92,-19,-79,-2,0
"3580",95269.687765,204.5986,58,183,-3255,4,64,-21,-80,-1,0
"3581",95269.6890484,204.5999,-200,173,538,-9,71,-2,-36,-14,0
"3582",95269.6902943,204.6011,-81,-318,-9633,-28,11,-18,-31,-37,0
"3583",95269.6938421,204.6047,17,234,-2292,-31,40,-22,-26,-70,0
"3584",95269.6971007,204.6079,-233,-656,-4090,-15,46,-25,-3,-102,0
"3585",95269.6983661,204.6092,-71,-89,-2618,4,14,-48,-22,-112,0
"3586",95269.7262836,204.6371,-514,-75,3767,54,9,-51,-7,-122,0
"3587",95269.7275788,204.6384,-149,-482,-2691,69,-33,-64,20,-124,0
"3588",95269.7289807,204.6398,-156,402,3358,44,-5,0,-3,-90,0
"3589",95269.758836,204.6697,-355,-241,-605,64,-27,16,-41,-42,0
"3590",95269.7603646,204.6712,295,280,-408,33,-55,22,-19,-46,0
"3591",95269.7617175,204.6725,-89,87,3119,19,0,29,3,-39,0
"3592",95269.7895872,204.7004,179,-519,-3165,15,5,10,18,-14,0
"3593",95269.7911854,204.702,75,155,4650,7,47,43,51,17,0
"3594",95269.7924758,204.7033,-306,-494,-2354,-1,62,20,48,4,0
"3595",95269.8223135,204.7331,168,-22,-1561,-11,56,-3,21,8,0
"3596",95269.8236816,204.7345,-107,-42,5254,-1,81,-15,21,29,0
"3597",95269.8250018,204.7358,-11,-575,-3076,14,58,-16,10,22,0
"3598",95269.8387727,204.7496,-168,132,6450,-20,94,-13,16,9,0
"3599",95269.8402585,204.7511,-527,-600,2232,-3,121,-10,-13,74,0
"3600",95269.8417924,204.7526,-311,29,1370,-4,51,-32,-7,112,0
"3601",95269.8432578,204.7541,-594,-46,5064,14,43,-2,-1,155,0
"3602",95269.8446315,204.7555,-535,-499,-2707,-13,17,-33,-1,185,0
"3603",95269.8459069,204.7567,-359,133,3561,-30,30,-14,9,181,0
"3604",95269.8717954,204.7826,-608,-665,-1926,-30,-12,10,9,214,0
"3605",95269.8732089,204.784,133,-305,-2036,-40,-51,11,-23,208,0
"3606",95269.8744755,204.7853,-205,-250,1423,-25,-57,37,-29,182,0
"3607",95269.875795,204.7866,-112,-715,-4095,-8,-91,44,18,185,0
"3608",95269.8770553,204.7879,83,89,5993,38,-57,36,107,190,0
"3609",95269.8782883,204.7891,-341,-622,1999,38,-80,25,119,232,0
"3610",95269.9564384,204.8673,93,-97,190,55,-117,3,66,234,0
"3611",95269.957805,204.8686,-28,-103,5732,72,-106,-22,81,243,0
"3612",95269.9591035,204.8699,-21,-491,-1750,67,-119,-36,78,246,0
"3613",95269.9659797,204.8768,-53,210,4589,72,-96,-46,73,265,0
"3614",95269.9674836,204.8783,-262,-648,-1605,44,-91,-59,53,224,0
"3615",95269.9688721,204.8797,1,-196,-5096,32,-111,-73,38,220,0
"3616",95269.9708136,204.8816,-288,-105,-451,30,-88,-68,62,228,0
"3617",95269.9721929,204.883,-51,-637,-5625,33,-151,-67,21,228,0
"3618",95269.9734136,204.8842,13,113,1065,30,-99,-90,42,218,0
"3619",95270.0032416,204.9141,-151,-669,-2431,30,-57,-85,82,221,0
"3620",95270.0068425,204.9177,57,-193,-649,18,-43,-90,99,198,0
"3621",95270.0083753,204.9192,-191,-89,3937,20,-44,-108,113,196,0
"3622",95270.0100422,204.9209,129,-499,-5284,20,-73,-103,137,222,0
"3623",95270.0137311,204.9246,277,432,4007,-1,-72,-106,184,250,0
"3624",95270.0150291,204.9259,-167,-370,-1046,-31,-51,-96,172,233,0
"3625",95270.045021,204.9558,77,190,1088,-71,-34,-117,185,263,0
"3626",95270.0463719,204.9572,-130,171,5278,-82,5,-91,199,248,0
"3627",95270.0476263,204.9585,97,-503,-5081,-82,-34,-105,186,225,0
"3628",95270.0490915,204.9599,-56,126,1826,-112,-22,-129,175,188,0
"3629",95270.0504884,204.9613,-397,-659,-4339,-127,-16,-125,141,188,0
"3630",95270.0519066,204.9627,-79,-268,-6349,-141,-48,-167,153,174,0
"3631",95270.0806616,204.9915,-365,-222,1046,-106,-20,-170,169,151,0
"3632",95270.0821603,204.993,-197,-688,-5385,-77,-107,-160,170,139,0
"3633",95270.0835667,204.9944,-130,15,3319,-84,-84,-162,166,174,0
