"","timestamp","relative_time","Ch1","Ch2","Ch3","Ch4","Ch5","Ch6","Ch7","Ch8","Ch9"
"1","238636.4215083","1183.0315","-154","-82","275","59","-63","9","-156","-327","0"
"2","238636.4240152","1183.0340","-144","-121","-259","85","-46","9","-148","-269","0"
"3","238636.4273261","1183.0373","182","-102","-183","33","-35","6","-156","-242","0"
"4","238636.4491585","1183.0591","266","9","12","15","-50","-4","-168","-249","0"
"5","238636.4552146","1183.0652","240","-120","40","-1","-49","-3","-176","-254","0"
"6","238636.4615984","1183.0716","402","-33","-521","11","-57","15","-172","-237","0"
"7","238636.4650193","1183.0750","491","151","-297","21","-51","18","-177","-234","0"
"8","238636.4746412","1183.0846","307","32","-1061","79","-34","15","-216","-270","0"
"9","238636.4798797","1183.0899","166","106","-503","89","-33","33","-189","-308","0"
"10","238636.4855995","1183.0956","54","59","-739","92","-12","39","-191","-343","0"
"11","238636.4931514","1183.1031","-71","-111","-1820","69","25","47","-185","-380","0"
"12","238636.4976455","1183.1076","-70","-176","-2390","82","25","33","-167","-395","0"
"13","238636.5027373","1183.1127","270","135","-1780","71","-11","57","-196","-316","0"
"14","238636.5067113","1183.1167","295","46","-1207","72","-41","46","-217","-243","0"
"15","238636.5121841","1183.1222","202","-107","-1073","47","-54","34","-231","-211","0"
"16","238636.5185952","1183.1286","311","-246","-1689","4","-23","39","-252","-232","0"
"17","238636.524745","1183.1347","378","-115","-1602","-32","13","36","-273","-266","0"
"18","238636.5310257","1183.1410","514","-104","-1450","-5","34","43","-268","-321","0"
"19","238636.5382544","1183.1482","697","72","-1443","16","69","54","-258","-355","0"
"20","238636.544746","1183.1547","545","9","-898","3","72","97","-245","-402","0"
"21","238636.5481592","1183.1581","389","-227","-1371","11","51","118","-251","-398","0"
"22","238636.5608237","1183.1708","589","-158","-1486","15","7","128","-267","-404","0"
"23","238636.5635018","1183.1735","412","-80","-1546","4","25","148","-254","-367","0"
"24","238636.5658301","1183.1758","358","-22","-1533","-1","9","98","-211","-328","0"
"25","238636.6023254","1183.2123","590","208","-1175","5","-4","75","-160","-259","0"
"26","238636.6040094","1183.2140","629","271","-1034","4","0","73","-139","-202","0"
"27","238636.6065648","1183.2165","530","139","-817","10","-23","42","-114","-109","0"
"28","238636.6339256","1183.2439","466","61","-555","-16","-12","7","-99","-48","0"
"29","238636.6363986","1183.2464","519","26","259","-16","16","-28","-83","-19","0"
"30","238636.6387834","1183.2488","605","-62","409","-32","11","-51","-68","-7","0"
"31","238636.6435896","1183.2536","653","-135","-815","-13","6","-78","-32","53","0"
"32","238636.6462279","1183.2562","644","-193","-893","-27","-15","-100","-38","99","0"
"33","238636.6476804","1183.2577","716","-209","-426","-23","-56","-100","-7","148","0"
"34","238636.6721182","1183.2821","602","-374","-150","-49","-46","-76","-11","216","0"
"35","238636.6747282","1183.2847","524","-272","61","-82","5","-69","-8","247","0"
"36","238636.6845081","1183.2945","260","-362","-460","-86","6","-55","-4","235","0"
"37","238636.6902096","1183.3002","330","-264","-585","-74","9","-49","25","253","0"
"38","238636.6932064","1183.3032","608","-134","-459","-53","9","-43","28","258","0"
"39","238636.6959055","1183.3059","747","-181","-476","-19","35","-27","51","274","0"
"40","238636.717037","1183.3270","573","-258","-149","0","32","-40","34","264","0"
"41","238636.7194211","1183.3294","708","-98","-93","-13","15","-80","7","262","0"
"42","238636.7216223","1183.3316","716","-118","171","-37","33","-68","9","220","0"
"43","238636.7268097","1183.3368","380","-253","305","-40","57","-59","24","203","0"
"44","238636.7292241","1183.3392","228","-414","741","-45","44","-67","41","179","0"
"45","238636.7318951","1183.3419","324","-411","1094","-48","47","-66","42","159","0"
"46","238636.7574174","1183.3674","108","-417","180","-36","59","-36","59","159","0"
"47","238636.7598256","1183.3698","161","-411","364","3","58","-47","51","167","0"
"48","238636.7621884","1183.3722","287","-317","627","21","80","-41","29","200","0"
"49","238636.8292234","1183.4392","556","-414","1115","19","77","-20","23","220","0"
"50","238636.8317168","1183.4417","697","-359","1326","67","80","9","33","184","0"
"51","238636.8338051","1183.4438","384","-524","944","101","101","13","43","170","0"
"52","238636.835459","1183.4454","327","-509","1227","97","107","32","39","184","0"
"53","238636.8369058","1183.4469","248","-531","891","56","95","50","9","174","0"
"54","238636.8393012","1183.4493","326","-416","707","56","67","66","12","142","0"
"55","238636.8408233","1183.4508","345","-499","843","46","54","79","2","147","0"
"56","238636.8424934","1183.4525","325","-507","142","22","38","86","-5","110","0"
"57","238636.8448301","1183.4548","43","-628","-201","14","38","92","-6","91","0"
"58","238636.8778096","1183.4878","32","-537","-176","5","52","71","16","60","0"
"59","238636.8880592","1183.4980","83","-271","298","-14","63","65","6","19","0"
"60","238636.8984956","1183.5085","41","-300","224","-4","37","36","6","-22","0"
"61","238636.9027816","1183.5128","-71","-351","-456","-5","43","50","-9","-19","0"
"62","238636.9058586","1183.5158","213","-118","-161","19","54","48","-55","-52","0"
"63","238636.9084842","1183.5185","171","-142","232","53","63","27","-57","-82","0"
"64","238636.9361389","1183.5461","230","-259","-421","49","36","-5","-21","-110","0"
"65","238636.9411677","1183.5512","113","-243","-385","38","17","-30","-27","-98","0"
"66","238636.9456544","1183.5556","-134","-411","-286","34","-9","-61","-43","-93","0"
"67","238636.949412","1183.5594","-265","-353","-188","-9","-16","-23","-10","-135","0"
"68","238636.9521877","1183.5622","-355","-357","-346","0","-28","5","-14","-159","0"
"69","238636.954554","1183.5645","-423","-341","253","12","-37","-4","-28","-150","0"
"70","238636.9600091","1183.5700","-190","-320","548","59","-23","4","-11","-136","0"
"71","238636.9625223","1183.5725","-108","-265","257","54","1","22","-17","-133","0"
"72","238636.9649099","1183.5749","-375","-313","510","71","0","3","3","-89","0"
"73","238636.9881301","1183.5981","-243","-235","936","78","20","29","-8","-94","0"
"74","238636.9903305","1183.6003","-167","-249","925","116","61","32","-28","-107","0"
"75","238636.9932289","1183.6032","-172","-354","595","136","75","35","-46","-104","0"
"76","238637.0041923","1183.6142","-74","-416","359","133","83","55","-37","-124","0"
"77","238637.0058064","1183.6158","133","-312","601","133","89","43","-37","-99","0"
"78","238637.0074589","1183.6174","89","-268","752","131","76","14","-46","-67","0"
"79","238637.0326737","1183.6427","201","-202","1104","145","82","-3","-46","-60","0"
"80","238637.0354612","1183.6454","297","-190","1165","157","101","-9","-56","-93","0"
"81","238637.0377923","1183.6478","125","-260","599","197","105","-11","-58","-102","0"
"82","238637.0574063","1183.6674","175","-174","398","203","92","-40","-42","-77","0"
"83","238637.0610442","1183.6710","80","-141","668","185","83","-19","-46","-31","0"
"84","238637.0691737","1183.6792","-133","-211","382","167","56","-15","-49","2","0"
"85","238637.0861274","1183.6961","-526","-285","-60","165","65","-56","-51","36","0"
"86","238637.0896205","1183.6996","-467","-125","-374","134","76","-40","-62","51","0"
"87","238637.09269","1183.7027","-389","-110","-651","133","53","-24","-42","66","0"
"88","238637.0972406","1183.7072","-411","-9","-516","155","24","-24","-26","106","0"
"89","238637.1005002","1183.7105","-530","78","-48","164","17","-32","-52","140","0"
"90","238637.1039202","1183.7139","-512","41","-21","194","1","-12","-58","186","0"
"91","238637.1218052","1183.7318","-388","-84","-695","183","-11","10","-24","215","0"
"92","238637.1242043","1183.7342","-549","-248","-1089","181","-30","20","-3","223","0"
"93","238637.1265947","1183.7366","-466","-220","-521","178","-61","7","-3","219","0"
"94","238637.1783217","1183.7883","-309","-79","317","182","-14","3","-8","230","0"
"95","238637.1809528","1183.7909","-399","-72","555","176","4","7","22","193","0"
"96","238637.1834938","1183.7935","-332","-149","-346","192","2","4","61","175","0"
"97","238637.1994727","1183.8095","-358","-267","147","221","-8","-3","52","152","0"
"98","238637.2019683","1183.8120","15","59","869","215","-27","-32","48","169","0"
"99","238637.2044246","1183.8144","39","93","403","190","-41","-6","59","195","0"
"100","238637.2082665","1183.8182","-10","21","31","176","-25","1","17","207","0"
"101","238637.2109387","1183.8209","-276","-61","358","156","-25","-11","17","230","0"
"102","238637.2132187","1183.8232","-9","89","427","173","-13","-7","69","205","0"
"103","238637.2161534","1183.8261","160","121","158","155","-27","-12","80","211","0"
"104","238637.2185595","1183.8285","177","86","450","161","-49","-42","76","238","0"
"105","238637.2209511","1183.8309","-86","149","511","160","-49","-87","62","267","0"
"106","238637.2396878","1183.8497","-8","103","-180","162","-56","-78","54","240","0"
"107","238637.2435711","1183.8536","49","7","158","180","-65","-84","43","260","0"
"108","238637.2588968","1183.8689","-144","-87","401","202","-57","-77","28","251","0"
"109","238637.2621668","1183.8722","-54","-134","783","216","-37","-75","-2","237","0"
"110","238637.264938","1183.8749","264","-196","1202","193","-53","-63","14","245","0"
"111","238637.2677802","1183.8778","227","-192","-209","138","-90","-72","21","239","0"
"112","238637.2821156","1183.8921","238","-86","-175","44","-115","-65","36","254","0"
"113","238637.2845761","1183.8946","244","-56","173","22","-106","-73","17","225","0"
"114","238637.2871933","1183.8972","174","-185","463","44","-79","-83","20","200","0"
"115","238637.3106397","1183.9206","61","-260","51","57","-56","-81","7","182","0"
"116","238637.3125082","1183.9225","-61","-231","-288","42","-40","-53","-16","209","0"
"117","238637.3144182","1183.9244","201","-260","-69","17","-8","-33","-23","243","0"
"118","238637.339135","1183.9491","234","-249","159","25","-16","-40","-4","220","0"
"119","238637.3417149","1183.9517","259","-373","767","39","-34","-53","-33","150","0"
"120","238637.3443737","1183.9544","51","-571","613","55","-43","-45","-17","106","0"
"121","238637.3535314","1183.9635","146","-546","318","59","-35","-48","3","65","0"
"122","238637.3560202","1183.9660","454","-368","-32","71","-32","-85","-25","31","0"
"123","238637.3588272","1183.9688","551","-340","249","84","-9","-99","-26","28","0"
"124","238637.3729271","1183.9829","548","-305","170","107","18","-82","-33","26","0"
"125","238637.3759252","1183.9859","550","-280","711","105","24","-72","-54","-9","0"
"126","238637.3780878","1183.9881","199","-557","333","97","6","-48","-73","-24","0"
"127","238637.4282923","1184.0383","53","-650","542","83","1","-14","-46","-7","0"
"128","238637.4306633","1184.0406","136","-640","633","92","29","14","-42","16","0"
"129","238637.4329611","1184.0429","51","-645","1033","85","33","19","-22","25","0"
"130","238637.4360358","1184.0460","74","-555","690","68","40","0","-14","0","0"
"131","238637.43856","1184.0485","24","-590","16","80","59","-38","-25","37","0"
"132","238637.4415948","1184.0516","22","-629","408","52","24","-11","-16","87","0"
"133","238637.4499686","1184.0600","-105","-577","441","23","12","-23","-4","100","0"
"134","238637.4523625","1184.0623","-190","-497","218","37","11","1","0","59","0"
"135","238637.4549636","1184.0649","-147","-478","-57","58","72","-18","20","42","0"
"136","238637.4787176","1184.0887","63","-395","-1140","72","58","-17","35","-12","0"
"137","238637.4839947","1184.0940","417","-158","-1293","78","46","-47","53","-48","0"
"138","238637.4890719","1184.0991","544","-62","-1871","92","30","-53","51","-107","0"
"139","238637.5122468","1184.1222","946","133","-2333","149","41","-67","34","-145","0"
"140","238637.517569","1184.1276","855","47","-2730","190","77","-66","5","-108","0"
"141","238637.529339","1184.1393","860","-148","-4069","187","94","-65","-18","-96","0"
"142","238637.5557719","1184.1658","1278","-122","-3415","214","74","-51","-44","-126","0"
"143","238637.5697849","1184.1798","1158","-337","-2850","228","51","-50","-57","-166","0"
"144","238637.6147899","1184.2248","1083","-257","-3417","231","50","-39","-44","-186","0"
"145","238637.6355781","1184.2456","1237","-216","-2230","210","26","-33","-32","-118","0"
"146","238637.6469822","1184.2570","890","-294","-2607","158","36","-60","-45","-104","0"
"147","238637.6531022","1184.2631","809","-289","-2708","133","15","-72","-79","-126","0"
"148","238637.6605167","1184.2705","807","-197","-2096","168","-26","-98","-107","-125","0"
"149","238637.6626934","1184.2727","690","-381","-2132","146","-44","-105","-119","-104","0"
"150","238637.6676564","1184.2776","680","-411","-1038","158","-73","-95","-126","-91","0"
"151","238637.6755018","1184.2855","344","-575","-2115","217","-60","-81","-175","-85","0"
"152","238637.6802076","1184.2902","231","-817","-1226","239","-35","-84","-187","-77","0"
"153","238637.6836777","1184.2937","328","-962","-427","247","-36","-86","-161","-53","0"
"154","238637.6874872","1184.2975","160","-1060","-445","245","-66","-79","-131","-11","0"
"155","238637.6901137","1184.3001","126","-877","70","244","-105","-82","-107","13","0"
"156","238637.6952769","1184.3053","90","-806","-619","268","-102","-69","-72","40","0"
"157","238637.6984276","1184.3084","18","-837","80","282","-102","-75","-106","57","0"
"158","238637.7009932","1184.3110","-56","-852","634","279","-106","-80","-105","63","0"
"159","238637.7035977","1184.3136","10","-802","-150","248","-102","-57","-96","39","0"
"160","238637.7065654","1184.3165","0","-934","-239","235","-99","-56","-85","-16","0"
"161","238637.7090398","1184.3190","-170","-1124","-1022","262","-97","-50","-114","-40","0"
"162","238637.7114595","1184.3214","-124","-1040","-252","259","-112","-22","-107","-44","0"
"163","238637.7140752","1184.3241","-145","-968","-105","210","-124","-34","-92","-75","0"
"164","238637.7164594","1184.3264","-96","-977","-530","235","-114","-80","-109","-126","0"
"165","238637.7188851","1184.3289","-117","-989","-149","247","-92","-93","-148","-129","0"
"166","238637.7233261","1184.3333","-219","-970","-966","263","-111","-93","-174","-157","0"
"167","238637.7276103","1184.3376","-105","-807","-1031","264","-152","-94","-163","-150","0"
"168","238637.7312728","1184.3413","-152","-852","-641","251","-149","-94","-129","-97","0"
"169","238637.7554566","1184.3654","-328","-939","-1022","290","-147","-113","-88","-65","0"
"170","238637.758315","1184.3683","-382","-1032","-704","294","-141","-147","-79","-11","0"
"171","238637.7622794","1184.3723","-214","-1085","-1047","255","-146","-169","-85","9","0"
"172","238637.7675381","1184.3775","-137","-1113","-206","221","-120","-171","-76","53","0"
"173","238637.7759966","1184.3860","60","-975","858","194","-88","-162","-67","80","0"
"174","238637.7794687","1184.3895","-22","-984","709","164","-78","-117","-15","90","0"
"175","238637.7949124","1184.4049","-224","-1053","880","180","-40","-121","42","43","0"
"176","238637.7985894","1184.4086","-329","-1060","287","194","-44","-139","43","1","0"
"177","238637.805455","1184.4154","-438","-1076","11","202","-61","-151","32","-81","0"
"178","238637.817168","1184.4272","-359","-1031","-165","195","-61","-134","38","-112","0"
"179","238637.821879","1184.4319","-307","-1041","-156","167","-18","-126","55","-94","0"
"180","238637.8257753","1184.4358","-37","-915","174","163","-8","-113","52","-39","0"
"181","238637.8289142","1184.4389","-152","-855","-384","191","-27","-65","55","-39","0"
"182","238637.8323346","1184.4423","10","-950","-127","167","-51","-42","24","-11","0"
"183","238637.8346833","1184.4447","-32","-935","-188","117","-62","-36","24","-32","0"
"184","238637.8619677","1184.4720","51","-791","-231","91","-56","-16","22","1","0"
"185","238637.8653483","1184.4753","240","-637","-94","108","-48","-5","21","52","0"
"186","238637.8709211","1184.4809","119","-680","-713","94","-38","-24","-6","113","0"
"187","238637.9028123","1184.5128","122","-635","20","85","-39","-43","-11","157","0"
"188","238637.9088783","1184.5189","125","-604","1124","64","-29","-63","18","207","0"
"189","238637.9179805","1184.5280","216","-453","1188","31","-9","-54","22","240","0"
"190","238637.9331203","1184.5431","145","-416","998","-13","-25","-41","32","286","0"
"191","238637.9369138","1184.5469","12","-438","1015","-32","-53","-68","27","349","0"
"192","238637.9426767","1184.5527","-24","-300","968","-35","-48","-35","68","351","0"
"193","238637.9530937","1184.5631","222","-280","1163","-39","-55","-26","68","336","0"
"194","238637.9638501","1184.5738","298","-420","734","-42","-60","-32","31","298","0"
"195","238637.9739725","1184.5840","76","-666","647","-3","-33","-17","10","267","0"
"196","238637.9876643","1184.5976","-244","-691","556","39","35","-7","-7","213","0"
"197","238637.9943428","1184.6043","-145","-624","730","37","31","-17","-12","121","0"
"198","238638.0067351","1184.6167","-38","-505","783","19","-24","-36","-10","65","0"
"199","238638.0223267","1184.6323","-2","-418","443","41","-28","-50","-27","9","0"
"200","238638.0303524","1184.6403","-84","-583","-268","67","13","-47","-22","34","0"
"201","238638.0474285","1184.6574","-38","-588","-992","80","-7","-62","-38","42","0"
"202","238638.0559437","1184.6659","15","-489","-668","79","-18","-87","-42","43","0"
"203","238638.0624728","1184.6725","77","-347","123","86","19","-70","-48","16","0"
"204","238638.0701155","1184.6801","103","-354","-224","100","30","-60","-19","-12","0"
"205","238638.0749986","1184.6850","190","-229","19","107","1","-71","-20","-10","0"
"206","238638.0786389","1184.6886","-4","-303","-327","147","-29","-66","-35","-15","0"
"207","238638.0814166","1184.6914","191","-221","-44","157","-8","-86","-49","-10","0"
"208","238638.084285","1184.6943","141","-319","-7","142","-28","-99","-26","-7","0"
"209","238638.0867711","1184.6968","60","-374","-86","106","-27","-105","-23","-7","0"
"210","238638.089467","1184.6995","116","-300","-146","111","-4","-83","-66","-43","0"
"211","238638.0921808","1184.7022","338","-242","-199","132","15","-49","-76","-50","0"
"212","238638.0954088","1184.7054","475","-321","83","119","29","-32","-66","-87","0"
"213","238638.1070352","1184.7170","607","-424","172","131","42","2","-61","-70","0"
"214","238638.1109329","1184.7209","743","-612","79","135","44","6","-50","-62","0"
"215","238638.1143104","1184.7243","911","-538","-63","147","41","30","-41","-44","0"
"216","238638.1167033","1184.7267","765","-553","-702","163","27","38","-58","-2","0"
"217","238638.1332856","1184.7433","656","-667","-932","139","20","16","-48","5","0"
"218","238638.1356057","1184.7456","723","-690","-702","112","9","-18","-21","-20","0"
"219","238638.1378911","1184.7479","592","-642","-808","90","-27","-16","-15","22","0"
"220","238638.1530122","1184.7630","484","-655","-1070","109","-42","17","-29","42","0"
"221","238638.1577044","1184.7677","183","-698","-1603","133","-6","49","-40","73","0"
"222","238638.1608202","1184.7708","276","-657","-1603","153","24","38","-21","175","0"
"223","238638.1711752","1184.7812","582","-638","-953","135","14","12","-29","251","0"
"224","238638.1744654","1184.7844","907","-601","-382","97","15","-4","-34","277","0"
"225","238638.1771359","1184.7871","788","-701","-474","108","-45","7","-32","307","0"
"226","238638.2124329","1184.8224","715","-645","-884","104","-56","2","-41","334","0"
"227","238638.2201781","1184.8302","515","-721","-624","114","-44","-18","-56","362","0"
"228","238638.225848","1184.8358","458","-701","-114","146","-35","-27","-24","402","0"
"229","238638.2368941","1184.8469","335","-874","-373","159","-40","-35","-18","432","0"
"230","238638.2398689","1184.8499","380","-669","-188","140","-58","-24","-2","460","0"
"231","238638.244548","1184.8545","412","-639","-453","118","-60","-29","46","455","0"
"232","238638.2488412","1184.8588","486","-704","141","106","-69","-50","60","456","0"
"233","238638.2523733","1184.8624","340","-637","729","104","-31","-60","55","408","0"
"234","238638.2553178","1184.8653","544","-454","21","118","-48","-29","65","385","0"
"235","238638.2735829","1184.8836","675","-408","-116","98","-56","-21","61","385","0"
"236","238638.2780096","1184.8880","430","-580","-976","105","-42","-39","55","373","0"
"237","238638.2823791","1184.8924","390","-580","-605","119","-47","-65","67","365","0"
"238","238638.3259358","1184.9359","548","-620","-112","123","-37","-72","50","325","0"
"239","238638.3361923","1184.9462","496","-741","123","118","-23","-57","18","278","0"
"240","238638.3423277","1184.9523","326","-920","15","132","18","-70","5","260","0"
"241","238638.3495111","1184.9595","341","-768","-979","132","-7","-40","15","245","0"
"242","238638.3589275","1184.9689","247","-714","-813","137","-12","-17","13","169","0"
"243","238638.3727951","1184.9828","69","-744","-314","138","-7","-32","-8","127","0"
"244","238638.3861847","1184.9962","261","-650","280","158","8","-11","6","103","0"
"245","238638.3996647","1185.0096","217","-622","659","172","0","42","6","69","0"
"246","238638.4028857","1185.0129","124","-686","-94","188","45","52","10","21","0"
"247","238638.4075998","1185.0176","198","-699","-262","178","96","25","39","38","0"
"248","238638.414739","1185.0247","395","-623","-179","155","114","23","34","27","0"
"249","238638.4375297","1185.0475","391","-579","-381","195","88","40","5","-7","0"
"250","238638.447513","1185.0575","428","-542","-921","206","80","103","-3","-40","0"
"251","238638.4532312","1185.0632","338","-465","-1414","193","90","152","-26","-39","0"
"252","238638.4606173","1185.0706","321","-480","-1457","179","103","151","-32","-77","0"
"253","238638.465243","1185.0752","345","-575","-1503","156","90","102","-32","-127","0"
"254","238638.469291","1185.0793","454","-485","-1413","137","85","87","-63","-136","0"
"255","238638.4714921","1185.0815","586","-581","-1104","106","72","91","-62","-149","0"
"256","238638.4747863","1185.0848","454","-556","-1117","90","42","101","-52","-184","0"
"257","238638.4772825","1185.0873","375","-501","-851","62","30","94","-53","-207","0"
"258","238638.4795989","1185.0896","455","-482","-958","42","38","100","-79","-211","0"
"259","238638.4824474","1185.0924","435","-549","-1449","17","76","101","-105","-216","0"
"260","238638.4852025","1185.0952","424","-649","-1254","16","101","100","-95","-207","0"
"261","238638.487856","1185.0978","365","-772","-1587","33","157","74","-90","-182","0"
"262","238638.4906813","1185.1007","471","-742","-1454","44","200","87","-83","-182","0"
"263","238638.493409","1185.1034","535","-555","-1064","61","214","64","-79","-191","0"
"264","238638.4973356","1185.1073","473","-762","-1467","57","174","65","-64","-188","0"
"265","238638.5123073","1185.1223","541","-716","-1139","60","174","65","-30","-198","0"
"266","238638.5146666","1185.1246","606","-830","-1465","47","191","82","2","-209","0"
"267","238638.5177345","1185.1277","546","-808","-1755","57","188","73","6","-272","0"
"268","238638.5332685","1185.1433","580","-714","-1697","48","173","37","26","-265","0"
"269","238638.535563","1185.1455","626","-578","-1684","78","158","39","43","-220","0"
"270","238638.5384561","1185.1484","588","-489","-1372","71","206","44","14","-186","0"
"271","238638.5521016","1185.1621","261","-468","-1273","70","207","33","24","-161","0"
"272","238638.5543403","1185.1643","312","-308","-239","91","212","16","46","-109","0"
"273","238638.5565946","1185.1666","473","-209","390","80","201","29","42","-60","0"
"274","238638.5837699","1185.1938","435","-252","551","25","203","12","42","-44","0"
"275","238638.5862934","1185.1963","290","-297","265","25","194","-47","49","-52","0"
"276","238638.5895592","1185.1995","195","-382","-386","24","172","-58","67","-81","0"
"277","238638.6130641","1185.2230","83","-397","-423","24","155","-44","47","-141","0"
"278","238638.6162128","1185.2262","68","-327","400","56","141","-35","48","-177","0"
"279","238638.6190715","1185.2291","-26","-432","650","100","161","-44","63","-164","0"
"280","238638.6339958","1185.2440","-222","-632","866","105","126","-41","60","-162","0"
"281","238638.6367192","1185.2467","-435","-741","582","61","110","-48","38","-177","0"
"282","238638.6394445","1185.2494","-486","-617","1008","77","91","-63","11","-213","0"
"283","238638.6925097","1185.3025","-489","-514","1317","79","104","-32","19","-230","0"
"284","238638.6955647","1185.3055","-534","-515","1146","70","93","-53","-12","-228","0"
"285","238638.6988355","1185.3088","-554","-592","978","58","100","-31","-20","-169","0"
"286","238638.7028086","1185.3128","-652","-632","663","64","67","-14","-4","-145","0"
"287","238638.7058848","1185.3159","-501","-652","1149","76","20","4","45","-102","0"
"288","238638.7084652","1185.3184","-279","-705","1443","44","37","9","88","-69","0"
"289","238638.7112085","1185.3212","-254","-736","861","1","74","24","70","-9","0"
"290","238638.7138164","1185.3238","-254","-663","1043","-23","74","8","59","-17","0"
"291","238638.716256","1185.3262","-307","-625","1079","-21","75","2","30","-32","0"
"292","238638.7192889","1185.3293","-225","-742","774","-10","94","2","46","-17","0"
"293","238638.7217827","1185.3318","-50","-778","1038","-12","79","4","33","-7","0"
"294","238638.7242361","1185.3342","-15","-751","373","-5","37","48","2","-4","0"
"295","238638.7445439","1185.3545","-124","-699","-27","-4","-20","59","-22","27","0"
"296","238638.7476624","1185.3576","-323","-789","-776","-8","-31","72","5","23","0"
"297","238638.7506454","1185.3606","-130","-740","-828","-34","-20","71","11","26","0"
"298","238638.7768118","1185.3868","-100","-650","-1053","-40","-32","59","-18","8","0"
"299","238638.7800083","1185.3900","-223","-608","-1807","-43","-43","39","13","-12","0"
"300","238638.7814806","1185.3915","-130","-762","-1730","-65","-51","40","22","-41","0"
"301","238638.7928884","1185.4029","-59","-819","-1937","-92","-88","72","7","-1","0"
"302","238638.7954567","1185.4054","-155","-817","-1797","-141","-114","67","-6","53","0"
"303","238638.7984615","1185.4084","-15","-860","-1743","-130","-102","83","7","118","0"
"304","238638.8197306","1185.4297","112","-963","-2224","-123","-80","75","3","153","0"
"305","238638.8221447","1185.4321","76","-904","-1958","-126","-84","132","38","208","0"
"306","238638.824747","1185.4347","-220","-905","-2715","-99","-75","122","73","279","0"
"307","238638.8467452","1185.4567","-34","-1000","-2612","-76","-75","103","108","342","0"
"308","238638.8494539","1185.4594","137","-975","-2297","-82","-71","108","130","353","0"
"309","238638.8519205","1185.4619","207","-852","-2786","-127","-78","113","129","393","0"
"310","238638.8656838","1185.4757","364","-711","-2563","-124","-63","115","141","459","0"
"311","238638.8688153","1185.4788","272","-754","-3042","-104","-54","127","164","504","0"
"312","238638.8725686","1185.4826","205","-935","-3218","-93","-83","108","184","533","0"
"313","238638.8835281","1185.4935","154","-913","-2912","-89","-71","82","184","592","0"
"314","238638.8860821","1185.4961","229","-950","-2816","-101","-81","70","172","612","0"
"315","238638.8888198","1185.4988","206","-1038","-2599","-129","-82","68","180","612","0"
"316","238638.9119405","1185.5219","266","-1146","-2842","-147","-70","94","224","594","0"
"317","238638.9152594","1185.5252","298","-991","-3075","-163","-55","137","228","571","0"
"318","238638.9323651","1185.5423","370","-1016","-3212","-149","-64","150","247","531","0"
"319","238638.9392344","1185.5492","391","-1147","-3712","-160","-72","140","263","415","0"
"320","238638.9425248","1185.5525","526","-1147","-3605","-117","-67","113","247","341","0"
"321","238638.9457454","1185.5557","554","-1169","-4090","-100","-97","85","251","347","0"
"322","238638.95642","1185.5664","452","-1120","-3657","-95","-78","81","267","339","0"
"323","238638.9595663","1185.5695","263","-1139","-3043","-109","-88","57","249","301","0"
"324","238638.9641718","1185.5742","5","-1277","-3266","-69","-78","18","254","279","0"
"325","238639.0202453","1185.6302","-134","-1371","-2701","-27","-99","19","268","220","0"
"326","238639.0248895","1185.6349","-301","-1278","-3106","0","-86","39","244","177","0"
"327","238639.0291334","1185.6391","-330","-1234","-2930","-21","-74","71","223","209","0"
"328","238639.0382165","1185.6482","-61","-1228","-2354","-38","-61","57","209","229","0"
"329","238639.0406631","1185.6506","-160","-1171","-2760","-42","-63","64","179","222","0"
"330","238639.0430521","1185.6530","-112","-1133","-2690","-41","-45","52","151","198","0"
"331","238639.0465904","1185.6566","-268","-1149","-2729","-61","-15","38","129","201","0"
"332","238639.0491525","1185.6591","-172","-1174","-2685","-39","-18","15","124","236","0"
"333","238639.0523059","1185.6623","-221","-986","-2069","-51","1","0","103","243","0"
"334","238639.0694294","1185.6794","-114","-949","-1918","-40","12","-34","97","236","0"
"335","238639.0737489","1185.6837","18","-915","-1817","-8","35","-47","81","236","0"
"336","238639.0766198","1185.6866","-261","-1074","-2292","-12","58","-10","61","184","0"
"337","238639.0825643","1185.6925","-220","-999","-2720","4","48","-16","62","189","0"
"338","238639.0872299","1185.6972","-16","-895","-2492","12","34","2","62","231","0"
"339","238639.0928238","1185.7028","-83","-900","-2538","-18","48","25","61","241","0"
"340","238639.1125269","1185.7225","-261","-896","-1953","-34","55","21","45","194","0"
"341","238639.1149761","1185.7250","-304","-829","-2286","-28","74","15","58","200","0"
"342","238639.1173745","1185.7274","-324","-741","-2450","-24","66","18","54","218","0"
"343","238639.1304887","1185.7405","-66","-699","-2173","-35","47","-6","33","265","0"
"344","238639.132908","1185.7429","178","-705","-2126","-76","48","7","21","268","0"
"345","238639.1358744","1185.7459","115","-722","-2044","-104","82","37","35","289","0"
"346","238639.1685711","1185.7786","-260","-884","-2345","-108","78","20","45","325","0"
"347","238639.17162","1185.7816","-88","-969","-1862","-89","68","-8","59","332","0"
"348","238639.175456","1185.7854","158","-985","-1265","-79","36","-17","92","377","0"
"349","238639.2106988","1185.8207","-108","-1018","-1548","-82","23","-9","95","396","0"
"350","238639.2205507","1185.8305","-57","-951","-1482","-81","19","-6","109","392","0"
"351","238639.2340829","1185.8441","125","-870","-2341","-119","25","-32","134","355","0"
"352","238639.2707744","1185.8808","291","-865","-2699","-158","11","-59","185","396","0"
"353","238639.2785388","1185.8885","400","-967","-2522","-130","-9","-77","178","446","0"
"354","238639.2861877","1185.8962","343","-1005","-2640","-158","-34","-55","165","443","0"
"355","238639.2920451","1185.9020","330","-1029","-2406","-145","-52","-71","182","436","0"
"356","238639.2974123","1185.9074","251","-1060","-2511","-130","-25","-57","203","436","0"
"357","238639.3049203","1185.9149","224","-1072","-2272","-100","15","-45","159","388","0"
"358","238639.3172292","1185.9272","188","-952","-2475","-66","44","-73","108","338","0"
"359","238639.3271873","1185.9372","71","-863","-3127","-13","60","-49","97","290","0"
"360","238639.3308338","1185.9408","-22","-877","-3810","64","89","-38","69","258","0"
"361","238639.3337716","1185.9438","-49","-934","-4490","99","109","-70","36","238","0"
"362","238639.3360706","1185.9461","106","-798","-4707","73","131","-108","5","200","0"
"363","238639.3383653","1185.9483","265","-755","-4309","53","114","-135","23","129","0"
"364","238639.3416178","1185.9516","274","-871","-4547","45","132","-145","35","89","0"
"365","238639.3441754","1185.9542","51","-980","-4371","56","124","-153","29","43","0"
"366","238639.3465971","1185.9566","-143","-1123","-4766","54","104","-144","17","78","0"
"367","238639.3494","1185.9594","-196","-1037","-4852","49","80","-168","-15","140","0"
"368","238639.3518179","1185.9618","-169","-969","-4302","46","66","-156","-23","134","0"
"369","238639.3541989","1185.9642","-305","-937","-4820","70","73","-179","-18","124","0"
"370","238639.3630652","1185.9730","-310","-925","-4807","83","79","-169","6","155","0"
"371","238639.3658418","1185.9758","-140","-845","-4973","91","59","-189","29","132","0"
"372","238639.3683493","1185.9783","-124","-858","-5090","84","18","-188","75","139","0"
"373","238639.390939","1186.0009","-110","-767","-4820","66","3","-182","71","164","0"
"374","238639.3934853","1186.0035","60","-754","-5278","50","0","-187","51","140","0"
"375","238639.3958907","1186.0059","175","-724","-5272","69","26","-218","34","92","0"
"376","238639.4448544","1186.0548","107","-711","-5119","72","38","-230","28","46","0"
"377","238639.4473923","1186.0574","-73","-713","-5393","63","24","-230","20","-40","0"
"378","238639.4503331","1186.0603","10","-677","-5314","39","34","-227","30","-104","0"
"379","238639.4602467","1186.0702","-78","-719","-5610","11","26","-213","-1","-122","0"
"380","238639.4728572","1186.0828","-160","-599","-5256","-5","32","-220","-35","-178","0"
"381","238639.4777559","1186.0877","-215","-597","-5535","24","11","-199","-55","-233","0"
"382","238639.4847427","1186.0947","-72","-617","-5479","62","14","-189","-48","-255","0"
"383","238639.495003","1186.1050","76","-676","-5574","67","17","-157","-44","-280","0"
"384","238639.4988635","1186.1088","93","-595","-5605","78","0","-147","-61","-318","0"
"385","238639.5029569","1186.1129","-5","-642","-5527","120","-9","-157","-70","-333","0"
"386","238639.5266668","1186.1367","-109","-572","-5605","143","-6","-145","-62","-365","0"
"387","238639.5309621","1186.1409","-74","-568","-5647","145","-4","-123","-52","-400","0"
"388","238639.5355511","1186.1455","-54","-577","-5522","181","-11","-73","-41","-410","0"
"389","238639.5421836","1186.1522","-134","-517","-5673","167","-33","-85","-22","-366","0"
"390","238639.5489248","1186.1589","-14","-527","-5677","150","-42","-125","-21","-375","0"
"391","238639.5551189","1186.1651","107","-587","-5544","160","-22","-140","-35","-348","0"
"392","238639.5608711","1186.1709","297","-486","-5485","182","21","-111","-25","-323","0"
"393","238639.5657226","1186.1757","540","-363","-5053","190","29","-78","-16","-326","0"
"394","238639.5698543","1186.1798","570","-532","-5556","233","22","-74","-20","-318","0"
"395","238639.5727178","1186.1827","684","-560","-5233","225","22","-75","-8","-294","0"
"396","238639.5775232","1186.1875","491","-566","-5449","210","-7","-47","-11","-243","0"
"397","238639.5818583","1186.1918","354","-558","-5179","194","-13","-26","-34","-218","0"
"398","238639.5845244","1186.1945","430","-578","-4246","202","23","-10","-15","-223","0"
"399","238639.5869616","1186.1969","337","-605","-4084","186","-5","27","1","-178","0"
"400","238639.5897296","1186.1997","280","-578","-4066","156","-29","74","-14","-128","0"
"401","238639.5925834","1186.2026","229","-436","-4097","133","-33","58","22","-85","0"
"402","238639.5951501","1186.2051","327","-320","-4042","138","16","46","17","-71","0"
"403","238639.6100314","1186.2200","394","-414","-3786","120","30","42","21","-43","0"
"404","238639.6120359","1186.2220","300","-572","-4087","141","55","44","11","-27","0"
"405","238639.6145133","1186.2245","263","-620","-3973","143","9","57","-9","-10","0"
"406","238639.6295652","1186.2395","278","-707","-4146","106","4","46","-12","9","0"
"407","238639.6321589","1186.2421","305","-708","-4315","88","20","66","12","21","0"
"408","238639.6346227","1186.2446","246","-702","-3687","97","32","85","53","-15","0"
"409","238639.6529689","1186.2630","110","-647","-4035","94","63","72","81","-21","0"
"410","238639.6554637","1186.2654","-34","-619","-3644","122","66","53","89","-34","0"
"411","238639.6579248","1186.2679","241","-561","-3711","127","48","56","45","-52","0"
"412","238639.6795811","1186.2896","396","-559","-3405","153","10","69","54","-75","0"
"413","238639.6821591","1186.2921","645","-541","-3459","178","-16","73","51","-23","0"
"414","238639.6845712","1186.2946","738","-541","-3514","158","-34","49","57","13","0"
"415","238639.7141821","1186.3242","736","-563","-3655","145","-31","38","51","51","0"
"416","238639.7168525","1186.3268","708","-602","-3761","105","-11","47","49","86","0"
"417","238639.7191911","1186.3292","876","-555","-3543","87","-2","47","56","66","0"
"418","238639.740392","1186.3504","1008","-614","-3378","89","-25","50","64","69","0"
"419","238639.7430768","1186.3531","1097","-675","-3222","116","-51","31","75","61","0"
"420","238639.7456299","1186.3556","1178","-586","-2743","118","-38","19","112","49","0"
"421","238639.7917833","1186.4018","993","-645","-2841","109","-54","20","84","51","0"
"422","238639.7949133","1186.4049","1087","-661","-3037","82","-64","36","77","16","0"
"423","238639.7976812","1186.4077","925","-744","-3197","89","-48","51","62","4","0"
"424","238639.8007703","1186.4108","732","-739","-3522","100","-13","82","15","-18","0"
"425","238639.8038546","1186.4138","797","-490","-3378","134","-9","71","-39","-15","0"
"426","238639.8062566","1186.4162","841","-301","-3789","170","-37","21","-34","-19","0"
"427","238639.8089551","1186.4189","801","-254","-3566","200","-52","55","-41","-23","0"
"428","238639.8118286","1186.4218","779","-241","-3297","230","-43","64","-71","-29","0"
"429","238639.8144379","1186.4244","857","-92","-3757","275","-82","28","-105","14","0"
"430","238639.8301579","1186.4401","904","-93","-4210","293","-97","1","-93","68","0"
"431","238639.8324419","1186.4424","735","-130","-3364","244","-87","-7","-69","47","0"
"432","238639.8346404","1186.4446","502","-239","-3094","229","-87","-29","-47","40","0"
"433","238639.843594","1186.4536","357","-403","-3151","240","-68","-23","-48","12","0"
"434","238639.8460639","1186.4560","291","-531","-3828","256","-56","-4","-57","-20","0"
"435","238639.8484237","1186.4584","134","-487","-3571","300","-42","-13","-86","-42","0"
"436","238639.8779236","1186.4879","152","-319","-3976","307","-3","-40","-108","-68","0"
"437","238639.8800079","1186.4900","304","-397","-3663","298","12","-58","-69","-102","0"
"438","238639.8814126","1186.4914","248","-398","-3158","285","14","-37","-59","-125","0"
"439","238639.9008693","1186.5109","140","-443","-3158","282","-17","-28","-41","-131","0"
"440","238639.9090225","1186.5190","183","-417","-3227","277","-17","-53","-15","-162","0"
"441","238639.9150324","1186.5250","109","-350","-3704","305","-18","-46","7","-184","0"
"442","238639.9392564","1186.5492","-41","-289","-3767","319","17","-54","-29","-165","0"
"443","238639.9493587","1186.5593","122","-171","-3957","294","14","-48","-54","-174","0"
"444","238639.9574324","1186.5674","1","-228","-4468","250","39","-21","-53","-221","0"
"445","238639.9613964","1186.5714","-165","-404","-4641","257","70","23","-50","-255","0"
"446","238639.9647042","1186.5747","-278","-364","-4959","261","64","29","-28","-262","0"
"447","238639.9673059","1186.5773","-154","-156","-4798","260","43","30","-47","-283","0"
"448","238639.9701225","1186.5801","-68","-160","-4512","260","40","41","-52","-297","0"
"449","238639.9724877","1186.5825","-171","-240","-4880","264","51","37","-76","-311","0"
"450","238639.9748742","1186.5849","-132","-181","-4456","254","48","-7","-56","-322","0"
"451","238639.9953348","1186.6053","-162","-297","-4574","222","29","-25","-34","-285","0"
"452","238639.9990508","1186.6090","-240","-445","-4681","203","30","-55","-3","-245","0"
"453","238640.0021091","1186.6121","-216","-321","-3871","197","14","-57","-10","-197","0"
"454","238640.0184997","1186.6285","-335","-348","-4263","177","14","-55","-60","-153","0"
"455","238640.0438852","1186.6539","-222","-201","-3865","146","58","-70","-93","-83","0"
"456","238640.0501284","1186.6601","-299","-244","-3982","120","126","-97","-100","-58","0"
"457","238640.0629235","1186.6729","-378","-263","-4213","120","139","-125","-61","-58","0"
"458","238640.0664279","1186.6764","-551","-441","-4009","128","143","-140","-47","-87","0"
"459","238640.069066","1186.6790","-434","-354","-3989","172","152","-121","-54","-109","0"
"460","238640.1115313","1186.7215","-238","-247","-3423","193","131","-85","-46","-153","0"
"461","238640.1143591","1186.7243","-330","-179","-3449","176","107","-99","-65","-193","0"
"462","238640.1170731","1186.7271","-316","-5","-3834","193","119","-113","-42","-256","0"
"463","238640.1394159","1186.7494","-205","-4","-3410","209","153","-123","-31","-261","0"
"464","238640.1418949","1186.7519","-447","-77","-3234","206","167","-103","-2","-283","0"
"465","238640.1445294","1186.7545","-696","-46","-3402","204","123","-71","-4","-287","0"
"466","238640.1530052","1186.7630","-667","133","-4585","214","87","-27","-31","-269","0"
"467","238640.1555105","1186.7655","-595","199","-5229","195","105","-7","-40","-220","0"
"468","238640.1578731","1186.7679","-475","338","-4893","176","108","17","-10","-153","0"
"469","238640.1606794","1186.7707","-586","243","-5350","153","133","6","-39","-141","0"
"470","238640.1642879","1186.7743","-552","197","-5476","132","123","3","-48","-165","0"
"471","238640.1688878","1186.7789","-760","51","-6331","145","82","25","-11","-173","0"
"472","238640.1740832","1186.7841","-790","2","-6694","141","68","22","2","-146","0"
"473","238640.1797291","1186.7897","-680","136","-6972","137","78","61","-14","-132","0"
"474","238640.1855816","1186.7956","-674","161","-8225","125","84","113","-7","-153","0"
"475","238640.1994384","1186.8094","-639","336","-8552","150","129","117","13","-148","0"
"476","238640.2064141","1186.8164","-891","311","-8850","168","155","90","40","-91","0"
"477","238640.2201358","1186.8301","-774","328","-9013","159","160","76","50","-59","0"
"478","238640.2333757","1186.8434","-788","239","-9404","160","216","89","51","-68","0"
"479","238640.244809","1186.8548","-946","148","-9982","145","217","83","53","-15","0"
"480","238640.2555812","1186.8656","-969","72","-9986","164","209","68","62","-41","0"
"481","238640.2718247","1186.8818","-972","142","-10949","163","216","56","56","-75","0"
"482","238640.2923189","1186.9023","-874","316","-11834","164","204","36","62","-108","0"
"483","238640.3111962","1186.9212","-837","455","-11971","172","162","46","91","-133","0"
"484","238640.3264945","1186.9365","-1098","517","-12087","171","159","55","128","-142","0"
"485","238640.3384611","1186.9484","-1247","443","-11927","142","123","87","151","-120","0"
"486","238640.3465269","1186.9565","-1319","298","-12151","123","110","101","164","-90","0"
"487","238640.3561036","1186.9661","-1141","121","-11811","98","117","110","139","-79","0"
"488","238640.3745903","1186.9846","-904","143","-10524","93","125","113","78","-28","0"
"489","238640.3801457","1186.9901","-914","148","-9894","84","104","142","49","6","0"
"490","238640.3866346","1186.9966","-893","102","-9588","61","63","179","9","38","0"
"491","238640.3929625","1187.0029","-709","109","-8498","9","59","165","25","59","0"
"492","238640.397714","1187.0077","-754","93","-7573","-8","63","143","29","81","0"
"493","238640.4046681","1187.0147","-730","210","-6640","-31","55","124","35","77","0"
"494","238640.41126","1187.0212","-727","275","-6329","-41","35","74","7","64","0"
"495","238640.4199305","1187.0299","-863","201","-6295","-34","37","51","12","83","0"
"496","238640.4252858","1187.0353","-969","63","-6992","-3","28","36","24","102","0"
"497","238640.4334061","1187.0434","-954","93","-6668","5","56","60","38","141","0"
"498","238640.4413811","1187.0514","-904","-33","-5690","5","69","43","11","137","0"
"499","238640.4537973","1187.0638","-853","-112","-5441","-11","68","17","-19","145","0"
"500","238640.4568241","1187.0668","-745","3","-5161","10","46","14","-32","173","0"
"501","238640.4609137","1187.0709","-794","56","-4494","1","24","2","-13","153","0"
"502","238640.465277","1187.0753","-652","89","-3951","-18","54","-8","-17","114","0"
"503","238640.468453","1187.0784","-623","83","-3115","-14","52","-3","-21","98","0"
"504","238640.4709532","1187.0809","-779","109","-3019","-25","31","-11","-11","109","0"
"505","238640.4738262","1187.0838","-943","101","-3167","-20","1","-13","-17","95","0"
"506","238640.4762139","1187.0862","-1126","60","-3076","10","-13","5","-38","111","0"
"507","238640.4796378","1187.0896","-1165","-35","-2481","25","-8","-17","-40","154","0"
"508","238640.4879042","1187.0979","-1079","-28","-1863","-38","-8","-15","-40","204","0"
"509","238640.4905924","1187.1006","-1090","-11","-1821","-44","-9","-20","-29","242","0"
"510","238640.4930504","1187.1030","-1033","-15","-1759","-59","7","9","-21","268","0"
"511","238640.5015887","1187.1116","-1249","-201","-1730","-47","17","16","-34","284","0"
"512","238640.5045337","1187.1145","-1136","-148","-1617","-42","-14","-10","-49","296","0"
"513","238640.5072212","1187.1172","-1199","-144","-893","-51","0","-27","-9","320","0"
"514","238640.5107226","1187.1207","-1191","-168","-1410","-81","18","-8","-8","356","0"
"515","238640.5133841","1187.1234","-1272","-76","-1366","-59","39","-17","-26","372","0"
"516","238640.51563","1187.1256","-1324","37","-2030","-37","16","-66","-9","338","0"
"517","238640.5207745","1187.1308","-1334","-14","-1944","-50","-16","-51","26","338","0"
"518","238640.5232717","1187.1333","-1245","-185","-845","-84","-25","-68","19","364","0"
"519","238640.5271065","1187.1371","-1108","-321","-579","-111","-57","-50","4","363","0"
"520","238640.5462151","1187.1562","-1130","-246","-955","-125","-15","-52","20","359","0"
"521","238640.5479212","1187.1579","-863","-178","-1426","-124","4","-56","45","360","0"
"522","238640.5508238","1187.1608","-678","-125","-811","-177","17","-55","54","389","0"
"523","238640.5802927","1187.1903","-257","-41","85","-190","23","-49","68","444","0"
"524","238640.5829205","1187.1929","-665","-70","366","-197","23","-27","97","465","0"
"525","238640.5854156","1187.1954","-742","-23","207","-221","19","-44","131","498","0"
"526","238640.5966928","1187.2067","-332","42","-325","-258","29","-32","143","494","0"
"527","238640.5991818","1187.2092","920","95","214","-290","30","-5","168","472","0"
"528","238640.6014378","1187.2114","-778","52","1175","-289","-4","5","176","454","0"
"529","238640.6229624","1187.2329","-381","87","567","-308","-17","-38","165","522","0"
"530","238640.6255493","1187.2355","-719","101","856","-333","-10","-67","166","599","0"
"531","238640.6281575","1187.2381","-118","126","768","-346","14","-64","143","624","0"
"532","238640.6543703","1187.2644","-543","36","1236","-345","26","-23","152","643","0"
"533","238640.6626118","1187.2726","-102","8","1530","-344","30","-13","185","658","0"
"534","238640.6711432","1187.2811","558","-24","1852","-358","61","-24","190","639","0"
"535","238640.6766368","1187.2866","-1002","-363","867","-341","85","-13","218","616","0"
"536","238640.6810824","1187.2911","-587","6","1693","-335","63","-26","248","605","0"
"537","238640.6860201","1187.2960","556","7","1648","-350","81","-3","244","582","0"
"538","238640.7075474","1187.3175","-60","66","3335","-346","92","-3","201","561","0"
"539","238640.715437","1187.3254","-992","-47","1235","-313","118","4","209","534","0"
"540","238640.7232252","1187.3332","543","401","1893","-301","147","-13","244","524","0"
"541","238640.7281352","1187.3381","332","74","1642","-330","136","-17","255","542","0"
"542","238640.7368864","1187.3469","148","-145","-214","-344","101","-10","248","538","0"
"543","238640.740266","1187.3502","-1301","-96","1430","-364","112","37","272","537","0"
"544","238640.7534835","1187.3635","1829","165","1553","-361","119","28","280","539","0"
"545","238640.7561828","1187.3662","346","85","1642","-370","103","16","276","468","0"
"546","238640.7590964","1187.3691","-606","312","2989","-332","105","30","268","436","0"
"547","238640.7699642","1187.3799","-801","167","1720","-311","125","19","287","437","0"
"548","238640.772339","1187.3823","-1975","-291","1813","-332","124","20","298","427","0"
"549","238640.7750184","1187.3850","1002","-78","1738","-330","109","27","291","411","0"
"550","238640.7965558","1187.4065","2923","234","1805","-336","131","11","248","387","0"
"551","238640.7992009","1187.4092","-1344","104","2330","-337","132","23","218","316","0"
"552","238640.8018507","1187.4118","-4235","-769","2089","-315","119","53","199","270","0"
"553","238640.8284","1187.4384","257","-489","972","-276","97","48","194","270","0"
"554","238640.831015","1187.4410","-341","6","2874","-276","94","47","196","244","0"
"555","238640.8334522","1187.4434","-990","-303","2370","-285","8","50","177","217","0"
"556","238640.849222","1187.4592","-3008","-543","1759","-297","-30","41","170","224","0"
"557","238640.8520419","1187.4620","-3548","-649","2391","-319","-32","20","147","203","0"
"558","238640.8634368","1187.4734","961","42","1927","-292","-1","19","179","177","0"
"559","238640.8776625","1187.4876","-474","-651","1955","-278","1","11","159","121","0"
"560","238640.8801911","1187.4902","-4177","-917","2892","-252","29","3","193","62","0"
"561","238640.8826263","1187.4926","-2839","-998","1114","-222","36","4","192","119","0"
"562","238640.8856968","1187.4957","-1870","-963","443","-235","28","-12","151","152","0"
"563","238640.888487","1187.4985","-1389","-828","869","-245","36","1","107","154","0"
"564","238640.8908667","1187.5009","-2046","-1081","991","-205","25","1","133","160","0"
"565","238640.9029791","1187.5130","-1427","-913","808","-199","27","56","115","168","0"
"566","238640.9064751","1187.5165","-2138","-1078","353","-206","24","78","112","172","0"
"567","238640.9117001","1187.5217","-2171","-948","-61","-214","23","94","102","178","0"
"568","238640.9314732","1187.5415","-1648","-1006","-33","-262","-8","90","95","163","0"
"569","238640.9336773","1187.5437","-1430","-853","-715","-273","-57","94","90","109","0"
"570","238640.9351906","1187.5452","-1241","-958","-519","-262","-70","77","68","112","0"
"571","238640.9545822","1187.5646","-1634","-999","-813","-299","-63","74","48","101","0"
"572","238640.957015","1187.5670","-1676","-943","-1147","-336","-65","87","44","86","0"
"573","238640.9593508","1187.5693","-883","-928","-1538","-320","-67","73","83","53","0"
"574","238640.9708312","1187.5808","-1213","-977","-2167","-278","-64","54","48","26","0"
"575","238640.9731087","1187.5831","-1239","-1229","-2888","-223","-62","48","49","39","0"
"576","238640.975356","1187.5853","-1240","-834","-2248","-204","-77","40","61","75","0"
"577","238641.0005047","1187.6105","-1283","-720","-2240","-197","-80","13","83","94","0"
"578","238641.0029214","1187.6129","-1079","-822","-2098","-209","-82","-4","71","98","0"
"579","238641.0061052","1187.6161","-1128","-733","-2487","-220","-57","0","53","89","0"
"580","238641.0302606","1187.6402","-1305","-745","-2391","-247","-50","-11","67","70","0"
"581","238641.0379653","1187.6479","-1012","-502","-2490","-245","-78","-19","112","53","0"
"582","238641.0455557","1187.6555","-765","-412","-2338","-252","-97","-21","93","92","0"
"583","238641.0528633","1187.6628","-446","-307","-2002","-259","-82","-17","51","88","0"
"584","238641.0580472","1187.6680","-734","-462","-2696","-297","-88","-4","29","45","0"
"585","238641.0661363","1187.6761","-540","-427","-3139","-292","-94","-30","28","17","0"
"586","238641.0699273","1187.6799","-474","-331","-3915","-262","-83","-39","27","41","0"
"587","238641.0728768","1187.6829","-444","-230","-3883","-266","-80","-55","34","53","0"
"588","238641.0758844","1187.6859","-504","-363","-3991","-274","-78","-58","18","29","0"
"589","238641.0909064","1187.7009","-673","-283","-5343","-311","-48","-61","4","35","0"
"590","238641.0929986","1187.7030","-622","-280","-6736","-288","-50","-61","33","40","0"
"591","238641.0947999","1187.7048","-865","-473","-8762","-271","-69","-46","34","54","0"
"592","238641.1362081","1187.7462","-962","-657","-10820","-275","-65","-56","70","42","0"
"593","238641.1392037","1187.7492","-960","-689","-12170","-266","-60","-46","105","65","0"
"594","238641.1407867","1187.7508","-913","-754","-13483","-271","-50","-31","140","105","0"
"595","238641.1428347","1187.7528","-576","-776","-14374","-314","-60","-25","106","76","0"
"596","238641.1454003","1187.7554","-881","-813","-15546","-278","-46","-60","105","68","0"
"597","238641.1478359","1187.7578","-930","-698","-16369","-241","-61","-39","110","107","0"
"598","238641.1640605","1187.7740","-916","-738","-16062","-280","-44","-52","123","102","0"
"599","238641.166353","1187.7763","-906","-660","-15943","-321","-66","-60","138","21","0"
"600","238641.1699224","1187.7799","-986","-658","-15984","-349","-94","-48","169","4","0"
"601","238641.201935","1187.8119","-920","-622","-15294","-361","-118","-14","134","14","0"
"602","238641.2062794","1187.8163","-1032","-562","-14470","-348","-125","-24","110","0","0"
"603","238641.2100039","1187.8200","-899","-579","-13586","-355","-127","-19","121","9","0"
"604","238641.226479","1187.8365","-877","-619","-12910","-359","-108","-36","125","-2","0"
"605","238641.2333692","1187.8434","-959","-727","-12401","-355","-96","-21","150","38","0"
"606","238641.2407417","1187.8507","-749","-589","-11682","-397","-119","-24","166","54","0"
"607","238641.2531203","1187.8631","-822","-696","-10720","-442","-140","-23","141","20","0"
"608","238641.265648","1187.8756","-874","-643","-9259","-439","-143","-38","136","22","0"
"609","238641.276815","1187.8868","-1028","-728","-8991","-436","-147","-28","195","11","0"
"610","238641.2964862","1187.9065","-995","-681","-8769","-433","-124","-22","215","43","0"
"611","238641.3013367","1187.9113","-1038","-630","-7954","-445","-114","-8","229","40","0"
"612","238641.3052718","1187.9153","-799","-374","-7159","-448","-128","-22","234","71","0"
"613","238641.3106448","1187.9206","-606","-235","-5893","-468","-130","-37","231","51","0"
"614","238641.3165822","1187.9266","-707","-324","-5629","-499","-117","-25","218","31","0"
"615","238641.3221557","1187.9321","-698","-199","-5198","-496","-116","-44","216","29","0"
"616","238641.3260409","1187.9360","-1026","-189","-5126","-497","-127","-69","208","65","0"
"617","238641.3289465","1187.9389","-987","-313","-4127","-527","-129","-104","199","76","0"
"618","238641.3313371","1187.9413","-844","-332","-2870","-574","-148","-123","189","52","0"
"619","238641.3361737","1187.9462","-709","-351","-2460","-579","-166","-110","166","35","0"
"620","238641.3401548","1187.9501","-516","-393","-1858","-580","-186","-109","152","51","0"
"621","238641.3430232","1187.9530","-418","-396","-1461","-574","-161","-97","151","35","0"
"622","238641.350986","1187.9610","-461","-367","-1381","-555","-161","-61","149","3","0"
"623","238641.3535984","1187.9636","-385","-296","-75","-537","-146","-54","115","33","0"
"624","238641.365236","1187.9752","-350","-318","631","-535","-129","-63","88","24","0"
"625","238641.3755999","1187.9856","-534","-307","804","-579","-112","-54","75","-16","0"
"626","238641.3770685","1187.9871","-743","-387","988","-614","-117","-50","75","-41","0"
"627","238641.3792859","1187.9893","-844","-376","1679","-633","-116","-38","34","-10","0"
"628","238641.4204432","1188.0304","-766","-424","2514","-622","-144","-36","37","34","0"
"629","238641.4238347","1188.0338","-832","-534","2249","-627","-177","-52","13","92","0"
"630","238641.4255955","1188.0356","-736","-583","3060","-656","-154","-70","29","144","0"
"631","238641.4530176","1188.0630","-941","-493","3465","-670","-103","-85","40","181","0"
"632","238641.4554262","1188.0654","-1081","-518","4085","-682","-90","-65","80","184","0"
"633","238641.4577972","1188.0678","-1134","-600","4315","-699","-90","-61","91","187","0"
"634","238641.4748559","1188.0848","-1064","-695","4133","-701","-97","-71","80","236","0"
"635","238641.4773163","1188.0873","-1027","-612","5021","-660","-114","-58","52","276","0"
"636","238641.4798112","1188.0898","-994","-703","5658","-650","-119","-49","77","336","0"
"637","238641.4890615","1188.0990","-990","-651","6420","-698","-96","-64","98","368","0"
"638","238641.4914767","1188.1015","-875","-648","6940","-745","-120","-79","121","384","0"
"639","238641.4938639","1188.1038","-964","-508","7052","-760","-142","-79","151","428","0"
"640","238641.5181282","1188.1281","-907","-442","6809","-752","-169","-77","182","463","0"
"641","238641.521938","1188.1319","-800","-344","6679","-749","-215","-68","188","458","0"
"642","238641.5253644","1188.1353","-820","-379","6974","-763","-239","-98","181","478","0"
"643","238641.5288472","1188.1388","-606","-208","7947","-771","-218","-117","174","505","0"
"644","238641.5320251","1188.1420","-705","-218","7417","-800","-211","-130","165","490","0"
"645","238641.5354467","1188.1454","-771","-253","7273","-814","-203","-142","192","512","0"
"646","238641.5755061","1188.1855","-832","-290","6735","-816","-190","-155","227","501","0"
"647","238641.5793581","1188.1893","-753","-218","6511","-772","-183","-164","241","503","0"
"648","238641.5822468","1188.1922","-654","-89","7119","-752","-164","-165","238","490","0"
"649","238641.6038678","1188.2139","-700","-112","6647","-760","-172","-161","174","449","0"
"650","238641.6060841","1188.2161","-753","-411","6420","-783","-170","-141","155","415","0"
"651","238641.610288","1188.2203","-763","-309","6210","-793","-143","-167","142","359","0"
"652","238641.6122866","1188.2223","-591","-324","5249","-750","-141","-163","134","320","0"
"653","238641.6136502","1188.2236","-351","-182","6694","-734","-143","-138","114","276","0"
"654","238641.615921","1188.2259","-266","-119","6578","-700","-113","-108","136","271","0"
"655","238641.6332332","1188.2432","-38","-67","6129","-703","-76","-99","112","295","0"
"656","238641.6357063","1188.2457","-616","-256","6163","-757","-41","-77","120","306","0"
"657","238641.6470974","1188.2571","-675","-372","5918","-767","-16","-41","108","299","0"
"658","238641.6501838","1188.2602","-599","-214","6618","-726","-16","-25","130","318","0"
"659","238641.6531169","1188.2631","708","-145","6084","-747","-6","-42","161","353","0"
"660","238641.6625111","1188.2725","-117","-2","6648","-742","32","-73","203","332","0"
"661","238641.6729824","1188.2830","796","-57","5891","-739","18","-50","222","307","0"
"662","238641.6756949","1188.2857","-739","-354","5393","-761","-6","-67","243","328","0"
"663","238641.6788145","1188.2888","648","-251","5585","-757","-18","-114","250","358","0"
"664","238641.7108624","1188.3208","-1416","-125","5105","-757","-3","-145","259","380","0"
"665","238641.7133215","1188.3233","126","-211","5216","-745","-7","-112","225","413","0"
"666","238641.7156389","1188.3256","-498","-537","4003","-773","-3","-99","206","384","0"
"667","238641.720501","1188.3305","172","-254","3654","-747","0","-94","200","337","0"
"668","238641.7231406","1188.3331","871","-358","4068","-735","22","-96","209","314","0"
"669","238641.7256678","1188.3357","577","1","7254","-729","29","-107","206","291","0"
"670","238641.7384775","1188.3485","311","-657","4106","-772","27","-102","204","268","0"
"671","238641.7409104","1188.3509","-1977","-784","2840","-800","15","-72","188","251","0"
"672","238641.7437249","1188.3537","614","-325","2970","-750","-10","-31","167","248","0"
"673","238641.7578582","1188.3678","1710","-278","4831","-696","29","-41","139","234","0"
"674","238641.7610693","1188.3711","-1556","-732","4810","-693","52","-53","159","235","0"
"675","238641.7659571","1188.3759","-264","-1026","4131","-733","39","-68","200","187","0"
"676","238641.7871512","1188.3971","471","-730","2567","-753","28","-26","224","165","0"
"677","238641.7895713","1188.3996","549","-431","3399","-750","21","2","209","140","0"
"678","238641.7920082","1188.4020","-2038","-986","4477","-730","16","16","227","155","0"
"679","238641.8062065","1188.4162","-2364","-940","4978","-705","13","34","209","174","0"
"680","238641.8114872","1188.4215","-2701","-635","5163","-677","33","9","218","137","0"
"681","238641.8175564","1188.4275","-1168","-633","3935","-674","62","-14","206","86","0"
"682","238641.8513171","1188.4613","883","-572","3369","-647","75","-7","213","57","0"
"683","238641.8536619","1188.4636","-3744","-655","4910","-601","72","0","193","53","0"
"684","238641.8582919","1188.4683","-1621","-621","4768","-598","96","-18","200","48","0"
"685","238641.8732627","1188.4832","-1321","-453","3640","-608","131","7","197","54","0"
"686","238641.8758155","1188.4858","-28","-111","3916","-602","117","15","214","55","0"
"687","238641.8774307","1188.4874","-2601","-430","4945","-612","128","-11","232","11","0"
"688","238641.8924258","1188.5024","-567","-310","3845","-653","129","-44","227","14","0"
"689","238641.89479","1188.5048","-2158","-175","5042","-648","139","-51","243","59","0"
"690","238641.9068099","1188.5168","-2095","-660","4373","-640","162","-65","212","80","0"
"691","238641.9261138","1188.5361","-509","-309","4334","-635","176","-76","201","72","0"
"692","238641.9287773","1188.5388","-2280","-383","4719","-665","150","-75","191","45","0"
"693","238641.9316012","1188.5416","623","94","4883","-658","137","-103","192","-12","0"
"694","238641.9528601","1188.5628","-1501","-547","4644","-622","135","-120","177","-58","0"
"695","238641.9555147","1188.5655","-2459","-529","4813","-571","107","-122","153","-82","0"
"696","238641.9581846","1188.5682","-2416","-594","3957","-559","110","-123","127","-44","0"
"697","238641.9614787","1188.5715","773","-229","3084","-593","121","-117","84","-38","0"
"698","238641.9644898","1188.5745","-273","-211","4076","-574","100","-131","38","-36","0"
"699","238641.9675087","1188.5775","-1995","-261","3547","-563","62","-114","-3","-54","0"
"700","238641.9927991","1188.6028","-1877","-333","2649","-570","46","-142","-29","-59","0"
"701","238642.0045181","1188.6145","-1259","-211","1995","-574","62","-125","-38","-99","0"
"702","238642.0237849","1188.6338","-1778","-474","1414","-545","52","-131","-51","-50","0"
"703","238642.0406135","1188.6506","-1439","-414","2606","-566","35","-119","-29","-13","0"
"704","238642.0575703","1188.6676","-404","-473","2128","-561","-13","-120","-5","17","0"
"705","238642.0711573","1188.6811","-1084","-344","2800","-554","-16","-101","8","23","0"
"706","238642.0832362","1188.6932","-2310","-143","3201","-510","1","-112","22","42","0"
"707","238642.0922886","1188.7023","-504","60","2466","-466","-13","-164","41","86","0"
"708","238642.0976197","1188.7076","-1039","-119","3360","-446","-10","-183","33","127","0"
"709","238642.1021088","1188.7121","-1434","-61","3946","-459","-35","-170","49","169","0"
"710","238642.108613","1188.7186","-1446","-464","3294","-465","-13","-157","76","131","0"
"711","238642.110055","1188.7200","-1933","-312","4094","-467","-39","-143","93","124","0"
"712","238642.110851","1188.7208","-167","-389","4009","-432","-6","-153","57","130","0"
"713","238642.1115001","1188.7215","-1381","-546","5555","-423","1","-147","79","138","0"
"714","238642.1122437","1188.7222","-2251","-564","5297","-440","5","-107","113","123","0"
"715","238642.1130488","1188.7230","-1484","-79","4770","-450","-2","-89","91","90","0"
"716","238642.1137074","1188.7237","-514","-220","4629","-437","-10","-89","93","91","0"
"717","238642.1143445","1188.7243","-1894","-492","4768","-442","-35","-88","109","86","0"
"718","238642.1391205","1188.7491","-790","-529","4291","-440","-31","-102","116","38","0"
"719","238642.1488652","1188.7588","-994","-410","4315","-418","-26","-103","85","-4","0"
"720","238642.1627743","1188.7728","-1760","-404","4183","-435","-27","-58","51","-35","0"
"721","238642.1727408","1188.7827","-1298","-374","3668","-396","-39","-35","7","-53","0"
"722","238642.1795509","1188.7895","-1696","-559","3550","-335","-32","-36","34","-95","0"
"723","238642.1868596","1188.7968","-658","-180","3948","-346","-37","-57","45","-123","0"
"724","238642.2065697","1188.8166","-508","-179","3832","-340","-60","-53","39","-153","0"
"725","238642.2103652","1188.8203","-559","-160","3176","-303","-75","-13","100","-166","0"
"726","238642.213857","1188.8238","-354","-264","2971","-312","-45","-5","118","-164","0"
"727","238642.2376734","1188.8477","-856","-335","2761","-356","-46","2","101","-172","0"
"728","238642.2447359","1188.8547","-426","-271","3213","-355","-47","8","106","-155","0"
"729","238642.2504121","1188.8604","-562","-133","3310","-345","-49","26","131","-145","0"
"730","238642.260318","1188.8703","-574","-52","3017","-360","-61","17","142","-142","0"
"731","238642.2691802","1188.8792","-543","-105","3090","-385","-70","-5","161","-138","0"
"732","238642.2786897","1188.8887","-515","38","3026","-374","-74","4","163","-74","0"
"733","238642.2925218","1188.9025","-406","48","3516","-377","-77","3","175","-65","0"
"734","238642.2961908","1188.9062","-499","230","3605","-404","-70","-20","176","-89","0"
"735","238642.3024344","1188.9124","-737","168","3631","-436","-83","-8","176","-132","0"
"736","238642.3114223","1188.9214","-537","167","3678","-405","-76","20","183","-144","0"
"737","238642.3205959","1188.9306","-399","128","3251","-373","-102","29","217","-181","0"
"738","238642.3267855","1188.9368","-244","96","3536","-322","-104","29","202","-198","0"
"739","238642.3307322","1188.9407","-105","254","3885","-334","-103","35","176","-151","0"
"740","238642.3341364","1188.9441","-355","218","3722","-346","-91","33","168","-72","0"
"741","238642.3367678","1188.9468","-540","207","3402","-359","-87","18","156","-11","0"
"742","238642.3412697","1188.9513","-488","-118","3666","-355","-56","-6","129","37","0"
"743","238642.3459867","1188.9560","-407","-217","4520","-332","-80","3","155","60","0"
"744","238642.3485213","1188.9585","-155","-149","4667","-345","-80","31","190","46","0"
"745","238642.3556543","1188.9656","-74","-235","4147","-360","-74","37","195","119","0"
"746","238642.3583926","1188.9684","-166","-364","4126","-404","-79","51","234","186","0"
"747","238642.3609624","1188.9709","-129","-306","4471","-409","-64","55","236","243","0"
"748","238642.3637605","1188.9737","-246","-197","4556","-423","-57","40","270","288","0"
"749","238642.3681004","1188.9781","-472","-299","4393","-435","-54","37","271","368","0"
"750","238642.3729691","1188.9830","-770","-339","4084","-457","-37","44","258","443","0"
"751","238642.3920213","1189.0020","-795","-453","4243","-497","-5","43","291","501","0"
"752","238642.3944849","1189.0045","-649","-395","4432","-529","-6","29","331","552","0"
"753","238642.3969625","1189.0069","-335","-236","5229","-565","-2","-24","314","579","0"
"754","238642.4167567","1189.0267","-184","-201","5375","-556","11","-43","290","591","0"
"755","238642.4205582","1189.0305","-466","-365","4731","-597","21","-72","299","585","0"
"756","238642.4242489","1189.0342","-465","-390","4675","-618","-13","-64","285","575","0"
"757","238642.4637141","1189.0737","-566","-434","5242","-612","-30","-49","278","620","0"
"758","238642.4645969","1189.0746","-583","-447","5918","-600","-56","-30","259","623","0"
"759","238642.4654054","1189.0754","-642","-495","5555","-598","-45","12","244","607","0"
"760","238642.4664164","1189.0764","-590","-458","5225","-592","-38","-11","258","598","0"
"761","238642.4698147","1189.0798","-856","-484","4707","-597","-56","-61","281","595","0"
"762","238642.4729238","1189.0829","-718","-366","4647","-585","-64","-103","285","568","0"
"763","238642.4770589","1189.0870","-620","-411","4746","-538","-78","-100","260","519","0"
"764","238642.4876771","1189.0977","-808","-665","4538","-500","-64","-140","230","427","0"
"765","238642.4996603","1189.1096","-741","-366","4376","-517","-61","-143","224","411","0"
"766","238642.5109318","1189.1209","-737","-390","4440","-479","-94","-150","203","382","0"
"767","238642.5161528","1189.1261","-526","-251","4930","-417","-135","-143","162","302","0"
"768","238642.5198876","1189.1299","-407","-270","5019","-390","-106","-144","113","233","0"
"769","238642.5288844","1189.1389","-431","-274","4504","-358","-130","-146","71","161","0"
"770","238642.5312477","1189.1412","-608","-368","3946","-338","-117","-160","60","50","0"
"771","238642.5334932","1189.1435","-662","-355","3980","-323","-117","-161","35","-6","0"
"772","238642.5620853","1189.1721","-784","-517","3969","-274","-127","-161","37","-8","0"
"773","238642.5647489","1189.1747","-622","-519","4340","-236","-136","-199","24","-28","0"
"774","238642.5675219","1189.1775","-366","-309","4233","-231","-115","-189","13","-52","0"
"775","238642.5898009","1189.1998","-486","-331","3023","-205","-127","-177","5","-85","0"
"776","238642.5930354","1189.2030","-581","-261","2647","-171","-105","-188","15","-164","0"
"777","238642.5960754","1189.2061","-548","-104","3103","-188","-79","-182","20","-234","0"
"778","238642.6357936","1189.2458","-527","-174","2939","-166","-97","-166","10","-273","0"
"779","238642.6407332","1189.2507","-722","-324","2703","-140","-113","-167","16","-311","0"
"780","238642.6445895","1189.2546","-899","-522","2162","-110","-139","-169","21","-355","0"
"781","238642.6474886","1189.2575","-786","-410","1975","-84","-151","-141","-5","-326","0"
"782","238642.6502027","1189.2602","-658","-467","2651","-55","-156","-143","-12","-284","0"
"783","238642.6527644","1189.2627","-663","-377","3001","-110","-171","-136","-23","-261","0"
"784","238642.6601161","1189.2701","-831","-492","2746","-174","-164","-152","-15","-293","0"
"785","238642.6625576","1189.2725","-870","-433","2151","-213","-172","-148","-11","-337","0"
"786","238642.6654107","1189.2754","-713","-387","2152","-188","-173","-130","-40","-362","0"
"787","238642.6896374","1189.2996","-601","-437","2558","-192","-177","-126","-69","-391","0"
"788","238642.6995167","1189.3095","-1019","-696","2223","-226","-184","-133","-59","-446","0"
"789","238642.7034988","1189.3135","-871","-398","2262","-251","-212","-132","-67","-479","0"
"790","238642.7344967","1189.3445","-843","-325","1338","-261","-246","-115","-65","-486","0"
"791","238642.7403566","1189.3503","-941","-329","1816","-266","-276","-126","-68","-472","0"
"792","238642.7455051","1189.3555","-336","381","2385","-265","-274","-159","-48","-493","0"
"793","238642.7507932","1189.3608","-9","749","1991","-243","-241","-146","-73","-511","0"
"794","238642.7570768","1189.3671","228","644","964","-215","-216","-116","-95","-501","0"
"795","238642.7611119","1189.3711","388","744","410","-263","-185","-104","-112","-478","0"
"796","238642.7650114","1189.3750","633","826","119","-270","-162","-96","-123","-490","0"
"797","238642.77095","1189.3809","309","803","99","-227","-124","-78","-141","-467","0"
"798","238642.7729733","1189.3830","211","606","-199","-218","-106","-58","-123","-447","0"
"799","238642.7792786","1189.3893","249","787","703","-220","-80","-50","-95","-436","0"
"800","238642.7827905","1189.3928","239","1177","1155","-214","-71","-54","-57","-429","0"
"801","238642.7880487","1189.3980","50","1047","-75","-234","-69","-53","-50","-410","0"
"802","238642.8063617","1189.4163","23","1288","700","-240","-75","-48","-45","-366","0"
"803","238642.8149618","1189.4249","-212","1222","687","-234","-64","-45","-49","-320","0"
"804","238642.8226333","1189.4326","-244","1484","1314","-249","-70","-34","-25","-293","0"
"805","238642.8282919","1189.4383","-484","1526","461","-228","-85","-9","-1","-253","0"
"806","238642.8323983","1189.4424","-326","1694","737","-254","-112","-2","-19","-200","0"
"807","238642.8353491","1189.4453","-449","1513","1430","-306","-138","0","-25","-175","0"
"808","238642.8468221","1189.4568","-422","1753","-524","-325","-128","-23","-16","-195","0"
"809","238642.8506058","1189.4606","-273","2068","-870","-356","-113","-27","-24","-216","0"
"810","238642.853743","1189.4637","-597","2271","-1186","-366","-107","-12","-13","-198","0"
"811","238642.8691913","1189.4792","-487","2126","-1884","-373","-124","-5","-9","-189","0"
"812","238642.8720776","1189.4821","-501","1170","-1608","-357","-133","-20","-47","-173","0"
"813","238642.874843","1189.4848","-710","1","-3377","-375","-106","-15","-63","-189","0"
"814","238642.8870106","1189.4970","-340","-581","-3474","-390","-96","-48","-62","-192","0"
"815","238642.8897212","1189.4997","-940","-958","-4362","-437","-122","-69","-94","-195","0"
"816","238642.892219","1189.5022","-1349","-1456","-4136","-449","-93","-53","-150","-196","0"
"817","238642.9187446","1189.5287","-1269","-2052","-2717","-446","-61","-52","-125","-177","0"
"818","238642.9217037","1189.5317","-138","-2669","-3483","-416","-45","-62","-147","-159","0"
"819","238642.9244235","1189.5344","-585","-3084","-2776","-404","-38","-43","-163","-169","0"
"820","238642.9409339","1189.5509","-1824","-3931","-3194","-418","-41","-36","-137","-169","0"
"821","238642.944718","1189.5547","-1642","-4140","-3075","-423","-55","-15","-115","-172","0"
"822","238642.960435","1189.5704","-1694","-3856","-1772","-410","-55","13","-114","-150","0"
"823","238642.9652677","1189.5753","-1280","-4006","-3297","-453","-50","6","-109","-127","0"
"824","238642.9679723","1189.5780","-207","-4075","-3413","-457","-74","22","-82","-139","0"
"825","238642.9709272","1189.5809","-1473","-3952","-1593","-451","-117","54","-84","-147","0"
"826","238642.997659","1189.6076","-1894","-3820","-2474","-445","-133","55","-82","-125","0"
"827","238643.0002259","1189.6102","1792","-3264","-3273","-399","-147","32","-82","-105","0"
"828","238643.0027121","1189.6127","-1156","-3672","-3220","-391","-174","9","-69","-89","0"
"829","238643.0463823","1189.6564","-1139","-3367","-3020","-369","-160","-3","-60","-68","0"
"830","238643.0490786","1189.6591","-1716","-3047","-2915","-376","-120","-20","-48","-51","0"
"831","238643.0522697","1189.6623","-1399","-3028","-2639","-392","-98","-51","-59","-69","0"
"832","238643.0567354","1189.6667","-112","-2745","-2670","-439","-103","-104","-81","-12","0"
"833","238643.0596861","1189.6697","-2321","-2896","-2128","-427","-77","-100","-52","41","0"
"834","238643.0621861","1189.6722","94","-2571","-2421","-452","-56","-82","-46","55","0"
"835","238643.073623","1189.6836","-2248","-2542","-1594","-440","-56","-93","-17","54","0"
"836","238643.0758447","1189.6858","-440","-2357","-1973","-415","-78","-92","-16","105","0"
"837","238643.0771833","1189.6872","-1224","-2351","-1045","-425","-47","-105","-15","94","0"
"838","238643.0856842","1189.6957","122","-2003","-1618","-395","-36","-90","-29","107","0"
"839","238643.0886394","1189.6986","-925","-2156","-740","-403","-48","-102","-17","149","0"
"840","238643.0917312","1189.7017","-1514","-2537","-1486","-435","-62","-88","3","153","0"
"841","238643.1118028","1189.7218","-2076","-2869","-992","-433","-103","-78","22","128","0"
"842","238643.1165287","1189.7265","-1050","-2872","-218","-420","-115","-62","32","135","0"
"843","238643.1192339","1189.7292","952","-2416","-1637","-421","-106","-71","39","117","0"
"844","238643.1450866","1189.7551","-1630","-2723","-85","-368","-77","-76","24","79","0"
"845","238643.1613588","1189.7713","-2697","-2560","209","-338","-86","-59","-1","72","0"
"846","238643.1736233","1189.7836","-1191","-2286","442","-349","-70","-47","12","80","0"
"847","238643.1917697","1189.8018","160","-2041","760","-400","-77","-18","32","58","0"
"848","238643.1978592","1189.8078","-1128","-2535","-80","-417","-86","-53","46","25","0"
"849","238643.2072142","1189.8172","-2332","-2266","815","-406","-106","-17","21","-24","0"
"850","238643.2240259","1189.8340","-1397","-2437","-287","-392","-96","5","21","23","0"
"851","238643.2359708","1189.8460","-1654","-2382","-515","-399","-101","-20","4","45","0"
"852","238643.2455085","1189.8555","-904","-2188","1118","-392","-111","-31","19","64","0"
"853","238643.2516908","1189.8617","-1218","-2365","-454","-430","-85","-39","8","83","0"
"854","238643.2664331","1189.8764","-346","-2205","-148","-462","-94","-72","35","88","0"
"855","238643.2694235","1189.8794","-1269","-2460","-429","-459","-87","-56","51","45","0"
"856","238643.2727434","1189.8827","-1975","-2446","1235","-425","-80","-97","46","41","0"
"857","238643.2784781","1189.8885","-1409","-2593","523","-386","-61","-100","45","42","0"
"858","238643.2829029","1189.8929","-173","-2435","71","-380","-76","-80","56","25","0"
"859","238643.2853935","1189.8954","-1400","-2282","257","-359","-62","-54","61","-25","0"
"860","238643.2896318","1189.8996","-2048","-2259","1085","-330","-66","-78","76","-53","0"
"861","238643.2958256","1189.9058","-353","-2054","630","-328","-74","-72","97","-59","0"
"862","238643.3000848","1189.9101","-1155","-2036","1646","-316","-95","-89","85","-86","0"
"863","238643.3022","1189.9122","-740","-1950","1278","-322","-103","-127","54","-124","0"
"864","238643.3051869","1189.9152","-188","-2171","-224","-339","-81","-120","40","-148","0"
"865","238643.3386661","1189.9486","-1544","-2039","755","-302","-92","-114","21","-210","0"
"866","238643.3474315","1189.9574","-745","-1772","965","-237","-84","-121","-6","-255","0"
"867","238643.356072","1189.9661","-727","-1849","653","-228","-60","-129","-19","-292","0"
"868","238643.3667901","1189.9768","-1582","-1804","1780","-220","-77","-157","-50","-293","0"
"869","238643.3852644","1189.9952","-723","-1971","397","-228","-94","-178","-75","-305","0"
"870","238643.4055719","1190.0156","-1585","-1932","630","-210","-89","-162","-99","-320","0"
"871","238643.4226035","1190.0326","-1010","-1855","735","-203","-80","-135","-132","-298","0"
"872","238643.4374895","1190.0475","-1078","-1768","1980","-185","-67","-127","-170","-317","0"
"873","238643.4505811","1190.0606","-326","-1860","1689","-167","-65","-130","-161","-322","0"
"874","238643.4650515","1190.0750","-1056","-1882","1849","-150","-68","-114","-164","-310","0"
"875","238643.4713443","1190.0813","-494","-2053","1318","-118","-92","-138","-172","-256","0"
"876","238643.4768218","1190.0868","-657","-1993","1354","-101","-90","-193","-153","-250","0"
"877","238643.4813542","1190.0913","-1387","-2023","2559","-112","-93","-218","-147","-222","0"
"878","238643.4848647","1190.0948","-1353","-1905","1629","-109","-81","-211","-150","-196","0"
"879","238643.4887243","1190.0987","-342","-1869","717","-66","-50","-231","-121","-177","0"
"880","238643.496918","1190.1069","-1235","-1786","1306","-69","-42","-213","-80","-167","0"
"881","238643.5021583","1190.1121","-923","-1418","2641","-90","-30","-219","-64","-156","0"
"882","238643.5072276","1190.1172","-365","-1173","2732","-96","-38","-256","-92","-145","0"
"883","238643.5147244","1190.1247","-1245","-1175","3623","-69","-34","-258","-118","-127","0"
"884","238643.523791","1190.1338","-794","-899","3399","-50","-45","-250","-88","-91","0"
"885","238643.5294828","1190.1395","-471","-588","2840","-57","-38","-233","-48","-38","0"
"886","238643.5633621","1190.1733","-646","-730","2024","-65","-47","-198","-58","-5","0"
"887","238643.5650404","1190.1750","-1177","-606","2250","-73","-69","-180","-49","-14","0"
"888","238643.56651","1190.1765","-1126","-781","1450","-63","-103","-155","-59","-38","0"
"889","238643.5738667","1190.1839","-1151","-2654","632","-69","-124","-120","-74","-52","0"
"890","238643.5809653","1190.1909","-1424","-4148","1422","-66","-137","-97","-52","-62","0"
"891","238643.5846789","1190.1947","-1037","-4592","1800","-51","-124","-67","-31","-38","0"
"892","238643.5916432","1190.2016","-1236","-4732","1442","-65","-105","-49","-34","-30","0"
"893","238643.6029058","1190.2129","-1344","-4511","737","-117","-112","-47","9","-43","0"
"894","238643.6070405","1190.2170","-1437","-3814","491","-143","-139","-34","18","5","0"
"895","238643.613148","1190.2231","-1396","-3347","1224","-157","-147","-16","18","49","0"
"896","238643.6186002","1190.2286","-1666","-3081","2170","-174","-156","-12","13","70","0"
"897","238643.6235026","1190.2335","-1422","-2871","2898","-196","-141","1","-4","55","0"
"898","238643.6313284","1190.2413","-1771","-3032","2432","-245","-162","-12","11","36","0"
"899","238643.6406448","1190.2506","-956","-2997","2098","-266","-162","-23","6","-11","0"
"900","238643.6434564","1190.2534","-1500","-2871","2931","-281","-162","-19","17","-12","0"
"901","238643.6513893","1190.2614","-1758","-2914","2591","-287","-152","-10","7","-69","0"
"902","238643.6597922","1190.2698","-1416","-2628","2466","-290","-166","-4","26","-103","0"
"903","238643.6663177","1190.2763","-1108","-2596","2485","-265","-155","-13","41","-105","0"
"904","238643.670816","1190.2808","-1407","-2623","1681","-248","-159","-29","48","-102","0"
"905","238643.6740993","1190.2841","-1404","-2397","1697","-230","-173","-20","70","-154","0"
"906","238643.6766698","1190.2867","-1309","-2525","1917","-205","-130","-14","70","-167","0"
"907","238643.6820889","1190.2921","-1261","-2498","2064","-218","-71","-29","53","-144","0"
"908","238643.6839424","1190.2939","-1330","-2387","1842","-221","-30","-33","28","-185","0"
"909","238643.6860658","1190.2960","-948","-2187","1627","-234","-28","6","29","-188","0"
"910","238643.6890063","1190.2990","-991","-2128","1605","-232","-30","9","18","-154","0"
"911","238643.6915545","1190.3015","-794","-1895","2566","-249","-32","-1","27","-118","0"
"912","238643.6954176","1190.3054","-495","-1784","2852","-248","-48","-16","34","-120","0"
"913","238643.7000039","1190.3100","-559","-1900","2278","-255","-40","-11","18","-122","0"
"914","238643.7034737","1190.3135","-743","-1800","1797","-239","-47","-6","25","-106","0"
"915","238643.7059473","1190.3159","-800","-1644","2588","-245","-75","-8","18","-109","0"
"916","238643.7088476","1190.3188","-716","-1584","3110","-259","-82","-1","6","-84","0"
"917","238643.7118638","1190.3218","-893","-1712","3167","-275","-97","22","2","-81","0"
"918","238643.7145763","1190.3246","-820","-1704","2751","-247","-78","41","35","-118","0"
"919","238643.7625288","1190.3725","-820","-1668","2652","-205","-42","36","23","-182","0"
"920","238643.7648194","1190.3748","-1042","-1614","2725","-198","1","49","0","-228","0"
"921","238643.7682553","1190.3782","-977","-1739","2110","-192","25","57","-15","-227","0"
"922","238643.7796559","1190.3896","-1024","-1533","2630","-186","18","59","-40","-241","0"
"923","238643.7824805","1190.3925","-908","-1524","2081","-194","-11","90","-56","-277","0"
"924","238643.7850294","1190.3950","-941","-1509","1535","-169","-22","81","-78","-342","0"
"925","238643.8082575","1190.4182","-664","-1319","1880","-146","-31","69","-65","-329","0"
"926","238643.8118995","1190.4219","-560","-1215","2500","-124","-22","75","-81","-351","0"
"927","238643.8153324","1190.4253","-671","-1332","2603","-120","-20","81","-103","-440","0"
"928","238643.8194617","1190.4294","-928","-1677","1557","-91","-18","81","-136","-475","0"
"929","238643.8207964","1190.4308","-1275","-1809","971","-76","-15","116","-131","-471","0"
"930","238643.8229216","1190.4329","-1113","-1714","1195","-57","-33","91","-150","-466","0"
"931","238643.8275464","1190.4375","-1261","-1562","2060","-62","-41","98","-182","-484","0"
"932","238643.8298273","1190.4398","-885","-1397","2171","-61","-48","83","-188","-530","0"
"933","238643.8347367","1190.4447","-1043","-1348","2025","-63","-56","88","-184","-605","0"
"934","238643.862074","1190.4721","-716","-1251","1159","-65","-79","34","-194","-603","0"
"935","238643.8660941","1190.4761","-929","-1494","1618","-70","-66","-10","-188","-582","0"
"936","238643.8687354","1190.4787","-953","-1559","2525","-63","-77","-28","-145","-561","0"
"937","238643.8717105","1190.4817","-914","-1391","2838","-58","-68","-37","-148","-512","0"
"938","238643.8741168","1190.4841","-876","-1619","1877","-34","-64","-38","-141","-466","0"
"939","238643.8784624","1190.4884","-985","-1588","2266","-36","-56","-36","-123","-401","0"
"940","238643.9122635","1190.5222","-875","-1307","3326","-83","-44","-40","-76","-354","0"
"941","238643.9155714","1190.5256","-917","-1285","3270","-100","-16","-58","-24","-358","0"
"942","238643.9185367","1190.5285","-884","-1382","2361","-106","23","-26","10","-311","0"
"943","238643.9326504","1190.5426","-775","-1221","2595","-101","22","-3","57","-299","0"
"944","238643.9352231","1190.5452","-729","-1223","2512","-75","45","-1","90","-309","0"
"945","238643.9381081","1190.5481","-732","-1200","2563","-49","47","25","98","-315","0"
"946","238643.955148","1190.5651","-555","-872","2841","-62","39","32","120","-274","0"
"947","238643.9655917","1190.5756","-496","-794","3349","-93","13","41","116","-239","0"
"948","238643.9698039","1190.5798","-857","-1038","3135","-121","9","79","108","-164","0"
"949","238643.9751124","1190.5851","-685","-999","2760","-104","-6","97","99","-111","0"
"950","238643.9794322","1190.5894","-474","-1026","3596","-119","1","108","113","-81","0"
"951","238643.983558","1190.5935","-250","-968","4117","-125","3","102","111","-11","0"
"952","238644.0142055","1190.6242","-435","-985","4161","-140","0","92","98","31","0"
"953","238644.0189021","1190.6289","-365","-1057","3971","-131","2","36","67","21","0"
"954","238644.0214647","1190.6314","-528","-1152","3209","-133","6","17","83","28","0"
"955","238644.023472","1190.6335","-623","-1060","3121","-151","-19","-8","95","63","0"
"956","238644.0273092","1190.6373","-627","-930","4070","-175","-50","-9","101","53","0"
"957","238644.0309224","1190.6409","-678","-1037","4728","-222","-63","11","110","49","0"
"958","238644.0467918","1190.6568","-784","-1140","4324","-250","-68","27","80","62","0"
"959","238644.0500542","1190.6600","-804","-1225","3725","-229","-69","23","81","52","0"
"960","238644.053027","1190.6630","-697","-1175","3871","-218","-120","55","85","-2","0"
"961","238644.088924","1190.6989","-603","-1183","4397","-245","-142","94","88","-21","0"
"962","238644.0913616","1190.7013","-493","-1111","4360","-245","-139","83","71","-34","0"
"963","238644.0937985","1190.7038","-610","-1018","3353","-208","-180","56","98","-23","0"
"964","238644.1068145","1190.7168","-672","-946","2893","-185","-183","65","78","-16","0"
"965","238644.1092506","1190.7192","-611","-973","3371","-199","-153","28","91","-41","0"
"966","238644.1116942","1190.7217","-542","-992","3547","-211","-151","9","108","-78","0"
"967","238644.1360904","1190.7461","-653","-1089","3159","-183","-167","16","101","-75","0"
"968","238644.1388126","1190.7488","-683","-874","3274","-157","-156","11","81","-102","0"
"969","238644.1412797","1190.7513","-623","-1053","2786","-132","-139","-42","85","-79","0"
"970","238644.1632961","1190.7733","-499","-970","3629","-141","-133","-22","90","-9","0"
"971","238644.1661132","1190.7761","-409","-984","4273","-121","-121","-6","99","2","0"
"972","238644.1685655","1190.7785","-354","-711","4014","-118","-154","-20","110","-29","0"
"973","238644.185535","1190.7955","-453","-717","3538","-120","-186","-23","136","-1","0"
"974","238644.1878895","1190.7979","-387","-552","3523","-145","-206","15","119","-17","0"
"975","238644.1901946","1190.8002","-379","-675","3441","-129","-161","20","123","-25","0"
"976","238644.1934839","1190.8035","-208","-641","3974","-139","-150","32","151","20","0"
"977","238644.1959536","1190.8059","-447","-801","3828","-147","-161","32","177","69","0"
"978","238644.1982547","1190.8082","-510","-710","3984","-163","-174","8","164","81","0"
"979","238644.2126351","1190.8226","-375","-727","3040","-158","-207","-25","133","101","0"
"980","238644.2175467","1190.8275","-265","-679","3912","-185","-209","-4","115","103","0"
"981","238644.224102","1190.8341","-232","-759","4311","-203","-174","14","83","27","0"
"982","238644.2388892","1190.8489","-206","-828","3040","-208","-175","19","50","-51","0"
"983","238644.2431505","1190.8531","-258","-936","2048","-168","-183","25","67","-97","0"
"984","238644.2446022","1190.8546","-568","-959","2408","-162","-195","21","93","-72","0"
"985","238644.2825292","1190.8925","-482","-860","2421","-147","-201","30","61","-34","0"
"986","238644.292188","1190.9022","-398","-652","2828","-197","-197","6","73","-39","0"
"987","238644.3063683","1190.9164","-380","-708","2846","-206","-202","-11","94","-25","0"
"988","238644.3152918","1190.9253","-487","-852","2441","-225","-184","14","95","-68","0"
"989","238644.3228073","1190.9328","-531","-964","2002","-209","-164","-4","105","-88","0"
"990","238644.3323072","1190.9423","-645","-1048","2435","-163","-168","-21","145","-75","0"
"991","238644.3433826","1190.9534","-565","-1209","2810","-153","-166","-37","118","-36","0"
"992","238644.3501056","1190.9601","-428","-1220","3012","-176","-173","-28","102","3","0"
"993","238644.3548171","1190.9648","-292","-1193","2691","-210","-200","-40","102","1","0"
"994","238644.3607188","1190.9707","-555","-1194","2200","-191","-212","-53","150","-21","0"
"995","238644.3696936","1190.9797","-271","-1120","2538","-195","-200","-43","136","-58","0"
"996","238644.3732443","1190.9832","-82","-1123","2624","-185","-212","-35","128","-58","0"
"997","238644.3765856","1190.9866","-36","-1284","2286","-219","-210","-8","133","-82","0"
"998","238644.3789765","1190.9890","-244","-1362","2353","-223","-169","-17","130","-110","0"
"999","238644.3824647","1190.9924","-479","-1386","1781","-197","-132","-17","129","-142","0"
"1000","238644.3852163","1190.9952","-560","-1262","2071","-202","-161","-14","124","-163","0"
"1001","238644.3874976","1190.9975","-539","-1195","2405","-244","-184","-27","82","-163","0"
"1002","238644.3901101","1191.0001","-698","-1273","2504","-232","-172","-29","68","-146","0"
"1003","238644.4197023","1191.0297","-990","-1475","2025","-196","-147","4","50","-152","0"
"1004","238644.4225457","1191.0325","-944","-1499","1788","-191","-133","20","19","-196","0"
"1005","238644.4260322","1191.0360","-813","-1483","2122","-203","-127","16","7","-261","0"
"1006","238644.4527849","1191.0628","-803","-1576","2352","-216","-128","6","12","-294","0"
"1007","238644.4574448","1191.0674","-1067","-1830","1331","-201","-141","10","-3","-294","0"
"1008","238644.464301","1191.0743","-906","-1941","1328","-159","-136","-11","-38","-257","0"
"1009","238644.4726991","1191.0827","-757","-1903","1289","-149","-146","-13","-65","-234","0"
"1010","238644.4801191","1191.0901","-836","-1919","1989","-128","-147","0","-81","-272","0"
"1011","238644.4873542","1191.0973","-895","-1969","1934","-92","-140","25","-62","-299","0"
"1012","238644.5045782","1191.1146","-866","-2179","1604","-112","-116","10","-77","-297","0"
"1013","238644.5109899","1191.1210","-844","-2364","1348","-141","-121","-13","-55","-253","0"
"1014","238644.5127276","1191.1227","-758","-2477","1068","-165","-111","-26","-36","-228","0"
"1015","238644.5516579","1191.1616","-600","-2424","1710","-175","-101","-27","-31","-179","0"
"1016","238644.5590804","1191.1691","-624","-2536","2393","-175","-119","-17","-6","-131","0"
"1017","238644.5682639","1191.1782","-527","-2414","2384","-173","-94","-49","13","-103","0"
"1018","238644.6014829","1191.2115","-531","-2617","1498","-165","-69","-34","16","-94","0"
"1019","238644.6084267","1191.2184","-760","-2923","1297","-118","-66","3","9","-39","0"
"1020","238644.6204218","1191.2304","-738","-2956","1887","-114","-64","5","13","-28","0"
"1021","238644.6351534","1191.2451","-581","-2819","2433","-100","-44","-1","23","-25","0"
"1022","238644.6429092","1191.2529","-501","-2916","2315","-91","-46","-9","43","-27","0"
"1023","238644.6504051","1191.2604","-302","-3153","2291","-72","-74","-18","48","-20","0"
"1024","238644.6584733","1191.2685","-279","-3352","2416","-92","-90","-38","58","-29","0"
"1025","238644.6661608","1191.2761","-58","-3299","2518","-105","-93","-5","75","-33","0"
"1026","238644.6750907","1191.2851","-153","-3251","3164","-126","-81","2","115","-22","0"
"1027","238644.6933154","1191.3033","-140","-3431","2725","-149","-99","15","106","-17","0"
"1028","238644.7033364","1191.3133","-261","-3585","2592","-141","-97","24","90","9","0"
"1029","238644.7098016","1191.3198","-213","-3619","2474","-165","-110","44","99","-10","0"
"1030","238644.7160434","1191.3260","16","-3548","2805","-215","-98","26","101","-26","0"
"1031","238644.7213693","1191.3314","31","-3604","3308","-200","-69","24","110","-34","0"
"1032","238644.7254006","1191.3354","-196","-3937","2762","-171","-41","18","115","-9","0"
"1033","238644.7292565","1191.3392","-300","-4023","3189","-145","-16","-5","85","-14","0"
"1034","238644.732204","1191.3422","-108","-3709","2459","-108","16","1","66","-19","0"
"1035","238644.7347046","1191.3447","-137","-3798","2738","-85","15","2","82","-11","0"
"1036","238644.7374767","1191.3475","-68","-3552","3310","-102","15","10","86","-35","0"
"1037","238644.7406125","1191.3506","-113","-3437","2568","-89","41","10","92","-56","0"
"1038","238644.7435722","1191.3536","-367","-3677","2208","-88","39","36","32","-76","0"
"1039","238644.7463867","1191.3564","-420","-3708","1734","-83","26","88","28","-138","0"
"1040","238644.7490013","1191.3590","-190","-3587","2239","-76","-12","113","32","-190","0"
"1041","238644.7517432","1191.3617","-302","-3806","2203","-36","-30","109","6","-167","0"
"1042","238644.75626","1191.3662","-455","-3929","1700","-7","-55","89","-42","-145","0"
"1043","238644.7586999","1191.3687","-342","-3898","1746","28","-27","84","-26","-130","0"
"1044","238644.761118","1191.3711","-236","-3877","1080","34","10","54","-10","-131","0"
"1045","238644.7637384","1191.3737","-142","-3747","1567","-2","-6","69","3","-100","0"
"1046","238644.7660864","1191.3761","122","-3835","2032","-50","-1","30","6","-56","0"
"1047","238644.7684701","1191.3785","35","-3815","1830","-73","29","55","-11","-19","0"
"1048","238644.7730779","1191.3831","151","-3775","1607","-78","88","58","-58","11","0"
"1049","238644.7756325","1191.3856","213","-3691","2231","-100","96","65","-66","16","0"
"1050","238644.7779429","1191.3879","193","-3839","2385","-95","96","50","-62","18","0"
"1051","238644.7804787","1191.3905","42","-4011","2244","-54","89","61","-51","57","0"
"1052","238644.7955692","1191.4056","201","-3767","2485","-53","69","78","-27","84","0"
"1053","238644.8076952","1191.4177","237","-3847","2299","-56","34","72","-32","60","0"
"1054","238644.8247181","1191.4347","314","-3407","2282","-41","-8","54","-10","70","0"
"1055","238644.8270742","1191.4371","428","-3140","2194","-17","4","17","-16","101","0"
"1056","238644.8294324","1191.4394","468","-3006","2336","-43","6","38","-33","124","0"
"1057","238644.8385545","1191.4485","389","-3186","1776","-55","28","23","-32","119","0"
"1058","238644.8409046","1191.4509","251","-2990","1587","-53","-9","-16","-3","132","0"
"1059","238644.8431666","1191.4531","48","-3252","694","-51","-2","-20","25","135","0"
"1060","238644.8648921","1191.4749","218","-3076","1738","-55","-17","18","34","145","0"
"1061","238644.8667659","1191.4767","246","-3128","2116","-40","-25","19","38","158","0"
"1062","238644.8692159","1191.4792","-135","-3310","1268","-17","-40","28","-10","172","0"
"1063","238644.8947814","1191.5048","-296","-3629","979","-23","-21","50","-57","212","0"
"1064","238644.9158088","1191.5258","-219","-3894","1123","-37","-31","42","-88","223","0"
"1065","238644.9256005","1191.5356","-144","-4007","1511","-29","-35","51","-34","233","0"
"1066","238644.9360243","1191.5460","-238","-4025","1505","-40","-57","45","2","224","0"
"1067","238644.943739","1191.5537","-561","-4356","1231","-53","-31","11","32","194","0"
"1068","238644.9555745","1191.5656","-637","-4222","1160","-76","-11","-2","47","155","0"
"1069","238644.9658761","1191.5759","-286","-4010","1334","-89","-2","23","21","117","0"
"1070","238644.9709574","1191.5809","-326","-4087","1829","-88","-17","34","0","58","0"
"1071","238644.9769921","1191.5870","-249","-4292","2194","-57","-17","42","-46","78","0"
"1072","238644.9900666","1191.6000","-54","-4459","2101","-88","-57","27","-86","82","0"
"1073","238645.011426","1191.6214","-200","-4491","1674","-101","-98","18","-56","105","0"
"1074","238645.0262819","1191.6363","-445","-4527","822","-112","-134","5","-24","84","0"
"1075","238645.0462837","1191.6563","-424","-4378","1292","-116","-152","-3","-27","81","0"
"1076","238645.0583137","1191.6683","-306","-4260","2259","-110","-125","8","4","119","0"
"1077","238645.065244","1191.6752","-137","-4166","2088","-119","-140","41","74","132","0"
"1078","238645.0731863","1191.6832","-215","-4307","1471","-121","-126","16","120","168","0"
"1079","238645.0822894","1191.6923","13","-3969","1296","-123","-110","10","161","248","0"
"1080","238645.0932139","1191.7032","101","-3765","2016","-142","-88","15","183","307","0"
"1081","238645.1058144","1191.7158","-105","-4035","2311","-171","-62","25","197","335","0"
"1082","238645.1138865","1191.7239","-107","-3935","1856","-176","-21","5","201","330","0"
"1083","238645.118487","1191.7285","7","-4096","1594","-182","1","-15","181","253","0"
"1084","238645.1236748","1191.7337","63","-3985","1755","-186","27","-25","162","190","0"
"1085","238645.1271452","1191.7371","79","-3859","2010","-143","28","-6","178","211","0"
"1086","238645.1465998","1191.7566","27","-3895","2420","-116","16","4","172","215","0"
"1087","238645.1504493","1191.7604","186","-4135","2227","-132","0","-13","143","223","0"
"1088","238645.1555478","1191.7655","103","-4250","1663","-126","0","-5","122","194","0"
"1089","238645.1579512","1191.7679","96","-4209","955","-106","-11","20","121","178","0"
"1090","238645.1607997","1191.7708","324","-3934","1447","-87","-10","5","97","142","0"
"1091","238645.1635267","1191.7735","399","-3778","2200","-103","22","10","105","129","0"
"1092","238645.1658977","1191.7759","372","-3871","1385","-119","34","37","94","91","0"
"1093","238645.1686587","1191.7786","252","-3937","1075","-125","33","30","84","52","0"
"1094","238645.1714874","1191.7815","44","-4094","486","-124","-25","12","68","22","0"
"1095","238645.1741354","1191.7841","345","-3685","804","-91","-52","15","62","16","0"
"1096","238645.1770006","1191.7870","474","-3261","1239","-73","-39","30","78","7","0"
"1097","238645.179563","1191.7895","538","-3301","1013","-56","-1","32","48","-11","0"
"1098","238645.1820775","1191.7921","323","-3463","670","-36","1","27","41","-71","0"
"1099","238645.1848263","1191.7948","146","-3544","58","-24","-24","14","12","-69","0"
"1100","238645.1875742","1191.7976","174","-3364","1132","-37","-42","-3","1","-81","0"
"1101","238645.1901224","1191.8001","277","-3404","807","-51","-50","-5","-23","-49","0"
"1102","238645.1944723","1191.8045","414","-3331","260","-77","-79","-23","-41","-65","0"
"1103","238645.197216","1191.8072","229","-3519","41","-88","-61","-41","-36","-63","0"
"1104","238645.2002293","1191.8102","-50","-3495","-18","-71","-39","-63","-18","-71","0"
"1105","238645.2280143","1191.8380","-239","-3285","580","-70","-38","-34","-33","-100","0"
"1106","238645.2308049","1191.8408","-343","-3356","782","-60","-60","-46","-76","-130","0"
"1107","238645.2336706","1191.8437","-418","-3260","461","-54","-81","-66","-108","-161","0"
"1108","238645.2573512","1191.8673","-346","-3051","-54","-53","-57","-59","-140","-201","0"
"1109","238645.260218","1191.8702","-421","-2911","-110","-57","-81","-87","-149","-221","0"
"1110","238645.2628331","1191.8728","-264","-3020","339","-27","-97","-63","-155","-254","0"
"1111","238645.2859245","1191.8959","-390","-2924","867","21","-90","-56","-148","-257","0"
"1112","238645.2908751","1191.9009","-481","-2884","644","22","-80","-61","-171","-229","0"
"1113","238645.2940967","1191.9041","-296","-2676","659","-13","-112","-74","-193","-202","0"
"1114","238645.3094229","1191.9194","-110","-2495","853","-27","-85","-92","-169","-234","0"
"1115","238645.3118723","1191.9219","-149","-2507","1339","-18","-67","-78","-197","-241","0"
"1116","238645.3143336","1191.9243","-356","-2649","1411","-1","-90","-56","-221","-261","0"
"1117","238645.3315448","1191.9415","-387","-2996","642","26","-85","-43","-212","-269","0"
"1118","238645.3345457","1191.9445","-146","-2883","1162","13","-93","-37","-195","-253","0"
"1119","238645.33723","1191.9472","-49","-2744","964","-2","-104","-19","-192","-229","0"
"1120","238645.3545306","1191.9645","43","-2829","798","-7","-121","-2","-160","-192","0"
"1121","238645.3584779","1191.9685","81","-3060","1245","30","-123","27","-152","-158","0"
"1122","238645.3616282","1191.9716","78","-3127","727","83","-140","39","-132","-160","0"
"1123","238645.3680879","1191.9781","25","-3008","899","71","-123","36","-133","-159","0"
"1124","238645.3722809","1191.9823","-67","-2946","819","9","-104","17","-135","-147","0"
"1125","238645.3759303","1191.9859","159","-2936","1214","-39","-104","37","-123","-140","0"
"1126","238645.3935685","1192.0036","442","-2734","1493","-42","-83","57","-128","-103","0"
"1127","238645.3961746","1192.0062","466","-2616","1144","-47","-58","84","-153","-63","0"
"1128","238645.3992698","1192.0093","333","-2939","665","-79","-94","85","-132","-59","0"
"1129","238645.4203113","1192.0303","501","-3078","484","-88","-103","96","-126","-50","0"
"1130","238645.4229535","1192.0329","644","-3193","202","-91","-82","73","-154","-59","0"
"1131","238645.4282143","1192.0382","742","-3094","633","-76","-74","62","-194","-104","0"
"1132","238645.4505186","1192.0605","506","-3424","-1004","-85","-64","40","-206","-138","0"
"1133","238645.4529115","1192.0629","608","-3364","-527","-102","-50","-2","-177","-128","0"
"1134","238645.4559658","1192.0659","800","-3006","-189","-128","-60","9","-176","-104","0"
"1135","238645.4588471","1192.0688","824","-2874","251","-92","-76","-9","-138","-129","0"
"1136","238645.4617868","1192.0718","1079","-2737","556","-53","-73","-6","-150","-122","0"
"1137","238645.4648166","1192.0748","836","-2906","-365","-59","-60","4","-163","-127","0"
"1138","238645.4775452","1192.0875","727","-2830","-752","-58","-70","45","-174","-162","0"
"1139","238645.4803395","1192.0903","529","-2859","-827","-43","-106","20","-177","-192","0"
"1140","238645.483008","1192.0930","349","-2887","0","-15","-143","-14","-176","-195","0"
"1141","238645.5099711","1192.1200","268","-2929","37","5","-127","-39","-154","-143","0"
"1142","238645.5138604","1192.1238","118","-2773","-554","-4","-114","-64","-175","-115","0"
"1143","238645.5189601","1192.1289","-52","-2924","-811","-21","-74","-59","-166","-106","0"
"1144","238645.5248431","1192.1348","3","-3305","-473","-79","-54","-57","-138","-104","0"
"1145","238645.5299855","1192.1400","115","-4434","913","-88","-33","-56","-149","-77","0"
"1146","238645.5322977","1192.1423","445","-4689","1992","-94","-27","-68","-152","-45","0"
"1147","238645.551996","1192.1620","239","-4714","959","-67","-48","-64","-152","-22","0"
"1148","238645.5593206","1192.1693","214","-5023","826","-85","-91","-64","-170","24","0"
"1149","238645.5660358","1192.1760","81","-7381","298","-72","-121","-72","-156","80","0"
"1150","238645.5794181","1192.1894","274","-10588","734","-102","-106","-54","-157","136","0"
"1151","238645.5852363","1192.1952","348","-15108","1474","-132","-88","-65","-166","158","0"
"1152","238645.5892328","1192.1992","171","-19844","1354","-159","-86","-71","-126","189","0"
"1153","238645.62059","1192.2306","-190","-23287","552","-141","-108","-95","-125","213","0"
"1154","238645.6256401","1192.2356","-231","-24626","396","-149","-99","-101","-138","219","0"
"1155","238645.6313803","1192.2414","-39","-25408","565","-149","-103","-113","-98","223","0"
"1156","238645.6333529","1192.2433","-54","-26382","1082","-170","-83","-107","-61","216","0"
"1157","238645.6349335","1192.2449","-263","-26318","649","-188","-52","-123","-24","184","0"
"1158","238645.6365294","1192.2465","-409","-26550","245","-160","-32","-156","-14","211","0"
"1159","238645.6543217","1192.2643","-315","-26297","-133","-158","-57","-151","-7","206","0"
"1160","238645.6582703","1192.2683","-507","-25992","95","-157","-55","-156","-29","157","0"
"1161","238645.6635377","1192.2735","-410","-25624","355","-186","-76","-155","-4","97","0"
"1162","238645.6716803","1192.2817","-227","-25175","-336","-164","-99","-140","-21","54","0"
"1163","238645.6741241","1192.2841","-82","-24791","-717","-134","-114","-142","-14","25","0"
"1164","238645.6788371","1192.2888","-200","-24291","-882","-96","-87","-148","-19","-44","0"
"1165","238645.6960157","1192.3060","-270","-23772","-636","-106","-97","-146","-36","-110","0"
"1166","238645.7011575","1192.3111","-158","-22962","-669","-69","-127","-152","-31","-133","0"
"1167","238645.7062226","1192.3162","-28","-22157","-1352","-38","-119","-146","-19","-117","0"
"1168","238645.7201162","1192.3301","-110","-21347","-1138","-12","-92","-128","-19","-176","0"
"1169","238645.7230519","1192.3330","-95","-20673","-1037","-11","-78","-159","-61","-186","0"
"1170","238645.7270798","1192.3371","18","-20017","-592","-5","-74","-164","-67","-167","0"
"1171","238645.7522656","1192.3622","97","-19348","-383","4","-60","-153","-53","-148","0"
"1172","238645.7547718","1192.3648","-125","-18727","-642","-3","-59","-144","-53","-130","0"
"1173","238645.7590024","1192.3690","-262","-17992","-777","-11","-45","-113","-70","-81","0"
"1174","238645.7895168","1192.3995","-375","-17300","-525","-28","-25","-57","-59","-46","0"
"1175","238645.7920396","1192.4020","-66","-16499","369","-73","-32","-54","-67","8","0"
"1176","238645.7945373","1192.4045","-356","-16005","389","-92","-47","-43","-58","24","0"
"1177","238645.8158711","1192.4259","-466","-15447","145","-114","-30","-22","-43","18","0"
"1178","238645.8213646","1192.4313","-459","-15070","606","-103","-9","-18","-74","28","0"
"1179","238645.8248799","1192.4349","-456","-14571","757","-55","-21","-52","-74","33","0"
"1180","238645.8278763","1192.4379","-350","-14049","889","-41","-15","-70","-28","16","0"
"1181","238645.8314289","1192.4414","-327","-13492","1169","-25","23","-42","-23","28","0"
"1182","238645.835071","1192.4451","-472","-13100","661","-20","3","-27","-38","45","0"
"1183","238645.8393742","1192.4494","-518","-12858","299","13","10","-45","-34","108","0"
"1184","238645.848097","1192.4581","-539","-12473","283","0","35","-82","-49","175","0"
"1185","238645.8552498","1192.4652","-444","-11782","984","-7","7","-66","-56","178","0"
"1186","238645.8951523","1192.5051","-351","-11196","1272","-52","-12","-31","-51","144","0"
"1187","238645.8980073","1192.5080","-335","-10744","1443","-39","-8","-11","-26","105","0"
"1188","238645.9007095","1192.5107","-110","-10288","592","-52","1","-25","-22","80","0"
"1189","238645.9046598","1192.5146","-1","-10039","444","-49","32","-25","-15","36","0"
"1190","238645.9095078","1192.5195","-94","-9630","1049","-45","56","-29","-42","15","0"
"1191","238645.9148005","1192.5248","44","-9257","1512","-39","39","-39","-28","30","0"
"1192","238645.922933","1192.5329","153","-8893","1158","-47","27","-1","13","54","0"
"1193","238645.9262541","1192.5362","79","-8734","825","-58","31","2","35","60","0"
"1194","238645.9276646","1192.5376","-60","-8560","599","-81","37","25","39","52","0"
"1195","238645.9745998","1192.5846","32","-8361","748","-75","85","-6","35","49","0"
"1196","238645.9772169","1192.5872","223","-7803","1406","-49","82","8","-8","-4","0"
"1197","238645.9799684","1192.5900","64","-7720","510","-18","48","12","-23","-56","0"
"1198","238646.0176248","1192.6276","53","-7492","612","-34","24","9","-35","-34","0"
"1199","238646.0263727","1192.6364","146","-7312","631","-47","-17","41","-50","-10","0"
"1200","238646.0316101","1192.6416","232","-6811","874","-40","-3","64","-87","-10","0"
"1201","238646.0372587","1192.6472","58","-6420","1196","-25","22","50","-99","-31","0"
"1202","238646.0413888","1192.6514","-81","-6011","346","-15","49","54","-111","-41","0"
"1203","238646.0448541","1192.6548","-241","-5958","-275","-15","46","88","-70","-22","0"
"1204","238646.0487533","1192.6587","58","-5650","-279","-16","50","85","-45","2","0"
"1205","238646.0554381","1192.6654","-330","-5656","496","21","40","92","-45","11","0"
"1206","238646.0622113","1192.6722","-472","-5512","793","29","18","89","-38","18","0"
"1207","238646.0742225","1192.6842","-337","-5114","800","17","-25","98","-46","-49","0"
"1208","238646.0872564","1192.6972","-322","-4893","326","31","-56","114","-91","-111","0"
"1209","238646.093802","1192.7038","-379","-4875","-70","33","-38","140","-112","-111","0"
"1210","238646.1018978","1192.7119","-285","-4611","696","19","-6","166","-89","-158","0"
"1211","238646.1076735","1192.7177","103","-4083","1118","36","-26","163","-66","-211","0"
"1212","238646.1141721","1192.7242","-233","-4180","-192","67","-46","156","-60","-245","0"
"1213","238646.1184746","1192.7285","-196","-3970","-391","95","-37","136","-81","-247","0"
"1214","238646.121572","1192.7316","-285","-3748","-29","110","-41","93","-78","-245","0"
"1215","238646.1241076","1192.7341","-134","-3478","394","146","-95","58","-70","-240","0"
"1216","238646.1269154","1192.7369","-543","-3600","237","134","-97","57","-80","-231","0"
"1217","238646.1304148","1192.7404","-471","-3358","-187","133","-116","66","-90","-246","0"
"1218","238646.1330691","1192.7431","-371","-3197","-385","137","-163","67","-115","-230","0"
"1219","238646.1358698","1192.7459","-456","-3072","104","128","-173","71","-107","-181","0"
"1220","238646.1467981","1192.7568","-322","-2877","584","97","-151","54","-114","-136","0"
"1221","238646.1496939","1192.7597","-73","-2675","602","82","-159","34","-116","-90","0"
"1222","238646.1526285","1192.7626","-250","-2755","365","62","-177","10","-152","-46","0"
"1223","238646.1551334","1192.7651","-290","-2566","420","67","-182","-25","-143","-40","0"
"1224","238646.1577319","1192.7677","-307","-2487","791","75","-194","-23","-133","-10","0"
"1225","238646.1795594","1192.7895","-264","-2321","1335","67","-180","2","-108","0","0"
"1226","238646.1822401","1192.7922","-228","-2423","1084","69","-164","9","-110","34","0"
"1227","238646.1846985","1192.7947","-276","-2412","710","99","-155","12","-99","105","0"
"1228","238646.2049507","1192.8149","-413","-2377","758","68","-170","19","-87","182","0"
"1229","238646.208456","1192.8184","-489","-2252","731","30","-171","22","-105","214","0"
"1230","238646.2138498","1192.8238","-192","-2005","1058","47","-160","5","-122","234","0"
"1231","238646.2336388","1192.8436","-52","-1898","1115","57","-163","-14","-127","226","0"
"1232","238646.2367856","1192.8468","-242","-1801","1008","69","-211","-3","-144","227","0"
"1233","238646.2383522","1192.8483","-224","-1766","768","50","-239","7","-113","216","0"
"1234","238646.2576183","1192.8676","-391","-1604","468","69","-245","-11","-100","187","0"
"1235","238646.2601154","1192.8701","-211","-1499","440","93","-212","1","-106","146","0"
"1236","238646.2626415","1192.8726","2","-1272","923","99","-214","15","-96","120","0"
"1237","238646.2828861","1192.8929","-5","-1193","442","90","-197","20","-70","143","0"
"1238","238646.2853794","1192.8954","-305","-1183","20","78","-168","35","-76","181","0"
"1239","238646.2869561","1192.8969","-231","-1115","-312","62","-118","33","-51","213","0"
"1240","238646.309932","1192.9199","-135","-1075","-364","42","-107","58","-52","244","0"
"1241","238646.3127141","1192.9227","68","-953","422","52","-120","30","-51","241","0"
"1242","238646.317776","1192.9278","-29","-1103","222","29","-109","22","-41","245","0"
"1243","238646.3217005","1192.9317","-276","-1181","200","57","-103","36","-31","299","0"
"1244","238646.3242384","1192.9342","-233","-1213","99","77","-104","78","-45","318","0"
"1245","238646.3291728","1192.9392","-95","-857","756","74","-66","94","-61","318","0"
"1246","238646.3408147","1192.9508","79","-784","460","77","-39","124","-59","280","0"
"1247","238646.3438828","1192.9539","-100","-834","170","99","-52","101","-51","265","0"
"1248","238646.3485034","1192.9585","-170","-844","314","83","-36","95","-35","252","0"
"1249","238646.3764979","1192.9865","-51","-746","347","69","-23","61","-45","266","0"
"1250","238646.3789627","1192.9889","213","-649","765","86","5","60","-1","274","0"
"1251","238646.3823021","1192.9923","174","-779","586","59","62","54","12","273","0"
"1252","# Stream: FlexEEG (EEG) from DESKTOP-0N5AHDD","","","","","","","","","",""
"1253","# Time range (requested): 1183s - 1193s","","","","","","","","","",""
"1254","# Buffer range available: 0.0000s - 39.3125s","","","","","","","","","",""
"1255","timestamp","relative_time","Ch1","Ch2","Ch3","Ch4","Ch5","Ch6","Ch7","Ch8","Ch9"
"1256","238636.4215083","1183.0315","-154","-82","275","59","-63","9","-156","-327","0"
"1257","238636.4240152","1183.034","-144","-121","-259","85","-46","9","-148","-269","0"
"1258","238636.4273261","1183.0373","182","-102","-183","33","-35","6","-156","-242","0"
"1259","238636.4491585","1183.0591","266","9","12","15","-50","-4","-168","-249","0"
"1260","238636.4552146","1183.0652","240","-120","40","-1","-49","-3","-176","-254","0"
"1261","238636.4615984","1183.0716","402","-33","-521","11","-57","15","-172","-237","0"
"1262","238636.4650193","1183.075","491","151","-297","21","-51","18","-177","-234","0"
"1263","238636.4746412","1183.0846","307","32","-1061","79","-34","15","-216","-270","0"
"1264","238636.4798797","1183.0899","166","106","-503","89","-33","33","-189","-308","0"
"1265","238636.4855995","1183.0956","54","59","-739","92","-12","39","-191","-343","0"
"1266","238636.4931514","1183.1031","-71","-111","-1820","69","25","47","-185","-380","0"
"1267","238636.4976455","1183.1076","-70","-176","-2390","82","25","33","-167","-395","0"
"1268","238636.5027373","1183.1127","270","135","-1780","71","-11","57","-196","-316","0"
"1269","238636.5067113","1183.1167","295","46","-1207","72","-41","46","-217","-243","0"
"1270","238636.5121841","1183.1222","202","-107","-1073","47","-54","34","-231","-211","0"
"1271","238636.5185952","1183.1286","311","-246","-1689","4","-23","39","-252","-232","0"
"1272","238636.524745","1183.1347","378","-115","-1602","-32","13","36","-273","-266","0"
"1273","238636.5310257","1183.141","514","-104","-1450","-5","34","43","-268","-321","0"
"1274","238636.5382544","1183.1482","697","72","-1443","16","69","54","-258","-355","0"
"1275","238636.544746","1183.1547","545","9","-898","3","72","97","-245","-402","0"
"1276","238636.5481592","1183.1581","389","-227","-1371","11","51","118","-251","-398","0"
"1277","238636.5608237","1183.1708","589","-158","-1486","15","7","128","-267","-404","0"
"1278","238636.5635018","1183.1735","412","-80","-1546","4","25","148","-254","-367","0"
"1279","238636.5658301","1183.1758","358","-22","-1533","-1","9","98","-211","-328","0"
"1280","238636.6023254","1183.2123","590","208","-1175","5","-4","75","-160","-259","0"
"1281","238636.6040094","1183.214","629","271","-1034","4","0","73","-139","-202","0"
"1282","238636.6065648","1183.2165","530","139","-817","10","-23","42","-114","-109","0"
"1283","238636.6339256","1183.2439","466","61","-555","-16","-12","7","-99","-48","0"
"1284","238636.6363986","1183.2464","519","26","259","-16","16","-28","-83","-19","0"
"1285","238636.6387834","1183.2488","605","-62","409","-32","11","-51","-68","-7","0"
"1286","238636.6435896","1183.2536","653","-135","-815","-13","6","-78","-32","53","0"
"1287","238636.6462279","1183.2562","644","-193","-893","-27","-15","-100","-38","99","0"
"1288","238636.6476804","1183.2577","716","-209","-426","-23","-56","-100","-7","148","0"
"1289","238636.6721182","1183.2821","602","-374","-150","-49","-46","-76","-11","216","0"
"1290","238636.6747282","1183.2847","524","-272","61","-82","5","-69","-8","247","0"
"1291","238636.6845081","1183.2945","260","-362","-460","-86","6","-55","-4","235","0"
"1292","238636.6902096","1183.3002","330","-264","-585","-74","9","-49","25","253","0"
"1293","238636.6932064","1183.3032","608","-134","-459","-53","9","-43","28","258","0"
"1294","238636.6959055","1183.3059","747","-181","-476","-19","35","-27","51","274","0"
"1295","238636.717037","1183.327","573","-258","-149","0","32","-40","34","264","0"
"1296","238636.7194211","1183.3294","708","-98","-93","-13","15","-80","7","262","0"
"1297","238636.7216223","1183.3316","716","-118","171","-37","33","-68","9","220","0"
"1298","238636.7268097","1183.3368","380","-253","305","-40","57","-59","24","203","0"
"1299","238636.7292241","1183.3392","228","-414","741","-45","44","-67","41","179","0"
"1300","238636.7318951","1183.3419","324","-411","1094","-48","47","-66","42","159","0"
"1301","238636.7574174","1183.3674","108","-417","180","-36","59","-36","59","159","0"
"1302","238636.7598256","1183.3698","161","-411","364","3","58","-47","51","167","0"
"1303","238636.7621884","1183.3722","287","-317","627","21","80","-41","29","200","0"
"1304","238636.8292234","1183.4392","556","-414","1115","19","77","-20","23","220","0"
"1305","238636.8317168","1183.4417","697","-359","1326","67","80","9","33","184","0"
"1306","238636.8338051","1183.4438","384","-524","944","101","101","13","43","170","0"
"1307","238636.835459","1183.4454","327","-509","1227","97","107","32","39","184","0"
"1308","238636.8369058","1183.4469","248","-531","891","56","95","50","9","174","0"
"1309","238636.8393012","1183.4493","326","-416","707","56","67","66","12","142","0"
"1310","238636.8408233","1183.4508","345","-499","843","46","54","79","2","147","0"
"1311","238636.8424934","1183.4525","325","-507","142","22","38","86","-5","110","0"
"1312","238636.8448301","1183.4548","43","-628","-201","14","38","92","-6","91","0"
"1313","238636.8778096","1183.4878","32","-537","-176","5","52","71","16","60","0"
"1314","238636.8880592","1183.498","83","-271","298","-14","63","65","6","19","0"
"1315","238636.8984956","1183.5085","41","-300","224","-4","37","36","6","-22","0"
"1316","238636.9027816","1183.5128","-71","-351","-456","-5","43","50","-9","-19","0"
"1317","238636.9058586","1183.5158","213","-118","-161","19","54","48","-55","-52","0"
"1318","238636.9084842","1183.5185","171","-142","232","53","63","27","-57","-82","0"
"1319","238636.9361389","1183.5461","230","-259","-421","49","36","-5","-21","-110","0"
"1320","238636.9411677","1183.5512","113","-243","-385","38","17","-30","-27","-98","0"
"1321","238636.9456544","1183.5556","-134","-411","-286","34","-9","-61","-43","-93","0"
"1322","238636.949412","1183.5594","-265","-353","-188","-9","-16","-23","-10","-135","0"
"1323","238636.9521877","1183.5622","-355","-357","-346","0","-28","5","-14","-159","0"
"1324","238636.954554","1183.5645","-423","-341","253","12","-37","-4","-28","-150","0"
"1325","238636.9600091","1183.57","-190","-320","548","59","-23","4","-11","-136","0"
"1326","238636.9625223","1183.5725","-108","-265","257","54","1","22","-17","-133","0"
"1327","238636.9649099","1183.5749","-375","-313","510","71","0","3","3","-89","0"
"1328","238636.9881301","1183.5981","-243","-235","936","78","20","29","-8","-94","0"
"1329","238636.9903305","1183.6003","-167","-249","925","116","61","32","-28","-107","0"
"1330","238636.9932289","1183.6032","-172","-354","595","136","75","35","-46","-104","0"
"1331","238637.0041923","1183.6142","-74","-416","359","133","83","55","-37","-124","0"
"1332","238637.0058064","1183.6158","133","-312","601","133","89","43","-37","-99","0"
"1333","238637.0074589","1183.6174","89","-268","752","131","76","14","-46","-67","0"
"1334","238637.0326737","1183.6427","201","-202","1104","145","82","-3","-46","-60","0"
"1335","238637.0354612","1183.6454","297","-190","1165","157","101","-9","-56","-93","0"
"1336","238637.0377923","1183.6478","125","-260","599","197","105","-11","-58","-102","0"
"1337","238637.0574063","1183.6674","175","-174","398","203","92","-40","-42","-77","0"
"1338","238637.0610442","1183.671","80","-141","668","185","83","-19","-46","-31","0"
"1339","238637.0691737","1183.6792","-133","-211","382","167","56","-15","-49","2","0"
"1340","238637.0861274","1183.6961","-526","-285","-60","165","65","-56","-51","36","0"
"1341","238637.0896205","1183.6996","-467","-125","-374","134","76","-40","-62","51","0"
"1342","238637.09269","1183.7027","-389","-110","-651","133","53","-24","-42","66","0"
"1343","238637.0972406","1183.7072","-411","-9","-516","155","24","-24","-26","106","0"
"1344","238637.1005002","1183.7105","-530","78","-48","164","17","-32","-52","140","0"
"1345","238637.1039202","1183.7139","-512","41","-21","194","1","-12","-58","186","0"
"1346","238637.1218052","1183.7318","-388","-84","-695","183","-11","10","-24","215","0"
"1347","238637.1242043","1183.7342","-549","-248","-1089","181","-30","20","-3","223","0"
"1348","238637.1265947","1183.7366","-466","-220","-521","178","-61","7","-3","219","0"
"1349","238637.1783217","1183.7883","-309","-79","317","182","-14","3","-8","230","0"
"1350","238637.1809528","1183.7909","-399","-72","555","176","4","7","22","193","0"
"1351","238637.1834938","1183.7935","-332","-149","-346","192","2","4","61","175","0"
"1352","238637.1994727","1183.8095","-358","-267","147","221","-8","-3","52","152","0"
"1353","238637.2019683","1183.812","15","59","869","215","-27","-32","48","169","0"
"1354","238637.2044246","1183.8144","39","93","403","190","-41","-6","59","195","0"
"1355","238637.2082665","1183.8182","-10","21","31","176","-25","1","17","207","0"
"1356","238637.2109387","1183.8209","-276","-61","358","156","-25","-11","17","230","0"
"1357","238637.2132187","1183.8232","-9","89","427","173","-13","-7","69","205","0"
"1358","238637.2161534","1183.8261","160","121","158","155","-27","-12","80","211","0"
"1359","238637.2185595","1183.8285","177","86","450","161","-49","-42","76","238","0"
"1360","238637.2209511","1183.8309","-86","149","511","160","-49","-87","62","267","0"
"1361","238637.2396878","1183.8497","-8","103","-180","162","-56","-78","54","240","0"
"1362","238637.2435711","1183.8536","49","7","158","180","-65","-84","43","260","0"
"1363","238637.2588968","1183.8689","-144","-87","401","202","-57","-77","28","251","0"
"1364","238637.2621668","1183.8722","-54","-134","783","216","-37","-75","-2","237","0"
"1365","238637.264938","1183.8749","264","-196","1202","193","-53","-63","14","245","0"
"1366","238637.2677802","1183.8778","227","-192","-209","138","-90","-72","21","239","0"
"1367","238637.2821156","1183.8921","238","-86","-175","44","-115","-65","36","254","0"
"1368","238637.2845761","1183.8946","244","-56","173","22","-106","-73","17","225","0"
"1369","238637.2871933","1183.8972","174","-185","463","44","-79","-83","20","200","0"
"1370","238637.3106397","1183.9206","61","-260","51","57","-56","-81","7","182","0"
"1371","238637.3125082","1183.9225","-61","-231","-288","42","-40","-53","-16","209","0"
"1372","238637.3144182","1183.9244","201","-260","-69","17","-8","-33","-23","243","0"
"1373","238637.339135","1183.9491","234","-249","159","25","-16","-40","-4","220","0"
"1374","238637.3417149","1183.9517","259","-373","767","39","-34","-53","-33","150","0"
"1375","238637.3443737","1183.9544","51","-571","613","55","-43","-45","-17","106","0"
"1376","238637.3535314","1183.9635","146","-546","318","59","-35","-48","3","65","0"
"1377","238637.3560202","1183.966","454","-368","-32","71","-32","-85","-25","31","0"
"1378","238637.3588272","1183.9688","551","-340","249","84","-9","-99","-26","28","0"
"1379","238637.3729271","1183.9829","548","-305","170","107","18","-82","-33","26","0"
"1380","238637.3759252","1183.9859","550","-280","711","105","24","-72","-54","-9","0"
"1381","238637.3780878","1183.9881","199","-557","333","97","6","-48","-73","-24","0"
"1382","238637.4282923","1184.0383","53","-650","542","83","1","-14","-46","-7","0"
"1383","238637.4306633","1184.0406","136","-640","633","92","29","14","-42","16","0"
"1384","238637.4329611","1184.0429","51","-645","1033","85","33","19","-22","25","0"
"1385","238637.4360358","1184.046","74","-555","690","68","40","0","-14","0","0"
"1386","238637.43856","1184.0485","24","-590","16","80","59","-38","-25","37","0"
"1387","238637.4415948","1184.0516","22","-629","408","52","24","-11","-16","87","0"
"1388","238637.4499686","1184.06","-105","-577","441","23","12","-23","-4","100","0"
"1389","238637.4523625","1184.0623","-190","-497","218","37","11","1","0","59","0"
"1390","238637.4549636","1184.0649","-147","-478","-57","58","72","-18","20","42","0"
"1391","238637.4787176","1184.0887","63","-395","-1140","72","58","-17","35","-12","0"
"1392","238637.4839947","1184.094","417","-158","-1293","78","46","-47","53","-48","0"
"1393","238637.4890719","1184.0991","544","-62","-1871","92","30","-53","51","-107","0"
"1394","238637.5122468","1184.1222","946","133","-2333","149","41","-67","34","-145","0"
"1395","238637.517569","1184.1276","855","47","-2730","190","77","-66","5","-108","0"
"1396","238637.529339","1184.1393","860","-148","-4069","187","94","-65","-18","-96","0"
"1397","238637.5557719","1184.1658","1278","-122","-3415","214","74","-51","-44","-126","0"
"1398","238637.5697849","1184.1798","1158","-337","-2850","228","51","-50","-57","-166","0"
"1399","238637.6147899","1184.2248","1083","-257","-3417","231","50","-39","-44","-186","0"
"1400","238637.6355781","1184.2456","1237","-216","-2230","210","26","-33","-32","-118","0"
"1401","238637.6469822","1184.257","890","-294","-2607","158","36","-60","-45","-104","0"
"1402","238637.6531022","1184.2631","809","-289","-2708","133","15","-72","-79","-126","0"
"1403","238637.6605167","1184.2705","807","-197","-2096","168","-26","-98","-107","-125","0"
"1404","238637.6626934","1184.2727","690","-381","-2132","146","-44","-105","-119","-104","0"
"1405","238637.6676564","1184.2776","680","-411","-1038","158","-73","-95","-126","-91","0"
"1406","238637.6755018","1184.2855","344","-575","-2115","217","-60","-81","-175","-85","0"
"1407","238637.6802076","1184.2902","231","-817","-1226","239","-35","-84","-187","-77","0"
"1408","238637.6836777","1184.2937","328","-962","-427","247","-36","-86","-161","-53","0"
"1409","238637.6874872","1184.2975","160","-1060","-445","245","-66","-79","-131","-11","0"
"1410","238637.6901137","1184.3001","126","-877","70","244","-105","-82","-107","13","0"
"1411","238637.6952769","1184.3053","90","-806","-619","268","-102","-69","-72","40","0"
"1412","238637.6984276","1184.3084","18","-837","80","282","-102","-75","-106","57","0"
"1413","238637.7009932","1184.311","-56","-852","634","279","-106","-80","-105","63","0"
"1414","238637.7035977","1184.3136","10","-802","-150","248","-102","-57","-96","39","0"
"1415","238637.7065654","1184.3165","0","-934","-239","235","-99","-56","-85","-16","0"
"1416","238637.7090398","1184.319","-170","-1124","-1022","262","-97","-50","-114","-40","0"
"1417","238637.7114595","1184.3214","-124","-1040","-252","259","-112","-22","-107","-44","0"
"1418","238637.7140752","1184.3241","-145","-968","-105","210","-124","-34","-92","-75","0"
"1419","238637.7164594","1184.3264","-96","-977","-530","235","-114","-80","-109","-126","0"
"1420","238637.7188851","1184.3289","-117","-989","-149","247","-92","-93","-148","-129","0"
"1421","238637.7233261","1184.3333","-219","-970","-966","263","-111","-93","-174","-157","0"
"1422","238637.7276103","1184.3376","-105","-807","-1031","264","-152","-94","-163","-150","0"
"1423","238637.7312728","1184.3413","-152","-852","-641","251","-149","-94","-129","-97","0"
"1424","238637.7554566","1184.3654","-328","-939","-1022","290","-147","-113","-88","-65","0"
"1425","238637.758315","1184.3683","-382","-1032","-704","294","-141","-147","-79","-11","0"
"1426","238637.7622794","1184.3723","-214","-1085","-1047","255","-146","-169","-85","9","0"
"1427","238637.7675381","1184.3775","-137","-1113","-206","221","-120","-171","-76","53","0"
"1428","238637.7759966","1184.386","60","-975","858","194","-88","-162","-67","80","0"
"1429","238637.7794687","1184.3895","-22","-984","709","164","-78","-117","-15","90","0"
"1430","238637.7949124","1184.4049","-224","-1053","880","180","-40","-121","42","43","0"
"1431","238637.7985894","1184.4086","-329","-1060","287","194","-44","-139","43","1","0"
"1432","238637.805455","1184.4154","-438","-1076","11","202","-61","-151","32","-81","0"
"1433","238637.817168","1184.4272","-359","-1031","-165","195","-61","-134","38","-112","0"
"1434","238637.821879","1184.4319","-307","-1041","-156","167","-18","-126","55","-94","0"
"1435","238637.8257753","1184.4358","-37","-915","174","163","-8","-113","52","-39","0"
"1436","238637.8289142","1184.4389","-152","-855","-384","191","-27","-65","55","-39","0"
"1437","238637.8323346","1184.4423","10","-950","-127","167","-51","-42","24","-11","0"
"1438","238637.8346833","1184.4447","-32","-935","-188","117","-62","-36","24","-32","0"
"1439","238637.8619677","1184.472","51","-791","-231","91","-56","-16","22","1","0"
"1440","238637.8653483","1184.4753","240","-637","-94","108","-48","-5","21","52","0"
"1441","238637.8709211","1184.4809","119","-680","-713","94","-38","-24","-6","113","0"
"1442","238637.9028123","1184.5128","122","-635","20","85","-39","-43","-11","157","0"
"1443","238637.9088783","1184.5189","125","-604","1124","64","-29","-63","18","207","0"
"1444","238637.9179805","1184.528","216","-453","1188","31","-9","-54","22","240","0"
"1445","238637.9331203","1184.5431","145","-416","998","-13","-25","-41","32","286","0"
"1446","238637.9369138","1184.5469","12","-438","1015","-32","-53","-68","27","349","0"
"1447","238637.9426767","1184.5527","-24","-300","968","-35","-48","-35","68","351","0"
"1448","238637.9530937","1184.5631","222","-280","1163","-39","-55","-26","68","336","0"
"1449","238637.9638501","1184.5738","298","-420","734","-42","-60","-32","31","298","0"
"1450","238637.9739725","1184.584","76","-666","647","-3","-33","-17","10","267","0"
"1451","238637.9876643","1184.5976","-244","-691","556","39","35","-7","-7","213","0"
"1452","238637.9943428","1184.6043","-145","-624","730","37","31","-17","-12","121","0"
"1453","238638.0067351","1184.6167","-38","-505","783","19","-24","-36","-10","65","0"
"1454","238638.0223267","1184.6323","-2","-418","443","41","-28","-50","-27","9","0"
"1455","238638.0303524","1184.6403","-84","-583","-268","67","13","-47","-22","34","0"
"1456","238638.0474285","1184.6574","-38","-588","-992","80","-7","-62","-38","42","0"
"1457","238638.0559437","1184.6659","15","-489","-668","79","-18","-87","-42","43","0"
"1458","238638.0624728","1184.6725","77","-347","123","86","19","-70","-48","16","0"
"1459","238638.0701155","1184.6801","103","-354","-224","100","30","-60","-19","-12","0"
"1460","238638.0749986","1184.685","190","-229","19","107","1","-71","-20","-10","0"
"1461","238638.0786389","1184.6886","-4","-303","-327","147","-29","-66","-35","-15","0"
"1462","238638.0814166","1184.6914","191","-221","-44","157","-8","-86","-49","-10","0"
"1463","238638.084285","1184.6943","141","-319","-7","142","-28","-99","-26","-7","0"
"1464","238638.0867711","1184.6968","60","-374","-86","106","-27","-105","-23","-7","0"
"1465","238638.089467","1184.6995","116","-300","-146","111","-4","-83","-66","-43","0"
"1466","238638.0921808","1184.7022","338","-242","-199","132","15","-49","-76","-50","0"
"1467","238638.0954088","1184.7054","475","-321","83","119","29","-32","-66","-87","0"
"1468","238638.1070352","1184.717","607","-424","172","131","42","2","-61","-70","0"
"1469","238638.1109329","1184.7209","743","-612","79","135","44","6","-50","-62","0"
"1470","238638.1143104","1184.7243","911","-538","-63","147","41","30","-41","-44","0"
"1471","238638.1167033","1184.7267","765","-553","-702","163","27","38","-58","-2","0"
"1472","238638.1332856","1184.7433","656","-667","-932","139","20","16","-48","5","0"
"1473","238638.1356057","1184.7456","723","-690","-702","112","9","-18","-21","-20","0"
"1474","238638.1378911","1184.7479","592","-642","-808","90","-27","-16","-15","22","0"
"1475","238638.1530122","1184.763","484","-655","-1070","109","-42","17","-29","42","0"
"1476","238638.1577044","1184.7677","183","-698","-1603","133","-6","49","-40","73","0"
"1477","238638.1608202","1184.7708","276","-657","-1603","153","24","38","-21","175","0"
"1478","238638.1711752","1184.7812","582","-638","-953","135","14","12","-29","251","0"
"1479","238638.1744654","1184.7844","907","-601","-382","97","15","-4","-34","277","0"
"1480","238638.1771359","1184.7871","788","-701","-474","108","-45","7","-32","307","0"
"1481","238638.2124329","1184.8224","715","-645","-884","104","-56","2","-41","334","0"
"1482","238638.2201781","1184.8302","515","-721","-624","114","-44","-18","-56","362","0"
"1483","238638.225848","1184.8358","458","-701","-114","146","-35","-27","-24","402","0"
"1484","238638.2368941","1184.8469","335","-874","-373","159","-40","-35","-18","432","0"
"1485","238638.2398689","1184.8499","380","-669","-188","140","-58","-24","-2","460","0"
"1486","238638.244548","1184.8545","412","-639","-453","118","-60","-29","46","455","0"
"1487","238638.2488412","1184.8588","486","-704","141","106","-69","-50","60","456","0"
"1488","238638.2523733","1184.8624","340","-637","729","104","-31","-60","55","408","0"
"1489","238638.2553178","1184.8653","544","-454","21","118","-48","-29","65","385","0"
"1490","238638.2735829","1184.8836","675","-408","-116","98","-56","-21","61","385","0"
"1491","238638.2780096","1184.888","430","-580","-976","105","-42","-39","55","373","0"
"1492","238638.2823791","1184.8924","390","-580","-605","119","-47","-65","67","365","0"
"1493","238638.3259358","1184.9359","548","-620","-112","123","-37","-72","50","325","0"
"1494","238638.3361923","1184.9462","496","-741","123","118","-23","-57","18","278","0"
"1495","238638.3423277","1184.9523","326","-920","15","132","18","-70","5","260","0"
"1496","238638.3495111","1184.9595","341","-768","-979","132","-7","-40","15","245","0"
"1497","238638.3589275","1184.9689","247","-714","-813","137","-12","-17","13","169","0"
"1498","238638.3727951","1184.9828","69","-744","-314","138","-7","-32","-8","127","0"
"1499","238638.3861847","1184.9962","261","-650","280","158","8","-11","6","103","0"
"1500","238638.3996647","1185.0096","217","-622","659","172","0","42","6","69","0"
"1501","238638.4028857","1185.0129","124","-686","-94","188","45","52","10","21","0"
"1502","238638.4075998","1185.0176","198","-699","-262","178","96","25","39","38","0"
"1503","238638.414739","1185.0247","395","-623","-179","155","114","23","34","27","0"
"1504","238638.4375297","1185.0475","391","-579","-381","195","88","40","5","-7","0"
"1505","238638.447513","1185.0575","428","-542","-921","206","80","103","-3","-40","0"
"1506","238638.4532312","1185.0632","338","-465","-1414","193","90","152","-26","-39","0"
"1507","238638.4606173","1185.0706","321","-480","-1457","179","103","151","-32","-77","0"
"1508","238638.465243","1185.0752","345","-575","-1503","156","90","102","-32","-127","0"
"1509","238638.469291","1185.0793","454","-485","-1413","137","85","87","-63","-136","0"
"1510","238638.4714921","1185.0815","586","-581","-1104","106","72","91","-62","-149","0"
"1511","238638.4747863","1185.0848","454","-556","-1117","90","42","101","-52","-184","0"
"1512","238638.4772825","1185.0873","375","-501","-851","62","30","94","-53","-207","0"
"1513","238638.4795989","1185.0896","455","-482","-958","42","38","100","-79","-211","0"
"1514","238638.4824474","1185.0924","435","-549","-1449","17","76","101","-105","-216","0"
"1515","238638.4852025","1185.0952","424","-649","-1254","16","101","100","-95","-207","0"
"1516","238638.487856","1185.0978","365","-772","-1587","33","157","74","-90","-182","0"
"1517","238638.4906813","1185.1007","471","-742","-1454","44","200","87","-83","-182","0"
"1518","238638.493409","1185.1034","535","-555","-1064","61","214","64","-79","-191","0"
"1519","238638.4973356","1185.1073","473","-762","-1467","57","174","65","-64","-188","0"
"1520","238638.5123073","1185.1223","541","-716","-1139","60","174","65","-30","-198","0"
"1521","238638.5146666","1185.1246","606","-830","-1465","47","191","82","2","-209","0"
"1522","238638.5177345","1185.1277","546","-808","-1755","57","188","73","6","-272","0"
"1523","238638.5332685","1185.1433","580","-714","-1697","48","173","37","26","-265","0"
"1524","238638.535563","1185.1455","626","-578","-1684","78","158","39","43","-220","0"
"1525","238638.5384561","1185.1484","588","-489","-1372","71","206","44","14","-186","0"
"1526","238638.5521016","1185.1621","261","-468","-1273","70","207","33","24","-161","0"
"1527","238638.5543403","1185.1643","312","-308","-239","91","212","16","46","-109","0"
"1528","238638.5565946","1185.1666","473","-209","390","80","201","29","42","-60","0"
"1529","238638.5837699","1185.1938","435","-252","551","25","203","12","42","-44","0"
"1530","238638.5862934","1185.1963","290","-297","265","25","194","-47","49","-52","0"
"1531","238638.5895592","1185.1995","195","-382","-386","24","172","-58","67","-81","0"
"1532","238638.6130641","1185.223","83","-397","-423","24","155","-44","47","-141","0"
"1533","238638.6162128","1185.2262","68","-327","400","56","141","-35","48","-177","0"
"1534","238638.6190715","1185.2291","-26","-432","650","100","161","-44","63","-164","0"
"1535","238638.6339958","1185.244","-222","-632","866","105","126","-41","60","-162","0"
"1536","238638.6367192","1185.2467","-435","-741","582","61","110","-48","38","-177","0"
"1537","238638.6394445","1185.2494","-486","-617","1008","77","91","-63","11","-213","0"
"1538","238638.6925097","1185.3025","-489","-514","1317","79","104","-32","19","-230","0"
"1539","238638.6955647","1185.3055","-534","-515","1146","70","93","-53","-12","-228","0"
"1540","238638.6988355","1185.3088","-554","-592","978","58","100","-31","-20","-169","0"
"1541","238638.7028086","1185.3128","-652","-632","663","64","67","-14","-4","-145","0"
"1542","238638.7058848","1185.3159","-501","-652","1149","76","20","4","45","-102","0"
"1543","238638.7084652","1185.3184","-279","-705","1443","44","37","9","88","-69","0"
"1544","238638.7112085","1185.3212","-254","-736","861","1","74","24","70","-9","0"
"1545","238638.7138164","1185.3238","-254","-663","1043","-23","74","8","59","-17","0"
"1546","238638.716256","1185.3262","-307","-625","1079","-21","75","2","30","-32","0"
"1547","238638.7192889","1185.3293","-225","-742","774","-10","94","2","46","-17","0"
"1548","238638.7217827","1185.3318","-50","-778","1038","-12","79","4","33","-7","0"
"1549","238638.7242361","1185.3342","-15","-751","373","-5","37","48","2","-4","0"
"1550","238638.7445439","1185.3545","-124","-699","-27","-4","-20","59","-22","27","0"
"1551","238638.7476624","1185.3576","-323","-789","-776","-8","-31","72","5","23","0"
"1552","238638.7506454","1185.3606","-130","-740","-828","-34","-20","71","11","26","0"
"1553","238638.7768118","1185.3868","-100","-650","-1053","-40","-32","59","-18","8","0"
"1554","238638.7800083","1185.39","-223","-608","-1807","-43","-43","39","13","-12","0"
"1555","238638.7814806","1185.3915","-130","-762","-1730","-65","-51","40","22","-41","0"
"1556","238638.7928884","1185.4029","-59","-819","-1937","-92","-88","72","7","-1","0"
"1557","238638.7954567","1185.4054","-155","-817","-1797","-141","-114","67","-6","53","0"
"1558","238638.7984615","1185.4084","-15","-860","-1743","-130","-102","83","7","118","0"
"1559","238638.8197306","1185.4297","112","-963","-2224","-123","-80","75","3","153","0"
"1560","238638.8221447","1185.4321","76","-904","-1958","-126","-84","132","38","208","0"
"1561","238638.824747","1185.4347","-220","-905","-2715","-99","-75","122","73","279","0"
"1562","238638.8467452","1185.4567","-34","-1000","-2612","-76","-75","103","108","342","0"
"1563","238638.8494539","1185.4594","137","-975","-2297","-82","-71","108","130","353","0"
"1564","238638.8519205","1185.4619","207","-852","-2786","-127","-78","113","129","393","0"
"1565","238638.8656838","1185.4757","364","-711","-2563","-124","-63","115","141","459","0"
"1566","238638.8688153","1185.4788","272","-754","-3042","-104","-54","127","164","504","0"
"1567","238638.8725686","1185.4826","205","-935","-3218","-93","-83","108","184","533","0"
"1568","238638.8835281","1185.4935","154","-913","-2912","-89","-71","82","184","592","0"
"1569","238638.8860821","1185.4961","229","-950","-2816","-101","-81","70","172","612","0"
"1570","238638.8888198","1185.4988","206","-1038","-2599","-129","-82","68","180","612","0"
"1571","238638.9119405","1185.5219","266","-1146","-2842","-147","-70","94","224","594","0"
"1572","238638.9152594","1185.5252","298","-991","-3075","-163","-55","137","228","571","0"
"1573","238638.9323651","1185.5423","370","-1016","-3212","-149","-64","150","247","531","0"
"1574","238638.9392344","1185.5492","391","-1147","-3712","-160","-72","140","263","415","0"
"1575","238638.9425248","1185.5525","526","-1147","-3605","-117","-67","113","247","341","0"
"1576","238638.9457454","1185.5557","554","-1169","-4090","-100","-97","85","251","347","0"
"1577","238638.95642","1185.5664","452","-1120","-3657","-95","-78","81","267","339","0"
"1578","238638.9595663","1185.5695","263","-1139","-3043","-109","-88","57","249","301","0"
"1579","238638.9641718","1185.5742","5","-1277","-3266","-69","-78","18","254","279","0"
"1580","238639.0202453","1185.6302","-134","-1371","-2701","-27","-99","19","268","220","0"
"1581","238639.0248895","1185.6349","-301","-1278","-3106","0","-86","39","244","177","0"
"1582","238639.0291334","1185.6391","-330","-1234","-2930","-21","-74","71","223","209","0"
"1583","238639.0382165","1185.6482","-61","-1228","-2354","-38","-61","57","209","229","0"
"1584","238639.0406631","1185.6506","-160","-1171","-2760","-42","-63","64","179","222","0"
"1585","238639.0430521","1185.653","-112","-1133","-2690","-41","-45","52","151","198","0"
"1586","238639.0465904","1185.6566","-268","-1149","-2729","-61","-15","38","129","201","0"
"1587","238639.0491525","1185.6591","-172","-1174","-2685","-39","-18","15","124","236","0"
"1588","238639.0523059","1185.6623","-221","-986","-2069","-51","1","0","103","243","0"
"1589","238639.0694294","1185.6794","-114","-949","-1918","-40","12","-34","97","236","0"
"1590","238639.0737489","1185.6837","18","-915","-1817","-8","35","-47","81","236","0"
"1591","238639.0766198","1185.6866","-261","-1074","-2292","-12","58","-10","61","184","0"
"1592","238639.0825643","1185.6925","-220","-999","-2720","4","48","-16","62","189","0"
"1593","238639.0872299","1185.6972","-16","-895","-2492","12","34","2","62","231","0"
"1594","238639.0928238","1185.7028","-83","-900","-2538","-18","48","25","61","241","0"
"1595","238639.1125269","1185.7225","-261","-896","-1953","-34","55","21","45","194","0"
"1596","238639.1149761","1185.725","-304","-829","-2286","-28","74","15","58","200","0"
"1597","238639.1173745","1185.7274","-324","-741","-2450","-24","66","18","54","218","0"
"1598","238639.1304887","1185.7405","-66","-699","-2173","-35","47","-6","33","265","0"
"1599","238639.132908","1185.7429","178","-705","-2126","-76","48","7","21","268","0"
"1600","238639.1358744","1185.7459","115","-722","-2044","-104","82","37","35","289","0"
"1601","238639.1685711","1185.7786","-260","-884","-2345","-108","78","20","45","325","0"
"1602","238639.17162","1185.7816","-88","-969","-1862","-89","68","-8","59","332","0"
"1603","238639.175456","1185.7854","158","-985","-1265","-79","36","-17","92","377","0"
"1604","238639.2106988","1185.8207","-108","-1018","-1548","-82","23","-9","95","396","0"
"1605","238639.2205507","1185.8305","-57","-951","-1482","-81","19","-6","109","392","0"
"1606","238639.2340829","1185.8441","125","-870","-2341","-119","25","-32","134","355","0"
"1607","238639.2707744","1185.8808","291","-865","-2699","-158","11","-59","185","396","0"
"1608","238639.2785388","1185.8885","400","-967","-2522","-130","-9","-77","178","446","0"
"1609","238639.2861877","1185.8962","343","-1005","-2640","-158","-34","-55","165","443","0"
"1610","238639.2920451","1185.902","330","-1029","-2406","-145","-52","-71","182","436","0"
"1611","238639.2974123","1185.9074","251","-1060","-2511","-130","-25","-57","203","436","0"
"1612","238639.3049203","1185.9149","224","-1072","-2272","-100","15","-45","159","388","0"
"1613","238639.3172292","1185.9272","188","-952","-2475","-66","44","-73","108","338","0"
"1614","238639.3271873","1185.9372","71","-863","-3127","-13","60","-49","97","290","0"
"1615","238639.3308338","1185.9408","-22","-877","-3810","64","89","-38","69","258","0"
"1616","238639.3337716","1185.9438","-49","-934","-4490","99","109","-70","36","238","0"
"1617","238639.3360706","1185.9461","106","-798","-4707","73","131","-108","5","200","0"
"1618","238639.3383653","1185.9483","265","-755","-4309","53","114","-135","23","129","0"
"1619","238639.3416178","1185.9516","274","-871","-4547","45","132","-145","35","89","0"
"1620","238639.3441754","1185.9542","51","-980","-4371","56","124","-153","29","43","0"
"1621","238639.3465971","1185.9566","-143","-1123","-4766","54","104","-144","17","78","0"
"1622","238639.3494","1185.9594","-196","-1037","-4852","49","80","-168","-15","140","0"
"1623","238639.3518179","1185.9618","-169","-969","-4302","46","66","-156","-23","134","0"
"1624","238639.3541989","1185.9642","-305","-937","-4820","70","73","-179","-18","124","0"
"1625","238639.3630652","1185.973","-310","-925","-4807","83","79","-169","6","155","0"
"1626","238639.3658418","1185.9758","-140","-845","-4973","91","59","-189","29","132","0"
"1627","238639.3683493","1185.9783","-124","-858","-5090","84","18","-188","75","139","0"
"1628","238639.390939","1186.0009","-110","-767","-4820","66","3","-182","71","164","0"
"1629","238639.3934853","1186.0035","60","-754","-5278","50","0","-187","51","140","0"
"1630","238639.3958907","1186.0059","175","-724","-5272","69","26","-218","34","92","0"
"1631","238639.4448544","1186.0548","107","-711","-5119","72","38","-230","28","46","0"
"1632","238639.4473923","1186.0574","-73","-713","-5393","63","24","-230","20","-40","0"
"1633","238639.4503331","1186.0603","10","-677","-5314","39","34","-227","30","-104","0"
"1634","238639.4602467","1186.0702","-78","-719","-5610","11","26","-213","-1","-122","0"
"1635","238639.4728572","1186.0828","-160","-599","-5256","-5","32","-220","-35","-178","0"
"1636","238639.4777559","1186.0877","-215","-597","-5535","24","11","-199","-55","-233","0"
"1637","238639.4847427","1186.0947","-72","-617","-5479","62","14","-189","-48","-255","0"
"1638","238639.495003","1186.105","76","-676","-5574","67","17","-157","-44","-280","0"
"1639","238639.4988635","1186.1088","93","-595","-5605","78","0","-147","-61","-318","0"
"1640","238639.5029569","1186.1129","-5","-642","-5527","120","-9","-157","-70","-333","0"
"1641","238639.5266668","1186.1367","-109","-572","-5605","143","-6","-145","-62","-365","0"
"1642","238639.5309621","1186.1409","-74","-568","-5647","145","-4","-123","-52","-400","0"
"1643","238639.5355511","1186.1455","-54","-577","-5522","181","-11","-73","-41","-410","0"
"1644","238639.5421836","1186.1522","-134","-517","-5673","167","-33","-85","-22","-366","0"
"1645","238639.5489248","1186.1589","-14","-527","-5677","150","-42","-125","-21","-375","0"
"1646","238639.5551189","1186.1651","107","-587","-5544","160","-22","-140","-35","-348","0"
"1647","238639.5608711","1186.1709","297","-486","-5485","182","21","-111","-25","-323","0"
"1648","238639.5657226","1186.1757","540","-363","-5053","190","29","-78","-16","-326","0"
"1649","238639.5698543","1186.1798","570","-532","-5556","233","22","-74","-20","-318","0"
"1650","238639.5727178","1186.1827","684","-560","-5233","225","22","-75","-8","-294","0"
"1651","238639.5775232","1186.1875","491","-566","-5449","210","-7","-47","-11","-243","0"
"1652","238639.5818583","1186.1918","354","-558","-5179","194","-13","-26","-34","-218","0"
"1653","238639.5845244","1186.1945","430","-578","-4246","202","23","-10","-15","-223","0"
"1654","238639.5869616","1186.1969","337","-605","-4084","186","-5","27","1","-178","0"
"1655","238639.5897296","1186.1997","280","-578","-4066","156","-29","74","-14","-128","0"
"1656","238639.5925834","1186.2026","229","-436","-4097","133","-33","58","22","-85","0"
"1657","238639.5951501","1186.2051","327","-320","-4042","138","16","46","17","-71","0"
"1658","238639.6100314","1186.22","394","-414","-3786","120","30","42","21","-43","0"
"1659","238639.6120359","1186.222","300","-572","-4087","141","55","44","11","-27","0"
"1660","238639.6145133","1186.2245","263","-620","-3973","143","9","57","-9","-10","0"
"1661","238639.6295652","1186.2395","278","-707","-4146","106","4","46","-12","9","0"
"1662","238639.6321589","1186.2421","305","-708","-4315","88","20","66","12","21","0"
"1663","238639.6346227","1186.2446","246","-702","-3687","97","32","85","53","-15","0"
"1664","238639.6529689","1186.263","110","-647","-4035","94","63","72","81","-21","0"
"1665","238639.6554637","1186.2654","-34","-619","-3644","122","66","53","89","-34","0"
"1666","238639.6579248","1186.2679","241","-561","-3711","127","48","56","45","-52","0"
"1667","238639.6795811","1186.2896","396","-559","-3405","153","10","69","54","-75","0"
"1668","238639.6821591","1186.2921","645","-541","-3459","178","-16","73","51","-23","0"
"1669","238639.6845712","1186.2946","738","-541","-3514","158","-34","49","57","13","0"
"1670","238639.7141821","1186.3242","736","-563","-3655","145","-31","38","51","51","0"
"1671","238639.7168525","1186.3268","708","-602","-3761","105","-11","47","49","86","0"
"1672","238639.7191911","1186.3292","876","-555","-3543","87","-2","47","56","66","0"
"1673","238639.740392","1186.3504","1008","-614","-3378","89","-25","50","64","69","0"
"1674","238639.7430768","1186.3531","1097","-675","-3222","116","-51","31","75","61","0"
"1675","238639.7456299","1186.3556","1178","-586","-2743","118","-38","19","112","49","0"
"1676","238639.7917833","1186.4018","993","-645","-2841","109","-54","20","84","51","0"
"1677","238639.7949133","1186.4049","1087","-661","-3037","82","-64","36","77","16","0"
"1678","238639.7976812","1186.4077","925","-744","-3197","89","-48","51","62","4","0"
"1679","238639.8007703","1186.4108","732","-739","-3522","100","-13","82","15","-18","0"
"1680","238639.8038546","1186.4138","797","-490","-3378","134","-9","71","-39","-15","0"
"1681","238639.8062566","1186.4162","841","-301","-3789","170","-37","21","-34","-19","0"
"1682","238639.8089551","1186.4189","801","-254","-3566","200","-52","55","-41","-23","0"
"1683","238639.8118286","1186.4218","779","-241","-3297","230","-43","64","-71","-29","0"
"1684","238639.8144379","1186.4244","857","-92","-3757","275","-82","28","-105","14","0"
"1685","238639.8301579","1186.4401","904","-93","-4210","293","-97","1","-93","68","0"
"1686","238639.8324419","1186.4424","735","-130","-3364","244","-87","-7","-69","47","0"
"1687","238639.8346404","1186.4446","502","-239","-3094","229","-87","-29","-47","40","0"
"1688","238639.843594","1186.4536","357","-403","-3151","240","-68","-23","-48","12","0"
"1689","238639.8460639","1186.456","291","-531","-3828","256","-56","-4","-57","-20","0"
"1690","238639.8484237","1186.4584","134","-487","-3571","300","-42","-13","-86","-42","0"
"1691","238639.8779236","1186.4879","152","-319","-3976","307","-3","-40","-108","-68","0"
"1692","238639.8800079","1186.49","304","-397","-3663","298","12","-58","-69","-102","0"
"1693","238639.8814126","1186.4914","248","-398","-3158","285","14","-37","-59","-125","0"
"1694","238639.9008693","1186.5109","140","-443","-3158","282","-17","-28","-41","-131","0"
"1695","238639.9090225","1186.519","183","-417","-3227","277","-17","-53","-15","-162","0"
"1696","238639.9150324","1186.525","109","-350","-3704","305","-18","-46","7","-184","0"
"1697","238639.9392564","1186.5492","-41","-289","-3767","319","17","-54","-29","-165","0"
"1698","238639.9493587","1186.5593","122","-171","-3957","294","14","-48","-54","-174","0"
"1699","238639.9574324","1186.5674","1","-228","-4468","250","39","-21","-53","-221","0"
"1700","238639.9613964","1186.5714","-165","-404","-4641","257","70","23","-50","-255","0"
"1701","238639.9647042","1186.5747","-278","-364","-4959","261","64","29","-28","-262","0"
"1702","238639.9673059","1186.5773","-154","-156","-4798","260","43","30","-47","-283","0"
"1703","238639.9701225","1186.5801","-68","-160","-4512","260","40","41","-52","-297","0"
"1704","238639.9724877","1186.5825","-171","-240","-4880","264","51","37","-76","-311","0"
"1705","238639.9748742","1186.5849","-132","-181","-4456","254","48","-7","-56","-322","0"
"1706","238639.9953348","1186.6053","-162","-297","-4574","222","29","-25","-34","-285","0"
"1707","238639.9990508","1186.609","-240","-445","-4681","203","30","-55","-3","-245","0"
"1708","238640.0021091","1186.6121","-216","-321","-3871","197","14","-57","-10","-197","0"
"1709","238640.0184997","1186.6285","-335","-348","-4263","177","14","-55","-60","-153","0"
"1710","238640.0438852","1186.6539","-222","-201","-3865","146","58","-70","-93","-83","0"
"1711","238640.0501284","1186.6601","-299","-244","-3982","120","126","-97","-100","-58","0"
"1712","238640.0629235","1186.6729","-378","-263","-4213","120","139","-125","-61","-58","0"
"1713","238640.0664279","1186.6764","-551","-441","-4009","128","143","-140","-47","-87","0"
"1714","238640.069066","1186.679","-434","-354","-3989","172","152","-121","-54","-109","0"
"1715","238640.1115313","1186.7215","-238","-247","-3423","193","131","-85","-46","-153","0"
"1716","238640.1143591","1186.7243","-330","-179","-3449","176","107","-99","-65","-193","0"
"1717","238640.1170731","1186.7271","-316","-5","-3834","193","119","-113","-42","-256","0"
"1718","238640.1394159","1186.7494","-205","-4","-3410","209","153","-123","-31","-261","0"
"1719","238640.1418949","1186.7519","-447","-77","-3234","206","167","-103","-2","-283","0"
"1720","238640.1445294","1186.7545","-696","-46","-3402","204","123","-71","-4","-287","0"
"1721","238640.1530052","1186.763","-667","133","-4585","214","87","-27","-31","-269","0"
"1722","238640.1555105","1186.7655","-595","199","-5229","195","105","-7","-40","-220","0"
"1723","238640.1578731","1186.7679","-475","338","-4893","176","108","17","-10","-153","0"
"1724","238640.1606794","1186.7707","-586","243","-5350","153","133","6","-39","-141","0"
"1725","238640.1642879","1186.7743","-552","197","-5476","132","123","3","-48","-165","0"
"1726","238640.1688878","1186.7789","-760","51","-6331","145","82","25","-11","-173","0"
"1727","238640.1740832","1186.7841","-790","2","-6694","141","68","22","2","-146","0"
"1728","238640.1797291","1186.7897","-680","136","-6972","137","78","61","-14","-132","0"
"1729","238640.1855816","1186.7956","-674","161","-8225","125","84","113","-7","-153","0"
"1730","238640.1994384","1186.8094","-639","336","-8552","150","129","117","13","-148","0"
"1731","238640.2064141","1186.8164","-891","311","-8850","168","155","90","40","-91","0"
"1732","238640.2201358","1186.8301","-774","328","-9013","159","160","76","50","-59","0"
"1733","238640.2333757","1186.8434","-788","239","-9404","160","216","89","51","-68","0"
"1734","238640.244809","1186.8548","-946","148","-9982","145","217","83","53","-15","0"
"1735","238640.2555812","1186.8656","-969","72","-9986","164","209","68","62","-41","0"
"1736","238640.2718247","1186.8818","-972","142","-10949","163","216","56","56","-75","0"
"1737","238640.2923189","1186.9023","-874","316","-11834","164","204","36","62","-108","0"
"1738","238640.3111962","1186.9212","-837","455","-11971","172","162","46","91","-133","0"
"1739","238640.3264945","1186.9365","-1098","517","-12087","171","159","55","128","-142","0"
"1740","238640.3384611","1186.9484","-1247","443","-11927","142","123","87","151","-120","0"
"1741","238640.3465269","1186.9565","-1319","298","-12151","123","110","101","164","-90","0"
"1742","238640.3561036","1186.9661","-1141","121","-11811","98","117","110","139","-79","0"
"1743","238640.3745903","1186.9846","-904","143","-10524","93","125","113","78","-28","0"
"1744","238640.3801457","1186.9901","-914","148","-9894","84","104","142","49","6","0"
"1745","238640.3866346","1186.9966","-893","102","-9588","61","63","179","9","38","0"
"1746","238640.3929625","1187.0029","-709","109","-8498","9","59","165","25","59","0"
"1747","238640.397714","1187.0077","-754","93","-7573","-8","63","143","29","81","0"
"1748","238640.4046681","1187.0147","-730","210","-6640","-31","55","124","35","77","0"
"1749","238640.41126","1187.0212","-727","275","-6329","-41","35","74","7","64","0"
"1750","238640.4199305","1187.0299","-863","201","-6295","-34","37","51","12","83","0"
"1751","238640.4252858","1187.0353","-969","63","-6992","-3","28","36","24","102","0"
"1752","238640.4334061","1187.0434","-954","93","-6668","5","56","60","38","141","0"
"1753","238640.4413811","1187.0514","-904","-33","-5690","5","69","43","11","137","0"
"1754","238640.4537973","1187.0638","-853","-112","-5441","-11","68","17","-19","145","0"
"1755","238640.4568241","1187.0668","-745","3","-5161","10","46","14","-32","173","0"
"1756","238640.4609137","1187.0709","-794","56","-4494","1","24","2","-13","153","0"
"1757","238640.465277","1187.0753","-652","89","-3951","-18","54","-8","-17","114","0"
"1758","238640.468453","1187.0784","-623","83","-3115","-14","52","-3","-21","98","0"
"1759","238640.4709532","1187.0809","-779","109","-3019","-25","31","-11","-11","109","0"
"1760","238640.4738262","1187.0838","-943","101","-3167","-20","1","-13","-17","95","0"
"1761","238640.4762139","1187.0862","-1126","60","-3076","10","-13","5","-38","111","0"
"1762","238640.4796378","1187.0896","-1165","-35","-2481","25","-8","-17","-40","154","0"
"1763","238640.4879042","1187.0979","-1079","-28","-1863","-38","-8","-15","-40","204","0"
"1764","238640.4905924","1187.1006","-1090","-11","-1821","-44","-9","-20","-29","242","0"
"1765","238640.4930504","1187.103","-1033","-15","-1759","-59","7","9","-21","268","0"
"1766","238640.5015887","1187.1116","-1249","-201","-1730","-47","17","16","-34","284","0"
"1767","238640.5045337","1187.1145","-1136","-148","-1617","-42","-14","-10","-49","296","0"
"1768","238640.5072212","1187.1172","-1199","-144","-893","-51","0","-27","-9","320","0"
"1769","238640.5107226","1187.1207","-1191","-168","-1410","-81","18","-8","-8","356","0"
"1770","238640.5133841","1187.1234","-1272","-76","-1366","-59","39","-17","-26","372","0"
"1771","238640.51563","1187.1256","-1324","37","-2030","-37","16","-66","-9","338","0"
"1772","238640.5207745","1187.1308","-1334","-14","-1944","-50","-16","-51","26","338","0"
"1773","238640.5232717","1187.1333","-1245","-185","-845","-84","-25","-68","19","364","0"
"1774","238640.5271065","1187.1371","-1108","-321","-579","-111","-57","-50","4","363","0"
"1775","238640.5462151","1187.1562","-1130","-246","-955","-125","-15","-52","20","359","0"
"1776","238640.5479212","1187.1579","-863","-178","-1426","-124","4","-56","45","360","0"
"1777","238640.5508238","1187.1608","-678","-125","-811","-177","17","-55","54","389","0"
"1778","238640.5802927","1187.1903","-257","-41","85","-190","23","-49","68","444","0"
"1779","238640.5829205","1187.1929","-665","-70","366","-197","23","-27","97","465","0"
"1780","238640.5854156","1187.1954","-742","-23","207","-221","19","-44","131","498","0"
"1781","238640.5966928","1187.2067","-332","42","-325","-258","29","-32","143","494","0"
"1782","238640.5991818","1187.2092","920","95","214","-290","30","-5","168","472","0"
"1783","238640.6014378","1187.2114","-778","52","1175","-289","-4","5","176","454","0"
"1784","238640.6229624","1187.2329","-381","87","567","-308","-17","-38","165","522","0"
"1785","238640.6255493","1187.2355","-719","101","856","-333","-10","-67","166","599","0"
"1786","238640.6281575","1187.2381","-118","126","768","-346","14","-64","143","624","0"
"1787","238640.6543703","1187.2644","-543","36","1236","-345","26","-23","152","643","0"
"1788","238640.6626118","1187.2726","-102","8","1530","-344","30","-13","185","658","0"
"1789","238640.6711432","1187.2811","558","-24","1852","-358","61","-24","190","639","0"
"1790","238640.6766368","1187.2866","-1002","-363","867","-341","85","-13","218","616","0"
"1791","238640.6810824","1187.2911","-587","6","1693","-335","63","-26","248","605","0"
"1792","238640.6860201","1187.296","556","7","1648","-350","81","-3","244","582","0"
"1793","238640.7075474","1187.3175","-60","66","3335","-346","92","-3","201","561","0"
"1794","238640.715437","1187.3254","-992","-47","1235","-313","118","4","209","534","0"
"1795","238640.7232252","1187.3332","543","401","1893","-301","147","-13","244","524","0"
"1796","238640.7281352","1187.3381","332","74","1642","-330","136","-17","255","542","0"
"1797","238640.7368864","1187.3469","148","-145","-214","-344","101","-10","248","538","0"
"1798","238640.740266","1187.3502","-1301","-96","1430","-364","112","37","272","537","0"
"1799","238640.7534835","1187.3635","1829","165","1553","-361","119","28","280","539","0"
"1800","238640.7561828","1187.3662","346","85","1642","-370","103","16","276","468","0"
"1801","238640.7590964","1187.3691","-606","312","2989","-332","105","30","268","436","0"
"1802","238640.7699642","1187.3799","-801","167","1720","-311","125","19","287","437","0"
"1803","238640.772339","1187.3823","-1975","-291","1813","-332","124","20","298","427","0"
"1804","238640.7750184","1187.385","1002","-78","1738","-330","109","27","291","411","0"
"1805","238640.7965558","1187.4065","2923","234","1805","-336","131","11","248","387","0"
"1806","238640.7992009","1187.4092","-1344","104","2330","-337","132","23","218","316","0"
"1807","238640.8018507","1187.4118","-4235","-769","2089","-315","119","53","199","270","0"
"1808","238640.8284","1187.4384","257","-489","972","-276","97","48","194","270","0"
"1809","238640.831015","1187.441","-341","6","2874","-276","94","47","196","244","0"
"1810","238640.8334522","1187.4434","-990","-303","2370","-285","8","50","177","217","0"
"1811","238640.849222","1187.4592","-3008","-543","1759","-297","-30","41","170","224","0"
"1812","238640.8520419","1187.462","-3548","-649","2391","-319","-32","20","147","203","0"
"1813","238640.8634368","1187.4734","961","42","1927","-292","-1","19","179","177","0"
"1814","238640.8776625","1187.4876","-474","-651","1955","-278","1","11","159","121","0"
"1815","238640.8801911","1187.4902","-4177","-917","2892","-252","29","3","193","62","0"
"1816","238640.8826263","1187.4926","-2839","-998","1114","-222","36","4","192","119","0"
"1817","238640.8856968","1187.4957","-1870","-963","443","-235","28","-12","151","152","0"
"1818","238640.888487","1187.4985","-1389","-828","869","-245","36","1","107","154","0"
"1819","238640.8908667","1187.5009","-2046","-1081","991","-205","25","1","133","160","0"
"1820","238640.9029791","1187.513","-1427","-913","808","-199","27","56","115","168","0"
"1821","238640.9064751","1187.5165","-2138","-1078","353","-206","24","78","112","172","0"
"1822","238640.9117001","1187.5217","-2171","-948","-61","-214","23","94","102","178","0"
"1823","238640.9314732","1187.5415","-1648","-1006","-33","-262","-8","90","95","163","0"
"1824","238640.9336773","1187.5437","-1430","-853","-715","-273","-57","94","90","109","0"
"1825","238640.9351906","1187.5452","-1241","-958","-519","-262","-70","77","68","112","0"
"1826","238640.9545822","1187.5646","-1634","-999","-813","-299","-63","74","48","101","0"
"1827","238640.957015","1187.567","-1676","-943","-1147","-336","-65","87","44","86","0"
"1828","238640.9593508","1187.5693","-883","-928","-1538","-320","-67","73","83","53","0"
"1829","238640.9708312","1187.5808","-1213","-977","-2167","-278","-64","54","48","26","0"
"1830","238640.9731087","1187.5831","-1239","-1229","-2888","-223","-62","48","49","39","0"
"1831","238640.975356","1187.5853","-1240","-834","-2248","-204","-77","40","61","75","0"
"1832","238641.0005047","1187.6105","-1283","-720","-2240","-197","-80","13","83","94","0"
"1833","238641.0029214","1187.6129","-1079","-822","-2098","-209","-82","-4","71","98","0"
"1834","238641.0061052","1187.6161","-1128","-733","-2487","-220","-57","0","53","89","0"
"1835","238641.0302606","1187.6402","-1305","-745","-2391","-247","-50","-11","67","70","0"
"1836","238641.0379653","1187.6479","-1012","-502","-2490","-245","-78","-19","112","53","0"
"1837","238641.0455557","1187.6555","-765","-412","-2338","-252","-97","-21","93","92","0"
"1838","238641.0528633","1187.6628","-446","-307","-2002","-259","-82","-17","51","88","0"
"1839","238641.0580472","1187.668","-734","-462","-2696","-297","-88","-4","29","45","0"
"1840","238641.0661363","1187.6761","-540","-427","-3139","-292","-94","-30","28","17","0"
"1841","238641.0699273","1187.6799","-474","-331","-3915","-262","-83","-39","27","41","0"
"1842","238641.0728768","1187.6829","-444","-230","-3883","-266","-80","-55","34","53","0"
"1843","238641.0758844","1187.6859","-504","-363","-3991","-274","-78","-58","18","29","0"
"1844","238641.0909064","1187.7009","-673","-283","-5343","-311","-48","-61","4","35","0"
"1845","238641.0929986","1187.703","-622","-280","-6736","-288","-50","-61","33","40","0"
"1846","238641.0947999","1187.7048","-865","-473","-8762","-271","-69","-46","34","54","0"
"1847","238641.1362081","1187.7462","-962","-657","-10820","-275","-65","-56","70","42","0"
"1848","238641.1392037","1187.7492","-960","-689","-12170","-266","-60","-46","105","65","0"
"1849","238641.1407867","1187.7508","-913","-754","-13483","-271","-50","-31","140","105","0"
"1850","238641.1428347","1187.7528","-576","-776","-14374","-314","-60","-25","106","76","0"
"1851","238641.1454003","1187.7554","-881","-813","-15546","-278","-46","-60","105","68","0"
"1852","238641.1478359","1187.7578","-930","-698","-16369","-241","-61","-39","110","107","0"
"1853","238641.1640605","1187.774","-916","-738","-16062","-280","-44","-52","123","102","0"
"1854","238641.166353","1187.7763","-906","-660","-15943","-321","-66","-60","138","21","0"
"1855","238641.1699224","1187.7799","-986","-658","-15984","-349","-94","-48","169","4","0"
"1856","238641.201935","1187.8119","-920","-622","-15294","-361","-118","-14","134","14","0"
"1857","238641.2062794","1187.8163","-1032","-562","-14470","-348","-125","-24","110","0","0"
"1858","238641.2100039","1187.82","-899","-579","-13586","-355","-127","-19","121","9","0"
"1859","238641.226479","1187.8365","-877","-619","-12910","-359","-108","-36","125","-2","0"
"1860","238641.2333692","1187.8434","-959","-727","-12401","-355","-96","-21","150","38","0"
"1861","238641.2407417","1187.8507","-749","-589","-11682","-397","-119","-24","166","54","0"
"1862","238641.2531203","1187.8631","-822","-696","-10720","-442","-140","-23","141","20","0"
"1863","238641.265648","1187.8756","-874","-643","-9259","-439","-143","-38","136","22","0"
"1864","238641.276815","1187.8868","-1028","-728","-8991","-436","-147","-28","195","11","0"
"1865","238641.2964862","1187.9065","-995","-681","-8769","-433","-124","-22","215","43","0"
"1866","238641.3013367","1187.9113","-1038","-630","-7954","-445","-114","-8","229","40","0"
"1867","238641.3052718","1187.9153","-799","-374","-7159","-448","-128","-22","234","71","0"
"1868","238641.3106448","1187.9206","-606","-235","-5893","-468","-130","-37","231","51","0"
"1869","238641.3165822","1187.9266","-707","-324","-5629","-499","-117","-25","218","31","0"
"1870","238641.3221557","1187.9321","-698","-199","-5198","-496","-116","-44","216","29","0"
"1871","238641.3260409","1187.936","-1026","-189","-5126","-497","-127","-69","208","65","0"
"1872","238641.3289465","1187.9389","-987","-313","-4127","-527","-129","-104","199","76","0"
"1873","238641.3313371","1187.9413","-844","-332","-2870","-574","-148","-123","189","52","0"
"1874","238641.3361737","1187.9462","-709","-351","-2460","-579","-166","-110","166","35","0"
"1875","238641.3401548","1187.9501","-516","-393","-1858","-580","-186","-109","152","51","0"
"1876","238641.3430232","1187.953","-418","-396","-1461","-574","-161","-97","151","35","0"
"1877","238641.350986","1187.961","-461","-367","-1381","-555","-161","-61","149","3","0"
"1878","238641.3535984","1187.9636","-385","-296","-75","-537","-146","-54","115","33","0"
"1879","238641.365236","1187.9752","-350","-318","631","-535","-129","-63","88","24","0"
"1880","238641.3755999","1187.9856","-534","-307","804","-579","-112","-54","75","-16","0"
"1881","238641.3770685","1187.9871","-743","-387","988","-614","-117","-50","75","-41","0"
"1882","238641.3792859","1187.9893","-844","-376","1679","-633","-116","-38","34","-10","0"
"1883","238641.4204432","1188.0304","-766","-424","2514","-622","-144","-36","37","34","0"
"1884","238641.4238347","1188.0338","-832","-534","2249","-627","-177","-52","13","92","0"
"1885","238641.4255955","1188.0356","-736","-583","3060","-656","-154","-70","29","144","0"
"1886","238641.4530176","1188.063","-941","-493","3465","-670","-103","-85","40","181","0"
"1887","238641.4554262","1188.0654","-1081","-518","4085","-682","-90","-65","80","184","0"
"1888","238641.4577972","1188.0678","-1134","-600","4315","-699","-90","-61","91","187","0"
"1889","238641.4748559","1188.0848","-1064","-695","4133","-701","-97","-71","80","236","0"
"1890","238641.4773163","1188.0873","-1027","-612","5021","-660","-114","-58","52","276","0"
"1891","238641.4798112","1188.0898","-994","-703","5658","-650","-119","-49","77","336","0"
"1892","238641.4890615","1188.099","-990","-651","6420","-698","-96","-64","98","368","0"
"1893","238641.4914767","1188.1015","-875","-648","6940","-745","-120","-79","121","384","0"
"1894","238641.4938639","1188.1038","-964","-508","7052","-760","-142","-79","151","428","0"
"1895","238641.5181282","1188.1281","-907","-442","6809","-752","-169","-77","182","463","0"
"1896","238641.521938","1188.1319","-800","-344","6679","-749","-215","-68","188","458","0"
"1897","238641.5253644","1188.1353","-820","-379","6974","-763","-239","-98","181","478","0"
"1898","238641.5288472","1188.1388","-606","-208","7947","-771","-218","-117","174","505","0"
"1899","238641.5320251","1188.142","-705","-218","7417","-800","-211","-130","165","490","0"
"1900","238641.5354467","1188.1454","-771","-253","7273","-814","-203","-142","192","512","0"
"1901","238641.5755061","1188.1855","-832","-290","6735","-816","-190","-155","227","501","0"
"1902","238641.5793581","1188.1893","-753","-218","6511","-772","-183","-164","241","503","0"
"1903","238641.5822468","1188.1922","-654","-89","7119","-752","-164","-165","238","490","0"
"1904","238641.6038678","1188.2139","-700","-112","6647","-760","-172","-161","174","449","0"
"1905","238641.6060841","1188.2161","-753","-411","6420","-783","-170","-141","155","415","0"
"1906","238641.610288","1188.2203","-763","-309","6210","-793","-143","-167","142","359","0"
"1907","238641.6122866","1188.2223","-591","-324","5249","-750","-141","-163","134","320","0"
"1908","238641.6136502","1188.2236","-351","-182","6694","-734","-143","-138","114","276","0"
"1909","238641.615921","1188.2259","-266","-119","6578","-700","-113","-108","136","271","0"
"1910","238641.6332332","1188.2432","-38","-67","6129","-703","-76","-99","112","295","0"
"1911","238641.6357063","1188.2457","-616","-256","6163","-757","-41","-77","120","306","0"
"1912","238641.6470974","1188.2571","-675","-372","5918","-767","-16","-41","108","299","0"
"1913","238641.6501838","1188.2602","-599","-214","6618","-726","-16","-25","130","318","0"
"1914","238641.6531169","1188.2631","708","-145","6084","-747","-6","-42","161","353","0"
"1915","238641.6625111","1188.2725","-117","-2","6648","-742","32","-73","203","332","0"
"1916","238641.6729824","1188.283","796","-57","5891","-739","18","-50","222","307","0"
"1917","238641.6756949","1188.2857","-739","-354","5393","-761","-6","-67","243","328","0"
"1918","238641.6788145","1188.2888","648","-251","5585","-757","-18","-114","250","358","0"
"1919","238641.7108624","1188.3208","-1416","-125","5105","-757","-3","-145","259","380","0"
"1920","238641.7133215","1188.3233","126","-211","5216","-745","-7","-112","225","413","0"
"1921","238641.7156389","1188.3256","-498","-537","4003","-773","-3","-99","206","384","0"
"1922","238641.720501","1188.3305","172","-254","3654","-747","0","-94","200","337","0"
"1923","238641.7231406","1188.3331","871","-358","4068","-735","22","-96","209","314","0"
"1924","238641.7256678","1188.3357","577","1","7254","-729","29","-107","206","291","0"
"1925","238641.7384775","1188.3485","311","-657","4106","-772","27","-102","204","268","0"
"1926","238641.7409104","1188.3509","-1977","-784","2840","-800","15","-72","188","251","0"
"1927","238641.7437249","1188.3537","614","-325","2970","-750","-10","-31","167","248","0"
"1928","238641.7578582","1188.3678","1710","-278","4831","-696","29","-41","139","234","0"
"1929","238641.7610693","1188.3711","-1556","-732","4810","-693","52","-53","159","235","0"
"1930","238641.7659571","1188.3759","-264","-1026","4131","-733","39","-68","200","187","0"
"1931","238641.7871512","1188.3971","471","-730","2567","-753","28","-26","224","165","0"
"1932","238641.7895713","1188.3996","549","-431","3399","-750","21","2","209","140","0"
"1933","238641.7920082","1188.402","-2038","-986","4477","-730","16","16","227","155","0"
"1934","238641.8062065","1188.4162","-2364","-940","4978","-705","13","34","209","174","0"
"1935","238641.8114872","1188.4215","-2701","-635","5163","-677","33","9","218","137","0"
"1936","238641.8175564","1188.4275","-1168","-633","3935","-674","62","-14","206","86","0"
"1937","238641.8513171","1188.4613","883","-572","3369","-647","75","-7","213","57","0"
"1938","238641.8536619","1188.4636","-3744","-655","4910","-601","72","0","193","53","0"
"1939","238641.8582919","1188.4683","-1621","-621","4768","-598","96","-18","200","48","0"
"1940","238641.8732627","1188.4832","-1321","-453","3640","-608","131","7","197","54","0"
"1941","238641.8758155","1188.4858","-28","-111","3916","-602","117","15","214","55","0"
"1942","238641.8774307","1188.4874","-2601","-430","4945","-612","128","-11","232","11","0"
"1943","238641.8924258","1188.5024","-567","-310","3845","-653","129","-44","227","14","0"
"1944","238641.89479","1188.5048","-2158","-175","5042","-648","139","-51","243","59","0"
"1945","238641.9068099","1188.5168","-2095","-660","4373","-640","162","-65","212","80","0"
"1946","238641.9261138","1188.5361","-509","-309","4334","-635","176","-76","201","72","0"
"1947","238641.9287773","1188.5388","-2280","-383","4719","-665","150","-75","191","45","0"
"1948","238641.9316012","1188.5416","623","94","4883","-658","137","-103","192","-12","0"
"1949","238641.9528601","1188.5628","-1501","-547","4644","-622","135","-120","177","-58","0"
"1950","238641.9555147","1188.5655","-2459","-529","4813","-571","107","-122","153","-82","0"
"1951","238641.9581846","1188.5682","-2416","-594","3957","-559","110","-123","127","-44","0"
"1952","238641.9614787","1188.5715","773","-229","3084","-593","121","-117","84","-38","0"
"1953","238641.9644898","1188.5745","-273","-211","4076","-574","100","-131","38","-36","0"
"1954","238641.9675087","1188.5775","-1995","-261","3547","-563","62","-114","-3","-54","0"
"1955","238641.9927991","1188.6028","-1877","-333","2649","-570","46","-142","-29","-59","0"
"1956","238642.0045181","1188.6145","-1259","-211","1995","-574","62","-125","-38","-99","0"
"1957","238642.0237849","1188.6338","-1778","-474","1414","-545","52","-131","-51","-50","0"
"1958","238642.0406135","1188.6506","-1439","-414","2606","-566","35","-119","-29","-13","0"
"1959","238642.0575703","1188.6676","-404","-473","2128","-561","-13","-120","-5","17","0"
"1960","238642.0711573","1188.6811","-1084","-344","2800","-554","-16","-101","8","23","0"
"1961","238642.0832362","1188.6932","-2310","-143","3201","-510","1","-112","22","42","0"
"1962","238642.0922886","1188.7023","-504","60","2466","-466","-13","-164","41","86","0"
"1963","238642.0976197","1188.7076","-1039","-119","3360","-446","-10","-183","33","127","0"
"1964","238642.1021088","1188.7121","-1434","-61","3946","-459","-35","-170","49","169","0"
"1965","238642.108613","1188.7186","-1446","-464","3294","-465","-13","-157","76","131","0"
"1966","238642.110055","1188.72","-1933","-312","4094","-467","-39","-143","93","124","0"
"1967","238642.110851","1188.7208","-167","-389","4009","-432","-6","-153","57","130","0"
"1968","238642.1115001","1188.7215","-1381","-546","5555","-423","1","-147","79","138","0"
"1969","238642.1122437","1188.7222","-2251","-564","5297","-440","5","-107","113","123","0"
"1970","238642.1130488","1188.723","-1484","-79","4770","-450","-2","-89","91","90","0"
"1971","238642.1137074","1188.7237","-514","-220","4629","-437","-10","-89","93","91","0"
"1972","238642.1143445","1188.7243","-1894","-492","4768","-442","-35","-88","109","86","0"
"1973","238642.1391205","1188.7491","-790","-529","4291","-440","-31","-102","116","38","0"
"1974","238642.1488652","1188.7588","-994","-410","4315","-418","-26","-103","85","-4","0"
"1975","238642.1627743","1188.7728","-1760","-404","4183","-435","-27","-58","51","-35","0"
"1976","238642.1727408","1188.7827","-1298","-374","3668","-396","-39","-35","7","-53","0"
"1977","238642.1795509","1188.7895","-1696","-559","3550","-335","-32","-36","34","-95","0"
"1978","238642.1868596","1188.7968","-658","-180","3948","-346","-37","-57","45","-123","0"
"1979","238642.2065697","1188.8166","-508","-179","3832","-340","-60","-53","39","-153","0"
"1980","238642.2103652","1188.8203","-559","-160","3176","-303","-75","-13","100","-166","0"
"1981","238642.213857","1188.8238","-354","-264","2971","-312","-45","-5","118","-164","0"
"1982","238642.2376734","1188.8477","-856","-335","2761","-356","-46","2","101","-172","0"
"1983","238642.2447359","1188.8547","-426","-271","3213","-355","-47","8","106","-155","0"
"1984","238642.2504121","1188.8604","-562","-133","3310","-345","-49","26","131","-145","0"
"1985","238642.260318","1188.8703","-574","-52","3017","-360","-61","17","142","-142","0"
"1986","238642.2691802","1188.8792","-543","-105","3090","-385","-70","-5","161","-138","0"
"1987","238642.2786897","1188.8887","-515","38","3026","-374","-74","4","163","-74","0"
"1988","238642.2925218","1188.9025","-406","48","3516","-377","-77","3","175","-65","0"
"1989","238642.2961908","1188.9062","-499","230","3605","-404","-70","-20","176","-89","0"
"1990","238642.3024344","1188.9124","-737","168","3631","-436","-83","-8","176","-132","0"
"1991","238642.3114223","1188.9214","-537","167","3678","-405","-76","20","183","-144","0"
"1992","238642.3205959","1188.9306","-399","128","3251","-373","-102","29","217","-181","0"
"1993","238642.3267855","1188.9368","-244","96","3536","-322","-104","29","202","-198","0"
"1994","238642.3307322","1188.9407","-105","254","3885","-334","-103","35","176","-151","0"
"1995","238642.3341364","1188.9441","-355","218","3722","-346","-91","33","168","-72","0"
"1996","238642.3367678","1188.9468","-540","207","3402","-359","-87","18","156","-11","0"
"1997","238642.3412697","1188.9513","-488","-118","3666","-355","-56","-6","129","37","0"
"1998","238642.3459867","1188.956","-407","-217","4520","-332","-80","3","155","60","0"
"1999","238642.3485213","1188.9585","-155","-149","4667","-345","-80","31","190","46","0"
"2000","238642.3556543","1188.9656","-74","-235","4147","-360","-74","37","195","119","0"
"2001","238642.3583926","1188.9684","-166","-364","4126","-404","-79","51","234","186","0"
"2002","238642.3609624","1188.9709","-129","-306","4471","-409","-64","55","236","243","0"
"2003","238642.3637605","1188.9737","-246","-197","4556","-423","-57","40","270","288","0"
"2004","238642.3681004","1188.9781","-472","-299","4393","-435","-54","37","271","368","0"
"2005","238642.3729691","1188.983","-770","-339","4084","-457","-37","44","258","443","0"
"2006","238642.3920213","1189.002","-795","-453","4243","-497","-5","43","291","501","0"
"2007","238642.3944849","1189.0045","-649","-395","4432","-529","-6","29","331","552","0"
"2008","238642.3969625","1189.0069","-335","-236","5229","-565","-2","-24","314","579","0"
"2009","238642.4167567","1189.0267","-184","-201","5375","-556","11","-43","290","591","0"
"2010","238642.4205582","1189.0305","-466","-365","4731","-597","21","-72","299","585","0"
"2011","238642.4242489","1189.0342","-465","-390","4675","-618","-13","-64","285","575","0"
"2012","238642.4637141","1189.0737","-566","-434","5242","-612","-30","-49","278","620","0"
"2013","238642.4645969","1189.0746","-583","-447","5918","-600","-56","-30","259","623","0"
"2014","238642.4654054","1189.0754","-642","-495","5555","-598","-45","12","244","607","0"
"2015","238642.4664164","1189.0764","-590","-458","5225","-592","-38","-11","258","598","0"
"2016","238642.4698147","1189.0798","-856","-484","4707","-597","-56","-61","281","595","0"
"2017","238642.4729238","1189.0829","-718","-366","4647","-585","-64","-103","285","568","0"
"2018","238642.4770589","1189.087","-620","-411","4746","-538","-78","-100","260","519","0"
"2019","238642.4876771","1189.0977","-808","-665","4538","-500","-64","-140","230","427","0"
"2020","238642.4996603","1189.1096","-741","-366","4376","-517","-61","-143","224","411","0"
"2021","238642.5109318","1189.1209","-737","-390","4440","-479","-94","-150","203","382","0"
"2022","238642.5161528","1189.1261","-526","-251","4930","-417","-135","-143","162","302","0"
"2023","238642.5198876","1189.1299","-407","-270","5019","-390","-106","-144","113","233","0"
"2024","238642.5288844","1189.1389","-431","-274","4504","-358","-130","-146","71","161","0"
"2025","238642.5312477","1189.1412","-608","-368","3946","-338","-117","-160","60","50","0"
"2026","238642.5334932","1189.1435","-662","-355","3980","-323","-117","-161","35","-6","0"
"2027","238642.5620853","1189.1721","-784","-517","3969","-274","-127","-161","37","-8","0"
"2028","238642.5647489","1189.1747","-622","-519","4340","-236","-136","-199","24","-28","0"
"2029","238642.5675219","1189.1775","-366","-309","4233","-231","-115","-189","13","-52","0"
"2030","238642.5898009","1189.1998","-486","-331","3023","-205","-127","-177","5","-85","0"
"2031","238642.5930354","1189.203","-581","-261","2647","-171","-105","-188","15","-164","0"
"2032","238642.5960754","1189.2061","-548","-104","3103","-188","-79","-182","20","-234","0"
"2033","238642.6357936","1189.2458","-527","-174","2939","-166","-97","-166","10","-273","0"
"2034","238642.6407332","1189.2507","-722","-324","2703","-140","-113","-167","16","-311","0"
"2035","238642.6445895","1189.2546","-899","-522","2162","-110","-139","-169","21","-355","0"
"2036","238642.6474886","1189.2575","-786","-410","1975","-84","-151","-141","-5","-326","0"
"2037","238642.6502027","1189.2602","-658","-467","2651","-55","-156","-143","-12","-284","0"
"2038","238642.6527644","1189.2627","-663","-377","3001","-110","-171","-136","-23","-261","0"
"2039","238642.6601161","1189.2701","-831","-492","2746","-174","-164","-152","-15","-293","0"
"2040","238642.6625576","1189.2725","-870","-433","2151","-213","-172","-148","-11","-337","0"
"2041","238642.6654107","1189.2754","-713","-387","2152","-188","-173","-130","-40","-362","0"
"2042","238642.6896374","1189.2996","-601","-437","2558","-192","-177","-126","-69","-391","0"
"2043","238642.6995167","1189.3095","-1019","-696","2223","-226","-184","-133","-59","-446","0"
"2044","238642.7034988","1189.3135","-871","-398","2262","-251","-212","-132","-67","-479","0"
"2045","238642.7344967","1189.3445","-843","-325","1338","-261","-246","-115","-65","-486","0"
"2046","238642.7403566","1189.3503","-941","-329","1816","-266","-276","-126","-68","-472","0"
"2047","238642.7455051","1189.3555","-336","381","2385","-265","-274","-159","-48","-493","0"
"2048","238642.7507932","1189.3608","-9","749","1991","-243","-241","-146","-73","-511","0"
"2049","238642.7570768","1189.3671","228","644","964","-215","-216","-116","-95","-501","0"
"2050","238642.7611119","1189.3711","388","744","410","-263","-185","-104","-112","-478","0"
"2051","238642.7650114","1189.375","633","826","119","-270","-162","-96","-123","-490","0"
"2052","238642.77095","1189.3809","309","803","99","-227","-124","-78","-141","-467","0"
"2053","238642.7729733","1189.383","211","606","-199","-218","-106","-58","-123","-447","0"
"2054","238642.7792786","1189.3893","249","787","703","-220","-80","-50","-95","-436","0"
"2055","238642.7827905","1189.3928","239","1177","1155","-214","-71","-54","-57","-429","0"
"2056","238642.7880487","1189.398","50","1047","-75","-234","-69","-53","-50","-410","0"
"2057","238642.8063617","1189.4163","23","1288","700","-240","-75","-48","-45","-366","0"
"2058","238642.8149618","1189.4249","-212","1222","687","-234","-64","-45","-49","-320","0"
"2059","238642.8226333","1189.4326","-244","1484","1314","-249","-70","-34","-25","-293","0"
"2060","238642.8282919","1189.4383","-484","1526","461","-228","-85","-9","-1","-253","0"
"2061","238642.8323983","1189.4424","-326","1694","737","-254","-112","-2","-19","-200","0"
"2062","238642.8353491","1189.4453","-449","1513","1430","-306","-138","0","-25","-175","0"
"2063","238642.8468221","1189.4568","-422","1753","-524","-325","-128","-23","-16","-195","0"
"2064","238642.8506058","1189.4606","-273","2068","-870","-356","-113","-27","-24","-216","0"
"2065","238642.853743","1189.4637","-597","2271","-1186","-366","-107","-12","-13","-198","0"
"2066","238642.8691913","1189.4792","-487","2126","-1884","-373","-124","-5","-9","-189","0"
"2067","238642.8720776","1189.4821","-501","1170","-1608","-357","-133","-20","-47","-173","0"
"2068","238642.874843","1189.4848","-710","1","-3377","-375","-106","-15","-63","-189","0"
"2069","238642.8870106","1189.497","-340","-581","-3474","-390","-96","-48","-62","-192","0"
"2070","238642.8897212","1189.4997","-940","-958","-4362","-437","-122","-69","-94","-195","0"
"2071","238642.892219","1189.5022","-1349","-1456","-4136","-449","-93","-53","-150","-196","0"
"2072","238642.9187446","1189.5287","-1269","-2052","-2717","-446","-61","-52","-125","-177","0"
"2073","238642.9217037","1189.5317","-138","-2669","-3483","-416","-45","-62","-147","-159","0"
"2074","238642.9244235","1189.5344","-585","-3084","-2776","-404","-38","-43","-163","-169","0"
"2075","238642.9409339","1189.5509","-1824","-3931","-3194","-418","-41","-36","-137","-169","0"
"2076","238642.944718","1189.5547","-1642","-4140","-3075","-423","-55","-15","-115","-172","0"
"2077","238642.960435","1189.5704","-1694","-3856","-1772","-410","-55","13","-114","-150","0"
"2078","238642.9652677","1189.5753","-1280","-4006","-3297","-453","-50","6","-109","-127","0"
"2079","238642.9679723","1189.578","-207","-4075","-3413","-457","-74","22","-82","-139","0"
"2080","238642.9709272","1189.5809","-1473","-3952","-1593","-451","-117","54","-84","-147","0"
"2081","238642.997659","1189.6076","-1894","-3820","-2474","-445","-133","55","-82","-125","0"
"2082","238643.0002259","1189.6102","1792","-3264","-3273","-399","-147","32","-82","-105","0"
"2083","238643.0027121","1189.6127","-1156","-3672","-3220","-391","-174","9","-69","-89","0"
"2084","238643.0463823","1189.6564","-1139","-3367","-3020","-369","-160","-3","-60","-68","0"
"2085","238643.0490786","1189.6591","-1716","-3047","-2915","-376","-120","-20","-48","-51","0"
"2086","238643.0522697","1189.6623","-1399","-3028","-2639","-392","-98","-51","-59","-69","0"
"2087","238643.0567354","1189.6667","-112","-2745","-2670","-439","-103","-104","-81","-12","0"
"2088","238643.0596861","1189.6697","-2321","-2896","-2128","-427","-77","-100","-52","41","0"
"2089","238643.0621861","1189.6722","94","-2571","-2421","-452","-56","-82","-46","55","0"
"2090","238643.073623","1189.6836","-2248","-2542","-1594","-440","-56","-93","-17","54","0"
"2091","238643.0758447","1189.6858","-440","-2357","-1973","-415","-78","-92","-16","105","0"
"2092","238643.0771833","1189.6872","-1224","-2351","-1045","-425","-47","-105","-15","94","0"
"2093","238643.0856842","1189.6957","122","-2003","-1618","-395","-36","-90","-29","107","0"
"2094","238643.0886394","1189.6986","-925","-2156","-740","-403","-48","-102","-17","149","0"
"2095","238643.0917312","1189.7017","-1514","-2537","-1486","-435","-62","-88","3","153","0"
"2096","238643.1118028","1189.7218","-2076","-2869","-992","-433","-103","-78","22","128","0"
"2097","238643.1165287","1189.7265","-1050","-2872","-218","-420","-115","-62","32","135","0"
"2098","238643.1192339","1189.7292","952","-2416","-1637","-421","-106","-71","39","117","0"
"2099","238643.1450866","1189.7551","-1630","-2723","-85","-368","-77","-76","24","79","0"
"2100","238643.1613588","1189.7713","-2697","-2560","209","-338","-86","-59","-1","72","0"
"2101","238643.1736233","1189.7836","-1191","-2286","442","-349","-70","-47","12","80","0"
"2102","238643.1917697","1189.8018","160","-2041","760","-400","-77","-18","32","58","0"
"2103","238643.1978592","1189.8078","-1128","-2535","-80","-417","-86","-53","46","25","0"
"2104","238643.2072142","1189.8172","-2332","-2266","815","-406","-106","-17","21","-24","0"
"2105","238643.2240259","1189.834","-1397","-2437","-287","-392","-96","5","21","23","0"
"2106","238643.2359708","1189.846","-1654","-2382","-515","-399","-101","-20","4","45","0"
"2107","238643.2455085","1189.8555","-904","-2188","1118","-392","-111","-31","19","64","0"
"2108","238643.2516908","1189.8617","-1218","-2365","-454","-430","-85","-39","8","83","0"
"2109","238643.2664331","1189.8764","-346","-2205","-148","-462","-94","-72","35","88","0"
"2110","238643.2694235","1189.8794","-1269","-2460","-429","-459","-87","-56","51","45","0"
"2111","238643.2727434","1189.8827","-1975","-2446","1235","-425","-80","-97","46","41","0"
"2112","238643.2784781","1189.8885","-1409","-2593","523","-386","-61","-100","45","42","0"
"2113","238643.2829029","1189.8929","-173","-2435","71","-380","-76","-80","56","25","0"
"2114","238643.2853935","1189.8954","-1400","-2282","257","-359","-62","-54","61","-25","0"
"2115","238643.2896318","1189.8996","-2048","-2259","1085","-330","-66","-78","76","-53","0"
"2116","238643.2958256","1189.9058","-353","-2054","630","-328","-74","-72","97","-59","0"
"2117","238643.3000848","1189.9101","-1155","-2036","1646","-316","-95","-89","85","-86","0"
"2118","238643.3022","1189.9122","-740","-1950","1278","-322","-103","-127","54","-124","0"
"2119","238643.3051869","1189.9152","-188","-2171","-224","-339","-81","-120","40","-148","0"
"2120","238643.3386661","1189.9486","-1544","-2039","755","-302","-92","-114","21","-210","0"
"2121","238643.3474315","1189.9574","-745","-1772","965","-237","-84","-121","-6","-255","0"
"2122","238643.356072","1189.9661","-727","-1849","653","-228","-60","-129","-19","-292","0"
"2123","238643.3667901","1189.9768","-1582","-1804","1780","-220","-77","-157","-50","-293","0"
"2124","238643.3852644","1189.9952","-723","-1971","397","-228","-94","-178","-75","-305","0"
"2125","238643.4055719","1190.0156","-1585","-1932","630","-210","-89","-162","-99","-320","0"
"2126","238643.4226035","1190.0326","-1010","-1855","735","-203","-80","-135","-132","-298","0"
"2127","238643.4374895","1190.0475","-1078","-1768","1980","-185","-67","-127","-170","-317","0"
"2128","238643.4505811","1190.0606","-326","-1860","1689","-167","-65","-130","-161","-322","0"
"2129","238643.4650515","1190.075","-1056","-1882","1849","-150","-68","-114","-164","-310","0"
"2130","238643.4713443","1190.0813","-494","-2053","1318","-118","-92","-138","-172","-256","0"
"2131","238643.4768218","1190.0868","-657","-1993","1354","-101","-90","-193","-153","-250","0"
"2132","238643.4813542","1190.0913","-1387","-2023","2559","-112","-93","-218","-147","-222","0"
"2133","238643.4848647","1190.0948","-1353","-1905","1629","-109","-81","-211","-150","-196","0"
"2134","238643.4887243","1190.0987","-342","-1869","717","-66","-50","-231","-121","-177","0"
"2135","238643.496918","1190.1069","-1235","-1786","1306","-69","-42","-213","-80","-167","0"
"2136","238643.5021583","1190.1121","-923","-1418","2641","-90","-30","-219","-64","-156","0"
"2137","238643.5072276","1190.1172","-365","-1173","2732","-96","-38","-256","-92","-145","0"
"2138","238643.5147244","1190.1247","-1245","-1175","3623","-69","-34","-258","-118","-127","0"
"2139","238643.523791","1190.1338","-794","-899","3399","-50","-45","-250","-88","-91","0"
"2140","238643.5294828","1190.1395","-471","-588","2840","-57","-38","-233","-48","-38","0"
"2141","238643.5633621","1190.1733","-646","-730","2024","-65","-47","-198","-58","-5","0"
"2142","238643.5650404","1190.175","-1177","-606","2250","-73","-69","-180","-49","-14","0"
"2143","238643.56651","1190.1765","-1126","-781","1450","-63","-103","-155","-59","-38","0"
"2144","238643.5738667","1190.1839","-1151","-2654","632","-69","-124","-120","-74","-52","0"
"2145","238643.5809653","1190.1909","-1424","-4148","1422","-66","-137","-97","-52","-62","0"
"2146","238643.5846789","1190.1947","-1037","-4592","1800","-51","-124","-67","-31","-38","0"
"2147","238643.5916432","1190.2016","-1236","-4732","1442","-65","-105","-49","-34","-30","0"
"2148","238643.6029058","1190.2129","-1344","-4511","737","-117","-112","-47","9","-43","0"
"2149","238643.6070405","1190.217","-1437","-3814","491","-143","-139","-34","18","5","0"
"2150","238643.613148","1190.2231","-1396","-3347","1224","-157","-147","-16","18","49","0"
"2151","238643.6186002","1190.2286","-1666","-3081","2170","-174","-156","-12","13","70","0"
"2152","238643.6235026","1190.2335","-1422","-2871","2898","-196","-141","1","-4","55","0"
"2153","238643.6313284","1190.2413","-1771","-3032","2432","-245","-162","-12","11","36","0"
"2154","238643.6406448","1190.2506","-956","-2997","2098","-266","-162","-23","6","-11","0"
"2155","238643.6434564","1190.2534","-1500","-2871","2931","-281","-162","-19","17","-12","0"
"2156","238643.6513893","1190.2614","-1758","-2914","2591","-287","-152","-10","7","-69","0"
"2157","238643.6597922","1190.2698","-1416","-2628","2466","-290","-166","-4","26","-103","0"
"2158","238643.6663177","1190.2763","-1108","-2596","2485","-265","-155","-13","41","-105","0"
"2159","238643.670816","1190.2808","-1407","-2623","1681","-248","-159","-29","48","-102","0"
"2160","238643.6740993","1190.2841","-1404","-2397","1697","-230","-173","-20","70","-154","0"
"2161","238643.6766698","1190.2867","-1309","-2525","1917","-205","-130","-14","70","-167","0"
"2162","238643.6820889","1190.2921","-1261","-2498","2064","-218","-71","-29","53","-144","0"
"2163","238643.6839424","1190.2939","-1330","-2387","1842","-221","-30","-33","28","-185","0"
"2164","238643.6860658","1190.296","-948","-2187","1627","-234","-28","6","29","-188","0"
"2165","238643.6890063","1190.299","-991","-2128","1605","-232","-30","9","18","-154","0"
"2166","238643.6915545","1190.3015","-794","-1895","2566","-249","-32","-1","27","-118","0"
"2167","238643.6954176","1190.3054","-495","-1784","2852","-248","-48","-16","34","-120","0"
"2168","238643.7000039","1190.31","-559","-1900","2278","-255","-40","-11","18","-122","0"
"2169","238643.7034737","1190.3135","-743","-1800","1797","-239","-47","-6","25","-106","0"
"2170","238643.7059473","1190.3159","-800","-1644","2588","-245","-75","-8","18","-109","0"
"2171","238643.7088476","1190.3188","-716","-1584","3110","-259","-82","-1","6","-84","0"
"2172","238643.7118638","1190.3218","-893","-1712","3167","-275","-97","22","2","-81","0"
"2173","238643.7145763","1190.3246","-820","-1704","2751","-247","-78","41","35","-118","0"
"2174","238643.7625288","1190.3725","-820","-1668","2652","-205","-42","36","23","-182","0"
"2175","238643.7648194","1190.3748","-1042","-1614","2725","-198","1","49","0","-228","0"
"2176","238643.7682553","1190.3782","-977","-1739","2110","-192","25","57","-15","-227","0"
"2177","238643.7796559","1190.3896","-1024","-1533","2630","-186","18","59","-40","-241","0"
"2178","238643.7824805","1190.3925","-908","-1524","2081","-194","-11","90","-56","-277","0"
"2179","238643.7850294","1190.395","-941","-1509","1535","-169","-22","81","-78","-342","0"
"2180","238643.8082575","1190.4182","-664","-1319","1880","-146","-31","69","-65","-329","0"
"2181","238643.8118995","1190.4219","-560","-1215","2500","-124","-22","75","-81","-351","0"
"2182","238643.8153324","1190.4253","-671","-1332","2603","-120","-20","81","-103","-440","0"
"2183","238643.8194617","1190.4294","-928","-1677","1557","-91","-18","81","-136","-475","0"
"2184","238643.8207964","1190.4308","-1275","-1809","971","-76","-15","116","-131","-471","0"
"2185","238643.8229216","1190.4329","-1113","-1714","1195","-57","-33","91","-150","-466","0"
"2186","238643.8275464","1190.4375","-1261","-1562","2060","-62","-41","98","-182","-484","0"
"2187","238643.8298273","1190.4398","-885","-1397","2171","-61","-48","83","-188","-530","0"
"2188","238643.8347367","1190.4447","-1043","-1348","2025","-63","-56","88","-184","-605","0"
"2189","238643.862074","1190.4721","-716","-1251","1159","-65","-79","34","-194","-603","0"
"2190","238643.8660941","1190.4761","-929","-1494","1618","-70","-66","-10","-188","-582","0"
"2191","238643.8687354","1190.4787","-953","-1559","2525","-63","-77","-28","-145","-561","0"
"2192","238643.8717105","1190.4817","-914","-1391","2838","-58","-68","-37","-148","-512","0"
"2193","238643.8741168","1190.4841","-876","-1619","1877","-34","-64","-38","-141","-466","0"
"2194","238643.8784624","1190.4884","-985","-1588","2266","-36","-56","-36","-123","-401","0"
"2195","238643.9122635","1190.5222","-875","-1307","3326","-83","-44","-40","-76","-354","0"
"2196","238643.9155714","1190.5256","-917","-1285","3270","-100","-16","-58","-24","-358","0"
"2197","238643.9185367","1190.5285","-884","-1382","2361","-106","23","-26","10","-311","0"
"2198","238643.9326504","1190.5426","-775","-1221","2595","-101","22","-3","57","-299","0"
"2199","238643.9352231","1190.5452","-729","-1223","2512","-75","45","-1","90","-309","0"
"2200","238643.9381081","1190.5481","-732","-1200","2563","-49","47","25","98","-315","0"
"2201","238643.955148","1190.5651","-555","-872","2841","-62","39","32","120","-274","0"
"2202","238643.9655917","1190.5756","-496","-794","3349","-93","13","41","116","-239","0"
"2203","238643.9698039","1190.5798","-857","-1038","3135","-121","9","79","108","-164","0"
"2204","238643.9751124","1190.5851","-685","-999","2760","-104","-6","97","99","-111","0"
"2205","238643.9794322","1190.5894","-474","-1026","3596","-119","1","108","113","-81","0"
"2206","238643.983558","1190.5935","-250","-968","4117","-125","3","102","111","-11","0"
"2207","238644.0142055","1190.6242","-435","-985","4161","-140","0","92","98","31","0"
"2208","238644.0189021","1190.6289","-365","-1057","3971","-131","2","36","67","21","0"
"2209","238644.0214647","1190.6314","-528","-1152","3209","-133","6","17","83","28","0"
"2210","238644.023472","1190.6335","-623","-1060","3121","-151","-19","-8","95","63","0"
"2211","238644.0273092","1190.6373","-627","-930","4070","-175","-50","-9","101","53","0"
"2212","238644.0309224","1190.6409","-678","-1037","4728","-222","-63","11","110","49","0"
"2213","238644.0467918","1190.6568","-784","-1140","4324","-250","-68","27","80","62","0"
"2214","238644.0500542","1190.66","-804","-1225","3725","-229","-69","23","81","52","0"
"2215","238644.053027","1190.663","-697","-1175","3871","-218","-120","55","85","-2","0"
"2216","238644.088924","1190.6989","-603","-1183","4397","-245","-142","94","88","-21","0"
"2217","238644.0913616","1190.7013","-493","-1111","4360","-245","-139","83","71","-34","0"
"2218","238644.0937985","1190.7038","-610","-1018","3353","-208","-180","56","98","-23","0"
"2219","238644.1068145","1190.7168","-672","-946","2893","-185","-183","65","78","-16","0"
"2220","238644.1092506","1190.7192","-611","-973","3371","-199","-153","28","91","-41","0"
"2221","238644.1116942","1190.7217","-542","-992","3547","-211","-151","9","108","-78","0"
"2222","238644.1360904","1190.7461","-653","-1089","3159","-183","-167","16","101","-75","0"
"2223","238644.1388126","1190.7488","-683","-874","3274","-157","-156","11","81","-102","0"
"2224","238644.1412797","1190.7513","-623","-1053","2786","-132","-139","-42","85","-79","0"
"2225","238644.1632961","1190.7733","-499","-970","3629","-141","-133","-22","90","-9","0"
"2226","238644.1661132","1190.7761","-409","-984","4273","-121","-121","-6","99","2","0"
"2227","238644.1685655","1190.7785","-354","-711","4014","-118","-154","-20","110","-29","0"
"2228","238644.185535","1190.7955","-453","-717","3538","-120","-186","-23","136","-1","0"
"2229","238644.1878895","1190.7979","-387","-552","3523","-145","-206","15","119","-17","0"
"2230","238644.1901946","1190.8002","-379","-675","3441","-129","-161","20","123","-25","0"
"2231","238644.1934839","1190.8035","-208","-641","3974","-139","-150","32","151","20","0"
"2232","238644.1959536","1190.8059","-447","-801","3828","-147","-161","32","177","69","0"
"2233","238644.1982547","1190.8082","-510","-710","3984","-163","-174","8","164","81","0"
"2234","238644.2126351","1190.8226","-375","-727","3040","-158","-207","-25","133","101","0"
"2235","238644.2175467","1190.8275","-265","-679","3912","-185","-209","-4","115","103","0"
"2236","238644.224102","1190.8341","-232","-759","4311","-203","-174","14","83","27","0"
"2237","238644.2388892","1190.8489","-206","-828","3040","-208","-175","19","50","-51","0"
"2238","238644.2431505","1190.8531","-258","-936","2048","-168","-183","25","67","-97","0"
"2239","238644.2446022","1190.8546","-568","-959","2408","-162","-195","21","93","-72","0"
"2240","238644.2825292","1190.8925","-482","-860","2421","-147","-201","30","61","-34","0"
"2241","238644.292188","1190.9022","-398","-652","2828","-197","-197","6","73","-39","0"
"2242","238644.3063683","1190.9164","-380","-708","2846","-206","-202","-11","94","-25","0"
"2243","238644.3152918","1190.9253","-487","-852","2441","-225","-184","14","95","-68","0"
"2244","238644.3228073","1190.9328","-531","-964","2002","-209","-164","-4","105","-88","0"
"2245","238644.3323072","1190.9423","-645","-1048","2435","-163","-168","-21","145","-75","0"
"2246","238644.3433826","1190.9534","-565","-1209","2810","-153","-166","-37","118","-36","0"
"2247","238644.3501056","1190.9601","-428","-1220","3012","-176","-173","-28","102","3","0"
"2248","238644.3548171","1190.9648","-292","-1193","2691","-210","-200","-40","102","1","0"
"2249","238644.3607188","1190.9707","-555","-1194","2200","-191","-212","-53","150","-21","0"
"2250","238644.3696936","1190.9797","-271","-1120","2538","-195","-200","-43","136","-58","0"
"2251","238644.3732443","1190.9832","-82","-1123","2624","-185","-212","-35","128","-58","0"
"2252","238644.3765856","1190.9866","-36","-1284","2286","-219","-210","-8","133","-82","0"
"2253","238644.3789765","1190.989","-244","-1362","2353","-223","-169","-17","130","-110","0"
"2254","238644.3824647","1190.9924","-479","-1386","1781","-197","-132","-17","129","-142","0"
"2255","238644.3852163","1190.9952","-560","-1262","2071","-202","-161","-14","124","-163","0"
"2256","238644.3874976","1190.9975","-539","-1195","2405","-244","-184","-27","82","-163","0"
"2257","238644.3901101","1191.0001","-698","-1273","2504","-232","-172","-29","68","-146","0"
"2258","238644.4197023","1191.0297","-990","-1475","2025","-196","-147","4","50","-152","0"
"2259","238644.4225457","1191.0325","-944","-1499","1788","-191","-133","20","19","-196","0"
"2260","238644.4260322","1191.036","-813","-1483","2122","-203","-127","16","7","-261","0"
"2261","238644.4527849","1191.0628","-803","-1576","2352","-216","-128","6","12","-294","0"
"2262","238644.4574448","1191.0674","-1067","-1830","1331","-201","-141","10","-3","-294","0"
"2263","238644.464301","1191.0743","-906","-1941","1328","-159","-136","-11","-38","-257","0"
"2264","238644.4726991","1191.0827","-757","-1903","1289","-149","-146","-13","-65","-234","0"
"2265","238644.4801191","1191.0901","-836","-1919","1989","-128","-147","0","-81","-272","0"
"2266","238644.4873542","1191.0973","-895","-1969","1934","-92","-140","25","-62","-299","0"
"2267","238644.5045782","1191.1146","-866","-2179","1604","-112","-116","10","-77","-297","0"
"2268","238644.5109899","1191.121","-844","-2364","1348","-141","-121","-13","-55","-253","0"
"2269","238644.5127276","1191.1227","-758","-2477","1068","-165","-111","-26","-36","-228","0"
"2270","238644.5516579","1191.1616","-600","-2424","1710","-175","-101","-27","-31","-179","0"
"2271","238644.5590804","1191.1691","-624","-2536","2393","-175","-119","-17","-6","-131","0"
"2272","238644.5682639","1191.1782","-527","-2414","2384","-173","-94","-49","13","-103","0"
"2273","238644.6014829","1191.2115","-531","-2617","1498","-165","-69","-34","16","-94","0"
"2274","238644.6084267","1191.2184","-760","-2923","1297","-118","-66","3","9","-39","0"
"2275","238644.6204218","1191.2304","-738","-2956","1887","-114","-64","5","13","-28","0"
"2276","238644.6351534","1191.2451","-581","-2819","2433","-100","-44","-1","23","-25","0"
"2277","238644.6429092","1191.2529","-501","-2916","2315","-91","-46","-9","43","-27","0"
"2278","238644.6504051","1191.2604","-302","-3153","2291","-72","-74","-18","48","-20","0"
"2279","238644.6584733","1191.2685","-279","-3352","2416","-92","-90","-38","58","-29","0"
"2280","238644.6661608","1191.2761","-58","-3299","2518","-105","-93","-5","75","-33","0"
"2281","238644.6750907","1191.2851","-153","-3251","3164","-126","-81","2","115","-22","0"
"2282","238644.6933154","1191.3033","-140","-3431","2725","-149","-99","15","106","-17","0"
"2283","238644.7033364","1191.3133","-261","-3585","2592","-141","-97","24","90","9","0"
"2284","238644.7098016","1191.3198","-213","-3619","2474","-165","-110","44","99","-10","0"
"2285","238644.7160434","1191.326","16","-3548","2805","-215","-98","26","101","-26","0"
"2286","238644.7213693","1191.3314","31","-3604","3308","-200","-69","24","110","-34","0"
"2287","238644.7254006","1191.3354","-196","-3937","2762","-171","-41","18","115","-9","0"
"2288","238644.7292565","1191.3392","-300","-4023","3189","-145","-16","-5","85","-14","0"
"2289","238644.732204","1191.3422","-108","-3709","2459","-108","16","1","66","-19","0"
"2290","238644.7347046","1191.3447","-137","-3798","2738","-85","15","2","82","-11","0"
"2291","238644.7374767","1191.3475","-68","-3552","3310","-102","15","10","86","-35","0"
"2292","238644.7406125","1191.3506","-113","-3437","2568","-89","41","10","92","-56","0"
"2293","238644.7435722","1191.3536","-367","-3677","2208","-88","39","36","32","-76","0"
"2294","238644.7463867","1191.3564","-420","-3708","1734","-83","26","88","28","-138","0"
"2295","238644.7490013","1191.359","-190","-3587","2239","-76","-12","113","32","-190","0"
"2296","238644.7517432","1191.3617","-302","-3806","2203","-36","-30","109","6","-167","0"
"2297","238644.75626","1191.3662","-455","-3929","1700","-7","-55","89","-42","-145","0"
"2298","238644.7586999","1191.3687","-342","-3898","1746","28","-27","84","-26","-130","0"
"2299","238644.761118","1191.3711","-236","-3877","1080","34","10","54","-10","-131","0"
"2300","238644.7637384","1191.3737","-142","-3747","1567","-2","-6","69","3","-100","0"
"2301","238644.7660864","1191.3761","122","-3835","2032","-50","-1","30","6","-56","0"
"2302","238644.7684701","1191.3785","35","-3815","1830","-73","29","55","-11","-19","0"
"2303","238644.7730779","1191.3831","151","-3775","1607","-78","88","58","-58","11","0"
"2304","238644.7756325","1191.3856","213","-3691","2231","-100","96","65","-66","16","0"
"2305","238644.7779429","1191.3879","193","-3839","2385","-95","96","50","-62","18","0"
"2306","238644.7804787","1191.3905","42","-4011","2244","-54","89","61","-51","57","0"
"2307","238644.7955692","1191.4056","201","-3767","2485","-53","69","78","-27","84","0"
"2308","238644.8076952","1191.4177","237","-3847","2299","-56","34","72","-32","60","0"
"2309","238644.8247181","1191.4347","314","-3407","2282","-41","-8","54","-10","70","0"
"2310","238644.8270742","1191.4371","428","-3140","2194","-17","4","17","-16","101","0"
"2311","238644.8294324","1191.4394","468","-3006","2336","-43","6","38","-33","124","0"
"2312","238644.8385545","1191.4485","389","-3186","1776","-55","28","23","-32","119","0"
"2313","238644.8409046","1191.4509","251","-2990","1587","-53","-9","-16","-3","132","0"
"2314","238644.8431666","1191.4531","48","-3252","694","-51","-2","-20","25","135","0"
"2315","238644.8648921","1191.4749","218","-3076","1738","-55","-17","18","34","145","0"
"2316","238644.8667659","1191.4767","246","-3128","2116","-40","-25","19","38","158","0"
"2317","238644.8692159","1191.4792","-135","-3310","1268","-17","-40","28","-10","172","0"
"2318","238644.8947814","1191.5048","-296","-3629","979","-23","-21","50","-57","212","0"
"2319","238644.9158088","1191.5258","-219","-3894","1123","-37","-31","42","-88","223","0"
"2320","238644.9256005","1191.5356","-144","-4007","1511","-29","-35","51","-34","233","0"
"2321","238644.9360243","1191.546","-238","-4025","1505","-40","-57","45","2","224","0"
"2322","238644.943739","1191.5537","-561","-4356","1231","-53","-31","11","32","194","0"
"2323","238644.9555745","1191.5656","-637","-4222","1160","-76","-11","-2","47","155","0"
"2324","238644.9658761","1191.5759","-286","-4010","1334","-89","-2","23","21","117","0"
"2325","238644.9709574","1191.5809","-326","-4087","1829","-88","-17","34","0","58","0"
"2326","238644.9769921","1191.587","-249","-4292","2194","-57","-17","42","-46","78","0"
"2327","238644.9900666","1191.6","-54","-4459","2101","-88","-57","27","-86","82","0"
"2328","238645.011426","1191.6214","-200","-4491","1674","-101","-98","18","-56","105","0"
"2329","238645.0262819","1191.6363","-445","-4527","822","-112","-134","5","-24","84","0"
"2330","238645.0462837","1191.6563","-424","-4378","1292","-116","-152","-3","-27","81","0"
"2331","238645.0583137","1191.6683","-306","-4260","2259","-110","-125","8","4","119","0"
"2332","238645.065244","1191.6752","-137","-4166","2088","-119","-140","41","74","132","0"
"2333","238645.0731863","1191.6832","-215","-4307","1471","-121","-126","16","120","168","0"
"2334","238645.0822894","1191.6923","13","-3969","1296","-123","-110","10","161","248","0"
"2335","238645.0932139","1191.7032","101","-3765","2016","-142","-88","15","183","307","0"
"2336","238645.1058144","1191.7158","-105","-4035","2311","-171","-62","25","197","335","0"
"2337","238645.1138865","1191.7239","-107","-3935","1856","-176","-21","5","201","330","0"
"2338","238645.118487","1191.7285","7","-4096","1594","-182","1","-15","181","253","0"
"2339","238645.1236748","1191.7337","63","-3985","1755","-186","27","-25","162","190","0"
"2340","238645.1271452","1191.7371","79","-3859","2010","-143","28","-6","178","211","0"
"2341","238645.1465998","1191.7566","27","-3895","2420","-116","16","4","172","215","0"
"2342","238645.1504493","1191.7604","186","-4135","2227","-132","0","-13","143","223","0"
"2343","238645.1555478","1191.7655","103","-4250","1663","-126","0","-5","122","194","0"
"2344","238645.1579512","1191.7679","96","-4209","955","-106","-11","20","121","178","0"
"2345","238645.1607997","1191.7708","324","-3934","1447","-87","-10","5","97","142","0"
"2346","238645.1635267","1191.7735","399","-3778","2200","-103","22","10","105","129","0"
"2347","238645.1658977","1191.7759","372","-3871","1385","-119","34","37","94","91","0"
"2348","238645.1686587","1191.7786","252","-3937","1075","-125","33","30","84","52","0"
"2349","238645.1714874","1191.7815","44","-4094","486","-124","-25","12","68","22","0"
"2350","238645.1741354","1191.7841","345","-3685","804","-91","-52","15","62","16","0"
"2351","238645.1770006","1191.787","474","-3261","1239","-73","-39","30","78","7","0"
"2352","238645.179563","1191.7895","538","-3301","1013","-56","-1","32","48","-11","0"
"2353","238645.1820775","1191.7921","323","-3463","670","-36","1","27","41","-71","0"
"2354","238645.1848263","1191.7948","146","-3544","58","-24","-24","14","12","-69","0"
"2355","238645.1875742","1191.7976","174","-3364","1132","-37","-42","-3","1","-81","0"
"2356","238645.1901224","1191.8001","277","-3404","807","-51","-50","-5","-23","-49","0"
"2357","238645.1944723","1191.8045","414","-3331","260","-77","-79","-23","-41","-65","0"
"2358","238645.197216","1191.8072","229","-3519","41","-88","-61","-41","-36","-63","0"
"2359","238645.2002293","1191.8102","-50","-3495","-18","-71","-39","-63","-18","-71","0"
"2360","238645.2280143","1191.838","-239","-3285","580","-70","-38","-34","-33","-100","0"
"2361","238645.2308049","1191.8408","-343","-3356","782","-60","-60","-46","-76","-130","0"
"2362","238645.2336706","1191.8437","-418","-3260","461","-54","-81","-66","-108","-161","0"
"2363","238645.2573512","1191.8673","-346","-3051","-54","-53","-57","-59","-140","-201","0"
"2364","238645.260218","1191.8702","-421","-2911","-110","-57","-81","-87","-149","-221","0"
"2365","238645.2628331","1191.8728","-264","-3020","339","-27","-97","-63","-155","-254","0"
"2366","238645.2859245","1191.8959","-390","-2924","867","21","-90","-56","-148","-257","0"
"2367","238645.2908751","1191.9009","-481","-2884","644","22","-80","-61","-171","-229","0"
"2368","238645.2940967","1191.9041","-296","-2676","659","-13","-112","-74","-193","-202","0"
"2369","238645.3094229","1191.9194","-110","-2495","853","-27","-85","-92","-169","-234","0"
"2370","238645.3118723","1191.9219","-149","-2507","1339","-18","-67","-78","-197","-241","0"
"2371","238645.3143336","1191.9243","-356","-2649","1411","-1","-90","-56","-221","-261","0"
"2372","238645.3315448","1191.9415","-387","-2996","642","26","-85","-43","-212","-269","0"
"2373","238645.3345457","1191.9445","-146","-2883","1162","13","-93","-37","-195","-253","0"
"2374","238645.33723","1191.9472","-49","-2744","964","-2","-104","-19","-192","-229","0"
"2375","238645.3545306","1191.9645","43","-2829","798","-7","-121","-2","-160","-192","0"
"2376","238645.3584779","1191.9685","81","-3060","1245","30","-123","27","-152","-158","0"
"2377","238645.3616282","1191.9716","78","-3127","727","83","-140","39","-132","-160","0"
"2378","238645.3680879","1191.9781","25","-3008","899","71","-123","36","-133","-159","0"
"2379","238645.3722809","1191.9823","-67","-2946","819","9","-104","17","-135","-147","0"
"2380","238645.3759303","1191.9859","159","-2936","1214","-39","-104","37","-123","-140","0"
"2381","238645.3935685","1192.0036","442","-2734","1493","-42","-83","57","-128","-103","0"
"2382","238645.3961746","1192.0062","466","-2616","1144","-47","-58","84","-153","-63","0"
"2383","238645.3992698","1192.0093","333","-2939","665","-79","-94","85","-132","-59","0"
"2384","238645.4203113","1192.0303","501","-3078","484","-88","-103","96","-126","-50","0"
"2385","238645.4229535","1192.0329","644","-3193","202","-91","-82","73","-154","-59","0"
"2386","238645.4282143","1192.0382","742","-3094","633","-76","-74","62","-194","-104","0"
"2387","238645.4505186","1192.0605","506","-3424","-1004","-85","-64","40","-206","-138","0"
"2388","238645.4529115","1192.0629","608","-3364","-527","-102","-50","-2","-177","-128","0"
"2389","238645.4559658","1192.0659","800","-3006","-189","-128","-60","9","-176","-104","0"
"2390","238645.4588471","1192.0688","824","-2874","251","-92","-76","-9","-138","-129","0"
"2391","238645.4617868","1192.0718","1079","-2737","556","-53","-73","-6","-150","-122","0"
"2392","238645.4648166","1192.0748","836","-2906","-365","-59","-60","4","-163","-127","0"
"2393","238645.4775452","1192.0875","727","-2830","-752","-58","-70","45","-174","-162","0"
"2394","238645.4803395","1192.0903","529","-2859","-827","-43","-106","20","-177","-192","0"
"2395","238645.483008","1192.093","349","-2887","0","-15","-143","-14","-176","-195","0"
"2396","238645.5099711","1192.12","268","-2929","37","5","-127","-39","-154","-143","0"
"2397","238645.5138604","1192.1238","118","-2773","-554","-4","-114","-64","-175","-115","0"
"2398","238645.5189601","1192.1289","-52","-2924","-811","-21","-74","-59","-166","-106","0"
"2399","238645.5248431","1192.1348","3","-3305","-473","-79","-54","-57","-138","-104","0"
"2400","238645.5299855","1192.14","115","-4434","913","-88","-33","-56","-149","-77","0"
"2401","238645.5322977","1192.1423","445","-4689","1992","-94","-27","-68","-152","-45","0"
"2402","238645.551996","1192.162","239","-4714","959","-67","-48","-64","-152","-22","0"
"2403","238645.5593206","1192.1693","214","-5023","826","-85","-91","-64","-170","24","0"
"2404","238645.5660358","1192.176","81","-7381","298","-72","-121","-72","-156","80","0"
"2405","238645.5794181","1192.1894","274","-10588","734","-102","-106","-54","-157","136","0"
"2406","238645.5852363","1192.1952","348","-15108","1474","-132","-88","-65","-166","158","0"
"2407","238645.5892328","1192.1992","171","-19844","1354","-159","-86","-71","-126","189","0"
"2408","238645.62059","1192.2306","-190","-23287","552","-141","-108","-95","-125","213","0"
"2409","238645.6256401","1192.2356","-231","-24626","396","-149","-99","-101","-138","219","0"
"2410","238645.6313803","1192.2414","-39","-25408","565","-149","-103","-113","-98","223","0"
"2411","238645.6333529","1192.2433","-54","-26382","1082","-170","-83","-107","-61","216","0"
"2412","238645.6349335","1192.2449","-263","-26318","649","-188","-52","-123","-24","184","0"
"2413","238645.6365294","1192.2465","-409","-26550","245","-160","-32","-156","-14","211","0"
"2414","238645.6543217","1192.2643","-315","-26297","-133","-158","-57","-151","-7","206","0"
"2415","238645.6582703","1192.2683","-507","-25992","95","-157","-55","-156","-29","157","0"
"2416","238645.6635377","1192.2735","-410","-25624","355","-186","-76","-155","-4","97","0"
"2417","238645.6716803","1192.2817","-227","-25175","-336","-164","-99","-140","-21","54","0"
"2418","238645.6741241","1192.2841","-82","-24791","-717","-134","-114","-142","-14","25","0"
"2419","238645.6788371","1192.2888","-200","-24291","-882","-96","-87","-148","-19","-44","0"
"2420","238645.6960157","1192.306","-270","-23772","-636","-106","-97","-146","-36","-110","0"
"2421","238645.7011575","1192.3111","-158","-22962","-669","-69","-127","-152","-31","-133","0"
"2422","238645.7062226","1192.3162","-28","-22157","-1352","-38","-119","-146","-19","-117","0"
"2423","238645.7201162","1192.3301","-110","-21347","-1138","-12","-92","-128","-19","-176","0"
"2424","238645.7230519","1192.333","-95","-20673","-1037","-11","-78","-159","-61","-186","0"
"2425","238645.7270798","1192.3371","18","-20017","-592","-5","-74","-164","-67","-167","0"
"2426","238645.7522656","1192.3622","97","-19348","-383","4","-60","-153","-53","-148","0"
"2427","238645.7547718","1192.3648","-125","-18727","-642","-3","-59","-144","-53","-130","0"
"2428","238645.7590024","1192.369","-262","-17992","-777","-11","-45","-113","-70","-81","0"
"2429","238645.7895168","1192.3995","-375","-17300","-525","-28","-25","-57","-59","-46","0"
"2430","238645.7920396","1192.402","-66","-16499","369","-73","-32","-54","-67","8","0"
"2431","238645.7945373","1192.4045","-356","-16005","389","-92","-47","-43","-58","24","0"
"2432","238645.8158711","1192.4259","-466","-15447","145","-114","-30","-22","-43","18","0"
"2433","238645.8213646","1192.4313","-459","-15070","606","-103","-9","-18","-74","28","0"
"2434","238645.8248799","1192.4349","-456","-14571","757","-55","-21","-52","-74","33","0"
"2435","238645.8278763","1192.4379","-350","-14049","889","-41","-15","-70","-28","16","0"
"2436","238645.8314289","1192.4414","-327","-13492","1169","-25","23","-42","-23","28","0"
"2437","238645.835071","1192.4451","-472","-13100","661","-20","3","-27","-38","45","0"
"2438","238645.8393742","1192.4494","-518","-12858","299","13","10","-45","-34","108","0"
"2439","238645.848097","1192.4581","-539","-12473","283","0","35","-82","-49","175","0"
"2440","238645.8552498","1192.4652","-444","-11782","984","-7","7","-66","-56","178","0"
"2441","238645.8951523","1192.5051","-351","-11196","1272","-52","-12","-31","-51","144","0"
"2442","238645.8980073","1192.508","-335","-10744","1443","-39","-8","-11","-26","105","0"
"2443","238645.9007095","1192.5107","-110","-10288","592","-52","1","-25","-22","80","0"
"2444","238645.9046598","1192.5146","-1","-10039","444","-49","32","-25","-15","36","0"
"2445","238645.9095078","1192.5195","-94","-9630","1049","-45","56","-29","-42","15","0"
"2446","238645.9148005","1192.5248","44","-9257","1512","-39","39","-39","-28","30","0"
"2447","238645.922933","1192.5329","153","-8893","1158","-47","27","-1","13","54","0"
"2448","238645.9262541","1192.5362","79","-8734","825","-58","31","2","35","60","0"
"2449","238645.9276646","1192.5376","-60","-8560","599","-81","37","25","39","52","0"
"2450","238645.9745998","1192.5846","32","-8361","748","-75","85","-6","35","49","0"
"2451","238645.9772169","1192.5872","223","-7803","1406","-49","82","8","-8","-4","0"
"2452","238645.9799684","1192.59","64","-7720","510","-18","48","12","-23","-56","0"
"2453","238646.0176248","1192.6276","53","-7492","612","-34","24","9","-35","-34","0"
"2454","238646.0263727","1192.6364","146","-7312","631","-47","-17","41","-50","-10","0"
"2455","238646.0316101","1192.6416","232","-6811","874","-40","-3","64","-87","-10","0"
"2456","238646.0372587","1192.6472","58","-6420","1196","-25","22","50","-99","-31","0"
"2457","238646.0413888","1192.6514","-81","-6011","346","-15","49","54","-111","-41","0"
"2458","238646.0448541","1192.6548","-241","-5958","-275","-15","46","88","-70","-22","0"
"2459","238646.0487533","1192.6587","58","-5650","-279","-16","50","85","-45","2","0"
"2460","238646.0554381","1192.6654","-330","-5656","496","21","40","92","-45","11","0"
"2461","238646.0622113","1192.6722","-472","-5512","793","29","18","89","-38","18","0"
"2462","238646.0742225","1192.6842","-337","-5114","800","17","-25","98","-46","-49","0"
"2463","238646.0872564","1192.6972","-322","-4893","326","31","-56","114","-91","-111","0"
"2464","238646.093802","1192.7038","-379","-4875","-70","33","-38","140","-112","-111","0"
"2465","238646.1018978","1192.7119","-285","-4611","696","19","-6","166","-89","-158","0"
"2466","238646.1076735","1192.7177","103","-4083","1118","36","-26","163","-66","-211","0"
"2467","238646.1141721","1192.7242","-233","-4180","-192","67","-46","156","-60","-245","0"
"2468","238646.1184746","1192.7285","-196","-3970","-391","95","-37","136","-81","-247","0"
"2469","238646.121572","1192.7316","-285","-3748","-29","110","-41","93","-78","-245","0"
"2470","238646.1241076","1192.7341","-134","-3478","394","146","-95","58","-70","-240","0"
"2471","238646.1269154","1192.7369","-543","-3600","237","134","-97","57","-80","-231","0"
"2472","238646.1304148","1192.7404","-471","-3358","-187","133","-116","66","-90","-246","0"
"2473","238646.1330691","1192.7431","-371","-3197","-385","137","-163","67","-115","-230","0"
"2474","238646.1358698","1192.7459","-456","-3072","104","128","-173","71","-107","-181","0"
"2475","238646.1467981","1192.7568","-322","-2877","584","97","-151","54","-114","-136","0"
"2476","238646.1496939","1192.7597","-73","-2675","602","82","-159","34","-116","-90","0"
"2477","238646.1526285","1192.7626","-250","-2755","365","62","-177","10","-152","-46","0"
"2478","238646.1551334","1192.7651","-290","-2566","420","67","-182","-25","-143","-40","0"
"2479","238646.1577319","1192.7677","-307","-2487","791","75","-194","-23","-133","-10","0"
"2480","238646.1795594","1192.7895","-264","-2321","1335","67","-180","2","-108","0","0"
"2481","238646.1822401","1192.7922","-228","-2423","1084","69","-164","9","-110","34","0"
"2482","238646.1846985","1192.7947","-276","-2412","710","99","-155","12","-99","105","0"
"2483","238646.2049507","1192.8149","-413","-2377","758","68","-170","19","-87","182","0"
"2484","238646.208456","1192.8184","-489","-2252","731","30","-171","22","-105","214","0"
"2485","238646.2138498","1192.8238","-192","-2005","1058","47","-160","5","-122","234","0"
"2486","238646.2336388","1192.8436","-52","-1898","1115","57","-163","-14","-127","226","0"
"2487","238646.2367856","1192.8468","-242","-1801","1008","69","-211","-3","-144","227","0"
"2488","238646.2383522","1192.8483","-224","-1766","768","50","-239","7","-113","216","0"
"2489","238646.2576183","1192.8676","-391","-1604","468","69","-245","-11","-100","187","0"
"2490","238646.2601154","1192.8701","-211","-1499","440","93","-212","1","-106","146","0"
"2491","238646.2626415","1192.8726","2","-1272","923","99","-214","15","-96","120","0"
"2492","238646.2828861","1192.8929","-5","-1193","442","90","-197","20","-70","143","0"
"2493","238646.2853794","1192.8954","-305","-1183","20","78","-168","35","-76","181","0"
"2494","238646.2869561","1192.8969","-231","-1115","-312","62","-118","33","-51","213","0"
"2495","238646.309932","1192.9199","-135","-1075","-364","42","-107","58","-52","244","0"
"2496","238646.3127141","1192.9227","68","-953","422","52","-120","30","-51","241","0"
"2497","238646.317776","1192.9278","-29","-1103","222","29","-109","22","-41","245","0"
"2498","238646.3217005","1192.9317","-276","-1181","200","57","-103","36","-31","299","0"
"2499","238646.3242384","1192.9342","-233","-1213","99","77","-104","78","-45","318","0"
"2500","238646.3291728","1192.9392","-95","-857","756","74","-66","94","-61","318","0"
"2501","238646.3408147","1192.9508","79","-784","460","77","-39","124","-59","280","0"
"2502","238646.3438828","1192.9539","-100","-834","170","99","-52","101","-51","265","0"
"2503","238646.3485034","1192.9585","-170","-844","314","83","-36","95","-35","252","0"
"2504","238646.3764979","1192.9865","-51","-746","347","69","-23","61","-45","266","0"
"2505","238646.3789627","1192.9889","213","-649","765","86","5","60","-1","274","0"
"2506","238646.3823021","1192.9923","174","-779","586","59","62","54","12","273","0"
"2507","238626.3951484","1173.0051","32","-370","856","105","94","-25","-131","209","0"
"2508","238626.4061687","1173.0162","79","-134","879","115","108","7","-108","268","0"
"2509","238626.4094185","1173.0194","301","-117","1580","114","154","26","-116","302","0"
"2510","238626.4129839","1173.023","306","-153","938","74","152","10","-113","309","0"
"2511","238626.4170112","1173.027","246","-272","35","50","108","-34","-108","335","0"
"2512","238626.4197878","1173.0298","394","-146","223","42","94","-49","-97","354","0"
"2513","238626.4324059","1173.0424","388","-138","862","16","97","-38","-112","323","0"
"2514","238626.4492149","1173.0592","453","-86","1476","37","130","-12","-106","291","0"
"2515","238626.4596208","1173.0696","486","-132","951","40","147","-20","-98","288","0"
"2516","238626.4717203","1173.0817","248","-305","-4","52","128","-1","-67","224","0"
"2517","238626.4860201","1173.096","120","-278","-569","88","68","24","-58","193","0"
"2518","238626.5020521","1173.112","114","-328","-305","89","73","14","-38","207","0"
"2519","238626.516368","1173.1264","239","-235","189","43","106","9","-19","236","0"
"2520","238626.5303477","1173.1403","311","-182","-60","34","87","6","-6","205","0"
"2521","238626.5400857","1173.1501","66","-193","-553","23","77","4","22","188","0"
"2522","238626.5514666","1173.1614","-101","-192","-415","14","116","2","38","191","0"
"2523","238626.5624738","1173.1725","-100","-172","-331","5","107","-19","48","204","0"
"2524","238626.5690213","1173.179","147","-139","312","33","48","-21","46","236","0"
"2525","238626.5753797","1173.1854","257","-152","976","36","47","-26","49","277","0"
"2526","238626.5803782","1173.1904","27","-122","190","40","66","-27","27","251","0"
"2527","238626.5845447","1173.1945","-81","-227","353","26","76","-12","42","242","0"
"2528","238626.5913725","1173.2014","47","-35","1217","-20","55","-32","7","246","0"
"2529","238626.5961254","1173.2061","123","48","2385","-54","26","-54","20","270","0"
"2530","238626.5998811","1173.2099","34","55","2219","-56","33","-27","30","286","0"
"2531","238626.6042058","1173.2142","57","18","1508","-56","33","-16","29","330","0"
"2532","238626.6069568","1173.2169","-60","-9","1319","-67","38","-44","59","372","0"
"2533","238626.6097083","1173.2197","-156","52","1954","-78","30","-21","113","452","0"
"2534","238626.6122518","1173.2222","-66","30","2488","-70","37","-7","140","524","0"
"2535","238626.6155807","1173.2256","-151","52","2096","-86","37","-20","165","556","0"
"2536","238626.618153","1173.2281","-427","-87","1263","-76","19","-39","157","572","0"
"2537","238626.6209058","1173.2309","-453","-125","1352","-82","22","-32","168","615","0"
"2538","238626.6279234","1173.2379","-287","-167","1287","-77","6","-30","206","645","0"
"2539","238626.6320798","1173.2421","37","-142","1798","-106","6","-61","207","655","0"
"2540","238626.64226","1173.2522","67","-318","2265","-135","19","-94","207","646","0"
"2541","238626.6496945","1173.2597","-135","-514","1799","-118","23","-92","217","625","0"
"2542","238626.6638259","1173.2738","-229","-524","1831","-149","21","-108","226","574","0"
"2543","238626.6727972","1173.2828","-158","-385","2173","-146","48","-116","219","555","0"
"2544","238626.6871233","1173.2971","141","-84","2694","-155","62","-115","212","520","0"
"2545","238626.6918075","1173.3018","324","23","2335","-90","51","-122","207","514","0"
"2546","238626.7059853","1173.316","171","-58","1442","-47","73","-117","184","489","0"
"2547","238626.7139641","1173.3239","265","18","1230","-11","63","-143","159","488","0"
"2548","238626.7184078","1173.3284","125","-41","1423","-23","41","-156","142","482","0"
"2549","238626.7225858","1173.3326","74","-25","1668","-33","26","-142","146","497","0"
"2550","238626.7255397","1173.3355","8","-92","1357","-52","-20","-140","89","503","0"
"2551","238626.7279436","1173.3379","-28","-138","555","-64","-56","-154","31","483","0"
"2552","238626.7315116","1173.3415","134","-14","699","-100","-58","-125","42","403","0"
"2553","238626.7597623","1173.3697","217","-31","548","-127","-94","-137","13","344","0"
"2554","238626.7642447","1173.3742","289","-26","551","-95","-87","-151","-14","304","0"
"2555","238626.7685859","1173.3786","508","-121","274","-78","-66","-133","-39","300","0"
"2556","238626.7823437","1173.3923","339","-374","-542","-30","-52","-111","-51","310","0"
"2557","238626.7863406","1173.3963","-4","-500","-558","-48","-62","-100","-65","326","0"
"2558","238626.7895111","1173.3995","119","-365","127","-86","-41","-78","-61","351","0"
"2559","238626.8017714","1173.4118","243","-318","1358","-97","-15","-100","-76","326","0"
"2560","238626.8040888","1173.4141","276","-317","1097","-76","-6","-99","-83","282","0"
"2561","238626.8065277","1173.4165","296","-407","-230","-35","-3","-67","-95","224","0"
"2562","238626.8158051","1173.4258","266","-520","-556","-4","24","-42","-102","228","0"
"2563","238626.8181427","1173.4281","227","-456","-414","25","63","-62","-91","270","0"
"2564","238626.8206912","1173.4307","471","-194","120","33","39","-80","-54","283","0"
"2565","238626.8480253","1173.458","309","-282","198","43","28","-59","-7","277","0"
"2566","238626.8510461","1173.461","99","-393","-418","34","46","-71","21","266","0"
"2567","238626.8552129","1173.4652","444","-310","-422","85","43","-56","23","248","0"
"2568","238626.8793619","1173.4893","546","-167","116","86","55","-52","13","245","0"
"2569","238626.8838258","1173.4938","696","-30","514","88","15","-57","33","254","0"
"2570","238626.8881589","1173.4981","634","102","365","59","6","-65","66","270","0"
"2571","238626.9229637","1173.5329","429","52","-578","18","-14","-52","51","305","0"
"2572","238626.9421278","1173.5521","422","-88","-683","-33","-21","-70","37","290","0"
"2573","238626.9523464","1173.5623","566","-101","-284","-14","-62","-71","81","329","0"
"2574","238626.9604846","1173.5705","500","-201","-482","-42","-57","-73","94","357","0"
"2575","238626.9869634","1173.5969","502","-162","187","-42","-77","-59","54","393","0"
"2576","238626.9937736","1173.6038","295","-120","-457","-33","-95","-52","23","412","0"
"2577","238627.0010013","1173.611","190","-271","-323","-36","-83","-35","5","422","0"
"2578","238627.0050097","1173.615","226","-344","-159","-37","-71","-7","8","410","0"
"2579","238627.0083644","1173.6183","178","-319","-694","-38","-61","11","3","433","0"
"2580","238627.0124729","1173.6225","307","-384","-708","-39","-73","1","-2","430","0"
"2581","238627.0182655","1173.6282","183","-473","-1048","-13","-103","-52","-16","390","0"
"2582","238627.0237587","1173.6337","118","-455","-524","-13","-101","-88","-19","313","0"
"2583","238627.0291378","1173.6391","2","-467","245","-28","-60","-108","-33","248","0"
"2584","238627.0317292","1173.6417","229","-635","663","-45","-41","-89","-3","209","0"
"2585","238627.0344809","1173.6445","219","-599","47","-63","-26","-86","-9","147","0"
"2586","238627.0373618","1173.6473","48","-553","-1227","-56","-39","-87","-32","96","0"
"2587","238627.0405538","1173.6505","90","-584","-1365","-20","-67","-110","-45","89","0"
"2588","238627.0430963","1173.6531","274","-466","-1285","-3","-81","-94","-37","52","0"
"2589","238627.0466279","1173.6566","427","-323","-1336","-17","-92","-45","-23","44","0"
"2590","238627.0492429","1173.6592","484","-253","-1140","-20","-43","-12","12","25","0"
"2591","238627.0523391","1173.6623","327","-383","-1728","-10","-57","10","15","-24","0"
"2592","238627.0552495","1173.6652","243","-306","-1174","6","-64","48","34","-39","0"
"2593","238627.0597346","1173.6697","113","-165","-895","47","-49","44","23","-20","0"
"2594","238627.0625991","1173.6726","388","170","430","63","-20","19","-12","-44","0"
"2595","238627.0781146","1173.6881","262","-23","-568","19","-33","21","-16","-9","0"
"2596","238627.0804748","1173.6905","193","188","-621","9","-37","25","20","22","0"
"2597","238627.0827691","1173.6928","401","273","-724","24","-25","15","49","94","0"
"2598","238627.1027581","1173.7127","346","328","-645","4","-19","-5","29","125","0"
"2599","238627.10533","1173.7153","621","420","504","30","25","-34","9","179","0"
"2600","238627.1081471","1173.7181","433","351","136","22","9","-55","9","200","0"
"2601","238627.1201158","1173.7301","99","95","-875","-33","25","-49","16","211","0"
"2602","238627.123489","1173.7335","-112","117","-812","-59","25","-36","34","202","0"
"2603","238627.1261979","1173.7362","-55","143","-617","-55","11","-44","9","243","0"
"2604","238627.1558231","1173.7658","58","73","616","-114","-10","-71","28","278","0"
"2605","238627.1580864","1173.7681","144","185","-230","-87","-30","-60","30","248","0"
"2606","238627.163299","1173.7733","28","191","-1392","-48","-41","-40","37","261","0"
"2607","238627.1933063","1173.8033","-99","189","-1141","-54","-23","-47","48","313","0"
"2608","238627.1963217","1173.8063","-142","33","-757","-81","-6","-100","67","345","0"
"2609","238627.1991057","1173.8091","-174","-20","193","-46","-27","-126","81","355","0"
"2610","238627.2099127","1173.8199","-373","-170","-879","-63","10","-137","76","336","0"
"2611","238627.2143539","1173.8243","-375","-177","-1494","-87","0","-143","96","317","0"
"2612","238627.2187144","1173.8287","-276","-177","-817","-81","0","-146","141","312","0"
"2613","238627.2288354","1173.8388","-84","-146","-176","-66","-1","-169","180","330","0"
"2614","238627.2311119","1173.8411","70","-129","1428","-46","-13","-147","197","335","0"
"2615","238627.2344308","1173.8444","-155","-363","624","0","-63","-162","219","352","0"
"2616","238627.2570064","1173.867","-241","-351","296","-8","-87","-146","237","364","0"
"2617","238627.2587766","1173.8688","-397","-567","365","-20","-71","-164","202","414","0"
"2618","238627.260966","1173.8709","-298","-520","1156","-36","-71","-166","175","445","0"
"2619","238627.2879754","1173.898","-169","-557","2549","-48","-23","-173","175","460","0"
"2620","238627.2936015","1173.9036","43","-530","1595","-55","-11","-136","180","426","0"
"2621","238627.2983858","1173.9084","-78","-480","546","-69","-10","-128","191","404","0"
"2622","238627.3202767","1173.9303","-326","-425","904","-31","-35","-120","161","381","0"
"2623","238627.3253055","1173.9353","-249","-362","1308","-6","-51","-99","167","363","0"
"2624","238627.3291255","1173.9391","-115","-335","1811","7","-40","-96","136","318","0"
"2625","238627.3325239","1173.9425","-221","-420","787","39","-48","-104","144","235","0"
"2626","238627.3350304","1173.945","-297","-468","49","99","-25","-88","160","210","0"
"2627","238627.3373554","1173.9473","-139","-295","631","110","-3","-54","186","180","0"
"2628","238627.3413795","1173.9514","56","-322","1214","158","8","-45","171","129","0"
"2629","238627.3428946","1173.9529","173","-398","1981","178","12","-57","168","98","0"
"2630","238627.3450347","1173.955","-59","-334","879","194","3","-45","172","24","0"
"2631","238627.3660307","1173.976","-483","-422","-260","190","6","-53","163","-24","0"
"2632","238627.3685181","1173.9785","-468","-374","140","202","-1","-47","119","-66","0"
"2633","238627.3730786","1173.9831","-245","-273","467","167","5","-27","66","-83","0"
"2634","238627.3811828","1173.9912","5","-169","1396","135","31","-47","77","-106","0"
"2635","238627.3875034","1173.9975","280","-50","1190","131","36","-39","71","-156","0"
"2636","238627.3929129","1174.0029","63","-153","-127","122","19","-66","75","-203","0"
"2637","238627.4182636","1174.0282","-21","-187","-428","146","17","-75","93","-241","0"
"2638","238627.4304711","1174.0405","150","12","47","172","0","-66","116","-298","0"
"2639","238627.4394601","1174.0494","170","131","311","223","-13","-5","126","-326","0"
"2640","238627.4459549","1174.0559","429","211","-303","210","-32","-3","112","-302","0"
"2641","238627.4511004","1174.0611","263","201","-776","197","-61","8","100","-343","0"
"2642","238627.4559189","1174.0659","208","206","-459","206","-97","-2","106","-392","0"
"2643","238627.4708775","1174.0809","184","158","-356","247","-108","26","121","-380","0"
"2644","238627.4733734","1174.0834","439","121","379","257","-107","0","125","-346","0"
"2645","238627.4837905","1174.0938","375","95","-237","255","-87","5","122","-324","0"
"2646","238627.4928754","1174.1029","287","168","-1285","221","-72","13","127","-306","0"
"2647","238627.4966947","1174.1067","-17","-121","-683","241","-61","39","137","-322","0"
"2648","238627.4998471","1174.1098","316","-67","-69","279","-53","5","123","-348","0"
"2649","238627.5266977","1174.1367","436","79","292","282","-43","-9","145","-351","0"
"2650","238627.5281391","1174.1381","94","58","177","277","-34","-15","163","-396","0"
"2651","238627.5307081","1174.1407","-104","-45","-1113","288","-65","-41","126","-465","0"
"2652","238627.5394189","1174.1494","5","41","-592","316","-81","-47","116","-479","0"
"2653","238627.5427928","1174.1528","-155","-7","10","301","-79","-42","101","-494","0"
"2654","238627.5477859","1174.1578","76","-68","-244","291","-67","-45","112","-534","0"
"2655","238627.5675258","1174.1775","143","-242","-951","265","-81","-35","55","-604","0"
"2656","238627.5701049","1174.1801","-138","-421","-2082","252","-89","-4","25","-643","0"
"2657","238627.5730054","1174.183","-160","-266","-1714","210","-52","36","29","-697","0"
"2658","238627.5997379","1174.2097","53","-198","-706","217","-51","57","30","-711","0"
"2659","238627.6031523","1174.2131","-73","-215","45","237","-58","57","-3","-706","0"
"2660","238627.6066118","1174.2166","-10","-111","-12","265","-50","52","36","-676","0"
"2661","238627.6260277","1174.236","-194","-188","-745","271","-29","33","40","-658","0"
"2662","238627.6283207","1174.2383","-107","-254","-363","262","-32","23","19","-613","0"
"2663","238627.6305291","1174.2405","144","-174","163","208","-40","-19","2","-599","0"
"2664","238627.6435741","1174.2536","249","-91","761","196","-10","-28","-25","-558","0"
"2665","238627.6459094","1174.2559","39","-182","625","182","27","-27","-63","-490","0"
"2666","238627.6482065","1174.2582","-126","-296","-353","149","51","12","-88","-443","0"
"2667","238627.663344","1174.2733","-38","-335","-248","108","39","-10","-52","-402","0"
"2668","238627.6658323","1174.2758","34","-409","236","114","42","-25","-57","-384","0"
"2669","238627.6682612","1174.2782","180","-351","418","133","44","-35","-54","-385","0"
"2670","238627.6757889","1174.2858","38","-372","-423","145","38","-12","-41","-386","0"
"2671","238627.6780274","1174.288","-203","-415","-1671","158","35","-6","-38","-366","0"
"2672","238627.6806361","1174.2906","-272","-350","-938","148","41","11","-85","-308","0"
"2673","238627.7038842","1174.3139","-200","-252","-351","117","54","5","-76","-265","0"
"2674","238627.7068006","1174.3168","-23","-198","264","106","9","-9","-66","-247","0"
"2675","238627.7092971","1174.3193","51","-404","-147","98","24","-5","-79","-233","0"
"2676","238627.739689","1174.3497","-42","-398","-998","85","80","44","-85","-203","0"
"2677","238627.7422701","1174.3523","113","-174","-544","65","101","54","-82","-177","0"
"2678","238627.7455695","1174.3556","51","-169","-62","69","77","38","-68","-190","0"
"2679","238627.7642439","1174.3742","164","-161","9","73","52","31","-67","-195","0"
"2680","238627.7857544","1174.3957","86","-187","-256","17","53","45","-64","-222","0"
"2681","238627.791005","1174.401","-98","-265","-1026","-26","76","69","-58","-215","0"
"2682","238627.7947344","1174.4047","23","-209","-53","-28","63","47","-18","-246","0"
"2683","238627.7975323","1174.4075","168","-115","622","4","49","37","-7","-265","0"
"2684","238627.8001438","1174.4101","189","-54","1101","49","35","16","-4","-279","0"
"2685","238627.8048605","1174.4148","71","-76","186","71","28","-1","5","-312","0"
"2686","238627.8077051","1174.4177","67","26","-689","57","-19","-14","30","-307","0"
"2687","238627.8103366","1174.4203","282","141","42","10","-16","13","35","-286","0"
"2688","238627.8251332","1174.4351","332","343","854","4","-65","15","19","-283","0"
"2689","238627.8282948","1174.4383","340","217","638","4","-69","21","-25","-305","0"
"2690","238627.8305976","1174.4406","338","226","432","23","-58","21","-42","-305","0"
"2691","238627.8564825","1174.4665","133","95","-531","7","-38","20","-58","-289","0"
"2692","238627.8594119","1174.4694","373","223","531","40","-52","44","-40","-280","0"
"2693","238627.8617173","1174.4717","522","339","1159","54","-78","68","-37","-286","0"
"2694","238627.8766449","1174.4866","598","258","1427","76","-56","95","-75","-296","0"
"2695","238627.8801277","1174.4901","451","144","1695","71","-59","70","-116","-247","0"
"2696","238627.8831529","1174.4931","84","-27","731","33","-50","82","-110","-209","0"
"2697","238627.9126698","1174.5227","166","22","1307","-13","-27","95","-81","-156","0"
"2698","238627.9156976","1174.5257","393","244","2138","-33","3","104","-78","-113","0"
"2699","238627.9183575","1174.5283","406","284","2081","-26","41","110","-87","-82","0"
"2700","238627.922483","1174.5325","252","150","1389","-38","37","123","-84","-39","0"
"2701","238627.9346448","1174.5446","242","86","805","-72","21","127","-74","-67","0"
"2702","238627.9448956","1174.5549","144","-112","1376","-98","14","114","-88","-88","0"
"2703","238627.958242","1174.5682","76","-224","1451","-112","-15","99","-116","-75","0"
"2704","238627.964155","1174.5741","227","-13","2154","-87","-33","76","-112","-50","0"
"2705","238627.9671566","1174.5771","-96","-129","1597","-106","-46","86","-72","-66","0"
"2706","238627.9812673","1174.5913","-284","-137","535","-135","-41","92","-61","-63","0"
"2707","238627.9853715","1174.5954","-176","-94","1282","-152","-42","80","-54","-62","0"
"2708","238627.9888905","1174.5989","-186","-37","1979","-154","-12","48","-58","-61","0"
"2709","238628.0096222","1174.6196","-162","-159","1851","-146","-22","70","-65","-70","0"
"2710","238628.0156628","1174.6256","-76","-148","1853","-155","5","83","-39","-62","0"
"2711","238628.0188167","1174.6288","-165","-192","962","-159","4","90","-32","-63","0"
"2712","238628.041814","1174.6518","-23","-150","1215","-132","17","74","-36","-36","0"
"2713","238628.0445423","1174.6545","-52","-92","1942","-120","22","51","-42","-2","0"
"2714","238628.0469381","1174.6569","-4","-127","1604","-112","48","41","-7","62","0"
"2715","238628.0575446","1174.6675","141","48","818","-104","47","43","-35","97","0"
"2716","238628.0599622","1174.6699","-49","-36","-35","-87","58","62","-55","84","0"
"2717","238628.0624146","1174.6724","-12","43","683","-72","67","66","-79","65","0"
"2718","238628.0654703","1174.6755","146","6","1204","-82","84","80","-74","49","0"
"2719","238628.0677814","1174.6778","284","-5","1138","-95","89","63","-88","11","0"
"2720","238628.0700666","1174.68","18","-96","397","-81","83","57","-95","-69","0"
"2721","238628.0747165","1174.6847","-11","-139","-722","-55","43","31","-109","-86","0"
"2722","238628.0770654","1174.687","234","23","241","-38","62","62","-91","-117","0"
"2723","238628.0799796","1174.69","255","45","837","12","52","63","-112","-146","0"
"2724","238628.1012486","1174.7112","94","61","760","38","23","63","-137","-175","0"
"2725","238628.1044047","1174.7144","196","45","367","46","6","71","-155","-148","0"
"2726","238628.1072141","1174.7172","-22","-119","-866","50","3","86","-164","-136","0"
"2727","238628.135952","1174.7459","-27","-161","-409","62","6","94","-152","-134","0"
"2728","238628.1480801","1174.7581","291","49","389","25","-39","68","-153","-100","0"
"2729","238628.1592814","1174.7693","421","44","540","-3","-47","76","-137","-81","0"
"2730","238628.1683146","1174.7783","181","-150","69","-25","-52","99","-113","-69","0"
"2731","238628.1784143","1174.7884","78","-59","-197","38","-18","89","-122","-22","0"
"2732","238628.1926107","1174.8026","282","157","817","55","1","83","-102","-6","0"
"2733","238628.2034723","1174.8135","267","227","1392","19","15","87","-63","17","0"
"2734","238628.2109583","1174.8209","327","202","1598","-10","-1","98","-53","75","0"
"2735","238628.2175202","1174.8275","185","11","1214","-62","-8","64","-55","70","0"
"2736","238628.2271679","1174.8372","163","-9","386","-96","-3","54","-41","64","0"
"2737","238628.2356733","1174.8457","328","238","1456","-64","-16","33","-44","61","0"
"2738","238628.2428277","1174.8528","417","400","1782","-29","-1","41","-31","51","0"
"2739","238628.2507939","1174.8608","411","441","1814","-9","23","61","-17","44","0"
"2740","238628.2551031","1174.8651","419","367","1237","11","28","53","-30","24","0"
"2741","238628.2587082","1174.8687","186","172","-545","26","56","37","-55","-8","0"
"2742","238628.2635403","1174.8735","358","238","-209","18","72","2","-76","5","0"
"2743","238628.2659277","1174.8759","399","229","302","51","62","-7","-77","-33","0"
"2744","238628.2686405","1174.8786","458","259","-55","73","38","-27","-81","-73","0"
"2745","238628.2712903","1174.8813","411","320","-1057","89","61","-66","-68","-61","0"
"2746","238628.2736954","1174.8837","465","423","-1255","109","80","-57","-52","-45","0"
"2747","238628.2773774","1174.8874","395","378","-370","115","112","-21","9","-51","0"
"2748","238628.2959276","1174.9059","437","436","267","67","137","-34","26","-7","0"
"2749","238628.2982987","1174.9083","592","339","-227","30","153","-33","36","-12","0"
"2750","238628.300974","1174.911","584","329","-990","24","166","-45","19","9","0"
"2751","238628.3259607","1174.9359","518","186","-1487","14","166","-59","11","15","0"
"2752","238628.3390526","1174.949","393","198","-107","15","160","-74","11","-14","0"
"2753","238628.3433081","1174.9533","358","163","660","3","172","-83","0","-67","0"
"2754","238628.3681999","1174.9782","263","180","587","14","157","-63","-10","-140","0"
"2755","238628.3721498","1174.9821","152","45","-202","37","149","-52","-20","-152","0"
"2756","238628.3750123","1174.985","221","185","-393","32","129","-67","-17","-162","0"
"2757","238628.3778099","1174.9878","462","270","233","24","137","-113","-27","-166","0"
"2758","238628.3802743","1174.9903","512","227","969","39","111","-115","-68","-195","0"
"2759","238628.3826079","1174.9926","601","266","767","39","72","-108","-99","-190","0"
"2760","238628.3949077","1175.0049","400","281","364","25","43","-115","-94","-202","0"
"2761","238628.3972947","1175.0073","177","194","74","6","10","-99","-41","-168","0"
"2762","238628.3996569","1175.0096","673","205","1054","4","8","-51","-26","-179","0"
"2763","238628.4238105","1175.0338","1116","590","1750","-11","-24","-61","33","-229","0"
"2764","238628.4261618","1175.0361","815","1040","1389","-30","-12","-71","30","-236","0"
"2765","238628.4284683","1175.0385","684","1110","1014","-7","-34","-61","28","-204","0"
"2766","238628.4414231","1175.0514","547","816","-30","23","-27","-84","-2","-183","0"
"2767","238628.4437954","1175.0538","871","924","727","24","-15","-91","-1","-185","0"
"2768","238628.4467372","1175.0567","1017","1048","1009","33","-2","-84","-4","-165","0"
"2769","238628.4638666","1175.0738","946","1038","-78","60","-10","-82","-7","-158","0"
"2770","238628.4668844","1175.0769","1040","1086","-968","63","-17","-64","-25","-136","0"
"2771","238628.4693425","1175.0793","1111","1009","-2008","60","15","-53","-52","-107","0"
"2772","238628.4827068","1175.0927","1419","1165","-1308","35","53","-50","-14","-103","0"
"2773","238628.4851954","1175.0952","1444","1111","-827","19","38","-59","-18","-90","0"
"2774","238628.4880491","1175.098","1457","1042","-1621","-3","-1","-29","-57","-51","0"
"2775","238628.5156273","1175.1256","1349","671","-2247","6","-14","-9","-80","-18","0"
"2776","238628.5232023","1175.1332","1317","508","-3103","2","-11","11","-67","1","0"
"2777","238628.5259822","1175.136","1430","604","-2055","-1","-8","20","-83","41","0"
"2778","238628.5602392","1175.1702","1397","681","-1516","-15","-21","39","-92","61","0"
"2779","238628.5643689","1175.1744","1330","424","-2117","-6","8","43","-99","87","0"
"2780","238628.567915","1175.1779","1189","313","-1790","11","26","18","-106","125","0"
"2781","238628.5712774","1175.1813","1166","311","-2082","8","29","12","-87","169","0"
"2782","238628.5738744","1175.1839","1318","125","-825","-16","45","8","-88","219","0"
"2783","238628.5752058","1175.1852","1194","-94","1229","-39","53","-16","-95","249","0"
"2784","238628.5804034","1175.1904","1277","-99","3154","-92","17","-38","-69","257","0"
"2785","238628.5826694","1175.1927","1292","-17","8114","-62","5","-51","-60","316","0"
"2786","238628.5856439","1175.1956","1166","-270","11854","-36","-5","-32","-69","336","0"
"2787","238628.6163656","1175.2263","1253","-264","15372","-50","-28","-2","-55","267","0"
"2788","238628.6205706","1175.2306","1288","-139","18317","-76","-24","-3","-13","240","0"
"2789","238628.6221447","1175.2321","1384","7","18507","-74","-54","6","-19","243","0"
"2790","238628.6495951","1175.2596","966","-135","18536","-56","-40","0","-2","230","0"
"2791","238628.6702036","1175.2802","933","-89","18235","-56","-79","6","-6","217","0"
"2792","238628.684587","1175.2946","1010","-167","19170","-47","-63","10","-26","219","0"
"2793","238628.6957363","1175.3057","912","-226","20883","-45","-13","13","-49","201","0"
"2794","238628.7042821","1175.3143","884","-208","20106","-30","-47","5","-75","150","0"
"2795","238628.707258","1175.3172","641","-258","20141","-30","-82","-1","-67","118","0"
"2796","238628.7119845","1175.322","417","-307","18761","10","-102","11","-41","101","0"
"2797","238628.7177264","1175.3277","461","-349","19007","50","-78","16","-21","62","0"
"2798","238628.7238101","1175.3338","736","-423","19300","89","-75","29","-36","-7","0"
"2799","238628.7388471","1175.3488","496","-364","17582","128","-89","14","-86","-59","0"
"2800","238628.7445331","1175.3545","289","-310","16979","190","-83","2","-99","-107","0"
"2801","238628.750122","1175.3601","-290","-790","15690","209","-79","45","-131","-175","0"
"2802","238628.7563217","1175.3663","-44","-872","15994","247","-69","76","-189","-184","0"
"2803","238628.7643036","1175.3743","82","-868","17112","299","-55","60","-190","-182","0"
"2804","238628.7717235","1175.3817","-49","-1129","16011","318","-52","20","-182","-208","0"
"2805","238628.7857277","1175.3957","82","-939","15517","305","-41","13","-139","-212","0"
"2806","238628.7948214","1175.4048","-70","-846","14543","339","-34","34","-141","-132","0"
"2807","238628.8007989","1175.4108","20","-671","15080","323","-39","38","-124","-78","0"
"2808","238628.8145038","1175.4245","215","-605","15627","312","-61","61","-127","-56","0"
"2809","238628.8300686","1175.4401","166","-679","14449","329","-56","52","-106","-21","0"
"2810","238628.8408602","1175.4508","-151","-736","13967","371","-45","59","-115","-1","0"
"2811","238628.8429808","1175.453","-213","-685","13079","381","-44","90","-108","20","0"
"2812","238628.845265","1175.4552","-13","-600","13286","412","-83","123","-98","30","0"
"2813","238628.8486684","1175.4587","258","-535","13606","453","-108","95","-51","75","0"
"2814","238628.8518733","1175.4619","361","-508","12125","459","-94","69","-44","106","0"
"2815","238628.8546153","1175.4646","242","-522","11416","443","-96","70","-35","195","0"
"2816","238628.8572629","1175.4672","114","-510","10301","448","-100","42","-27","202","0"
"2817","238628.8607006","1175.4707","188","-463","10392","437","-117","20","-29","175","0"
"2818","238628.8634387","1175.4734","414","-340","10254","437","-117","8","-50","161","0"
"2819","238628.8660307","1175.476","230","-240","9000","470","-113","9","-80","146","0"
"2820","238628.8687376","1175.4787","147","-291","7673","541","-106","7","-118","153","0"
"2821","238628.8795369","1175.4895","146","-346","6457","558","-75","2","-150","146","0"
"2822","238628.8829293","1175.4929","494","-194","6452","594","-66","12","-158","135","0"
"2823","238628.9068281","1175.5168","691","-281","6367","596","-39","21","-168","96","0"
"2824","238628.9171432","1175.5271","730","-389","4920","613","-16","22","-162","49","0"
"2825","238628.9257309","1175.5357","622","-408","3625","636","8","49","-180","34","0"
"2826","238628.934072","1175.5441","450","-321","1957","625","20","53","-184","68","0"
"2827","238628.943116","1175.5531","792","-315","1958","654","22","9","-187","97","0"
"2828","238628.9541457","1175.5641","800","-286","2212","704","10","-11","-206","89","0"
"2829","238628.9642333","1175.5742","837","-289","1133","745","5","-23","-197","74","0"
"2830","238628.974306","1175.5843","936","-163","493","789","1","-24","-177","107","0"
"2831","238628.9849672","1175.595","819","-204","-182","786","8","11","-156","140","0"
"2832","238628.9932411","1175.6032","713","-220","-178","761","8","35","-134","143","0"
"2833","238629.0016934","1175.6117","821","-218","-114","724","4","28","-157","149","0"
"2834","238629.0113905","1175.6214","934","-140","-911","716","0","31","-164","148","0"
"2835","238629.0222132","1175.6322","559","-367","-1869","686","-7","18","-158","82","0"
"2836","238629.0337809","1175.6438","416","-292","-3019","710","-10","-5","-137","106","0"
"2837","238629.0384967","1175.6485","607","-353","-2806","752","1","3","-162","124","0"
"2838","238629.0468781","1175.6569","738","-342","-2408","748","11","-14","-138","149","0"
"2839","238629.0495422","1175.6595","438","-609","-3640","756","-12","0","-169","165","0"
"2840","238629.0520487","1175.662","225","-567","-3573","764","-17","20","-168","188","0"
"2841","238629.0858125","1175.6958","278","-568","-4238","757","7","2","-197","189","0"
"2842","238629.0940906","1175.7041","610","-239","-3157","744","23","-1","-232","204","0"
"2843","238629.0995117","1175.7095","642","-144","-2948","757","46","-5","-234","207","0"
"2844","238629.1044431","1175.7144","607","-329","-4149","748","72","-12","-224","224","0"
"2845","238629.10879","1175.7188","810","-53","-4296","730","52","12","-192","245","0"
"2846","238629.112118","1175.7221","788","153","-4627","727","40","37","-162","273","0"
"2847","238629.1164562","1175.7264","605","127","-4471","709","52","33","-120","291","0"
"2848","238629.1201879","1175.7302","664","34","-3829","745","49","13","-111","307","0"
"2849","238629.1244189","1175.7344","620","56","-5094","737","30","28","-110","292","0"
"2850","238629.1272963","1175.7373","519","-35","-5173","715","33","43","-111","301","0"
"2851","238629.1298631","1175.7398","248","-139","-6264","724","68","28","-74","321","0"
"2852","238629.1320899","1175.7421","426","-34","-5894","721","75","27","-77","379","0"
"2853","238629.1440734","1175.7541","445","19","-4698","693","45","39","-57","425","0"
"2854","238629.1463748","1175.7564","356","-112","-5992","667","6","40","-58","456","0"
"2855","238629.1486387","1175.7586","174","-199","-6238","645","-33","21","-54","506","0"
"2856","238629.1961456","1175.8061","138","-217","-7172","584","-21","45","-45","536","0"
"2857","238629.1990355","1175.809","531","-126","-6490","558","-10","61","-22","554","0"
"2858","238629.2021786","1175.8122","742","-85","-5555","548","-24","67","-19","588","0"
"2859","238629.2051856","1175.8152","781","-11","-5515","553","-46","61","-33","599","0"
"2860","238629.2077952","1175.8178","743","-33","-5277","527","-13","46","-40","586","0"
"2861","238629.2104569","1175.8204","489","-22","-5889","480","13","6","-57","608","0"
"2862","238629.2133182","1175.8233","592","128","-5416","482","19","-31","-62","615","0"
"2863","238629.2166161","1175.8266","760","208","-4308","499","40","-15","-39","627","0"
"2864","238629.2182854","1175.8283","636","200","-4807","475","63","-16","-22","632","0"
"2865","238629.2584358","1175.8684","436","141","-4548","431","46","-6","-19","633","0"
"2866","238629.2695851","1175.8796","457","143","-5106","418","8","-22","-5","652","0"
"2867","238629.285772","1175.8958","605","169","-4479","400","28","-45","29","673","0"
"2868","238629.293878","1175.9039","556","297","-3846","384","29","-62","90","633","0"
"2869","238629.3008193","1175.9108","386","38","-5075","374","16","-70","95","607","0"
"2870","238629.3076734","1175.9177","290","-129","-5013","389","15","-65","102","611","0"
"2871","238629.3160618","1175.926","60","-327","-5344","411","30","-35","93","591","0"
"2872","238629.3231971","1175.9332","107","-426","-4287","428","36","-28","52","548","0"
"2873","238629.3332653","1175.9432","98","-355","-3632","416","33","-52","42","553","0"
"2874","238629.3442804","1175.9543","-15","-286","-4509","408","26","-73","31","515","0"
"2875","238629.3529095","1175.9629","21","-118","-4644","432","35","-67","13","493","0"
"2876","238629.3656193","1175.9756","-47","-172","-5791","459","52","-53","6","449","0"
"2877","238629.3806166","1175.9906","-64","-234","-5821","492","27","-28","25","379","0"
"2878","238629.3890524","1175.999","14","-159","-5494","500","18","-2","29","335","0"
"2879","238629.3974803","1176.0075","-224","-321","-6486","465","15","28","38","321","0"
"2880","238629.4032619","1176.0132","-330","-318","-6963","468","31","66","45","315","0"
"2881","238629.4059322","1176.0159","-189","-376","-7052","502","47","44","56","304","0"
"2882","238629.4090634","1176.019","305","-150","-5577","510","49","41","53","304","0"
"2883","238629.4125947","1176.0226","147","-314","-4742","518","48","24","66","289","0"
"2884","238629.4149063","1176.0249","-100","-571","-4998","520","70","34","66","298","0"
"2885","238629.4193265","1176.0293","-207","-512","-5256","515","74","-2","108","332","0"
"2886","238629.4228133","1176.0328","-207","-350","-5277","481","79","20","117","361","0"
"2887","238629.4253244","1176.0353","46","-255","-4780","487","78","13","92","336","0"
"2888","238629.4278323","1176.0378","66","-340","-4460","503","103","-4","74","337","0"
"2889","238629.4305542","1176.0405","105","-405","-5072","519","113","-20","59","404","0"
"2890","238629.4334034","1176.0434","-176","-420","-4729","498","115","13","56","422","0"
"2891","238629.4441302","1176.0541","-27","-384","-4894","488","101","25","50","413","0"
"2892","238629.4518908","1176.0619","408","-357","-4348","451","91","3","90","397","0"
"2893","238629.4545027","1176.0645","546","-388","-3513","451","113","-6","82","392","0"
"2894","238629.4572246","1176.0672","481","-580","-4074","463","99","-15","94","345","0"
"2895","238629.477415","1176.0874","384","-560","-4414","471","89","4","58","320","0"
"2896","238629.481061","1176.091","162","-703","-5067","477","71","25","27","330","0"
"2897","238629.4835128","1176.0935","454","-580","-4178","485","69","34","32","343","0"
"2898","238629.4995552","1176.1095","529","-477","-3883","470","86","23","34","319","0"
"2899","238629.50596","1176.1159","491","-632","-4718","492","73","27","32","285","0"
"2900","238629.5085507","1176.1185","433","-630","-4600","525","63","39","53","264","0"
"2901","238629.5174515","1176.1274","347","-446","-4684","511","64","32","47","241","0"
"2902","238629.5199766","1176.13","618","-392","-3942","493","82","25","43","195","0"
"2903","238629.5229461","1176.1329","668","-336","-3644","516","74","19","63","185","0"
"2904","238629.5450598","1176.155","389","-326","-4234","548","83","21","97","189","0"
"2905","238629.5477602","1176.1577","323","-354","-4581","561","101","-7","86","210","0"
"2906","238629.5502951","1176.1603","265","-238","-4405","545","96","25","45","208","0"
"2907","238629.5741253","1176.1841","292","19","-3938","570","77","17","13","202","0"
"2908","238629.5800179","1176.19","319","-33","-4136","586","50","-9","27","174","0"
"2909","238629.5836578","1176.1936","245","-24","-4812","607","64","-12","50","187","0"
"2910","238629.5906318","1176.2006","48","-167","-5377","602","51","-10","8","213","0"
"2911","238629.5948194","1176.2048","109","-207","-6114","598","43","-43","-64","178","0"
"2912","238629.598805","1176.2088","387","-157","-5787","580","39","-48","-92","191","0"
"2913","238629.6180218","1176.228","418","-59","-5026","567","42","-30","-95","203","0"
"2914","238629.621552","1176.2315","519","60","-4898","562","35","-23","-149","193","0"
"2915","238629.6269764","1176.237","216","98","-4739","554","32","-50","-148","180","0"
"2916","238629.6492966","1176.2593","18","44","-4797","562","38","-73","-138","168","0"
"2917","238629.6520058","1176.262","121","92","-3995","528","79","-79","-142","133","0"
"2918","238629.6542587","1176.2642","149","277","-3245","539","112","-77","-128","138","0"
"2919","238629.677936","1176.2879","20","462","-3024","521","184","-77","-109","127","0"
"2920","238629.6827167","1176.2927","127","443","-2824","548","217","-67","-131","133","0"
"2921","238629.6889405","1176.2989","81","485","-2395","503","237","-72","-125","160","0"
"2922","238629.7001396","1176.3101","87","460","-1820","494","225","-48","-117","201","0"
"2923","238629.7061146","1176.3161","-66","445","-865","460","220","-29","-108","253","0"
"2924","238629.7099145","1176.3199","-327","362","-1402","468","197","-30","-76","320","0"
"2925","238629.723128","1176.3331","-618","268","-1542","424","176","-21","-43","405","0"
"2926","238629.7493668","1176.3594","-446","157","-1814","381","180","-15","-29","464","0"
"2927","238629.757471","1176.3675","-278","260","-1049","374","159","-7","17","511","0"
"2928","238629.7604813","1176.3705","-375","94","-1306","350","157","15","70","561","0"
"2929","238629.7629198","1176.3729","-350","109","-1442","322","168","28","114","571","0"
"2930","238629.7661571","1176.3761","-437","-63","-1606","309","169","67","90","565","0"
"2931","238629.7690431","1176.379","-595","-164","-1635","326","159","91","94","554","0"
"2932","238629.7717095","1176.3817","-730","-164","-1280","323","170","68","93","569","0"
"2933","238629.7742781","1176.3843","-505","-169","-1023","317","166","59","65","572","0"
"2934","238629.793362","1176.4033","-692","-217","-1411","313","166","45","46","573","0"
"2935","238629.7973592","1176.4073","-578","-242","-2202","304","188","34","21","608","0"
"2936","238629.8003956","1176.4104","-531","-262","-2100","280","214","47","10","598","0"
"2937","238629.8205578","1176.4305","-236","-119","-1131","259","221","54","17","554","0"
"2938","238629.8280318","1176.438","-138","-41","-1251","256","233","71","37","483","0"
"2939","238629.8346199","1176.4446","-378","-181","-1586","227","172","61","3","463","0"
"2940","238629.8459632","1176.4559","-423","-210","-2221","219","142","55","13","374","0"
"2941","238629.8545068","1176.4645","-400","-195","-2180","195","103","39","17","307","0"
"2942","238629.8671988","1176.4772","-108","-106","-1794","206","112","50","6","270","0"
"2943","238629.8927548","1176.5027","-33","-219","-2204","261","105","55","40","262","0"
"2944","238629.899484","1176.5095","-192","-324","-2573","299","110","66","55","228","0"
"2945","238629.9131242","1176.5231","-439","-412","-2999","260","70","49","66","182","0"
"2946","238629.9185198","1176.5285","-406","-387","-3053","301","46","12","91","161","0"
"2947","238629.9245997","1176.5346","-335","-444","-2471","336","30","17","93","177","0"
"2948","238629.9280681","1176.5381","-473","-508","-2544","307","25","18","93","140","0"
"2949","238629.9312172","1176.5412","-645","-567","-2996","301","41","-19","109","116","0"
"2950","238629.9336818","1176.5437","-681","-420","-3641","306","49","-3","146","104","0"
"2951","238629.9361632","1176.5461","-813","-451","-3992","311","75","15","142","66","0"
"2952","238629.9412675","1176.5513","-619","-446","-3087","367","119","7","159","27","0"
"2953","238629.9439807","1176.554","-461","-336","-2809","366","110","-8","141","28","0"
"2954","238629.9458309","1176.5558","-208","-296","-3240","369","112","8","157","8","0"
"2955","238629.9555678","1176.5656","-295","-550","-4468","370","84","32","162","-23","0"
"2956","238629.9578104","1176.5678","-332","-691","-4271","369","79","45","129","-29","0"
"2957","238629.9597214","1176.5697","-263","-672","-3584","363","74","47","122","-34","0"
"2958","238629.9737482","1176.5837","-354","-711","-3334","394","85","40","118","-64","0"
"2959","238629.9763079","1176.5863","-499","-854","-3781","393","49","59","101","-85","0"
"2960","238629.9905881","1176.6006","-592","-811","-3884","392","13","81","103","-92","0"
"2961","238629.9972048","1176.6072","-579","-794","-4123","394","59","80","140","-83","0"
"2962","238630.0002561","1176.6102","-346","-742","-3104","368","73","67","144","-59","0"
"2963","238630.0028836","1176.6129","-311","-823","-3171","353","74","66","122","-33","0"
"2964","238630.0358245","1176.6458","-463","-733","-3582","359","73","65","67","-49","0"
"2965","238630.0438016","1176.6538","-471","-673","-3694","373","56","50","63","-71","0"
"2966","238630.0568242","1176.6668","-224","-591","-3633","413","15","62","98","-58","0"
"2967","238630.0672099","1176.6772","46","-423","-3520","413","-26","78","102","-5","0"
"2968","238630.0826867","1176.6927","280","-308","-3483","369","-23","109","74","49","0"
"2969","238630.0937333","1176.7037","-36","-432","-4207","333","-34","124","84","76","0"
"2970","238630.1026063","1176.7126","102","-320","-4074","357","-21","118","65","63","0"
"2971","238630.1127815","1176.7228","198","-351","-4256","364","-26","95","31","35","0"
"2972","238630.1222822","1176.7323","338","-261","-3459","351","-14","74","-3","13","0"
"2973","238630.1375655","1176.7475","410","-172","-3510","373","-20","80","1","-3","0"
"2974","238630.1541917","1176.7642","495","-182","-3744","395","2","90","6","-42","0"
"2975","238630.1712138","1176.7812","330","-398","-4452","432","20","120","-22","-119","0"
"2976","238630.1858329","1176.7958","-18","-616","-4921","483","35","139","-54","-187","0"
"2977","238630.1981181","1176.8081","56","-602","-4309","538","46","149","-80","-272","0"
"2978","238630.2164413","1176.8264","286","-490","-4161","550","56","147","-114","-312","0"
"2979","238630.2337187","1176.8437","222","-660","-5477","584","39","137","-153","-339","0"
"2980","238630.2455666","1176.8555","355","-633","-5623","587","54","145","-173","-371","0"
"2981","238630.2570168","1176.867","302","-529","-5378","606","87","148","-189","-386","0"
"2982","238630.2760519","1176.886","378","-455","-4563","589","105","163","-168","-376","0"
"2983","238630.284227","1176.8942","342","-522","-4158","548","82","163","-168","-399","0"
"2984","238630.2952206","1176.9052","528","-369","-4792","550","114","137","-180","-450","0"
"2985","238630.3024272","1176.9124","516","-358","-4075","534","95","108","-182","-480","0"
"2986","238630.3096333","1176.9196","534","-403","-4014","533","117","88","-222","-470","0"
"2987","238630.3154385","1176.9254","811","-336","-3317","518","114","102","-228","-455","0"
"2988","238630.3279666","1176.9379","812","-423","-3550","507","138","91","-213","-437","0"
"2989","238630.3325638","1176.9425","422","-603","-4637","489","125","103","-228","-467","0"
"2990","238630.3366468","1176.9466","452","-550","-4316","496","161","109","-245","-480","0"
"2991","238630.3423818","1176.9524","86","-549","-4744","510","149","118","-217","-505","0"
"2992","238630.3451489","1176.9551","266","-481","-4120","500","145","156","-220","-542","0"
"2993","238630.3476388","1176.9576","695","-349","-3544","508","108","154","-213","-567","0"
"2994","238630.3646094","1176.9746","485","-413","-4959","522","101","148","-227","-566","0"
"2995","238630.3720477","1176.982","321","-521","-5203","532","101","161","-234","-540","0"
"2996","238630.3785837","1176.9886","191","-510","-4868","480","105","155","-250","-522","0"
"2997","238630.3841131","1176.9941","362","-409","-4136","481","104","152","-228","-483","0"
"2998","238630.3875166","1176.9975","440","-314","-3645","458","120","123","-211","-438","0"
"2999","238630.3901161","1177.0001","461","-380","-4345","433","114","107","-223","-410","0"
"3000","238630.3943677","1177.0044","306","-500","-4558","400","119","122","-223","-376","0"
"3001","238630.3969757","1177.007","361","-456","-4029","423","110","110","-208","-345","0"
"3002","238630.3997944","1177.0098","355","-483","-2783","444","98","72","-184","-312","0"
"3003","238630.4028002","1177.0128","292","-584","-2911","450","115","38","-127","-276","0"
"3004","238630.4055353","1177.0155","124","-761","-3654","433","159","44","-92","-251","0"
"3005","238630.4080125","1177.018","105","-753","-3799","417","196","30","-66","-211","0"
"3006","238630.4107919","1177.0208","297","-636","-3718","398","216","57","-30","-208","0"
"3007","238630.4151688","1177.0252","531","-428","-2456","402","225","69","-38","-174","0"
"3008","238630.4166788","1177.0267","549","-457","-1725","381","253","81","-59","-171","0"
"3009","238630.419555","1177.0295","257","-525","-2992","377","239","111","-47","-143","0"
"3010","238630.4223258","1177.0323","245","-575","-3410","355","208","121","-44","-190","0"
"3011","238630.4251387","1177.0351","365","-598","-3272","367","211","118","-36","-246","0"
"3012","238630.4312845","1177.0413","599","-498","-2282","393","230","144","-43","-295","0"
"3013","238630.4338705","1177.0439","616","-432","-1825","386","224","170","-58","-305","0"
"3014","238630.4366796","1177.0467","384","-583","-2354","378","203","153","-50","-330","0"
"3015","238630.4397309","1177.0497","378","-667","-2552","367","173","144","-65","-356","0"
"3016","238630.4428506","1177.0528","355","-698","-2257","356","152","158","-46","-410","0"
"3017","238630.4498966","1177.0599","447","-850","-1651","368","148","178","-69","-474","0"
"3018","238630.4528802","1177.0629","347","-783","-973","371","134","191","-53","-495","0"
"3019","238630.4555874","1177.0656","143","-629","-1956","353","121","171","-68","-466","0"
"3020","238630.4586338","1177.0686","101","-684","-2627","360","92","145","-64","-473","0"
"3021","238630.47592","1177.0859","-13","-608","-3150","333","104","108","-68","-492","0"
"3022","238630.4785206","1177.0885","346","-344","-2489","323","77","107","-82","-545","0"
"3023","238630.4809539","1177.0909","459","-376","-1835","336","54","111","-87","-545","0"
"3024","238630.5287093","1177.1387","74","-501","-3384","376","65","126","-87","-572","0"
"3025","238630.531367","1177.1414","5","-550","-3124","379","63","101","-54","-591","0"
"3026","238630.5338768","1177.1439","206","-642","-2711","364","51","82","-34","-557","0"
"3027","238630.5758678","1177.1859","176","-619","-2165","341","39","56","-60","-550","0"
"3028","238630.5787041","1177.1887","313","-464","-1214","312","21","53","-69","-547","0"
"3029","238630.5821222","1177.1921","-201","-742","-2743","304","5","60","-93","-546","0"
"3030","238630.5852997","1177.1953","-24","-755","-2478","319","16","47","-84","-515","0"
"3031","238630.588026","1177.198","-210","-779","-1632","344","23","62","-78","-471","0"
"3032","238630.5904904","1177.2005","-463","-723","-2332","338","30","33","-70","-440","0"
"3033","238630.5934026","1177.2034","-265","-679","-713","312","59","24","-97","-420","0"
"3034","238630.5958443","1177.2058","-541","-743","-2397","281","28","4","-76","-416","0"
"3035","238630.598884","1177.2089","-511","-658","-2430","305","13","4","-55","-410","0"
"3036","238630.6022561","1177.2122","-355","-557","-1526","306","22","-34","-66","-363","0"
"3037","238630.6046542","1177.2146","-340","-458","-2153","292","30","-18","-97","-339","0"
"3038","238630.6069989","1177.217","-216","-596","-1349","292","25","-38","-107","-319","0"
"3039","238630.6201149","1177.2301","-363","-690","-1952","298","-14","-29","-107","-263","0"
"3040","238630.6240982","1177.2341","-268","-778","-1369","275","-22","-32","-112","-214","0"
"3041","238630.62804","1177.238","-463","-683","-2252","259","-1","-25","-109","-183","0"
"3042","238630.653191","1177.2632","-264","-587","-2337","205","9","-26","-118","-150","0"
"3043","238630.6563341","1177.2663","-107","-569","-2037","187","-10","-24","-112","-134","0"
"3044","238630.6589609","1177.2689","-115","-552","-2617","207","-18","-20","-105","-146","0"
"3045","238630.6772206","1177.2872","-119","-584","-2640","210","-25","-17","-121","-144","0"
"3046","238630.6852773","1177.2953","-161","-552","-1862","183","-21","-3","-128","-146","0"
"3047","238630.6916535","1177.3016","-297","-518","-1736","166","-1","1","-128","-144","0"
"3048","238630.6935075","1177.3035","-154","-595","-2279","194","-10","16","-134","-131","0"
"3049","238630.6972824","1177.3073","11","-792","-3005","192","-9","7","-194","-119","0"
"3050","238630.7009012","1177.3109","157","-621","-2552","194","-10","33","-210","-125","0"
"3051","238630.7246597","1177.3346","424","-495","-2384","213","-1","53","-216","-136","0"
"3052","238630.729247","1177.3392","601","-464","-1057","237","15","43","-249","-151","0"
"3053","238630.7333992","1177.3434","230","-703","-1684","226","45","-4","-255","-182","0"
"3054","238630.7444291","1177.3544","-2","-656","-2243","238","29","-4","-235","-162","0"
"3055","238630.7472351","1177.3572","-73","-771","-2078","221","38","-24","-215","-134","0"
"3056","238630.7497342","1177.3597","146","-586","-2253","234","32","-28","-213","-145","0"
"3057","238630.7631098","1177.3731","326","-440","-833","260","44","-54","-181","-194","0"
"3058","238630.7656624","1177.3756","338","-549","-979","251","30","-88","-184","-241","0"
"3059","238630.7711137","1177.3811","83","-610","-1632","277","50","-105","-195","-280","0"
"3060","238630.8125129","1177.4225","100","-390","-1553","312","75","-78","-159","-285","0"
"3061","238630.8167009","1177.4267","14","-217","-979","286","134","-27","-163","-300","0"
"3062","238630.8193658","1177.4293","186","-195","-552","252","147","-17","-170","-332","0"
"3063","238630.8222174","1177.4322","337","-207","-1279","232","113","-21","-189","-346","0"
"3064","238630.8247914","1177.4348","413","-258","-1472","232","89","9","-169","-396","0"
"3065","238630.8271514","1177.4371","454","-185","-978","231","85","39","-144","-392","0"
"3066","238630.8574246","1177.4674","562","-250","-1321","209","57","27","-145","-397","0"
"3067","238630.8598346","1177.4698","1103","-112","-972","209","42","3","-191","-397","0"
"3068","238630.8646959","1177.4747","930","-192","-240","239","45","-17","-204","-353","0"
"3069","238630.8726222","1177.4826","554","-174","-1300","255","61","-5","-196","-332","0"
"3070","238630.8750541","1177.485","247","-412","-754","291","65","3","-184","-320","0"
"3071","238630.8790384","1177.489","206","-418","-371","308","80","32","-186","-308","0"
"3072","238630.9535189","1177.5635","-45","-706","-1854","295","94","32","-186","-256","0"
"3073","238630.9588249","1177.5688","247","-559","-1302","355","130","36","-196","-258","0"
"3074","238630.9649711","1177.575","-9","-634","-2740","369","153","57","-216","-231","0"
"3075","238630.9740102","1177.584","227","-160","-2838","355","136","66","-192","-206","0"
"3076","238630.9789258","1177.5889","100","-173","-3335","316","135","77","-174","-181","0"
"3077","238630.9830806","1177.5931","325","-250","-1934","275","105","85","-166","-192","0"
"3078","238630.9876381","1177.5976","100","-491","-659","196","82","61","-169","-122","0"
"3079","238630.9906403","1177.6006","-482","-647","-3197","188","65","18","-151","-67","0"
"3080","238630.9937277","1177.6037","-85","-566","-1470","147","90","28","-146","-93","0"
"3081","238630.9980418","1177.608","312","-527","3602","149","87","6","-115","-5","0"
"3082","238631.0028636","1177.6128","-585","-744","-1709","146","56","1","-126","6","0"
"3083","238631.0059842","1177.616","217","-554","289","143","77","17","-103","-27","0"
"3084","238631.0109205","1177.6209","-136","-661","-392","124","74","2","-117","13","0"
"3085","238631.0146173","1177.6246","-261","-818","-1933","152","68","-13","-116","12","0"
"3086","238631.0207026","1177.6307","-68","-681","325","182","90","-35","-114","10","0"
"3087","238631.0251935","1177.6352","-394","-741","-1495","207","87","-48","-142","-7","0"
"3088","238631.028161","1177.6381","-20","-542","22","243","79","-46","-129","-38","0"
"3089","238631.0322419","1177.6422","-186","-631","-908","285","82","-58","-130","-14","0"
"3090","238631.0352246","1177.6452","-86","-508","-1261","316","78","-46","-129","31","0"
"3091","238631.0376292","1177.6476","220","-307","-42","298","84","-45","-88","76","0"
"3092","238631.0400343","1177.65","376","-279","-695","275","78","-21","-67","97","0"
"3093","238631.0472835","1177.6573","407","-207","-206","262","86","-7","-80","93","0"
"3094","238631.0581993","1177.6682","273","-305","-910","221","46","-20","-91","92","0"
"3095","238631.0608023","1177.6708","260","-210","-1298","202","40","-31","-87","77","0"
"3096","238631.0757502","1177.6857","502","-6","-731","179","42","6","-88","60","0"
"3097","238631.0781871","1177.6882","238","27","-875","201","27","6","-79","24","0"
"3098","238631.0812607","1177.6912","230","163","-982","198","49","-17","-61","8","0"
"3099","238631.101463","1177.7114","-14","129","-1127","220","59","-40","-52","-9","0"
"3100","238631.104138","1177.7141","28","23","-1600","239","30","-47","-61","29","0"
"3101","238631.1069608","1177.7169","-81","-55","-1375","240","66","-29","-83","56","0"
"3102","238631.1432552","1177.7532","156","68","-924","247","105","-21","-117","73","0"
"3103","238631.1579862","1177.768","401","121","-182","241","120","-30","-110","92","0"
"3104","238631.1701336","1177.7801","277","71","-336","228","125","-27","-75","121","0"
"3105","238631.1840143","1177.794","172","187","-293","188","99","-23","-71","111","0"
"3106","238631.1977352","1177.8077","45","111","183","183","85","-21","-67","130","0"
"3107","238631.2095118","1177.8195","79","97","251","149","81","-18","-47","133","0"
"3108","238631.2277302","1177.8377","72","-48","159","157","60","-36","-30","125","0"
"3109","238631.2380231","1177.848","229","-79","-232","155","40","-53","-27","45","0"
"3110","238631.2503167","1177.8603","235","-165","-774","163","2","-58","-5","3","0"
"3111","238631.2632701","1177.8733","56","-155","-949","186","-18","-46","5","-8","0"
"3112","238631.2759745","1177.886","245","-170","-803","192","-5","-62","-13","1","0"
"3113","238631.2883794","1177.8984","359","-147","-358","200","35","-81","-29","11","0"
"3114","238631.3005762","1177.9106","246","-152","-949","200","28","-88","-50","26","0"
"3115","238631.3038192","1177.9138","224","-179","-770","202","10","-80","-73","-2","0"
"3116","238631.3089907","1177.919","140","-360","-815","207","-11","-70","-67","-57","0"
"3117","238631.3167577","1177.9267","10","-305","-216","202","0","-75","-98","-123","0"
"3118","238631.3241244","1177.9341","117","-127","191","219","7","-90","-62","-177","0"
"3119","238631.3265085","1177.9365","29","-266","-472","232","17","-89","-27","-168","0"
"3120","238631.3332373","1177.9432","217","-475","-933","228","18","-107","-30","-149","0"
"3121","238631.3393983","1177.9494","460","-392","-966","262","21","-92","-25","-134","0"
"3122","238631.3505028","1177.9605","531","-472","-1393","268","75","-86","-34","-124","0"
"3123","238631.3644657","1177.9744","570","-427","-1184","199","99","-72","-53","-121","0"
"3124","238631.3718124","1177.9818","556","-483","-1762","188","96","-56","-63","-107","0"
"3125","238631.3832839","1177.9933","432","-440","-1511","196","83","-77","-31","-107","0"
"3126","238631.3942913","1178.0043","389","-402","-1211","165","122","-111","-54","-115","0"
"3127","238631.4006683","1178.0107","388","-368","-1202","155","81","-119","-57","-106","0"
"3128","238631.4030298","1178.013","217","-400","-3","157","28","-139","-67","-67","0"
"3129","238631.4099434","1178.0199","228","-575","-300","143","7","-157","-52","-60","0"
"3130","238631.4407579","1178.0507","376","-481","-71","130","14","-136","-29","-11","0"
"3131","238631.4772661","1178.0872","279","-516","437","119","23","-123","-31","45","0"
"3132","238631.4881884","1178.0982","315","-623","472","79","12","-134","-43","89","0"
"3133","238631.4952885","1178.1053","229","-757","640","70","12","-133","-64","67","0"
"3134","238631.5023693","1178.1124","90","-815","-87","58","5","-116","-65","84","0"
"3135","238631.5078434","1178.1178","-28","-918","-56","68","14","-95","-71","125","0"
"3136","238631.5130984","1178.1231","-246","-1063","291","65","6","-138","-65","196","0"
"3137","238631.5204816","1178.1305","-74","-943","916","53","-8","-154","-120","235","0"
"3138","238631.527324","1178.1373","-33","-835","901","37","17","-155","-128","285","0"
"3139","238631.529897","1178.1399","-121","-867","146","4","14","-145","-110","283","0"
"3140","238631.5318854","1178.1419","-122","-797","309","-17","-5","-164","-107","270","0"
"3141","238631.5350512","1178.145","-216","-690","62","-26","18","-170","-116","217","0"
"3142","238631.5373607","1178.1473","-218","-717","-124","-12","63","-183","-127","168","0"
"3143","238631.5397227","1178.1497","-168","-758","81","-22","80","-146","-128","118","0"
"3144","238631.5422241","1178.1522","-117","-668","-836","-19","56","-178","-148","125","0"
"3145","238631.5444065","1178.1544","-37","-608","-720","-8","33","-163","-167","140","0"
"3146","238631.551946","1178.1619","-93","-752","-573","-5","14","-178","-182","159","0"
"3147","238631.555018","1178.165","-126","-828","-344","6","4","-209","-162","164","0"
"3148","238631.5572808","1178.1673","-153","-829","-312","26","-36","-227","-143","153","0"
"3149","238631.5596826","1178.1697","-121","-789","129","9","-43","-238","-142","158","0"
"3150","238631.5628063","1178.1728","-221","-632","723","-1","-34","-224","-165","193","0"
"3151","238631.5653908","1178.1754","-301","-670","876","-31","-6","-179","-137","187","0"
"3152","238631.5681011","1178.1781","-331","-809","1475","-54","3","-150","-162","159","0"
"3153","238631.5718508","1178.1818","-197","-825","1697","-83","17","-147","-193","204","0"
"3154","238631.5743915","1178.1844","-227","-780","1032","-113","33","-145","-211","218","0"
"3155","238631.5772435","1178.1872","-83","-670","788","-119","69","-140","-219","238","0"
"3156","238631.5800287","1178.19","-25","-545","722","-109","56","-134","-211","211","0"
"3157","238631.5823291","1178.1923","125","-499","1071","-115","51","-106","-154","190","0"
"3158","238631.5845545","1178.1945","181","-531","954","-149","46","-115","-112","153","0"
"3159","238631.5891761","1178.1992","60","-619","358","-124","51","-120","-95","93","0"
"3160","238631.5946144","1178.2046","155","-642","718","-139","44","-62","-75","89","0"
"3161","238631.5973334","1178.2073","300","-432","872","-129","61","-16","-96","122","0"
"3162","238631.6593483","1178.2693","292","-261","1204","-171","60","-4","-102","139","0"
"3163","238631.6664974","1178.2765","43","-504","1224","-211","45","-5","-116","118","0"
"3164","238631.7103224","1178.3203","-124","-634","603","-223","44","-16","-122","102","0"
"3165","238631.715943","1178.3259","-200","-567","-68","-200","9","-7","-108","45","0"
"3166","238631.72047","1178.3305","-116","-480","-112","-226","9","-14","-99","22","0"
"3167","238631.7232921","1178.3333","-21","-547","532","-259","-29","-29","-112","-9","0"
"3168","238631.7263102","1178.3363","95","-523","1237","-237","-50","-14","-113","-29","0"
"3169","238631.7286309","1178.3386","94","-515","859","-201","-68","-11","-83","2","0"
"3170","238631.7310711","1178.3411","213","-518","871","-183","-73","-16","-64","44","0"
"3171","238631.7352484","1178.3452","210","-639","1207","-171","-73","-37","-79","36","0"
"3172","238631.7395557","1178.3495","114","-661","1625","-153","-69","-73","-81","40","0"
"3173","238631.7418026","1178.3518","26","-662","1343","-141","-84","-63","-77","80","0"
"3174","238631.744549","1178.3545","-104","-631","787","-133","-55","-35","-30","80","0"
"3175","238631.7468737","1178.3569","-72","-424","495","-130","-20","-42","-5","66","0"
"3176","238631.7541318","1178.3641","-31","-394","56","-128","-17","-40","4","86","0"
"3177","238631.7569076","1178.3669","-54","-448","305","-136","-18","-46","15","111","0"
"3178","238631.7592745","1178.3693","-21","-477","578","-134","-6","-69","14","137","0"
"3179","238631.7615611","1178.3715","216","-402","702","-133","-11","-82","26","164","0"
"3180","238631.7643492","1178.3743","302","-446","629","-86","2","-67","60","180","0"
"3181","238631.7705261","1178.3805","343","-381","1132","-91","31","-59","93","188","0"
"3182","238631.7736926","1178.3837","454","-303","1659","-118","38","-55","106","206","0"
"3183","238631.7925488","1178.4025","528","-245","2543","-125","46","-29","122","233","0"
"3184","238631.8013178","1178.4113","333","-215","2493","-110","29","-43","137","246","0"
"3185","238631.8137442","1178.4237","299","-64","2799","-129","33","-35","162","267","0"
"3186","238631.8242376","1178.4342","255","-177","2465","-125","52","-33","190","232","0"
"3187","238631.834037","1178.444","349","-154","2832","-118","56","-8","223","188","0"
"3188","238631.8480463","1178.458","447","-86","2659","-115","31","6","232","148","0"
"3189","238631.8630453","1178.473","367","-177","2087","-102","56","28","210","117","0"
"3190","238631.8814769","1178.4915","350","-220","1930","-69","53","12","171","142","0"
"3191","238631.8941171","1178.5041","369","-64","1773","-50","42","28","157","118","0"
"3192","238631.9138578","1178.5238","425","40","1901","-40","33","27","152","92","0"
"3193","238631.9259467","1178.5359","453","-15","2162","-59","67","24","146","83","0"
"3194","238631.9333089","1178.5433","651","278","1758","-88","71","57","79","71","0"
"3195","238631.9427998","1178.5528","642","228","2134","-82","49","65","70","43","0"
"3196","238631.9496051","1178.5596","403","-52","1557","-46","50","64","93","14","0"
"3197","238631.9571591","1178.5671","440","26","2134","-13","46","55","84","-11","0"
"3198","238631.9639107","1178.5739","370","99","2153","-11","61","52","76","-4","0"
"3199","238631.9895351","1178.5995","298","69","2030","-7","50","101","75","-3","0"
"3200","238631.9950514","1178.605","372","12","2030","-24","68","113","86","-3","0"
"3201","238632.00529","1178.6153","509","30","1967","-9","52","108","66","-3","0"
"3202","238632.0126748","1178.6227","480","3","2099","-10","73","104","74","-10","0"
"3203","238632.019779","1178.6298","432","-7","1880","-13","102","107","59","-17","0"
"3204","238632.0266712","1178.6367","443","-252","1487","13","76","98","48","38","0"
"3205","238632.0345452","1178.6445","322","-400","1775","24","66","117","43","39","0"
"3206","238632.0397589","1178.6497","172","-437","1611","10","37","128","52","15","0"
"3207","238632.0469382","1178.6569","134","-460","1623","20","46","121","50","32","0"
"3208","238632.0527169","1178.6627","200","-487","2185","41","23","107","72","53","0"
"3209","238632.0570485","1178.667","-107","-639","816","38","26","68","81","35","0"
"3210","238632.0610943","1178.6711","189","-470","1307","47","47","79","37","61","0"
"3211","238632.0653527","1178.6753","187","-395","2157","28","61","120","50","90","0"
"3212","238632.0678692","1178.6779","128","-406","2262","-2","55","120","112","137","0"
"3213","238632.0732902","1178.6833","198","-310","2214","12","37","104","154","177","0"
"3214","238632.0796077","1178.6896","238","-408","2351","-9","40","95","151","180","0"
"3215","238632.081211","1178.6912","153","-524","1797","-6","21","65","143","229","0"
"3216","238632.0840479","1178.694","134","-383","1724","-17","4","30","128","301","0"
"3217","238632.0872546","1178.6972","368","-272","2210","-56","-29","38","132","330","0"
"3218","238632.090023","1178.7","333","-225","2298","-113","-54","58","119","303","0"
"3219","238632.094532","1178.7045","121","-309","2062","-145","-74","47","114","289","0"
"3220","238632.0970875","1178.7071","76","-400","1790","-137","-71","20","112","283","0"
"3221","238632.0997234","1178.7097","191","-338","1620","-118","-50","-37","110","296","0"
"3222","238632.1026156","1178.7126","137","-370","1784","-107","-52","-14","93","317","0"
"3223","238632.105294","1178.7153","46","-362","2072","-102","-75","-11","107","298","0"
"3224","238632.1087817","1178.7188","-57","-404","1275","-89","-75","3","121","278","0"
"3225","238632.1110788","1178.7211","-71","-308","1462","-95","-107","13","114","292","0"
"3226","238632.1135735","1178.7236","-47","-232","1642","-83","-130","12","100","283","0"
"3227","238632.1161616","1178.7261","-184","-312","946","-80","-147","10","89","288","0"
"3228","238632.1448576","1178.7548","-197","-373","802","-68","-143","11","88","303","0"
"3229","238632.147574","1178.7576","-242","-384","926","-67","-141","53","109","328","0"
"3230","238632.1502211","1178.7602","-163","-279","1004","-50","-153","37","132","290","0"
"3231","238632.1538669","1178.7639","-273","-192","700","-24","-176","22","125","290","0"
"3232","238632.1563898","1178.7664","-21","-66","1050","-18","-177","-19","135","301","0"
"3233","238632.1589248","1178.7689","-113","-43","1738","-22","-162","-30","183","348","0"
"3234","238632.1767439","1178.7867","-111","-59","1567","2","-116","-46","214","390","0"
"3235","238632.1882288","1178.7982","84","-114","1785","-6","-126","-55","225","435","0"
"3236","238632.1910686","1178.8011","258","-15","1897","-46","-137","-71","207","436","0"
"3237","238632.2023895","1178.8124","417","52","1816","-73","-118","-96","205","415","0"
"3238","238632.2049005","1178.8149","497","64","1942","-95","-97","-83","203","442","0"
"3239","238632.207453","1178.8174","485","-88","1277","-124","-112","-71","228","433","0"
"3240","238632.2323662","1178.8423","461","-28","860","-107","-82","-69","249","397","0"
"3241","238632.2348457","1178.8448","478","8","1126","-155","-57","-78","264","390","0"
"3242","238632.2373141","1178.8473","359","53","1466","-180","-31","-74","277","388","0"
"3243","238632.2796376","1178.8896","281","39","1956","-209","6","-73","278","359","0"
"3244","238632.2822276","1178.8922","168","60","2027","-217","-15","-72","286","392","0"
"3245","238632.2847158","1178.8947","40","-76","2039","-235","17","-71","277","392","0"
"3246","238632.2876919","1178.8977","50","-183","1852","-231","44","-63","278","374","0"
"3247","238632.2911259","1178.9011","117","-47","1716","-236","54","-30","280","336","0"
"3248","238632.2936011","1178.9036","246","90","1807","-213","60","2","334","282","0"
"3249","238632.3089843","1178.919","198","54","1443","-174","82","10","360","267","0"
"3250","238632.3171683","1178.9272","171","-101","1431","-155","90","-13","369","262","0"
"3251","238632.3290744","1178.9391","255","-76","1623","-165","110","-9","349","224","0"
"3252","238632.3432957","1178.9533","251","-179","1431","-118","91","8","341","181","0"
"3253","238632.3486179","1178.9586","387","-213","1457","-80","77","14","351","174","0"
"3254","238632.3552892","1178.9653","325","-183","734","-74","39","7","359","170","0"
"3255","238632.3636492","1178.9736","251","-250","539","-87","25","5","308","151","0"
"3256","238632.3680832","1178.9781","163","-15","933","-74","2","-13","269","101","0"
"3257","238632.3708454","1178.9808","101","130","841","-79","6","12","268","51","0"
"3258","238632.3881188","1178.9981","194","144","769","-74","19","11","239","-14","0"
"3259","238632.3908554","1179.0008","204","6","86","-39","36","22","218","-48","0"
"3260","238632.3949589","1179.0049","353","-35","-119","9","52","10","200","-64","0"
"3261","238632.4188264","1179.0288","494","-84","-229","50","53","29","200","-108","0"
"3262","238632.4220725","1179.0321","385","-68","-420","88","63","-5","149","-196","0"
"3263","238632.4247165","1179.0347","352","-199","-1044","82","52","-8","121","-257","0"
"3264","238632.4665906","1179.0766","445","-253","-1707","53","44","10","115","-341","0"
"3265","238632.4690887","1179.0791","390","-279","-2116","70","60","18","104","-406","0"
"3266","238632.4716311","1179.0816","544","-283","-1658","97","53","13","76","-470","0"
"3267","238632.4744731","1179.0845","527","-143","-1862","115","55","43","48","-550","0"
"3268","238632.4781375","1179.0881","252","-102","-2022","170","49","75","14","-604","0"
"3269","238632.4797194","1179.0897","43","-126","-1996","197","47","73","-5","-610","0"
"3270","238632.4893756","1179.0994","81","-209","-1529","213","72","64","-22","-649","0"
"3271","238632.4921593","1179.1021","404","-117","-1083","230","74","45","-55","-660","0"
"3272","238632.4950283","1179.105","456","-131","-769","261","78","67","-33","-660","0"
"3273","238632.5041756","1179.1142","318","-73","-689","255","35","83","-1","-680","0"
"3274","238632.5068177","1179.1168","209","-111","-1449","272","15","65","-22","-725","0"
"3275","238632.5094029","1179.1194","231","6","-1655","256","30","41","-59","-711","0"
"3276","238632.5144544","1179.1244","219","-42","-1372","244","67","38","-111","-680","0"
"3277","238632.5167591","1179.1267","423","57","-869","239","94","43","-131","-664","0"
"3278","238632.5204516","1179.1304","365","-48","-701","233","78","32","-138","-679","0"
"3279","238632.5416352","1179.1516","211","-196","-943","233","50","55","-116","-622","0"
"3280","238632.5442764","1179.1543","242","-192","-459","224","12","72","-113","-590","0"
"3281","238632.5469485","1179.1569","156","-230","-320","223","10","71","-97","-535","0"
"3282","238632.5633604","1179.1733","84","-86","-486","182","15","63","-69","-480","0"
"3283","238632.5651096","1179.1751","-44","-68","-158","177","-2","61","-52","-411","0"
"3284","238632.5671257","1179.1771","-146","-17","-444","136","-14","58","-31","-400","0"
"3285","238632.5829216","1179.1929","-278","-49","-1055","101","5","72","-10","-400","0"
"3286","238632.5864018","1179.1964","-248","-69","-1123","88","28","66","-10","-435","0"
"3287","238632.5885182","1179.1985","-132","-33","-1323","101","23","72","-41","-454","0"
"3288","238632.612279","1179.2223","-109","-97","-1685","79","21","62","-21","-488","0"
"3289","238632.6149005","1179.2249","-264","-302","-2307","82","25","66","-1","-535","0"
"3290","238632.6176568","1179.2276","-213","-408","-1852","97","18","64","-18","-555","0"
"3291","238632.6287571","1179.2387","-37","-341","-1151","119","18","86","-14","-585","0"
"3292","238632.632401","1179.2424","31","-392","-800","161","1","71","-25","-648","0"
"3293","238632.6354187","1179.2454","100","-284","-1197","190","-10","68","-30","-692","0"
"3294","238632.6579571","1179.2679","-187","-399","-1693","220","-24","86","-33","-728","0"
"3295","238632.6623073","1179.2723","-81","-337","-1294","230","-32","106","-41","-681","0"
"3296","238632.6666687","1179.2767","226","-102","-902","219","-36","78","-25","-614","0"
"3297","238632.6747395","1179.2847","209","-102","-743","199","-44","55","-40","-600","0"
"3298","238632.6776153","1179.2876","103","-298","-840","218","-61","45","-72","-566","0"
"3299","238632.6812919","1179.2913","227","-226","-1311","242","-18","30","-71","-470","0"
"3300","238632.7181761","1179.3282","297","58","-695","256","-5","69","-32","-373","0"
"3301","238632.7207684","1179.3308","101","-22","-53","234","-13","102","-33","-289","0"
"3302","238632.7240756","1179.3341","72","-53","390","223","11","118","3","-175","0"
"3303","238632.7447985","1179.3548","163","-90","465","221","69","101","34","-114","0"
"3304","238632.7472055","1179.3572","130","-109","12","195","88","60","38","-72","0"
"3305","238632.7578621","1179.3678","90","-157","107","179","69","69","34","-25","0"
"3306","238632.7967307","1179.4067","167","-148","421","162","46","93","31","-7","0"
"3307","238632.8108624","1179.4208","266","-160","80","136","59","100","25","-8","0"
"3308","238632.8225533","1179.4325","220","-196","56","138","85","94","15","40","0"
"3309","238632.8355832","1179.4456","189","-29","-326","95","90","72","-11","48","0"
"3310","238632.8435701","1179.4536","250","-134","-174","72","81","73","-15","41","0"
"3311","238632.8506958","1179.4607","178","-186","200","45","65","104","-17","37","0"
"3312","238632.8560461","1179.466","307","-124","559","57","36","135","0","78","0"
"3313","238632.8595665","1179.4695","319","-50","797","46","-3","140","19","123","0"
"3314","238632.8642461","1179.4742","252","-59","307","12","-15","168","17","192","0"
"3315","238632.8681298","1179.4781","248","125","593","3","-13","169","24","211","0"
"3316","238632.8705643","1179.4805","259","295","1029","5","0","161","33","186","0"
"3317","238632.8740563","1179.484","8","119","1333","-18","8","167","43","223","0"
"3318","238632.8769026","1179.4869","-31","50","1347","4","30","167","60","268","0"
"3319","238632.8810165","1179.491","-113","-35","723","36","25","152","90","286","0"
"3320","238632.883369","1179.4934","-106","30","540","43","22","196","95","304","0"
"3321","238632.8864153","1179.4964","-1","-3","805","21","85","187","74","290","0"
"3322","238632.8889566","1179.4989","-61","13","1587","14","125","125","80","260","0"
"3323","238632.8916154","1179.5016","-122","44","1919","5","146","99","87","277","0"
"3324","238632.8986815","1179.5087","-200","-22","1235","-21","175","96","59","282","0"
"3325","238632.9011813","1179.5112","-376","-182","714","11","192","79","20","254","0"
"3326","238632.9036026","1179.5136","-209","-141","1631","63","165","72","0","248","0"
"3327","238632.916543","1179.5265","-16","31","2336","49","147","56","-22","216","0"
"3328","238632.9188706","1179.5289","-6","21","2241","22","145","34","-17","104","0"
"3329","238632.9211779","1179.5312","-39","80","1746","60","135","-1","-19","95","0"
"3330","238632.9445352","1179.5545","79","211","1873","54","116","-19","-23","107","0"
"3331","238632.9468563","1179.5568","-6","142","2040","31","100","-12","-26","89","0"
"3332","238632.9492473","1179.5592","-53","128","1962","27","129","1","-34","78","0"
"3333","238632.9632769","1179.5733","25","-38","2038","34","135","17","-47","87","0"
"3334","238632.9655705","1179.5756","-181","-124","1749","20","161","51","-22","61","0"
"3335","238632.9677997","1179.5778","-258","12","1807","27","178","67","10","96","0"
"3336","238632.9988712","1179.6089","-280","-82","2001","35","173","47","31","152","0"
"3337","238633.002058","1179.612","-281","-92","2067","7","168","52","41","144","0"
"3338","238633.0046742","1179.6147","-249","-41","2223","-11","152","52","57","208","0"
"3339","238633.0370374","1179.647","-271","-13","1859","-29","137","54","76","249","0"
"3340","238633.0403193","1179.6503","-307","31","1986","-63","102","45","67","249","0"
"3341","238633.0547815","1179.6648","-363","-15","1810","-54","99","39","44","243","0"
"3342","238633.0585129","1179.6685","-390","-149","1554","-101","71","35","-2","233","0"
"3343","238633.0621531","1179.6721","-185","-72","1149","-127","96","76","1","239","0"
"3344","238633.0641226","1179.6741","-284","-105","632","-110","78","62","33","239","0"
"3345","238633.1218282","1179.7318","-59","-201","405","-82","46","30","58","234","0"
"3346","238633.128841","1179.7388","105","-142","775","-89","18","-5","22","236","0"
"3347","238633.1336","1179.7436","211","-12","1243","-91","-7","4","34","244","0"
"3348","238633.1747276","1179.7847","216","-40","567","-69","-41","39","58","263","0"
"3349","238633.1865427","1179.7965","96","-40","155","-38","-47","42","69","281","0"
"3350","238633.2018485","1179.8118","-63","-71","266","-53","-47","40","63","281","0"
"3351","238633.2155592","1179.8255","-147","9","148","-71","-64","22","42","260","0"
"3352","238633.2241933","1179.8342","-193","-16","138","-69","-72","23","67","258","0"
"3353","238633.2375522","1179.8475","-180","25","311","-105","-73","7","61","215","0"
"3354","238633.2470747","1179.8571","-242","29","-67","-124","-98","1","14","194","0"
"3355","238633.2523621","1179.8623","-357","71","-129","-142","-59","7","2","194","0"
"3356","238633.2572917","1179.8673","-246","119","-217","-125","-45","7","13","170","0"
"3357","238633.2665606","1179.8765","-73","177","-98","-95","-51","-18","12","110","0"
"3358","238633.2715518","1179.8815","-16","168","159","-41","-24","-23","13","91","0"
"3359","238633.2753819","1179.8854","62","178","-818","-35","-33","-18","0","84","0"
"3360","238633.2858137","1179.8958","105","159","-935","-53","-63","-17","-16","83","0"
"3361","238633.2882731","1179.8983","154","257","-454","-62","-72","-49","-41","93","0"
"3362","238633.290673","1179.9007","278","400","-366","-69","-89","-71","-41","71","0"
"3363","238633.2932641","1179.9032","302","362","-624","-68","-107","-88","-46","37","0"
"3364","238633.2957459","1179.9057","190","269","-1273","-47","-154","-121","-33","42","0"
"3365","238633.2984504","1179.9084","98","182","-881","-8","-179","-146","-22","23","0"
"3366","238633.3010136","1179.911","199","250","-1014","20","-155","-168","-11","6","0"
"3367","238633.3032927","1179.9133","211","375","-976","22","-158","-180","6","14","0"
"3368","238633.3057137","1179.9157","168","328","-1330","21","-184","-181","0","-19","0"
"3369","238633.3084988","1179.9185","45","59","-1899","50","-167","-131","-15","-61","0"
"3370","238633.3108865","1179.9209","-7","83","-2233","90","-198","-107","-23","-94","0"
"3371","238633.3137741","1179.9238","-205","194","-1627","101","-235","-80","-39","-72","0"
"3372","238633.31661","1179.9266","-174","122","-2328","109","-237","-65","-64","-105","0"
"3373","238633.3188583","1179.9288","-19","49","-2606","124","-252","-48","-69","-145","0"
"3374","238633.3260196","1179.936","141","-11","-3545","148","-256","-17","-62","-186","0"
"3375","238633.3317795","1179.9418","349","-23","-3346","125","-242","-7","-73","-221","0"
"3376","238633.3343293","1179.9443","411","-111","-3855","97","-225","14","-94","-247","0"
"3377","238633.3461768","1179.9562","708","-222","-4031","113","-206","39","-115","-263","0"
"3378","238633.3491698","1179.9592","763","-390","-3328","175","-215","31","-146","-276","0"
"3379","238633.3516764","1179.9617","599","-351","-4160","195","-220","5","-197","-315","0"
"3380","238633.3547214","1179.9647","437","-240","-4232","198","-226","-9","-170","-335","0"
"3381","238633.3583369","1179.9683","220","-353","-4172","169","-225","-18","-161","-367","0"
"3382","238633.3612928","1179.9713","241","-290","-4863","186","-199","-29","-172","-332","0"
"3383","238633.3640838","1179.9741","552","-332","-3934","186","-181","-7","-185","-299","0"
"3384","238633.3790039","1179.989","426","-323","-4255","194","-174","12","-167","-262","0"
"3385","238633.3822512","1179.9922","275","-340","-3817","231","-161","16","-162","-236","0"
"3386","238633.384823","1179.9948","330","-279","-2955","255","-119","17","-117","-204","0"
"3387","238633.4029795","1180.013","556","-274","-3532","248","-128","34","-120","-205","0"
"3388","238633.4054046","1180.0154","629","-130","-2191","243","-123","5","-117","-187","0"
"3389","238633.4086179","1180.0186","62","-472","-3550","273","-92","-16","-89","-186","0"
"3390","238633.4271873","1180.0372","100","-543","-3612","276","-109","-4","-97","-151","0"
"3391","238633.4318311","1180.0418","164","-539","-2878","280","-98","33","-80","-93","0"
"3392","238633.4345149","1180.0445","-14","-584","-3468","290","-87","30","-61","-56","0"
"3393","238633.4621135","1180.0721","17","-509","-2836","279","-66","31","-87","-54","0"
"3394","238633.4664233","1180.0764","-73","-618","-3706","295","-76","15","-124","-49","0"
"3395","238633.469742","1180.0797","39","-473","-3288","283","-101","0","-131","-14","0"
"3396","238633.4992988","1180.1093","-86","-436","-2597","280","-108","-17","-143","17","0"
"3397","238633.5055325","1180.1155","-142","-384","-3195","284","-98","-24","-139","13","0"
"3398","238633.5078689","1180.1179","-94","-389","-1853","311","-98","-20","-139","-8","0"
"3399","238633.5128627","1180.1228","-374","-429","-2611","292","-93","-49","-173","-17","0"
"3400","238633.515674","1180.1257","-471","-559","-2287","273","-82","-54","-176","-25","0"
"3401","238633.5183479","1180.1283","-500","-538","-1377","251","-43","-39","-148","-31","0"
"3402","238633.5254075","1180.1354","-291","-541","-2193","267","-7","-59","-171","-86","0"
"3403","238633.5280876","1180.1381","-18","-568","-1188","288","4","-78","-151","-83","0"
"3404","238633.5319728","1180.142","82","-492","-1912","302","-17","-93","-135","-29","0"
"3405","238633.5432415","1180.1532","115","-690","-1878","282","-34","-103","-133","-13","0"
"3406","238633.5458118","1180.1558","198","-624","-1163","236","-36","-115","-107","-5","0"
"3407","238633.5488521","1180.1588","97","-544","-1731","229","-3","-111","-96","9","0"
"3408","238633.5589773","1180.169","104","-508","-943","240","-9","-109","-103","48","0"
"3409","238633.5624675","1180.1725","-58","-608","-1809","223","-11","-122","-102","49","0"
"3410","238633.5790248","1180.189","-72","-504","-1247","168","17","-149","-90","77","0"
"3411","238633.601065","1180.211","-181","-492","-781","172","-2","-153","-80","99","0"
"3412","238633.6058581","1180.2158","65","-468","-1462","165","-41","-144","-94","81","0"
"3413","238633.6114196","1180.2214","97","-411","-975","169","-38","-140","-122","58","0"
"3414","238633.6158161","1180.2258","-150","-457","-1538","170","-49","-121","-102","63","0"
"3415","238633.6187989","1180.2288","-203","-436","-1858","183","-23","-134","-88","76","0"
"3416","238633.6215444","1180.2315","-184","-514","-1739","135","-36","-138","-71","90","0"
"3417","238633.6537311","1180.2637","-198","-431","-2302","74","-43","-130","-111","81","0"
"3418","238633.6590839","1180.2691","-88","-458","-1119","60","-34","-142","-97","89","0"
"3419","238633.6635574","1180.2735","-112","-497","-1254","58","3","-128","-109","141","0"
"3420","238633.673719","1180.2837","-42","-397","-1278","28","7","-137","-131","151","0"
"3421","238633.6762335","1180.2862","139","-369","-754","24","3","-138","-131","189","0"
"3422","238633.6786299","1180.2886","181","-264","-1200","11","-6","-117","-90","208","0"
"3423","238633.6894951","1180.2995","207","-265","-788","25","32","-93","-69","238","0"
"3424","238633.6918688","1180.3019","-4","-226","-1084","14","42","-88","-73","273","0"
"3425","238633.6942362","1180.3042","26","-269","-1359","23","65","-79","-63","283","0"
"3426","238633.7175004","1180.3275","73","-160","-752","26","77","-78","-40","290","0"
"3427","238633.7202202","1180.3302","49","-200","-1239","-11","60","-87","-47","269","0"
"3428","238633.722656","1180.3326","0","-227","-666","-47","60","-69","-32","289","0"
"3429","238633.7414021","1180.3514","44","-245","-1346","-51","70","-91","-38","303","0"
"3430","238633.7439135","1180.3539","217","-72","-1087","-53","79","-96","-34","264","0"
"3431","238633.7470207","1180.357","307","80","-499","-19","81","-105","-27","200","0"
"3432","238633.7741955","1180.3842","103","-10","-850","-10","66","-111","-21","109","0"
"3433","238633.7770143","1180.387","97","-146","-35","10","60","-86","-20","32","0"
"3434","238633.7793748","1180.3894","-159","-263","-779","39","48","-83","-30","-21","0"
"3435","238633.7849639","1180.3949","-188","-223","-1455","90","33","-95","-47","-41","0"
"3436","238633.7872949","1180.3973","-179","-107","-795","121","35","-123","-88","-24","0"
"3437","238633.7895329","1180.3995","-218","-225","-1283","125","-18","-121","-85","-20","0"
"3438","238633.8147471","1180.4247","-189","-106","-844","148","-7","-85","-110","-77","0"
"3439","238633.8192512","1180.4292","-202","-69","-1342","154","23","-64","-78","-76","0"
"3440","238633.8242953","1180.4343","-257","-78","-1865","174","25","-40","-62","-46","0"
"3441","238633.8389538","1180.4489","-368","-127","-1000","163","16","-27","-52","-15","0"
"3442","238633.844028","1180.454","-311","-74","-844","166","31","-20","-79","26","0"
"3443","238633.8551387","1180.4651","-67","18","-514","163","52","-40","-85","11","0"
"3444","238633.8998809","1180.5099","99","9","-1348","163","75","-50","-80","54","0"
"3445","238633.9045365","1180.5145","97","-59","-916","127","89","-65","-103","119","0"
"3446","238633.9092489","1180.5192","195","-154","-1018","121","67","-69","-110","122","0"
"3447","238633.9124626","1180.5224","499","-143","-1047","144","42","-77","-89","104","0"
"3448","238633.9149253","1180.5249","533","-215","-590","140","-11","-85","-91","79","0"
"3449","238633.9175528","1180.5275","534","-178","-1092","147","-20","-90","-122","17","0"
"3450","238633.9207586","1180.5307","425","-264","-1505","159","-24","-58","-80","8","0"
"3451","238633.9244624","1180.5344","413","-244","-1753","186","-53","-31","-11","65","0"
"3452","238633.9275655","1180.5375","324","-349","-1649","176","-51","-7","-35","40","0"
"3453","238633.9352627","1180.5452","421","-111","-1137","182","-46","-19","-28","37","0"
"3454","238633.953936","1180.5639","248","-55","-1600","156","-49","-28","-54","10","0"
"3455","238633.9641001","1180.5741","203","-97","-1961","164","-32","-29","-31","7","0"
"3456","238633.9723622","1180.5823","204","-239","-1936","155","-24","-31","5","23","0"
"3457","238633.978121","1180.5881","71","-423","-2014","164","-30","-25","38","42","0"
"3458","238633.9833592","1180.5933","34","-441","-1172","176","-21","-78","37","40","0"
"3459","238633.991641","1180.6016","145","-529","-1496","179","-9","-92","27","73","0"
"3460","238633.9953875","1180.6054","206","-606","-698","143","-1","-73","18","118","0"
"3461","238633.9985286","1180.6085","190","-567","-387","91","32","-43","41","110","0"
"3462","238634.0073061","1180.6173","215","-455","-264","81","27","-14","87","121","0"
"3463","238634.0098991","1180.6199","120","-519","-317","68","-1","5","116","113","0"
"3464","238634.0122375","1180.6222","35","-357","-351","58","10","22","112","100","0"
"3465","238634.021961","1180.6319","146","-241","-650","14","2","45","105","118","0"
"3466","238634.0252669","1180.6353","493","-71","-283","-2","-17","60","97","106","0"
"3467","238634.0277329","1180.6377","333","-113","-534","29","-6","35","105","54","0"
"3468","238634.0377907","1180.6478","272","-140","-57","70","-18","78","39","24","0"
"3469","238634.0410928","1180.6511","308","-207","-855","71","-22","74","10","11","0"
"3470","238634.0475488","1180.6575","408","-51","-1389","82","-26","51","-9","-14","0"
"3471","238634.0834799","1180.6935","165","77","-808","102","-17","56","-47","-22","0"
"3472","238634.086083","1180.6961","144","244","-352","112","-8","54","-80","-66","0"
"3473","238634.0885644","1180.6985","270","372","-1018","123","3","53","-65","-129","0"
"3474","238634.0914111","1180.7014","163","453","-1860","121","0","64","-65","-168","0"
"3475","238634.0950025","1180.705","147","295","-1829","167","15","76","-50","-180","0"
"3476","238634.0983583","1180.7083","144","263","-1318","174","30","53","-36","-234","0"
"3477","238634.1153202","1180.7253","-82","290","-880","174","17","39","-56","-281","0"
"3478","238634.1175256","1180.7275","-235","221","-1146","167","10","24","-89","-278","0"
"3479","238634.1198185","1180.7298","-367","215","-438","182","2","37","-96","-276","0"
"3480","238634.1493192","1180.7593","-532","125","-307","208","26","54","-119","-296","0"
"3481","238634.1524466","1180.7624","-443","101","-489","197","51","40","-114","-313","0"
"3482","238634.1555704","1180.7656","-290","190","419","200","62","3","-120","-341","0"
"3483","238634.1664135","1180.7764","-467","90","-2","185","119","-13","-139","-329","0"
"3484","238634.1702814","1180.7803","-367","172","787","153","149","19","-109","-339","0"
"3485","238634.1737359","1180.7837","-382","191","697","130","153","18","-87","-319","0"
"3486","238634.2006805","1180.8107","-523","-11","282","115","128","-14","-91","-302","0"
"3487","238634.2039024","1180.8139","-577","8","1127","106","122","-10","-88","-267","0"
"3488","238634.2071863","1180.8172","-542","-11","-146","90","87","-35","-96","-257","0"
"3489","238634.2280543","1180.838","-243","120","-93","89","47","-39","-116","-238","0"
"3490","238634.2333315","1180.8433","-140","94","-26","107","21","-37","-147","-246","0"
"3491","238634.2391488","1180.8491","-260","61","-77","118","24","-11","-149","-256","0"
"3492","238634.2527237","1180.8627","-125","14","476","134","34","30","-154","-231","0"
"3493","238634.2562847","1180.8663","-217","44","-304","133","23","55","-187","-189","0"
"3494","238634.2609597","1180.8709","-51","-109","-249","85","39","38","-208","-145","0"
"3495","238634.2651584","1180.8751","-153","-203","-414","86","73","12","-192","-134","0"
"3496","238634.2674699","1180.8775","-275","-298","-147","95","83","-8","-249","-144","0"
"3497","238634.2697469","1180.8797","-429","-312","932","64","85","3","-230","-129","0"
"3498","238634.2922721","1180.9023","-399","-367","446","73","78","-3","-188","-59","0"
"3499","238634.2969905","1180.907","-202","-185","679","68","87","-10","-150","-14","0"
"3500","238634.3003677","1180.9104","-96","-139","699","30","107","-28","-128","66","0"
"3501","238634.3282979","1180.9383","-142","-174","647","4","100","-9","-147","102","0"
"3502","238634.3309906","1180.941","28","7","1590","9","81","7","-141","117","0"
"3503","238634.333654","1180.9436","-5","-5","434","6","54","7","-97","101","0"
"3504","238634.3559199","1180.9659","30","16","-165","37","69","9","-115","98","0"
"3505","238634.358995","1180.969","9","90","472","3","84","2","-122","91","0"
"3506","238634.3629202","1180.9729","203","164","583","-34","123","-15","-125","116","0"
"3507","238634.3677617","1180.9777","135","-10","682","-46","113","-6","-127","133","0"
"3508","238634.3714095","1180.9814","38","-88","491","-56","119","42","-166","160","0"
"3509","238634.3772194","1180.9872","-70","-178","1035","-33","107","48","-169","158","0"
"3510","238634.3816722","1180.9917","-124","-180","923","-24","85","-6","-167","141","0"
"3511","238634.3848532","1180.9948","108","-223","954","-22","85","-31","-148","183","0"
"3512","238634.3927462","1181.0027","77","-272","1030","3","84","-66","-165","233","0"
"3513","238634.412753","1181.0227","145","-76","853","13","106","-68","-185","268","0"
"3514","238634.4178146","1181.0278","179","18","886","-2","110","-54","-128","298","0"
"3515","238634.4394345","1181.0494","259","36","800","-30","99","-38","-99","315","0"
"3516","238634.4445454","1181.0545","213","63","1012","-53","109","-28","-70","318","0"
"3517","238634.4472492","1181.0572","220","90","1393","-25","123","-48","-24","330","0"
"3518","238634.4497256","1181.0597","343","-25","1137","10","115","-73","-18","383","0"
"3519","238634.4609256","1181.0709","197","-85","860","-2","132","-60","-13","392","0"
"3520","238634.4633744","1181.0734","271","-159","830","4","141","-35","5","387","0"
"3521","238634.4656734","1181.0757","146","-260","1212","-26","135","-56","2","337","0"
"3522","238634.4808711","1181.0909","355","-61","835","-47","139","-40","-30","319","0"
"3523","238634.4833345","1181.0933","263","-67","1322","-45","123","-20","-17","293","0"
"3524","238634.4857096","1181.0957","385","-101","1037","-25","68","-30","-1","293","0"
"3525","238634.5026067","1181.1126","138","-229","771","0","46","-46","-9","311","0"
"3526","238634.5048904","1181.1149","88","-72","982","11","18","-85","-29","295","0"
"3527","238634.5071772","1181.1172","42","-57","1311","-23","19","-103","-24","279","0"
"3528","238634.5297513","1181.1397","-26","-197","563","-48","28","-85","-22","237","0"
"3529","238634.5321658","1181.1421","80","-123","242","-34","48","-63","-45","172","0"
"3530","238634.534868","1181.1449","177","-15","201","-1","53","-63","-28","108","0"
"3531","238634.5528925","1181.1629","471","34","323","34","57","-46","-31","94","0"
"3532","238634.5565438","1181.1665","235","-47","-109","26","90","-39","-49","73","0"
"3533","238634.5605489","1181.1705","92","-146","-528","3","114","-50","-21","53","0"
"3534","238634.5860162","1181.196","210","-103","-495","5","123","-58","5","-5","0"
"3535","238634.597355","1181.2073","233","-136","-485","0","104","-41","11","-54","0"
"3536","238634.609954","1181.2199","70","6","-250","1","106","-23","14","-88","0"
"3537","238634.6353078","1181.2453","-47","-192","-1100","-16","95","-13","-23","-136","0"
"3538","238634.6480212","1181.258","255","-138","-1177","-15","106","-21","-21","-177","0"
"3539","238634.6586001","1181.2686","236","-153","-1530","-26","113","-61","-2","-214","0"
"3540","238634.6649447","1181.2749","348","-101","-1331","6","121","-54","-14","-228","0"
"3541","238634.6696947","1181.2797","366","-157","-539","61","100","-54","-67","-251","0"
"3542","238634.672983","1181.283","499","61","184","80","75","-61","-91","-275","0"
"3543","238634.676734","1181.2867","26","-128","-411","45","55","-52","-76","-274","0"
"3544","238634.681194","1181.2912","-114","-236","-1246","35","69","-26","-62","-256","0"
"3545","238634.6860816","1181.2961","-101","-150","-934","74","60","-17","-16","-243","0"
"3546","238634.6903073","1181.3003","104","-90","-668","85","61","11","2","-266","0"
"3547","238634.6941723","1181.3042","64","-178","-122","120","17","38","2","-259","0"
"3548","238634.7049016","1181.3149","51","-164","-97","132","0","38","-26","-229","0"
"3549","238634.7193422","1181.3293","131","-78","-505","133","21","31","-21","-172","0"
"3550","238634.7222803","1181.3323","222","80","-208","146","37","4","-53","-133","0"
"3551","238634.7435521","1181.3535","95","111","150","138","41","-7","-64","-104","0"
"3552","238634.7490526","1181.359","69","71","268","106","19","15","-61","-90","0"
"3553","238634.7546138","1181.3646","250","212","209","111","52","10","-44","-79","0"
"3554","238634.7581803","1181.3682","385","282","-387","117","81","-6","-28","-51","0"
"3555","238634.7619089","1181.3719","76","106","-725","139","86","-19","-20","-33","0"
"3556","238634.7644097","1181.3744","81","107","-436","166","88","-39","0","-16","0"
"3557","238634.7667783","1181.3768","-1","333","-4","148","114","-49","-10","-5","0"
"3558","238634.7694627","1181.3794","-356","199","-806","130","141","-54","-12","16","0"
"3559","238634.771794","1181.3818","-416","217","-691","136","146","-66","6","50","0"
"3560","238634.7741211","1181.3841","-127","491","340","128","155","-56","17","92","0"
"3561","238634.7919162","1181.4019","-198","532","93","92","197","-21","5","102","0"
"3562","238634.7953109","1181.4053","-215","526","393","89","181","-35","3","74","0"
"3563","238634.7974176","1181.4074","-196","443","-136","91","136","-54","14","96","0"
"3564","238634.8131279","1181.4231","-219","488","-2","58","120","-79","24","69","0"
"3565","238634.8234263","1181.4334","-196","470","757","20","157","-106","21","43","0"
"3566","238634.8279392","1181.4379","-25","477","268","7","148","-121","58","6","0"
"3567","238634.852582","1181.4626","85","452","225","-12","137","-96","29","40","0"
"3568","238634.8548421","1181.4648","-127","257","-1141","-19","142","-96","8","39","0"
"3569","238634.8575261","1181.4675","-170","279","-414","-22","168","-74","3","11","0"
"3570","238634.868309","1181.4783","-105","293","-2","-29","148","-83","-6","-8","0"
"3571","238634.8705593","1181.4805","-204","77","-287","-66","121","-77","-22","-5","0"
"3572","238634.8744422","1181.4844","-321","100","469","-98","67","-94","16","15","0"
"3573","238634.9004665","1181.5104","-189","-136","-670","-99","89","-83","8","61","0"
"3574","238634.9048167","1181.5148","-386","-380","-826","-89","119","-54","25","76","0"
"3575","238634.9076926","1181.5177","-443","-370","-349","-100","89","-35","48","154","0"
"3576","238634.9113103","1181.5213","-306","-146","-382","-123","47","-68","33","179","0"
"3577","238634.9145562","1181.5245","-294","-153","14","-77","54","-74","33","200","0"
"3578","238634.9207666","1181.5307","-665","-193","-507","-74","46","-82","54","233","0"
"3579","238634.9802506","1181.5902","-520","-371","126","-95","36","-66","57","278","0"
"3580","238634.9895448","1181.5995","-320","-188","589","-125","46","-51","104","328","0"
"3581","238634.9955558","1181.6055","-437","-178","-83","-129","43","-52","115","335","0"
"3582","238635.0280091","1181.638","-321","-78","378","-132","71","-40","140","373","0"
"3583","238635.034223","1181.6442","-429","-132","-288","-123","46","-71","160","419","0"
"3584","238635.0377673","1181.6478","-553","-115","424","-155","34","-84","143","447","0"
"3585","238635.0410257","1181.651","-626","-329","973","-127","23","-112","90","429","0"
"3586","238635.0535265","1181.6635","-541","-289","872","-105","24","-99","79","424","0"
"3587","238635.0576988","1181.6677","-318","-166","1029","-129","36","-71","80","440","0"
"3588","238635.0631432","1181.6731","-419","-74","412","-169","38","-57","68","429","0"
"3589","238635.0668322","1181.6768","-511","-93","510","-166","47","-72","58","401","0"
"3590","238635.0698556","1181.6798","-679","-252","821","-160","24","-84","78","371","0"
"3591","238635.0728084","1181.6828","-487","-298","1435","-141","26","-60","116","368","0"
"3592","238635.0753266","1181.6853","-606","-332","1679","-96","59","-79","119","345","0"
"3593","238635.0778593","1181.6878","-726","-323","1268","-82","34","-88","102","330","0"
"3594","238635.080701","1181.6907","-523","-354","934","-42","9","-83","106","313","0"
"3595","238635.0832176","1181.6932","-258","-374","1523","-16","45","-84","114","303","0"
"3596","238635.0856981","1181.6957","-153","-365","1697","-15","59","-116","117","287","0"
"3597","238635.0900159","1181.7","-248","-405","1022","10","64","-142","108","271","0"
"3598","238635.0936958","1181.7037","-257","-507","845","2","89","-144","108","274","0"
"3599","238635.0962339","1181.7062","-218","-445","1069","-13","77","-110","84","282","0"
"3600","238635.1020112","1181.712","-127","-187","1432","6","99","-106","96","266","0"
"3601","238635.1046725","1181.7147","-458","-227","1345","-17","101","-80","96","225","0"
"3602","238635.1075179","1181.7175","-399","-170","1308","-29","69","-33","98","189","0"
"3603","238635.1295179","1181.7395","-350","-233","639","-13","70","-27","114","177","0"
"3604","238635.1339102","1181.7439","-271","-264","707","12","68","-38","102","240","0"
"3605","238635.1366723","1181.7467","-160","-278","1489","3","51","-24","87","332","0"
"3606","238635.1540714","1181.7641","-130","-184","1494","-15","89","-14","86","373","0"
"3607","238635.1564541","1181.7664","-201","-123","1417","-29","114","0","122","394","0"
"3608","238635.1588819","1181.7689","-184","-19","1375","-50","145","10","96","439","0"
"3609","238635.1819526","1181.7919","-223","39","1076","-55","165","21","59","461","0"
"3610","238635.1855337","1181.7955","67","95","1434","-63","157","44","40","448","0"
"3611","238635.188073","1181.7981","157","23","1462","-62","123","58","52","452","0"
"3612","238635.1997377","1181.8097","210","272","902","-65","99","90","48","458","0"
"3613","238635.2029737","1181.813","121","253","789","-99","43","71","24","484","0"
"3614","238635.2053843","1181.8154","83","238","1025","-151","55","58","41","456","0"
"3615","238635.2359657","1181.8459","154","70","1214","-174","75","25","59","425","0"
"3616","238635.2382542","1181.8482","152","-25","1016","-176","47","34","54","403","0"
"3617","238635.2405446","1181.8505","91","-183","818","-157","34","47","71","363","0"
"3618","238635.2568051","1181.8668","-108","-260","493","-123","40","19","86","347","0"
"3619","238635.265485","1181.8755","-228","-349","349","-107","56","16","113","381","0"
"3620","238635.2737608","1181.8837","-204","-351","947","-112","49","7","144","420","0"
"3621","238635.2873813","1181.8974","91","-175","1107","-128","58","-6","172","425","0"
"3622","238635.3110486","1181.921","177","-340","889","-147","60","-11","184","367","0"
"3623","238635.3178536","1181.9278","-64","-401","436","-158","43","-26","144","324","0"
"3624","238635.3277768","1181.9378","-72","-306","431","-136","57","-41","151","299","0"
"3625","238635.3359154","1181.9459","-10","-117","550","-111","86","-51","162","288","0"
"3626","238635.343291","1181.9533","-23","-101","-26","-110","96","-35","156","230","0"
"3627","238635.3505095","1181.9605","-77","-124","-67","-106","94","-87","124","200","0"
"3628","238635.3561282","1181.9661","73","-116","-482","-93","94","-88","136","162","0"
"3629","238635.3603378","1181.9703","-74","-211","-525","-98","85","-64","115","206","0"
"3630","238635.3720509","1181.982","-239","-191","-232","-69","93","-56","82","207","0"
"3631","238635.375451","1181.9854","-113","-160","38","-35","84","-30","46","181","0"
"3632","238635.3799252","1181.9899","-26","-126","-368","-22","121","3","36","145","0"
"3633","238635.3830115","1181.993","-129","-205","-768","-7","159","27","38","142","0"
"3634","238635.3872815","1181.9973","-113","-196","-606","19","133","3","38","100","0"
"3635","238635.3898923","1181.9999","-89","-38","11","44","126","-20","58","109","0"
"3636","238635.4071491","1182.0171","131","89","258","35","116","-36","96","138","0"
"3637","238635.4094218","1182.0194","-13","-38","-182","31","100","-36","94","98","0"
"3638","238635.412183","1182.0222","-147","-92","-712","61","107","-17","80","57","0"
"3639","238635.4339206","1182.0439","35","-72","-922","81","128","-10","65","31","0"
"3640","238635.4377627","1182.0477","257","126","-855","73","139","3","48","27","0"
"3641","238635.4409737","1182.051","148","191","-885","84","135","-3","41","29","0"
"3642","238635.4452292","1182.0552","118","44","-1151","70","143","3","46","64","0"
"3643","238635.4504552","1182.0604","148","17","-624","98","129","-19","55","69","0"
"3644","238635.4529242","1182.0629","190","63","-629","104","129","-16","80","76","0"
"3645","238635.4765916","1182.0866","157","-61","-372","62","107","1","101","86","0"
"3646","238635.4790942","1182.0891","99","-222","182","30","110","19","128","74","0"
"3647","238635.4816563","1182.0916","-14","-322","-2","24","106","6","122","65","0"
"3648","238635.4907416","1182.1007","-163","-349","527","10","125","0","126","56","0"
"3649","238635.4938692","1182.1039","-173","-370","898","9","107","6","126","55","0"
"3650","238635.4961858","1182.1062","-24","-446","690","11","46","-10","118","40","0"
"3651","238635.5217534","1182.1317","-164","-497","73","9","35","-9","121","61","0"
"3652","238635.5227424","1182.1327","-322","-472","-669","42","12","-26","128","62","0"
"3653","238635.5234758","1182.1335","-332","-542","-796","23","19","-15","102","12","0"
"3654","238635.538588","1182.1486","-159","-499","-727","29","14","-37","69","-6","0"
"3655","238635.5397421","1182.1497","-27","-328","-334","27","7","-30","54","-84","0"
"3656","238635.5408116","1182.1508","32","-412","-268","44","1","-10","23","-170","0"
"3657","238635.5648736","1182.1749","-128","-490","-435","41","49","19","35","-183","0"
"3658","238635.6040459","1182.214","-111","-507","-788","25","59","38","67","-164","0"
"3659","238635.6095616","1182.2195","111","-471","-1150","-17","58","77","72","-118","0"
"3660","238635.6120203","1182.222","284","-295","-759","-50","25","100","88","-70","0"
"3661","238635.6158686","1182.2259","118","-252","-264","-66","37","87","116","-74","0"
"3662","238635.621519","1182.2315","98","-237","-778","-81","35","81","86","-80","0"
"3663","238635.6273267","1182.2373","189","-244","-1320","-82","40","61","63","-93","0"
"3664","238635.6334034","1182.2434","106","-236","-1330","-60","22","22","57","-77","0"
"3665","238635.6405633","1182.2505","128","-150","-384","-33","44","12","38","-81","0"
"3666","238635.6479746","1182.258","209","34","-517","-47","25","47","8","-100","0"
"3667","238635.6536979","1182.2637","388","-86","-656","-43","5","67","45","-118","0"
"3668","238635.660735","1182.2707","450","-151","-267","2","-7","71","96","-130","0"
"3669","238635.6684408","1182.2784","405","-177","-480","26","2","28","92","-155","0"
"3670","238635.6781681","1182.2882","359","34","89","29","25","-3","68","-217","0"
"3671","238635.6816507","1182.2916","311","125","146","43","25","-3","70","-250","0"
"3672","238635.6849032","1182.2949","349","-85","-578","70","-18","54","70","-253","0"
"3673","238635.6863133","1182.2963","492","-131","-1009","99","-22","64","37","-233","0"
"3674","238635.6889845","1182.299","284","-61","-815","121","-25","42","7","-240","0"
"3675","238635.7331606","1182.3431","215","-87","-751","115","-62","41","-24","-257","0"
"3676","238635.7354907","1182.3455","247","-43","-341","107","-75","73","-31","-295","0"
"3677","238635.7378223","1182.3478","157","-52","-869","127","-58","68","-11","-296","0"
"3678","238635.7409905","1182.351","226","-50","-252","120","-51","34","-5","-281","0"
"3679","238635.7434302","1182.3534","151","-32","-430","146","-24","-2","23","-312","0"
"3680","238635.7456873","1182.3557","143","-16","-969","171","-17","-28","32","-360","0"
"3681","238635.7481744","1182.3582","175","-153","-1334","210","-23","-30","36","-396","0"
"3682","238635.750628","1182.3606","303","-122","-1946","199","-32","-36","-15","-363","0"
"3683","238635.7550364","1182.365","-63","-203","-2172","207","-25","-9","-38","-404","0"
"3684","238635.7701766","1182.3802","-234","-322","-2311","192","-38","22","-85","-427","0"
"3685","238635.7733705","1182.3834","-134","-355","-2068","189","-94","48","-126","-420","0"
"3686","238635.7749167","1182.3849","-27","-512","-1631","156","-123","69","-125","-396","0"
"3687","238635.8080334","1182.418","-199","-680","-2037","147","-141","80","-136","-437","0"
"3688","238635.8106077","1182.4206","-177","-639","-1628","175","-110","104","-136","-494","0"
"3689","238635.8130649","1182.423","-31","-472","-1590","199","-102","84","-138","-501","0"
"3690","238635.8222087","1182.4322","215","-277","-1648","230","-118","59","-121","-522","0"
"3691","238635.8239939","1182.434","44","-329","-1560","233","-175","53","-145","-525","0"
"3692","238635.8341285","1182.4441","44","-126","-2359","248","-147","45","-157","-520","0"
"3693","238635.8470009","1182.457","-58","-205","-2676","248","-158","34","-163","-512","0"
"3694","238635.8495082","1182.4595","154","-121","-2169","260","-163","81","-129","-514","0"
"3695","238635.8525143","1182.4625","227","-193","-1293","241","-170","112","-122","-519","0"
"3696","238635.8697181","1182.4797","116","-162","-849","226","-121","112","-111","-545","0"
"3697","238635.8721292","1182.4821","-17","-289","-1329","217","-89","126","-46","-542","0"
"3698","238635.8745885","1182.4846","363","15","-1575","201","-77","114","-31","-522","0"
"3699","238635.9194656","1182.5294","132","110","-1221","158","-74","128","6","-503","0"
"3700","238635.9209836","1182.531","66","-118","-1207","171","-73","119","55","-458","0"
"3701","238635.9224249","1182.5324","201","-80","-455","183","-61","82","80","-407","0"
"3702","238635.9258952","1182.5359","210","-35","-1412","172","-50","52","72","-358","0"
"3703","238635.928523","1182.5385","-173","113","-721","180","-16","66","69","-333","0"
"3704","238635.9331517","1182.5431","-284","148","-630","187","-8","40","45","-312","0"
"3705","238635.9532321","1182.5632","-342","334","31","169","-39","55","42","-279","0"
"3706","238635.9557405","1182.5657","-339","435","66","155","-67","76","40","-265","0"
"3707","238635.9590088","1182.569","-593","444","-90","133","-75","76","19","-225","0"
"3708","238635.9805248","1182.5905","-563","617","-85","149","-68","57","48","-211","0"
"3709","238635.9832672","1182.5933","-281","856","391","122","-86","49","82","-141","0"
"3710","238635.9858408","1182.5958","-256","992","415","94","-120","66","87","-93","0"
"3711","238635.9888281","1182.5988","-501","890","-479","42","-124","67","79","-62","0"
"3712","238635.9911888","1182.6012","-776","874","-794","5","-149","93","70","-46","0"
"3713","238635.9925848","1182.6026","-876","918","-1355","-18","-129","47","58","-12","0"
"3714","238636.0081555","1182.6181","-802","786","-1186","-10","-101","25","50","46","0"
"3715","238636.0113688","1182.6214","-759","596","280","-23","-100","41","50","103","0"
"3716","238636.0144024","1182.6244","-648","808","-75","-63","-95","102","62","115","0"
"3717","238636.066545","1182.6765","-794","981","105","-82","-66","85","86","120","0"
"3718","238636.0706212","1182.6806","-881","650","-306","-98","-20","98","106","93","0"
"3719","238636.0752731","1182.6853","-972","236","98","-97","-7","97","89","119","0"
"3720","238636.0933772","1182.7034","-855","255","255","-75","44","52","82","120","0"
"3721","238636.0967509","1182.7067","-831","388","-181","-63","38","18","57","130","0"
"3722","238636.1005994","1182.7106","-855","406","338","-87","56","13","52","117","0"
"3723","238636.1041465","1182.7141","-841","486","398","-87","53","9","23","164","0"
"3724","238636.1067188","1182.7167","-756","386","104","-68","42","-15","23","179","0"
"3725","238636.1093137","1182.7193","-372","441","1029","-73","40","21","24","161","0"
"3726","238636.1323878","1182.7424","-375","321","311","-88","35","35","-3","94","0"
"3727","238636.1366811","1182.7467","-362","281","633","-110","36","34","-17","47","0"
"3728","238636.1519422","1182.7619","-299","311","394","-107","34","30","-30","40","0"
"3729","238636.1567465","1182.7667","-258","191","676","-123","42","31","-87","7","0"
"3730","238636.1604957","1182.7705","-213","-63","997","-164","45","11","-114","-28","0"
"3731","238636.1653826","1182.7754","-108","-78","1082","-174","29","-5","-109","-34","0"
"3732","238636.1708116","1182.7808","-146","63","1285","-167","64","-38","-102","-26","0"
"3733","238636.1758877","1182.7859","-126","139","1180","-140","43","-46","-96","-35","0"
"3734","238636.1783775","1182.7884","-326","-49","1424","-140","37","-52","-105","-48","0"
"3735","238636.1955974","1182.8056","-198","67","1651","-138","32","-74","-105","-52","0"
"3736","238636.198873","1182.8089","-265","-20","2236","-148","39","-78","-104","-67","0"
"3737","238636.2017693","1182.8118","-421","-70","1759","-149","31","-61","-106","-81","0"
"3738","238636.2344763","1182.8445","-487","-105","1205","-156","19","-30","-114","-33","0"
"3739","238636.2370653","1182.847","-206","54","1428","-141","-34","-55","-110","-37","0"
"3740","238636.2396559","1182.8496","-100","116","1472","-128","-84","-74","-69","-18","0"
"3741","238636.2437772","1182.8538","-67","332","924","-134","-87","-93","-92","24","0"
"3742","238636.2466734","1182.8567","89","332","352","-137","-50","-91","-83","43","0"
"3743","238636.2492206","1182.8592","17","231","781","-139","-51","-89","-42","62","0"
"3744","238636.2699082","1182.8799","-95","177","584","-117","-71","-81","3","111","0"
"3745","238636.2744726","1182.8845","-66","117","1275","-104","-44","-79","-25","96","0"
"3746","238636.2768717","1182.8869","-59","185","1293","-98","-62","-63","-11","44","0"
"3747","238636.2853522","1182.8953","-341","107","533","-68","-95","-45","-14","25","0"
"3748","238636.2881807","1182.8982","-431","162","695","2","-116","-13","-5","-18","0"
"3749","238636.29085","1182.9008","-462","69","1331","30","-117","-30","-37","-85","0"
"3750","238636.2937805","1182.9038","-309","47","1130","31","-122","-57","-85","-157","0"
"3751","238636.2963687","1182.9064","-140","0","638","8","-114","-56","-105","-209","0"
"3752","238636.2986566","1182.9086","-253","31","275","1","-126","-20","-129","-270","0"
"3753","238636.3181052","1182.9281","-239","65","210","24","-136","-23","-140","-291","0"
"3754","238636.3206683","1182.9307","-211","-26","155","71","-123","-17","-139","-282","0"
"3755","238636.3228434","1182.9328","-186","-177","328","118","-97","0","-148","-268","0"
"3756","238636.3437817","1182.9538","-354","-224","216","128","-115","19","-145","-241","0"
"3757","238636.3461052","1182.9561","-342","-222","27","108","-131","7","-148","-215","0"
"3758","238636.351616","1182.9616","-221","-95","366","80","-93","6","-162","-226","0"
"3759","238636.3742362","1182.9842","-251","32","877","83","-56","0","-164","-238","0"
"3760","238636.3793736","1182.9894","-221","-9","1202","73","-51","26","-191","-287","0"
"3761","238636.3831881","1182.9932","-217","-118","1111","59","-61","28","-188","-332","0"
"3762","238616.3903066","1163.0003","321","-238","1222","3","-59","131","-58","85","0"
"3763","238616.3965821","1163.0066","162","-205","362","24","-95","166","-58","35","0"
"3764","238616.3996573","1163.0096","177","-480","-229","35","-93","171","-79","3","0"
"3765","238616.4024009","1163.0124","215","-495","-98","61","-104","163","-127","-21","0"
"3766","238616.4056093","1163.0156","215","-471","107","63","-103","136","-129","-64","0"
"3767","238616.4081846","1163.0182","340","-366","95","68","-97","124","-122","-96","0"
"3768","238616.4107254","1163.0207","191","-473","-1549","101","-88","124","-136","-94","0"
"3769","238616.4131056","1163.0231","74","-496","-1389","130","-92","128","-149","-80","0"
"3770","238616.4154633","1163.0254","200","-475","-1138","96","-68","125","-137","-82","0"
"3771","238616.43386","1163.0438","442","-426","-685","79","-71","132","-101","-55","0"
"3772","238616.4389506","1163.0489","481","-498","-365","31","-86","146","-75","-16","0"
"3773","238616.441372","1163.0514","464","-430","-1678","17","-110","144","-75","20","0"
"3774","238616.4521843","1163.0622","535","-366","-1804","4","-118","139","-80","76","0"
"3775","238616.4548487","1163.0648","584","-331","-1623","8","-123","141","-109","153","0"
"3776","238616.457258","1163.0672","583","-369","-1020","-9","-146","153","-125","201","0"
"3777","238616.4759252","1163.0859","548","-414","-1005","-30","-156","83","-97","241","0"
"3778","238616.4777862","1163.0878","370","-328","-1310","-58","-162","73","-106","264","0"
"3779","238616.4799987","1163.09","248","-327","-971","-28","-163","75","-128","279","0"
"3780","238616.5046976","1163.1147","92","-444","-597","-4","-142","74","-104","305","0"
"3781","238616.5074019","1163.1174","198","-421","-115","-18","-128","39","-44","362","0"
"3782","238616.5150103","1163.125","293","-381","607","-43","-101","24","-33","359","0"
"3783","238616.5283732","1163.1384","172","-647","-468","-19","-57","-13","-27","353","0"
"3784","238616.5317427","1163.1417","278","-701","-739","-10","-65","-56","18","411","0"
"3785","238616.5347137","1163.1447","547","-746","-520","-3","-63","-82","48","468","0"
"3786","238616.5641267","1163.1741","756","-496","100","-13","-46","-100","85","484","0"
"3787","238616.5664348","1163.1764","715","-641","495","-46","-21","-113","70","475","0"
"3788","238616.5686346","1163.1786","326","-705","156","-39","-14","-90","66","452","0"
"3789","238616.5908004","1163.2008","620","-570","315","-2","-17","-71","73","471","0"
"3790","238616.5938338","1163.2038","836","-530","586","-16","-14","-63","112","516","0"
"3791","238616.596313","1163.2063","1106","-437","878","-49","-10","-79","98","506","0"
"3792","238616.6208362","1163.2308","1186","-332","346","-27","-19","-71","82","505","0"
"3793","238616.6280546","1163.238","1011","-447","-911","-37","14","-65","78","520","0"
"3794","238616.6392327","1163.2492","674","-510","-938","-24","-6","-78","101","507","0"
"3795","238616.6444868","1163.2545","764","-391","-783","-2","-31","-79","123","523","0"
"3796","238616.6580773","1163.2681","840","-432","-738","29","-4","-90","116","511","0"
"3797","238616.6607902","1163.2708","801","-560","-55","34","33","-89","141","456","0"
"3798","238616.6638482","1163.2738","567","-765","-1918","16","32","-96","101","385","0"
"3799","238616.6666703","1163.2767","709","-715","-1538","-7","27","-39","64","385","0"
"3800","238616.670825","1163.2808","806","-793","-1026","9","45","-20","79","384","0"
"3801","238616.6791367","1163.2891","858","-858","-1353","34","30","-24","83","315","0"
"3802","238616.6852905","1163.2953","721","-661","-443","46","39","-10","87","277","0"
"3803","238616.6877679","1163.2978","364","-468","-1927","45","58","7","100","277","0"
"3804","238616.7017635","1163.3117","561","-162","-1024","21","74","5","123","284","0"
"3805","238616.7031283","1163.3131","643","-112","-993","-1","76","8","120","257","0"
"3806","238616.7047965","1163.3148","549","-97","-1252","9","87","10","112","215","0"
"3807","238616.7263694","1163.3364","242","-324","-278","25","120","7","132","168","0"
"3808","238616.7310439","1163.341","-59","-398","-1102","25","84","19","92","146","0"
"3809","238616.7375517","1163.3475","165","-191","-444","18","66","31","69","85","0"
"3810","238616.7693303","1163.3793","9","-209","-437","44","58","28","69","88","0"
"3811","238616.7746793","1163.3847","-54","-498","-1523","19","36","-8","54","74","0"
"3812","238616.7800291","1163.39","-233","-401","400","16","33","4","52","93","0"
"3813","238616.7819588","1163.3919","-511","-390","-1150","38","47","11","48","104","0"
"3814","238616.7837077","1163.3937","-783","-435","-423","66","78","-12","64","77","0"
"3815","238616.7895348","1163.3995","-734","-104","-277","83","75","-36","70","98","0"
"3816","238616.8023726","1163.4124","-776","-15","-1824","93","48","-22","82","99","0"
"3817","238616.8047484","1163.4147","-468","-31","-200","83","42","-27","93","139","0"
"3818","238616.8070429","1163.417","-726","-394","-2132","67","70","-38","103","207","0"
"3819","238616.8200407","1163.43","-256","-139","-314","28","99","-34","108","245","0"
"3820","238616.8231057","1163.4331","-265","-229","-337","-3","112","-56","129","272","0"
"3821","238616.8254096","1163.4354","-196","-331","-1433","-37","95","-58","108","292","0"
"3822","238616.84493","1163.4549","-170","-329","1165","-42","93","-52","83","341","0"
"3823","238616.8473179","1163.4573","-561","-626","-456","-58","88","-63","57","328","0"
"3824","238616.8496603","1163.4596","-313","-480","776","-37","92","-62","41","339","0"
"3825","238616.8668529","1163.4768","-96","-395","855","-46","89","-69","74","372","0"
"3826","238616.8691637","1163.4791","233","-202","272","-27","59","-43","85","389","0"
"3827","238616.871421","1163.4814","268","-72","2211","-26","24","-14","108","436","0"
"3828","238616.9007446","1163.5107","195","-187","1028","-63","21","-18","139","468","0"
"3829","238616.9030527","1163.513","107","-196","2183","-94","48","-3","158","490","0"
"3830","238616.9052216","1163.5152","-210","-287","2142","-137","41","-16","209","477","0"
"3831","238616.9450432","1163.555","-341","-108","1159","-144","32","-39","249","437","0"
"3832","238616.9475286","1163.5575","-16","49","2898","-165","45","-52","252","452","0"
"3833","238616.9500318","1163.56","-553","-76","1839","-179","27","-22","239","444","0"
"3834","238616.9823397","1163.5923","-591","-58","2831","-211","23","-42","276","430","0"
"3835","238616.9865927","1163.5966","-711","-78","2917","-202","28","-36","308","415","0"
"3836","238616.9891359","1163.5991","-680","-75","2419","-193","42","-36","297","387","0"
"3837","238616.9919345","1163.6019","-441","28","3991","-195","43","-35","277","366","0"
"3838","238616.9944164","1163.6044","-850","-273","3291","-221","47","-39","281","360","0"
"3839","238616.9972598","1163.6072","-979","-524","3921","-245","90","17","276","307","0"
"3840","238617.0011124","1163.6111","-931","-422","3531","-252","128","22","263","287","0"
"3841","238617.0037341","1163.6137","-1107","-340","2907","-217","125","21","238","229","0"
"3842","238617.0061819","1163.6162","-967","-198","4085","-188","104","57","247","196","0"
"3843","238617.0317992","1163.6418","-1116","-135","3343","-177","85","81","223","150","0"
"3844","238617.0361068","1163.6461","-878","-73","3306","-150","66","101","225","102","0"
"3845","238617.0411198","1163.6511","-640","-46","3132","-141","61","67","230","67","0"
"3846","238617.0536862","1163.6637","-473","-15","2146","-134","64","42","231","31","0"
"3847","238617.0564214","1163.6664","-474","-51","3072","-150","63","24","206","6","0"
"3848","238617.0587405","1163.6687","-683","-114","2192","-160","77","33","200","-63","0"
"3849","238617.0685913","1163.6786","-365","-142","1987","-162","106","61","180","-103","0"
"3850","238617.0744014","1163.6844","-340","-312","2089","-151","89","62","193","-124","0"
"3851","238617.0817639","1163.6917","-239","-264","1435","-117","50","21","137","-137","0"
"3852","238617.0995127","1163.7095","-193","-424","1445","-97","32","10","112","-174","0"
"3853","238617.1051177","1163.7151","-204","-516","1038","-81","34","21","110","-196","0"
"3854","238617.1113496","1163.7213","-29","-406","1498","-71","3","15","111","-205","0"
"3855","238617.1235126","1163.7335","-90","-375","1305","-42","-6","8","80","-183","0"
"3856","238617.1296824","1163.7397","-61","-412","1130","-34","-7","-7","74","-169","0"
"3857","238617.1329486","1163.7429","71","-296","1339","-18","3","-11","78","-188","0"
"3858","238617.1480534","1163.758","54","-144","1913","14","10","9","48","-212","0"
"3859","238617.1506801","1163.7607","89","-43","2376","39","35","22","39","-238","0"
"3860","238617.1538227","1163.7638","-47","-81","3027","41","57","23","37","-226","0"
"3861","238617.1568301","1163.7668","-87","-230","2667","12","76","57","39","-209","0"
"3862","238617.159149","1163.7691","-53","-320","2928","44","89","50","64","-220","0"
"3863","238617.1614296","1163.7714","-61","-403","2698","60","103","54","72","-218","0"
"3864","238617.1789182","1163.7889","-165","-503","2017","35","70","56","101","-235","0"
"3865","238617.1811407","1163.7911","-213","-675","1979","41","52","41","110","-224","0"
"3866","238617.1920194","1163.802","-205","-495","1339","69","39","43","81","-237","0"
"3867","238617.2058397","1163.8158","-68","-396","1536","67","40","46","81","-225","0"
"3868","238617.2088459","1163.8188","-112","-279","1897","81","32","69","70","-218","0"
"3869","238617.2118393","1163.8218","-35","-183","1389","85","31","45","58","-174","0"
"3870","238617.2243192","1163.8343","7","-145","1204","64","44","20","38","-134","0"
"3871","238617.227225","1163.8372","155","-12","1623","33","65","6","26","-87","0"
"3872","238617.2299133","1163.8399","294","167","2061","1","81","-6","51","-40","0"
"3873","238617.2449222","1163.8549","171","18","2265","-42","87","-6","92","-26","0"
"3874","238617.2495722","1163.8596","189","32","1944","-73","85","-20","121","-66","0"
"3875","238617.2521569","1163.8621","154","10","1858","-68","57","-46","127","-44","0"
"3876","238617.2700039","1163.88","2","52","1218","-34","30","-79","153","-7","0"
"3877","238617.2724779","1163.8825","10","52","995","3","0","-97","155","45","0"
"3878","238617.2748713","1163.8849","203","100","1357","12","0","-90","158","33","0"
"3879","238617.3058378","1163.9158","184","30","1550","9","4","-96","146","28","0"
"3880","238617.3082586","1163.9182","181","12","1940","7","7","-120","154","47","0"
"3881","238617.3106053","1163.9206","189","118","1515","1","32","-142","181","43","0"
"3882","238617.3392854","1163.9493","334","235","1244","40","29","-116","229","47","0"
"3883","238617.341573","1163.9516","198","59","374","69","18","-105","222","32","0"
"3884","238617.3449318","1163.9549","186","55","852","95","10","-103","220","17","0"
"3885","238617.3536297","1163.9636","208","129","633","148","25","-109","216","32","0"
"3886","238617.3561237","1163.9661","-122","70","282","187","50","-96","164","-10","0"
"3887","238617.3586096","1163.9686","-19","65","962","158","23","-67","117","-47","0"
"3888","238617.3620797","1163.9721","-102","94","200","180","16","-62","121","-58","0"
"3889","238617.3644965","1163.9745","25","131","231","135","-9","-90","148","-22","0"
"3890","238617.3667928","1163.9768","20","136","366","107","3","-75","169","14","0"
"3891","238617.3947511","1164.0047","-184","144","81","81","25","-57","131","70","0"
"3892","238617.4000065","1164.01","-262","99","940","58","33","-34","104","116","0"
"3893","238617.4068789","1164.0169","-412","-107","754","71","30","-12","99","141","0"
"3894","238617.4189337","1164.0289","-620","-330","325","85","50","2","157","136","0"
"3895","238617.4269869","1164.037","-613","-289","147","22","15","6","175","115","0"
"3896","238617.4313772","1164.0414","-503","-179","-138","-10","-40","8","163","134","0"
"3897","238617.4417195","1164.0517","-413","-93","-792","-14","-43","8","153","165","0"
"3898","238617.4508459","1164.0608","-512","-129","-746","-44","-98","-12","148","135","0"
"3899","238617.4611761","1164.0712","-342","-50","-937","-56","-125","-33","132","141","0"
"3900","238617.4749769","1164.085","-539","102","-1123","-39","-105","-44","131","171","0"
"3901","238617.4911262","1164.1011","-450","235","-1118","-39","-100","-57","138","214","0"
"3902","238617.537431","1164.1474","-548","302","-711","-87","-109","-95","96","204","0"
"3903","238617.5544833","1164.1645","-625","61","-885","-149","-122","-128","94","210","0"
"3904","238617.5581812","1164.1682","-494","86","-540","-135","-114","-150","101","192","0"
"3905","238617.5611241","1164.1711","-431","56","-488","-95","-97","-144","98","181","0"
"3906","238617.5660568","1164.176","-197","402","-491","-92","-75","-161","97","146","0"
"3907","238617.5683597","1164.1783","-122","201","-624","-59","-74","-166","91","144","0"
"3908","238617.5707024","1164.1807","-229","26","-823","-34","-68","-166","46","140","0"
"3909","238617.5733873","1164.1834","-152","-90","-662","-35","-71","-133","34","113","0"
"3910","238617.5756964","1164.1857","-5","42","-898","-33","-54","-155","6","49","0"
"3911","238617.5796916","1164.1897","-116","84","-835","-37","-37","-126","-5","48","0"
"3912","238617.584318","1164.1943","-156","185","-427","-26","-15","-112","-24","25","0"
"3913","238617.5881712","1164.1982","-100","359","-90","-31","-17","-95","-29","6","0"
"3914","238617.5918136","1164.2018","-123","428","153","-14","-22","-112","-39","23","0"
"3915","238617.5956077","1164.2056","-74","482","9","-8","3","-90","-3","47","0"
"3916","238617.5973045","1164.2073","-143","57","-102","-20","27","-95","-8","44","0"
"3917","238617.600607","1164.2106","-10","185","819","-45","31","-83","-32","11","0"
"3918","238617.6140329","1164.224","40","198","399","-36","8","-44","-38","-24","0"
"3919","238617.6163327","1164.2263","193","355","126","-21","3","-60","-64","-51","0"
"3920","238617.6186518","1164.2286","343","190","-10","-33","18","-62","-76","-83","0"
"3921","238617.6483851","1164.2584","412","325","-893","-71","9","-72","-101","-91","0"
"3922","238617.652665","1164.2626","317","373","-687","-78","-10","-51","-146","-69","0"
"3923","238617.6578286","1164.2678","224","306","-440","-66","-28","-29","-212","-77","0"
"3924","238617.6723017","1164.2823","222","185","-550","-43","-62","-4","-194","-93","0"
"3925","238617.6773229","1164.2873","63","323","-289","-20","-80","20","-179","-108","0"
"3926","238617.682933","1164.2929","-37","410","-507","-21","-86","23","-166","-132","0"
"3927","238617.697992","1164.308","-16","477","-245","-3","-99","20","-182","-167","0"
"3928","238617.7005004","1164.3105","-69","483","-267","11","-106","24","-161","-173","0"
"3929","238617.7075399","1164.3175","-207","424","-749","18","-103","39","-164","-164","0"
"3930","238617.7621351","1164.3721","-195","608","-1104","-24","-126","48","-148","-154","0"
"3931","238617.7666183","1164.3766","-249","506","-979","-41","-160","67","-144","-116","0"
"3932","238617.7679395","1164.3779","-204","706","-137","-82","-157","93","-161","-142","0"
"3933","238617.7827981","1164.3928","25","661","317","-90","-107","88","-159","-168","0"
"3934","238617.7853177","1164.3953","-79","538","623","-57","-101","70","-145","-175","0"
"3935","238617.7876645","1164.3976","-308","414","-57","14","-112","62","-143","-174","0"
"3936","238617.7904078","1164.4004","-71","357","-235","21","-107","61","-159","-193","0"
"3937","238617.8015368","1164.4115","2","233","-1463","-5","-119","54","-204","-195","0"
"3938","238617.8042834","1164.4143","254","491","-725","-37","-116","72","-186","-196","0"
"3939","238617.8081004","1164.4181","-122","387","-1311","-47","-92","76","-185","-196","0"
"3940","238617.8107471","1164.4207","-150","402","-2038","-35","-83","98","-191","-212","0"
"3941","238617.8138765","1164.4239","-336","279","-2426","-14","-96","101","-139","-191","0"
"3942","238617.8155008","1164.4255","-620","254","-2918","-12","-99","101","-130","-218","0"
"3943","238617.8168267","1164.4268","-342","379","-1855","-33","-64","60","-139","-218","0"
"3944","238617.8190297","1164.429","-211","198","-2161","-27","-57","15","-137","-212","0"
"3945","238617.8388314","1164.4488","-172","-164","-2114","-25","-83","-7","-178","-201","0"
"3946","238617.8413516","1164.4513","-304","-243","-1377","-24","-67","-9","-161","-204","0"
"3947","238617.8456939","1164.4557","-473","-351","-1696","17","-51","-10","-184","-237","0"
"3948","238617.8525168","1164.4625","-283","-366","-1093","31","-45","-25","-178","-270","0"
"3949","238617.8548864","1164.4649","-510","-638","-1208","20","-59","-46","-181","-289","0"
"3950","238617.8571921","1164.4672","-321","-617","-1435","15","-51","-69","-186","-323","0"
"3951","238617.8671073","1164.4771","-31","-656","-664","39","-38","-84","-179","-347","0"
"3952","238617.8711804","1164.4812","-71","-707","-1210","32","-52","-84","-208","-412","0"
"3953","238617.8765288","1164.4865","-68","-735","-1008","27","-62","-62","-239","-445","0"
"3954","238617.8951459","1164.5051","-72","-766","-1538","24","-94","-46","-246","-444","0"
"3955","238617.8976415","1164.5076","-104","-781","-1938","31","-80","-47","-264","-435","0"
"3956","238617.9006129","1164.5106","-171","-929","-1247","38","-87","-45","-257","-388","0"
"3957","238617.9327523","1164.5427","-494","-1099","-2768","41","-81","-54","-268","-367","0"
"3958","238617.9351414","1164.5451","-335","-1243","-2403","39","-73","-59","-254","-315","0"
"3959","238617.937474","1164.5475","-481","-1294","-2442","33","-25","-54","-263","-286","0"
"3960","238617.9486592","1164.5586","-449","-1356","-2304","29","-9","-56","-247","-308","0"
"3961","238617.9542753","1164.5643","-208","-1354","-1510","48","-2","-10","-225","-307","0"
"3962","238617.9793179","1164.5893","-235","-1529","-2621","55","33","-1","-193","-251","0"
"3963","238617.9943973","1164.6044","-63","-1601","-2094","67","63","-18","-171","-224","0"
"3964","238618.0006629","1164.6106","-221","-1722","-1747","63","69","-40","-144","-179","0"
"3965","238618.0076592","1164.6176","-116","-1530","-1272","43","78","-46","-146","-162","0"
"3966","238618.0181972","1164.6282","127","-1555","-653","53","92","-24","-160","-134","0"
"3967","238618.0281135","1164.6381","157","-1561","-1708","16","100","-26","-150","-128","0"
"3968","238618.0364558","1164.6464","101","-1536","-1669","24","94","-22","-128","-132","0"
"3969","238618.0449106","1164.6549","239","-1497","-1685","31","52","-37","-148","-101","0"
"3970","238618.0698587","1164.6798","193","-1438","-1913","37","41","-43","-160","-101","0"
"3971","238618.0758212","1164.6858","157","-1261","-1140","40","70","-64","-160","-85","0"
"3972","238618.0841693","1164.6942","86","-1400","-1680","93","73","-79","-186","-95","0"
"3973","238618.0914226","1164.7014","118","-1402","-1528","80","85","-105","-190","-126","0"
"3974","238618.1021081","1164.7121","93","-1493","-1377","89","110","-100","-166","-144","0"
"3975","238618.1101882","1164.7202","72","-1695","-1734","109","90","-95","-175","-122","0"
"3976","238618.1214772","1164.7315","242","-1564","-875","143","90","-104","-191","-80","0"
"3977","238618.1313182","1164.7413","236","-1486","-701","136","91","-99","-238","-80","0"
"3978","238618.1457706","1164.7558","479","-1375","-682","135","114","-98","-225","-89","0"
"3979","238618.1574485","1164.7674","532","-1487","-967","125","127","-82","-236","-99","0"
"3980","238618.1745542","1164.7845","375","-1409","-1142","133","106","-86","-224","-125","0"
"3981","238618.1825105","1164.7925","115","-1374","-1247","166","93","-72","-232","-196","0"
"3982","238618.188506","1164.7985","-32","-1433","-2153","199","91","-49","-230","-195","0"
"3983","238618.1951399","1164.8051","-270","-1445","-2589","229","96","-72","-213","-179","0"
"3984","238618.1989288","1164.8089","-47","-1188","-2239","212","103","-111","-194","-207","0"
"3985","238618.2082051","1164.8182","171","-1072","-2188","236","106","-102","-210","-216","0"
"3986","238618.2172047","1164.8272","280","-952","-1850","241","87","-109","-209","-194","0"
"3987","238618.2283049","1164.8383","225","-991","-2519","263","62","-122","-209","-166","0"
"3988","238618.2364745","1164.8465","439","-954","-2525","227","68","-127","-196","-170","0"
"3989","238618.2449258","1164.8549","444","-1008","-2258","210","86","-104","-152","-149","0"
"3990","238618.2557211","1164.8657","426","-1007","-2363","183","101","-92","-125","-148","0"
"3991","238618.2658427","1164.8758","237","-1081","-1734","161","107","-90","-115","-162","0"
"3992","238618.2754467","1164.8854","14","-987","-2296","152","105","-109","-93","-188","0"
"3993","238618.2808586","1164.8908","-223","-1045","-2816","167","101","-94","-97","-227","0"
"3994","238618.2870141","1164.897","-86","-1055","-2748","158","94","-48","-82","-263","0"
"3995","238618.2902128","1164.9002","-45","-1058","-2172","160","72","-16","-94","-279","0"
"3996","238618.294085","1164.9041","42","-969","-1553","190","89","-8","-111","-296","0"
"3997","238618.2989305","1164.9089","-1","-937","-1942","214","88","6","-143","-324","0"
"3998","238618.3029179","1164.9129","7","-631","-2097","205","51","0","-138","-353","0"
"3999","238618.3062749","1164.9163","-185","-415","-2349","163","32","18","-174","-396","0"
"4000","238618.309046","1164.919","-80","-112","-2384","177","54","7","-157","-424","0"
"4001","238618.3115901","1164.9216","168","76","-1720","182","61","7","-137","-391","0"
"4002","238618.3163501","1164.9263","88","161","-1961","157","72","-4","-166","-337","0"
"4003","238618.3267591","1164.9367","-108","80","-1307","140","52","-28","-202","-291","0"
"4004","238618.3299329","1164.9399","-272","-42","-582","156","42","-24","-172","-229","0"
"4005","238618.3323445","1164.9423","-185","-196","-180","170","36","-21","-186","-243","0"
"4006","238618.3339444","1164.9439","-43","-219","613","170","31","-19","-205","-234","0"
"4007","238618.3357869","1164.9458","-208","-381","200","165","6","-37","-215","-225","0"
"4008","238618.3376954","1164.9477","-462","-466","-3","133","16","-19","-197","-211","0"
"4009","238618.3392478","1164.9492","-459","-419","328","138","-14","-2","-201","-219","0"
"4010","238618.3407958","1164.9508","-325","-377","680","159","-25","14","-198","-203","0"
"4011","238618.3539183","1164.9639","-50","-319","1458","143","-28","4","-192","-245","0"
"4012","238618.3566202","1164.9666","-32","-384","1358","132","-33","-14","-194","-220","0"
"4013","238618.3593402","1164.9693","48","-432","1197","107","-26","-34","-192","-189","0"
"4014","238618.3746536","1164.9846","69","-562","728","109","-21","-34","-178","-156","0"
"4015","238618.3771924","1164.9872","56","-479","901","91","-18","-19","-170","-120","0"
"4016","238618.3800564","1164.99","140","-566","900","90","-27","0","-127","-93","0"
"4017","238618.4114999","1165.0215","227","-585","203","37","-50","18","-86","-87","0"
"4018","238618.4138922","1165.0239","190","-676","-144","2","-59","35","-61","-60","0"
"4019","238618.4167355","1165.0267","145","-736","17","3","-44","41","-16","-31","0"
"4020","238618.4553285","1165.0653","325","-522","178","18","-59","25","-15","4","0"
"4021","238618.4579641","1165.0679","723","-178","585","24","-72","41","-7","-5","0"
"4022","238618.4609365","1165.0709","581","-412","-311","33","-88","70","-43","-25","0"
"4023","238618.4683612","1165.0783","440","-611","-578","59","-111","70","-56","-13","0"
"4024","238618.4767408","1165.0867","468","-579","-81","37","-119","60","-65","-13","0"
"4025","238618.4861262","1165.0961","385","-711","431","41","-115","51","-69","-24","0"
"4026","238618.4891384","1165.0991","343","-582","444","63","-94","42","-91","-2","0"
"4027","238618.5013882","1165.1114","154","-666","157","51","-70","34","-91","34","0"
"4028","238618.5078617","1165.1178","181","-377","725","25","-27","44","-85","85","0"
"4029","238618.5168189","1165.1268","438","-464","696","0","-20","47","-84","124","0"
"4030","238618.5215799","1165.1316","690","-281","997","21","-26","52","-57","134","0"
"4031","238618.525402","1165.1354","510","-324","1218","29","-51","77","-10","151","0"
"4032","238618.5300421","1165.14","507","-338","741","-3","-45","52","3","190","0"
"4033","238618.5327503","1165.1427","353","-633","737","-42","-40","32","-3","217","0"
"4034","238618.5352752","1165.1453","469","-582","979","-47","-75","22","7","220","0"
"4035","238618.538013","1165.148","549","-578","423","-12","-105","38","-2","209","0"
"4036","238618.541182","1165.1512","602","-635","698","-39","-105","-16","-6","209","0"
"4037","238618.5435698","1165.1536","479","-589","815","-76","-111","-40","4","199","0"
"4038","238618.5803264","1165.1903","606","-602","268","-87","-128","-37","21","148","0"
"4039","238618.5842097","1165.1942","831","-577","-11","-72","-117","-26","27","99","0"
"4040","238618.5875538","1165.1975","903","-362","-322","-71","-81","-18","11","97","0"
"4041","238618.5951775","1165.2052","774","-520","-252","-52","-57","4","-41","109","0"
"4042","238618.5978942","1165.2079","695","-419","-927","-34","-64","16","-79","110","0"
"4043","238618.6002834","1165.2103","766","-290","-843","-17","-79","33","-98","103","0"
"4044","238618.624891","1165.2349","568","-288","-633","-17","-57","34","-97","82","0"
"4045","238618.6273022","1165.2373","414","-331","-289","-10","-45","33","-84","68","0"
"4046","238618.6297219","1165.2397","425","-348","738","-1","-6","49","-55","67","0"
"4047","238618.634626","1165.2446","420","-452","160","15","-18","59","-45","68","0"
"4048","238618.6368719","1165.2469","386","-746","173","32","-38","64","-32","79","0"
"4049","238618.6414903","1165.2515","427","-776","269","45","-22","59","-3","82","0"
"4050","238618.6603467","1165.2703","466","-672","6","71","1","45","2","82","0"
"4051","238618.6627329","1165.2727","370","-555","-19","55","-23","14","-11","75","0"
"4052","238618.6652697","1165.2753","389","-652","-444","19","-17","34","-3","100","0"
"4053","238618.674254","1165.2842","516","-697","-858","28","-6","44","-24","107","0"
"4054","238618.6772408","1165.2872","448","-556","-634","17","-24","40","44","126","0"
"4055","238618.6823562","1165.2923","547","-395","261","-9","-42","50","113","124","0"
"4056","238618.719671","1165.3297","858","-333","-335","-2","-16","81","102","143","0"
"4057","238618.7216189","1165.3316","1011","-337","-973","9","-10","104","40","90","0"
"4058","238618.7248819","1165.3349","1222","-314","-2105","20","0","90","-7","84","0"
"4059","238618.7444033","1165.3544","1334","-43","-2052","41","-19","75","0","16","0"
"4060","238618.7566041","1165.3666","1198","-257","-2421","34","-41","64","9","28","0"
"4061","238618.772395","1165.3824","1111","-404","-2736","16","-43","86","0","38","0"
"4062","238618.7874861","1165.3975","1274","-273","-2317","-9","-36","96","-18","56","0"
"4063","238618.803259","1165.4132","1033","-453","-3407","-17","-5","123","6","22","0"
"4064","238618.816743","1165.4267","1223","-675","-2868","-7","-5","99","25","-7","0"
"4065","238618.8313829","1165.4414","1476","-571","-2204","19","-3","83","33","8","0"
"4066","238618.8360084","1165.446","1425","-564","-3184","25","1","65","20","41","0"
"4067","238618.8384614","1165.4484","1518","-500","-1873","29","34","73","-2","50","0"
"4068","238618.8414185","1165.4514","1427","-365","-2429","17","62","46","-45","64","0"
"4069","238618.8457904","1165.4558","1370","-461","-1963","13","82","36","-68","46","0"
"4070","238618.8490564","1165.459","1370","-321","-851","15","60","4","-44","37","0"
"4071","238618.8520697","1165.4621","1151","-515","-2605","31","59","18","-67","-10","0"
"4072","238618.8543417","1165.4643","1026","-557","-1667","41","79","-1","-90","-18","0"
"4073","238618.8565488","1165.4665","622","-696","-2861","66","80","-7","-100","-19","0"
"4074","238618.8678971","1165.4779","953","-672","-2003","48","59","37","-109","-29","0"
"4075","238618.8704894","1165.4805","1046","-893","-1224","12","73","63","-130","-47","0"
"4076","238618.872995","1165.483","806","-851","-2704","2","48","46","-161","-58","0"
"4077","238618.8767634","1165.4867","749","-705","-1239","7","29","38","-142","-61","0"
"4078","238618.8812919","1165.4913","478","-807","-2282","18","-9","26","-144","-56","0"
"4079","238618.8861269","1165.4961","715","-781","-1966","14","-34","52","-186","-45","0"
"4080","238618.9065468","1165.5165","762","-764","-575","10","-14","95","-191","11","0"
"4081","238618.9089688","1165.519","693","-938","-1208","2","7","100","-166","22","0"
"4082","238618.9112908","1165.5213","520","-982","-15","-11","-7","100","-182","29","0"
"4083","238618.9323953","1165.5424","118","-1174","-1405","-40","-34","95","-182","49","0"
"4084","238618.9347119","1165.5447","184","-1116","-1002","-59","-41","77","-173","100","0"
"4085","238618.9374749","1165.5475","270","-1014","-191","-67","-43","61","-149","133","0"
"4086","238618.9535491","1165.5635","-78","-1103","-918","-100","-26","56","-146","143","0"
"4087","238618.954921","1165.5649","-100","-1018","-62","-93","13","50","-157","194","0"
"4088","238618.956771","1165.5668","18","-919","-956","-75","40","29","-154","224","0"
"4089","238619.0036842","1165.6137","148","-820","-287","-46","17","49","-156","247","0"
"4090","238619.0051986","1165.6152","197","-804","472","-53","10","52","-126","285","0"
"4091","238619.0078018","1165.6178","279","-690","-430","-50","16","45","-120","272","0"
"4092","238619.0102371","1165.6202","29","-894","378","-43","21","35","-104","236","0"
"4093","238619.011575","1165.6216","213","-886","-462","-37","19","14","-109","216","0"
"4094","238619.0137357","1165.6237","788","-723","-225","-24","-8","1","-121","152","0"
"4095","238619.0525788","1165.6626","677","-798","31","-18","5","-32","-88","96","0"
"4096","238619.0551479","1165.6651","318","-992","-1398","19","7","-8","-86","86","0"
"4097","238619.057437","1165.6674","386","-850","-596","19","26","5","-60","109","0"
"4098","238619.0602358","1165.6702","689","-698","-1439","-6","14","23","-69","101","0"
"4099","238619.0628785","1165.6729","1006","-624","-1698","-51","-21","7","-87","88","0"
"4100","238619.0667743","1165.6768","991","-481","-1324","-20","-37","-5","-105","94","0"
"4101","238619.0902699","1165.7003","570","-509","-1906","55","-9","1","-114","148","0"
"4102","238619.1010445","1165.711","718","-395","-811","79","5","-13","-120","175","0"
"4103","238619.1097655","1165.7197","747","-189","-1530","87","-12","-16","-135","211","0"
"4104","238619.1117598","1165.7217","867","-146","-1614","71","-56","-3","-127","230","0"
"4105","238619.1136908","1165.7237","770","-457","-1228","73","-69","-6","-103","183","0"
"4106","238619.1173491","1165.7273","662","-344","-1382","56","-49","-29","-82","147","0"
"4107","238619.1355432","1165.7455","733","-374","171","73","-24","-41","-50","118","0"
"4108","238619.138541","1165.7485","441","-679","-592","61","-34","-45","-43","118","0"
"4109","238619.151875","1165.7619","431","-682","-414","22","-67","-65","-64","107","0"
"4110","238619.1613226","1165.7713","207","-437","51","-7","-61","-39","-69","107","0"
"4111","238619.1640721","1165.7741","367","-245","-206","-49","-43","-17","-89","46","0"
"4112","238619.1666356","1165.7766","423","-61","-161","-61","-33","1","-73","-7","0"
"4113","238619.1977563","1165.8077","338","156","-1359","-3","-3","-52","-65","-2","0"
"4114","238619.2061205","1165.8161","418","328","-1758","5","39","-75","-68","-17","0"
"4115","238619.2107507","1165.8207","253","779","-1498","-20","57","-79","-94","-36","0"
"4116","238619.2165058","1165.8265","-79","601","-2092","-22","39","-60","-70","-63","0"
"4117","238619.2215369","1165.8315","-114","279","-2406","-18","3","-55","-88","-87","0"
"4118","238619.2256281","1165.8356","-26","155","-2913","6","-12","-48","-98","-123","0"
"4119","238619.2359279","1165.8459","547","-178","-3654","18","-23","-58","-133","-159","0"
"4120","238619.2382562","1165.8482","675","-1051","-3383","16","-37","-46","-150","-180","0"
"4121","238619.2411412","1165.8511","-32","-1769","-4839","14","-36","-52","-187","-234","0"
"4122","238619.2444571","1165.8544","122","-11061","-3095","17","-37","-79","-188","-247","0"
"4123","238619.2467249","1165.8567","164","-32768","-44","27","-71","-104","-177","-251","0"
"4124","238619.2489706","1165.859","-380","-32768","-1754","31","-87","-108","-203","-196","0"
"4125","238619.2639482","1165.8739","-525","-32768","-4042","40","-91","-94","-174","-163","0"
"4126","238619.2664046","1165.8764","-414","-32768","-5181","6","-123","-63","-184","-174","0"
"4127","238619.2691065","1165.8791","-519","-32768","-4709","-2","-146","-40","-156","-176","0"
"4128","238619.2869193","1165.8969","-602","-32768","-5006","-14","-148","-31","-137","-109","0"
"4129","238619.293139","1165.9031","-312","-32768","-3770","-36","-145","-9","-107","-114","0"
"4130","238619.2976558","1165.9076","-422","-32768","-3952","-73","-140","-36","-94","-96","0"
"4131","238619.3127019","1165.9227","-302","-32768","-3952","-65","-151","-58","-117","-89","0"
"4132","238619.3155437","1165.9255","-454","-32768","-3571","-83","-182","-57","-116","-100","0"
"4133","238619.3180906","1165.9281","-512","-32768","-3483","-79","-189","-72","-83","-94","0"
"4134","238619.3444783","1165.9545","-430","-32768","-2876","-73","-187","-91","-93","-100","0"
"4135","238619.3576809","1165.9677","-122","-32768","-2219","-91","-224","-80","-96","-146","0"
"4136","238619.3611644","1165.9711","-197","-32768","-2277","-93","-250","-101","-78","-188","0"
"4137","238619.3748313","1165.9848","-76","-32768","-2078","-94","-251","-130","-80","-199","0"
"4138","238619.384775","1165.9948","-177","-32768","-1693","-76","-229","-109","-43","-183","0"
"4139","238619.394064","1166.004","-350","-32768","-804","-89","-217","-97","-19","-184","0"
"4140","238619.4092404","1166.0192","-447","-32768","-596","-91","-213","-108","-22","-208","0"
"4141","238619.4212318","1166.0312","-408","-32768","-691","-81","-202","-92","-55","-242","0"
"4142","238619.4238337","1166.0338","-571","-32768","-883","-61","-175","-85","-56","-273","0"
"4143","238619.4267334","1166.0367","-549","-32498","-1296","-86","-164","-94","-54","-309","0"
"4144","238619.4295801","1166.0396","-112","-31248","-792","-61","-183","-104","-54","-343","0"
"4145","238619.4323234","1166.0423","-98","-30027","-326","-45","-173","-113","-76","-362","0"
"4146","238619.4420407","1166.052","-54","-28900","-432","-19","-154","-147","-96","-413","0"
"4147","238619.4447813","1166.0548","-71","-27813","-539","6","-144","-124","-119","-452","0"
"4148","238619.4487137","1166.0587","-217","-26575","-557","1","-108","-80","-132","-475","0"
"4149","238619.4688855","1166.0789","-362","-25722","-203","-25","-86","-55","-155","-485","0"
"4150","238619.4714445","1166.0814","-185","-24643","127","-21","-113","-62","-183","-486","0"
"4151","238619.4738748","1166.0839","-184","-23623","-351","-15","-146","-52","-169","-523","0"
"4152","238619.4884552","1166.0984","-156","-22811","-290","14","-138","-34","-174","-512","0"
"4153","238619.4910459","1166.101","-48","-21562","298","31","-99","2","-160","-497","0"
"4154","238619.4935637","1166.1035","113","-20636","-68","40","-65","-4","-157","-429","0"
"4155","238619.5053652","1166.1153","214","-19669","136","13","-68","-10","-122","-418","0"
"4156","238619.5091046","1166.1191","166","-19046","1185","9","-38","1","-97","-402","0"
"4157","238619.5144631","1166.1244","79","-18508","655","-1","-18","21","-65","-389","0"
"4158","238619.5438192","1166.1538","-40","-17763","2073","13","-25","37","-40","-360","0"
"4159","238619.5475443","1166.1575","-71","-17058","3187","-32","-32","49","1","-325","0"
"4160","238619.5504537","1166.1604","-98","-16180","3798","-56","-8","54","8","-328","0"
"4161","238619.5522286","1166.1622","-56","-15581","4325","-76","28","9","25","-381","0"
"4162","238619.5556772","1166.1657","-266","-15027","3588","-52","25","-2","54","-396","0"
"4163","238619.5625893","1166.1726","-85","-14538","4201","-62","32","2","87","-432","0"
"4164","238619.5925039","1166.2025","62","-13904","4337","-70","65","-6","105","-441","0"
"4165","238619.5962377","1166.2062","207","-13434","3883","-75","49","-12","84","-446","0"
"4166","238619.60165","1166.2116","-277","-12979","5364","-96","40","-10","84","-405","0"
"4167","238619.6096428","1166.2196","-983","-12800","2384","-100","38","-29","60","-405","0"
"4168","238619.6146665","1166.2246","-933","-12164","2551","-76","66","-8","4","-463","0"
"4169","238619.6195918","1166.2296","-789","-11676","2394","-20","57","10","-8","-463","0"
"4170","238619.6260982","1166.2361","-738","-11325","1678","-45","55","6","-17","-456","0"
"4171","238619.6299823","1166.24","-450","-10857","3524","-73","90","2","-6","-445","0"
"4172","238619.6332455","1166.2432","-596","-10499","2104","-111","94","-6","-45","-422","0"
"4173","238619.6423059","1166.2523","-738","-10149","2440","-118","98","10","-26","-403","0"
"4174","238619.6536516","1166.2636","-521","-8936","2849","-159","96","29","20","-396","0"
"4175","238619.6563295","1166.2663","-73","-7642","2055","-163","94","34","2","-395","0"
"4176","238619.6692681","1166.2793","137","-6627","3157","-152","104","26","22","-391","0"
"4177","238619.671625","1166.2816","-363","-5817","2050","-137","126","47","31","-384","0"
"4178","238619.6739459","1166.2839","-320","-4751","1658","-147","111","42","32","-357","0"
"4179","238619.6918753","1166.3019","-150","-3719","1955","-153","93","53","77","-317","0"
"4180","238619.6947802","1166.3048","-61","-2363","1883","-149","73","88","112","-348","0"
"4181","238619.6976851","1166.3077","75","-568","3148","-123","91","119","124","-336","0"
"4182","238619.7207041","1166.3307","-140","2917","954","-154","94","102","81","-370","0"
"4183","238619.7235466","1166.3335","-157","19673","-772","-136","113","104","68","-332","0"
"4184","238619.7262415","1166.3362","-84","32767","-438","-131","131","79","94","-269","0"
"4185","238619.7496584","1166.3596","10","32767","570","-171","114","86","79","-252","0"
"4186","238619.7542144","1166.3642","73","32767","3203","-213","80","114","96","-261","0"
"4187","238619.7571803","1166.3672","271","32767","2155","-225","78","94","113","-279","0"
"4188","238619.7655167","1166.3755","394","32608","1949","-209","132","47","98","-321","0"
"4189","238619.7705381","1166.3805","515","31493","2355","-190","169","33","61","-368","0"
"4190","238619.7742937","1166.3843","324","31447","3791","-186","147","52","51","-405","0"
"4191","238619.7873799","1166.3974","372","29331","2766","-148","137","30","32","-425","0"
"4192","238619.7900009","1166.4","330","28514","1530","-93","172","3","4","-415","0"
"4193","238619.7936242","1166.4036","245","26919","1009","-95","198","-6","2","-405","0"
"4194","238619.8288297","1166.4388","185","26065","2521","-90","214","-13","-9","-374","0"
"4195","238619.8316963","1166.4417","575","25835","1878","-66","193","-32","-55","-318","0"
"4196","238619.83548","1166.4455","378","24787","1431","-64","173","-39","-24","-296","0"
"4197","238619.8514098","1166.4614","318","24385","116","-105","153","-28","8","-260","0"
"4198","238619.8541533","1166.4641","132","24049","1091","-127","119","-59","-9","-235","0"
"4199","238619.8566643","1166.4666","379","23503","764","-141","74","-54","8","-232","0"
"4200","238619.8757326","1166.4857","446","23209","1762","-154","63","-40","40","-256","0"
"4201","238619.8782202","1166.4882","455","22627","1025","-105","37","-36","43","-218","0"
"4202","238619.8833743","1166.4934","746","22401","1533","-82","13","-14","22","-176","0"
"4203","238619.9281779","1166.5382","520","21868","1389","-85","-15","-20","15","-145","0"
"4204","238619.9305557","1166.5405","445","21670","1573","-93","-33","-29","7","-138","0"
"4205","238619.9332441","1166.5432","511","21369","1904","-112","-15","-44","11","-148","0"
"4206","238619.9359477","1166.5459","327","20923","2554","-138","-29","-17","-3","-133","0"
"4207","238619.9401281","1166.5501","761","20595","2269","-134","-27","-10","-3","-102","0"
"4208","238619.9549307","1166.5649","823","20066","2615","-123","-34","-10","1","-62","0"
"4209","238619.9581649","1166.5681","839","19608","3090","-144","-42","-17","-20","-4","0"
"4210","238619.9607962","1166.5708","926","19544","4600","-154","-31","-25","-24","20","0"
"4211","238619.9640046","1166.574","1221","19689","3117","-148","-38","-9","-22","-22","0"
"4212","238619.9761804","1166.5862","541","19538","3570","-112","-83","-7","-9","-16","0"
"4213","238619.9795832","1166.5896","392","18843","2821","-96","-92","-18","-23","-36","0"
"4214","238619.9826033","1166.5926","769","18672","3420","-92","-88","-43","-44","-74","0"
"4215","238619.9914158","1166.6014","826","18960","3066","-93","-83","-41","-17","-69","0"
"4216","238619.9937112","1166.6037","939","19025","3114","-100","-76","-8","6","-28","0"
"4217","238619.9959275","1166.6059","608","18699","2802","-105","-88","-34","-9","7","0"
"4218","238620.0197198","1166.6297","606","18197","2995","-92","-88","-66","-4","29","0"
"4219","238620.0240466","1166.634","887","17757","4107","-120","-56","-61","35","51","0"
"4220","238620.0296237","1166.6396","927","17293","3638","-117","-29","-70","33","115","0"
"4221","238620.0338181","1166.6438","852","16927","4393","-94","-23","-112","9","182","0"
"4222","238620.0364328","1166.6464","862","16500","4490","-61","1","-129","5","213","0"
"4223","238620.0389266","1166.6489","781","15831","4148","-88","0","-91","23","253","0"
"4224","238620.0550006","1166.665","951","15377","5121","-106","-23","-62","27","335","0"
"4225","238620.0574312","1166.6674","1018","14692","4767","-122","-15","-30","49","383","0"
"4226","238620.0617463","1166.6717","683","14169","4622","-153","19","-30","54","423","0"
"4227","238620.0948341","1166.7048","857","13859","4605","-172","63","-18","51","438","0"
"4228","238620.0975812","1166.7076","837","13463","4954","-208","86","-12","30","475","0"
"4229","238620.1005992","1166.7106","1044","13060","5491","-216","95","-37","59","482","0"
"4230","238620.1201251","1166.7301","896","12614","6072","-210","52","-48","45","540","0"
"4231","238620.1208485","1166.7308","910","12311","5517","-244","28","-56","70","568","0"
"4232","238620.1217186","1166.7317","914","11739","5372","-259","11","-61","117","561","0"
"4233","238620.1314847","1166.7415","893","11593","4917","-225","41","-38","153","562","0"
"4234","238620.132609","1166.7426","1192","11480","5218","-217","57","-31","201","604","0"
"4235","238620.1348751","1166.7449","1422","11341","5546","-225","53","-61","193","635","0"
"4236","238620.1555048","1166.7655","1214","11654","5063","-181","30","-52","171","655","0"
"4237","238620.1621556","1166.7721","945","11937","4597","-177","13","-75","181","709","0"
"4238","238620.166685","1166.7767","801","12097","4296","-182","0","-79","174","753","0"
"4239","238620.2004002","1166.8104","834","13042","5079","-175","-8","-85","101","751","0"
"4240","238620.2041172","1166.8141","860","13434","5557","-149","6","-83","111","734","0"
"4241","238620.209327","1166.8193","740","12974","5378","-137","24","-97","146","683","0"
"4242","238620.2320384","1166.842","566","12405","4983","-151","35","-102","181","653","0"
"4243","238620.234242","1166.8442","363","12244","5012","-160","29","-93","161","607","0"
"4244","238620.2359053","1166.8459","471","12020","5601","-163","-7","-110","144","567","0"
"4245","238620.2494161","1166.8594","667","11928","5676","-137","26","-101","137","545","0"
"4246","238620.2523476","1166.8623","727","11557","5549","-121","22","-85","124","524","0"
"4247","238620.2554685","1166.8655","237","10845","5345","-130","12","-54","115","526","0"
"4248","238620.2745349","1166.8845","73","10394","4682","-134","26","-44","97","543","0"
"4249","238620.2770583","1166.887","240","10075","5360","-140","41","-34","107","534","0"
"4250","238620.2799035","1166.8899","350","9748","4634","-124","29","-42","109","528","0"
"4251","238620.3018599","1166.9118","221","9135","4498","-93","19","-29","62","492","0"
"4252","238620.3057149","1166.9157","289","8670","3586","-67","8","-25","54","468","0"
"4253","238620.3112746","1166.9213","435","8323","3005","-51","5","-38","60","442","0"
"4254","238620.3274668","1166.9375","390","7899","2899","-39","12","-47","57","382","0"
"4255","238620.3303524","1166.9403","289","7569","2973","-37","19","-20","55","311","0"
"4256","238620.3328099","1166.9428","232","7181","2561","7","29","-24","70","280","0"
"4257","238620.3357689","1166.9458","19","6663","1242","21","44","-9","73","301","0"
"4258","238620.3385696","1166.9486","18","6438","1272","-5","31","36","70","306","0"
"4259","238620.3425644","1166.9525","259","6491","2438","-46","20","78","66","299","0"
"4260","238620.347538","1166.9575","174","6294","2489","-47","-8","100","84","290","0"
"4261","238620.3500138","1166.96","141","5892","2213","-49","-21","108","78","288","0"
"4262","238620.3536827","1166.9637","200","5632","1705","-52","-48","115","62","309","0"
"4263","238620.3737685","1166.9838","139","5340","1614","-76","-54","118","37","327","0"
"4264","238620.3754096","1166.9854","444","5133","1794","-92","-50","106","39","334","0"
"4265","238620.3775332","1166.9875","312","4849","1210","-91","-57","98","65","288","0"
"4266","238620.3919581","1167.0019","223","4719","844","-110","-61","66","65","243","0"
"4267","238620.3945211","1167.0045","42","4342","-317","-89","-59","54","59","197","0"
"4268","238620.3967759","1167.0068","-209","4070","-710","-68","-60","16","74","140","0"
"4269","238620.4182245","1167.0282","-43","4214","176","-56","-73","16","90","75","0"
"4270","238620.4200278","1167.03","277","4092","356","-18","-71","20","43","7","0"
"4271","238620.4222359","1167.0322","368","3808","417","-16","-52","25","43","15","0"
"4272","238620.4278614","1167.0378","272","3481","96","-24","-13","28","61","23","0"
"4273","238620.4303076","1167.0403","197","3032","943","-22","27","31","67","63","0"
"4274","238620.4326184","1167.0426","320","2766","1878","0","56","35","54","66","0"
"4275","238620.4662276","1167.0762","582","2644","1875","-8","9","27","16","29","0"
"4276","238620.4698061","1167.0798","555","2557","1576","4","-10","12","16","8","0"
"4277","238620.4812729","1167.0913","163","2231","923","-28","-30","-14","10","24","0"
"4278","238620.4831689","1167.0932","1","2055","-230","-8","-43","-38","-1","-31","0"
"4279","238620.4845413","1167.0945","308","2248","456","4","-87","-72","-17","-71","0"
"4280","238620.4858491","1167.0958","492","2190","479","12","-129","-75","28","-106","0"
"4281","238620.5215737","1167.1316","247","2164","-19","12","-147","-51","14","-136","0"
"4282","238620.5254938","1167.1355","249","1936","-825","10","-145","-38","34","-166","0"
"4283","238620.5272898","1167.1373","307","1961","-1303","-25","-142","-25","63","-195","0"
"4284","238620.5362875","1167.1463","463","1804","-1303","-33","-146","6","45","-217","0"
"4285","238620.5387894","1167.1488","409","1639","-1179","-16","-111","-18","8","-180","0"
"4286","238620.5415039","1167.1515","721","1630","-1013","-8","-66","-58","16","-132","0"
"4287","238620.5669476","1167.1769","691","1691","-1296","3","-47","-76","24","-100","0"
"4288","238620.5708911","1167.1809","620","1507","-1373","-23","-13","-69","29","-102","0"
"4289","238620.5736568","1167.1836","589","1304","-820","-29","-1","-59","11","-137","0"
"4290","238620.5830939","1167.1931","801","1281","-654","-24","-2","-55","-1","-125","0"
"4291","238620.5857117","1167.1957","555","1109","-1198","-50","-43","-71","-9","-108","0"
"4292","238620.5905492","1167.2005","512","1107","-1097","-67","-79","-59","6","-67","0"
"4293","238620.63797","1167.248","367","1140","-518","-94","-78","-90","23","-24","0"
"4294","238620.6412262","1167.2512","184","859","125","-90","-65","-93","16","21","0"
"4295","238620.6425859","1167.2526","237","843","73","-84","-25","-94","-22","60","0"
"4296","238620.66219","1167.2722","327","657","-282","-65","-23","-95","-40","84","0"
"4297","238620.6671247","1167.2771","527","777","-215","-44","-61","-117","-45","85","0"
"4298","238620.6721741","1167.2822","609","755","-598","-3","-66","-114","-46","55","0"
"4299","238620.6769494","1167.2869","801","725","-169","30","-80","-112","-36","49","0"
"4300","238620.6814676","1167.2915","859","598","460","27","-66","-68","-6","71","0"
"4301","238620.6839083","1167.2939","895","490","-429","21","-83","-47","25","83","0"
"4302","238620.6865351","1167.2965","837","578","-124","36","-71","-55","35","72","0"
"4303","238620.6892699","1167.2993","686","523","-65","38","-57","-66","33","34","0"
"4304","238620.6931807","1167.3032","601","415","841","60","6","-93","37","32","0"
"4305","238620.7028405","1167.3128","896","410","988","68","18","-112","7","39","0"
"4306","238620.7088703","1167.3189","554","452","709","39","-4","-147","19","0","0"
"4307","238620.7113287","1167.3213","412","434","272","33","-10","-134","16","38","0"
"4308","238620.7314645","1167.3414","266","448","562","33","-25","-106","-12","94","0"
"4309","238620.7349118","1167.3449","439","536","1129","25","-43","-101","-15","104","0"
"4310","238620.7373966","1167.3474","244","424","1609","-7","-37","-131","-16","80","0"
"4311","238620.7643861","1167.3744","383","462","1393","-32","-53","-98","-20","85","0"
"4312","238620.783716","1167.3937","147","243","1762","-25","-36","-59","-14","49","0"
"4313","238620.7888548","1167.3988","199","311","2281","18","-32","-22","-4","6","0"
"4314","238620.7976117","1167.4076","169","171","2684","19","10","-18","-14","-38","0"
"4315","238620.8032466","1167.4132","251","266","3216","53","17","-20","-18","-49","0"
"4316","238620.8081037","1167.4181","-146","206","2549","53","28","-9","-9","-52","0"
"4317","238620.8143372","1167.4243","-68","202","2451","26","31","-30","-41","-55","0"
"4318","238620.8189433","1167.4289","174","432","2345","4","67","-58","-84","-61","0"
"4319","238620.8233358","1167.4333","193","580","2866","32","59","-36","-65","-33","0"
"4320","238620.8437945","1167.4538","19","762","2775","81","50","-7","-54","-10","0"
"4321","238620.846161","1167.4561","4","823","2032","61","37","-5","-42","2","0"
"4322","238620.8486441","1167.4586","15","1006","1660","66","40","11","-65","10","0"
"4323","238620.8761693","1167.4862","-93","843","2034","97","54","19","-83","-4","0"
"4324","238620.88009","1167.4901","-128","934","2267","140","85","23","-83","7","0"
"4325","238620.8849077","1167.4949","-273","853","3099","91","101","29","-68","21","0"
"4326","238620.8877031","1167.4977","-457","677","2791","55","115","22","-53","11","0"
"4327","238620.8925876","1167.5026","-386","650","3580","40","125","36","-29","5","0"
"4328","238620.8970757","1167.5071","-265","640","4193","69","138","48","23","58","0"
"4329","238620.9088822","1167.5189","-93","654","6662","57","117","22","28","77","0"
"4330","238620.9142405","1167.5242","87","516","7678","41","103","19","49","94","0"
"4331","238620.9189135","1167.5289","65","335","6832","68","86","26","47","114","0"
"4332","238620.9267971","1167.5368","-51","403","5756","76","105","19","79","81","0"
"4333","238620.9315001","1167.5415","-163","535","5938","55","147","-5","145","104","0"
"4334","238620.9376177","1167.5476","50","664","5683","29","168","-3","128","138","0"
"4335","238620.9453794","1167.5554","-53","598","5923","58","164","15","105","164","0"
"4336","238620.9487686","1167.5588","-98","481","5250","27","177","29","68","148","0"
"4337","238620.9524341","1167.5624","-194","443","5260","8","153","62","82","160","0"
"4338","238620.9834249","1167.5934","-113","648","5455","-6","166","31","76","113","0"
"4339","238620.98819","1167.5982","32","667","4750","0","164","13","90","138","0"
"4340","238620.9896132","1167.5996","90","548","4808","10","173","7","61","159","0"
"4341","238621.0107492","1167.6207","125","677","4244","22","187","19","56","195","0"
"4342","238621.0122513","1167.6222","274","696","4013","12","159","32","73","160","0"
"4343","238621.0156121","1167.6256","504","663","3095","4","149","58","79","105","0"
"4344","238621.0243153","1167.6343","715","929","3480","24","145","58","50","84","0"
"4345","238621.025664","1167.6356","734","1138","3264","38","134","55","31","46","0"
"4346","238621.0282511","1167.6382","626","1096","2884","36","124","41","-1","46","0"
"4347","238621.0338541","1167.6438","589","1263","2086","1","99","46","-29","25","0"
"4348","238621.0363821","1167.6464","599","1356","2319","-10","83","34","-32","5","0"
"4349","238621.0478502","1167.6578","442","1271","3054","25","58","66","-30","-44","0"
"4350","238621.0817469","1167.6917","459","1460","2571","48","50","63","-45","-28","0"
"4351","238621.0841845","1167.6942","269","1430","1816","39","53","51","-59","-35","0"
"4352","238621.0865779","1167.6966","-3","1090","642","81","68","70","-57","-39","0"
"4353","238621.0925928","1167.7026","-254","1003","916","80","57","79","-50","-25","0"
"4354","238621.0939583","1167.7039","-373","999","1899","110","70","59","-36","-23","0"
"4355","238621.0962077","1167.7062","-504","945","1285","121","85","55","-1","-19","0"
"4356","238621.1074706","1167.7175","-768","697","998","143","93","58","22","4","0"
"4357","238621.108822","1167.7188","-490","736","1275","118","76","42","67","37","0"
"4358","238621.1105754","1167.7206","-443","663","1892","133","89","50","62","57","0"
"4359","238621.1357045","1167.7457","-41","812","2964","96","84","52","68","111","0"
"4360","238621.1393422","1167.7493","-93","579","2616","85","85","36","62","197","0"
"4361","238621.141846","1167.7518","-36","522","3082","72","48","34","64","272","0"
"4362","238621.1576956","1167.7677","51","381","2186","39","56","-15","39","298","0"
"4363","238621.1599667","1167.77","-10","285","2145","-38","43","9","95","321","0"
"4364","238621.1623627","1167.7723","139","393","3000","-81","51","15","154","403","0"
"4365","238621.1781787","1167.7882","228","325","1603","-135","64","-1","181","417","0"
"4366","238621.1813809","1167.7914","297","164","1505","-115","77","-46","180","419","0"
"4367","238621.1881409","1167.7981","109","-310","231","-130","40","-56","188","432","0"
"4368","238621.2024713","1167.8125","55","-435","9","-114","2","-44","201","433","0"
"4369","238621.2078034","1167.8178","392","-360","254","-81","3","4","204","414","0"
"4370","238621.2120275","1167.822","564","-552","-428","-45","-2","28","177","442","0"
"4371","238621.2236831","1167.8337","482","-671","-732","-35","-28","43","174","426","0"
"4372","238621.2281595","1167.8381","281","-865","-1607","-34","-14","77","148","436","0"
"4373","238621.2344693","1167.8445","284","-1091","-1464","-42","-9","72","73","422","0"
"4374","238621.2496284","1167.8596","594","-1082","-608","-26","-22","75","41","407","0"
"4375","238621.2543069","1167.8643","747","-940","-1028","-2","-40","79","61","387","0"
"4376","238621.2582222","1167.8682","441","-941","-1629","9","-25","81","80","382","0"
"4377","238621.2677371","1167.8777","207","-1100","-2390","15","-20","96","103","381","0"
"4378","238621.270193","1167.8802","283","-1129","-2311","27","8","105","115","379","0"
"4379","238621.2724786","1167.8825","415","-1084","-1400","17","38","129","101","352","0"
"4380","238621.2953048","1167.9053","600","-1263","-2448","7","61","145","55","300","0"
"4381","238621.2978082","1167.9078","602","-1374","-2856","-12","92","113","24","247","0"
"4382","238621.3004855","1167.9105","596","-1294","-3914","1","84","86","42","203","0"
"4383","238621.3456702","1167.9557","291","-1234","-4351","2","52","91","10","152","0"
"4384","238621.3481323","1167.9581","193","-1243","-3345","-14","30","91","-12","93","0"
"4385","238621.3633689","1167.9734","439","-1192","-3615","-28","18","62","13","48","0"
"4386","238621.3718575","1167.9818","215","-1339","-4346","16","25","46","38","46","0"
"4387","238621.3732723","1167.9833","151","-1433","-4772","53","50","11","4","-14","0"
"4388","238621.3747713","1167.9848","313","-1360","-3684","63","63","-9","8","-49","0"
"4389","238621.4065038","1168.0165","285","-1396","-3425","43","86","7","-12","-105","0"
"4390","238621.4092346","1168.0192","303","-1144","-3416","72","75","27","-54","-153","0"
"4391","238621.4113835","1168.0214","321","-1129","-4554","81","56","3","-85","-187","0"
"4392","238621.4139497","1168.0239","162","-1184","-5540","59","37","4","-103","-186","0"
"4393","238621.4150856","1168.0251","222","-1170","-5214","92","5","18","-106","-151","0"
"4394","238621.4164809","1168.0265","410","-929","-3803","98","-4","31","-164","-195","0"
"4395","238621.438643","1168.0486","478","-962","-4125","125","8","-4","-158","-234","0"
"4396","238621.450021","1168.06","424","-991","-5419","157","22","22","-139","-299","0"
"4397","238621.4560821","1168.0661","234","-984","-5292","143","0","31","-141","-267","0"
"4398","238621.4763107","1168.0863","212","-581","-5036","93","-25","22","-140","-197","0"
"4399","238621.4842293","1168.0942","215","-299","-4133","91","-10","34","-106","-184","0"
"4400","238621.4895611","1168.0995","223","-225","-4198","80","-12","41","-91","-215","0"
"4401","238621.4977949","1168.1078","115","-264","-5357","103","-21","48","-110","-246","0"
"4402","238621.5047204","1168.1147","363","-133","-5538","120","-33","58","-91","-247","0"
"4403","238621.5079665","1168.1179","429","-22","-5382","97","-27","72","-117","-295","0"
"4404","238621.510833","1168.1208","466","-60","-4755","86","-29","74","-136","-320","0"
"4405","238621.512801","1168.1228","481","-103","-4717","106","-24","65","-180","-343","0"
"4406","238621.5156744","1168.1257","292","-269","-5727","141","-52","36","-184","-367","0"
"4407","238621.5188893","1168.1289","339","-238","-5544","151","-72","29","-193","-381","0"
"4408","238621.52138","1168.1314","136","-467","-5123","124","-65","20","-180","-383","0"
"4409","238621.5232778","1168.1333","683","-171","-4560","136","-63","-4","-194","-412","0"
"4410","238621.5572043","1168.1672","692","-297","-4868","159","-86","6","-198","-390","0"
"4411","238621.5589812","1168.169","431","-483","-5792","186","-111","41","-228","-377","0"
"4412","238621.5618577","1168.1718","678","-360","-5604","217","-120","44","-241","-382","0"
"4413","238621.5692396","1168.1792","752","-357","-5736","264","-110","26","-269","-366","0"
"4414","238621.5728494","1168.1828","853","-490","-5269","284","-107","17","-291","-349","0"
"4415","238621.5755533","1168.1855","975","-340","-5145","276","-103","-6","-283","-345","0"
"4416","238621.5959964","1168.206","1163","-146","-7146","290","-109","-2","-283","-317","0"
"4417","238621.6003754","1168.2104","934","-253","-7084","321","-110","-23","-297","-273","0"
"4418","238621.6034233","1168.2134","802","-321","-6614","283","-134","-20","-291","-246","0"
"4419","238621.6340595","1168.244","829","-276","-5994","210","-126","10","-265","-249","0"
"4420","238621.6371873","1168.2472","1043","-52","-5762","215","-131","17","-217","-254","0"
"4421","238621.6398526","1168.2498","591","-358","-6463","213","-128","-9","-198","-236","0"
"4422","238621.6553293","1168.2653","520","-348","-6944","231","-139","-40","-154","-184","0"
"4423","238621.6578188","1168.2678","519","-322","-6500","275","-117","-58","-128","-102","0"
"4424","238621.6603926","1168.2704","461","-306","-5746","273","-112","-51","-80","-37","0"
"4425","238621.663134","1168.2731","435","-242","-5290","213","-131","-20","-49","-37","0"
"4426","238621.6658313","1168.2758","654","-367","-6149","178","-154","9","-18","-5","0"
"4427","238621.6682989","1168.2783","712","-357","-5703","170","-167","16","-27","34","0"
"4428","238621.7079191","1168.3179","750","-437","-4905","138","-142","9","-53","51","0"
"4429","238621.7104703","1168.3205","633","-471","-4075","118","-159","2","-24","58","0"
"4430","238621.7147575","1168.3247","585","-769","-3665","101","-197","22","-29","81","0"
"4431","238621.7183109","1168.3283","550","-745","-3859","68","-247","-5","-18","90","0"
"4432","238621.7207468","1168.3307","573","-791","-3573","77","-245","-39","-7","109","0"
"4433","238621.7230983","1168.3331","334","-788","-3593","97","-231","-58","54","154","0"
"4434","238621.7341908","1168.3442","470","-608","-3119","101","-237","-61","69","188","0"
"4435","238621.7370083","1168.347","415","-498","-3251","101","-214","-85","52","191","0"
"4436","238621.7399679","1168.35","125","-663","-4330","97","-192","-68","28","173","0"
"4437","238621.7694811","1168.3795","231","-531","-3859","122","-158","-97","25","138","0"
"4438","238621.7722411","1168.3822","245","-542","-3500","121","-142","-138","-1","118","0"
"4439","238621.7766885","1168.3867","295","-561","-2991","141","-107","-153","17","142","0"
"4440","238621.7792783","1168.3893","386","-698","-3165","169","-98","-155","28","131","0"
"4441","238621.7815577","1168.3915","472","-635","-4183","222","-81","-143","10","133","0"
"4442","238621.7838482","1168.3938","299","-587","-4581","209","-79","-121","15","152","0"
"4443","238621.7996899","1168.4097","307","-622","-4569","185","-61","-101","25","185","0"
"4444","238621.8027736","1168.4128","664","-497","-4264","196","-85","-127","30","170","0"
"4445","238621.8065263","1168.4165","590","-589","-4112","181","-105","-126","55","178","0"
"4446","238621.8214803","1168.4315","457","-579","-4729","137","-110","-132","52","207","0"
"4447","238621.8231649","1168.4331","724","-489","-4945","103","-82","-146","62","251","0"
"4448","238621.8255554","1168.4355","592","-411","-5249","119","-78","-157","102","291","0"
"4449","238621.8526308","1168.4626","595","-448","-5012","100","-46","-143","115","336","0"
"4450","238621.855078","1168.4651","726","-449","-4520","59","-21","-154","112","366","0"
"4451","238621.8573967","1168.4674","630","-377","-5150","43","-18","-147","138","324","0"
"4452","238621.8804479","1168.4904","473","-336","-4585","62","-26","-151","168","262","0"
"4453","238621.8820783","1168.4921","615","-406","-4200","66","-23","-187","165","262","0"
"4454","238621.8842691","1168.4943","594","-458","-3958","53","-32","-163","169","262","0"
"4455","238621.895904","1168.5059","661","-367","-3811","102","-70","-143","165","211","0"
"4456","238621.8984786","1168.5085","353","-399","-5295","141","-83","-143","121","114","0"
"4457","238621.9018685","1168.5119","254","-478","-5361","135","-66","-138","120","57","0"
"4458","238621.9220364","1168.532","418","-388","-5493","123","-38","-106","114","-8","0"
"4459","238621.9246818","1168.5347","439","-491","-5406","134","-22","-86","114","-72","0"
"4460","238621.9271072","1168.5371","397","-492","-5031","139","4","-79","81","-112","0"
"4461","238621.9442886","1168.5543","47","-490","-5756","131","31","-91","85","-76","0"
"4462","238621.9459482","1168.5559","-115","-525","-5547","133","25","-113","53","-110","0"
"4463","238621.9474878","1168.5575","6","-538","-5104","180","24","-145","56","-163","0"
"4464","238621.9670466","1168.577","228","-621","-4941","206","24","-132","17","-180","0"
"4465","238621.9694281","1168.5794","80","-711","-4710","187","9","-129","9","-151","0"
"4466","238621.9716496","1168.5816","81","-615","-5327","171","29","-108","-15","-127","0"
"4467","238622.0069133","1168.6169","11","-595","-5597","204","12","-90","-11","-94","0"
"4468","238622.0085071","1168.6185","27","-550","-4739","189","-10","-63","5","-80","0"
"4469","238622.0102974","1168.6203","234","-419","-3962","172","-38","-49","34","-90","0"
"4470","238622.0307022","1168.6407","530","-161","-3362","143","-17","-15","69","-116","0"
"4471","238622.0347322","1168.6447","419","-132","-4083","125","-5","-38","85","-149","0"
"4472","238622.0380104","1168.648","597","-132","-4199","159","-2","-24","87","-181","0"
"4473","238622.0610339","1168.671","818","-94","-3934","178","-27","11","77","-225","0"
"4474","238622.0733099","1168.6833","973","-84","-3737","201","-61","20","68","-267","0"
"4475","238622.0812313","1168.6912","1038","-141","-3246","232","-70","47","66","-290","0"
"4476","238622.0898539","1168.6998","822","-346","-4191","269","-61","51","85","-261","0"
"4477","238622.0975613","1168.7075","728","-527","-4017","276","-46","28","69","-245","0"
"4478","238622.1044575","1168.7144","783","-530","-4256","223","-54","32","67","-229","0"
"4479","238622.1109017","1168.7209","626","-473","-4123","237","-10","41","24","-183","0"
"4480","238622.1145582","1168.7245","715","-306","-3140","235","2","40","-1","-91","0"
"4481","238622.119312","1168.7293","564","-465","-3898","233","-28","48","-8","-67","0"
"4482","238622.1641244","1168.7741","628","-526","-3759","232","-30","52","30","-58","0"
"4483","238622.1675302","1168.7775","543","-676","-3217","250","11","56","41","-42","0"
"4484","238622.1701105","1168.7801","474","-695","-2597","195","-1","62","44","17","0"
"4485","238622.1731521","1168.7831","310","-606","-2180","152","-6","78","38","94","0"
"4486","238622.1852899","1168.7953","120","-751","-2311","107","-2","48","64","107","0"
"4487","238622.1880597","1168.798","336","-699","-1844","108","23","44","109","92","0"
"4488","238622.1909924","1168.801","342","-638","-1657","93","44","42","127","59","0"
"4489","238622.1929171","1168.8029","264","-579","-1070","75","52","56","152","15","0"
"4490","238622.1942825","1168.8043","425","-424","-183","74","71","50","156","-16","0"
"4491","238622.1958022","1168.8058","394","-366","-1249","117","86","46","135","-37","0"
"4492","238622.1972905","1168.8073","358","-394","-1545","99","67","24","116","-50","0"
"4493","238622.1990047","1168.809","394","-343","-1371","67","36","-7","118","-41","0"
"4494","238622.2171982","1168.8272","528","-453","-762","70","50","-3","91","-77","0"
"4495","238622.2208503","1168.8308","330","-649","-1126","73","22","-7","103","-144","0"
"4496","238622.2232255","1168.8332","601","-377","-1627","63","9","4","111","-181","0"
"4497","238622.2408031","1168.8508","831","-203","-1551","40","6","29","94","-243","0"
"4498","238622.2433635","1168.8533","1223","158","-1486","59","41","32","53","-278","0"
"4499","238622.2479897","1168.858","1411","407","-1644","56","35","57","31","-357","0"
"4500","238622.2639435","1168.8739","1316","298","-2207","47","66","57","32","-384","0"
"4501","238622.2685895","1168.8786","1606","277","-3187","35","95","24","26","-381","0"
"4502","238622.2722951","1168.8823","1807","254","-3963","19","109","23","3","-382","0"
"4503","238622.2818701","1168.8919","1754","445","-3422","24","94","48","-15","-365","0"
"4504","238622.2842695","1168.8943","1327","201","-3068","16","70","76","-35","-350","0"
"4505","238622.2866378","1168.8966","1472","245","-2904","34","83","99","-48","-342","0"
"4506","238622.3059806","1168.916","1589","431","-3830","43","69","111","-41","-380","0"
"4507","238622.3085698","1168.9186","1659","503","-3553","55","83","82","-51","-355","0"
"4508","238622.3110011","1168.921","1396","401","-3513","49","101","55","-28","-343","0"
"4509","238622.3411598","1168.9511","1229","227","-3960","54","121","31","-19","-348","0"
"4510","238622.3425436","1168.9525","1277","289","-3745","50","117","42","1","-346","0"
"4511","238622.3447685","1168.9548","1024","70","-4749","38","94","41","-11","-371","0"
"4512","238622.3690964","1168.9791","1028","-13","-4650","39","67","22","-3","-376","0"
"4513","238622.3726427","1168.9826","878","-335","-4218","63","22","20","5","-359","0"
"4514","238622.3756535","1168.9856","759","-663","-3331","54","10","-13","7","-329","0"
"4515","238622.3857713","1168.9958","502","-933","-3425","46","14","-25","-5","-297","0"
"4516","238622.3898033","1168.9998","585","-1138","-3512","50","3","-25","-28","-280","0"
"4517","238622.3921247","1169.0021","186","-1785","-2975","45","0","-13","-44","-253","0"
"4518","238622.4141525","1169.0241","78","-2108","-1953","25","16","13","-57","-232","0"
"4519","238622.4219264","1169.0319","294","-1893","-1027","15","-1","59","-52","-242","0"
"4520","238622.4269753","1169.037","308","-1905","-604","7","-37","49","-12","-270","0"
"4521","238622.4466229","1169.0566","22","-2090","-1038","29","-71","28","-1","-298","0"
"4522","238622.4495055","1169.0595","151","-1847","-642","63","-87","-4","-29","-301","0"
"4523","238622.4509068","1169.0609","321","-1955","191","72","-81","-14","-57","-309","0"
"4524","238622.4681837","1169.0782","375","-2110","577","88","-76","-18","-86","-335","0"
"4525","238622.4710208","1169.081","14","-2399","416","69","-59","-23","-85","-375","0"
"4526","238622.4738968","1169.0839","-179","-2520","-191","33","-43","-50","-120","-406","0"
"4527","238622.5132716","1169.1233","-346","-2487","-524","52","-12","-82","-110","-443","0"
"4528","238622.5146485","1169.1246","-312","-2572","211","103","-25","-113","-121","-394","0"
"4529","238622.5160337","1169.126","-114","-2760","1026","118","-9","-87","-81","-344","0"
"4530","238622.5188578","1169.1288","-91","-2939","752","118","10","-60","-119","-309","0"
"4531","238622.5209695","1169.131","-201","-2774","439","107","14","-40","-140","-258","0"
"4532","238622.5224458","1169.1324","-324","-2692","865","107","1","-50","-140","-209","0"
"4533","238622.5240551","1169.134","-293","-2575","1400","119","-4","-59","-117","-213","0"
"4534","238622.5266604","1169.1366","-150","-2388","2042","106","-13","-86","-84","-214","0"
"4535","238622.532038","1169.142","-95","-1854","1776","71","-7","-75","-81","-201","0"
"4536","238622.5482424","1169.1582","-256","-1504","992","58","18","-80","-100","-188","0"
"4537","238622.550787","1169.1608","-201","-1201","1528","75","2","-73","-105","-175","0"
"4538","238622.5531339","1169.1631","-104","-1460","1773","93","7","-35","-92","-140","0"
"4539","238622.5695545","1169.1795","288","-1276","1726","78","-5","-42","-89","-136","0"
"4540","238622.5719189","1169.1819","308","-946","1045","64","-34","-35","-44","-129","0"
"4541","238622.5772051","1169.1872","320","-899","839","48","-27","11","-39","-128","0"
"4542","238622.5967399","1169.2067","264","-952","1175","37","-34","46","-41","-135","0"
"4543","238622.600856","1169.2108","352","-762","1865","16","-39","64","-23","-105","0"
"4544","238622.6041169","1169.2141","305","-655","2280","18","-27","57","3","-16","0"
"4545","238622.616949","1169.2269","274","-185","2249","2","-3","32","1","46","0"
"4546","238622.6232132","1169.2332","223","422","1634","-34","-5","24","8","81","0"
"4547","238622.6290086","1169.239","-193","344","1556","-51","-6","16","20","95","0"
"4548","238622.6364332","1169.2464","-350","-124","2199","-45","26","28","5","127","0"
"4549","238622.6417942","1169.2518","-169","-310","2377","-55","44","25","-4","150","0"
"4550","238622.646094","1169.2561","-166","-86","2564","-63","39","43","-31","132","0"
"4551","238622.675219","1169.2852","-280","-29","1489","-53","33","60","-39","118","0"
"4552","238622.6778319","1169.2878","-226","-188","1267","-73","73","54","-63","136","0"
"4553","238622.680522","1169.2905","-129","-197","1272","-54","89","57","-80","136","0"
"4554","238622.6845293","1169.2945","95","377","2187","-72","39","53","-88","150","0"
"4555","238622.6872102","1169.2972","107","881","1542","-56","26","41","-114","112","0"
"4556","238622.6955622","1169.3055","63","1194","749","-46","52","13","-133","93","0"
"4557","238622.7205238","1169.3305","-188","376","422","-59","72","19","-131","70","0"
"4558","238622.7221342","1169.3321","-133","278","1043","-54","85","15","-120","41","0"
"4559","238622.7248328","1169.3348","43","705","1752","-46","115","2","-93","3","0"
"4560","238622.7462534","1169.3562","-182","821","1166","-32","148","-4","-46","-1","0"
"4561","238622.7518087","1169.3618","-196","847","397","-38","152","-4","-54","-32","0"
"4562","238622.7586373","1169.3686","-120","931","317","-24","133","0","-52","-34","0"
"4563","238622.7846943","1169.3947","-86","979","675","-49","149","13","-56","23","0"
"4564","238622.7871333","1169.3971","106","1266","2059","-72","166","-4","-47","67","0"
"4565","238622.789584","1169.3996","-85","1381","2166","-103","176","13","-14","131","0"
"4566","238622.8116521","1169.4216","-13","1394","1708","-139","172","-1","41","170","0"
"4567","238622.8142361","1169.4242","262","1376","2032","-150","167","-8","73","217","0"
"4568","238622.8166198","1169.4266","183","933","2477","-144","140","-35","69","247","0"
"4569","238622.8377257","1169.4477","52","573","2675","-116","111","-27","65","275","0"
"4570","238622.8416844","1169.4517","-155","565","2212","-96","90","-32","41","266","0"
"4571","238622.8440143","1169.454","-48","685","1577","-97","39","-26","64","249","0"
"4572","238622.8631388","1169.4731","-174","924","1616","-88","2","-6","55","264","0"
"4573","238622.8654966","1169.4755","186","1567","2291","-97","4","-13","53","264","0"
"4574","238622.8674498","1169.4774","558","1914","3565","-103","10","-7","65","269","0"
"4575","238622.8907055","1169.5007","445","1678","3191","-134","-6","35","63","225","0"
"4576","238622.8931403","1169.5031","158","2010","2406","-158","-4","52","47","219","0"
"4577","238622.8955814","1169.5056","364","2455","2411","-170","16","39","33","228","0"
"4578","238622.9024226","1169.5124","603","2507","2378","-157","11","49","31","274","0"
"4579","238622.9061234","1169.5161","682","2391","2331","-93","3","71","30","261","0"
"4580","238622.9120304","1169.522","476","2519","1927","-100","13","46","29","248","0"
"4581","238622.9137069","1169.5237","385","2410","857","-113","8","21","30","220","0"
"4582","238622.9156623","1169.5256","520","2344","1485","-103","18","25","19","187","0"
"4583","238622.9180619","1169.528","546","2147","2322","-66","34","24","21","168","0"
"4584","238622.9272135","1169.5372","579","2153","2500","-51","54","-2","25","154","0"
"4585","238622.9296418","1169.5396","275","2018","1948","-29","80","-32","30","160","0"
"4586","238622.9319352","1169.5419","-80","1797","1014","-36","61","-55","0","165","0"
"4587","238622.9612851","1169.5713","-59","1837","1435","-57","43","-14","-37","166","0"
"4588","238622.9635945","1169.5736","259","2083","1980","-45","40","-2","-69","142","0"
"4589","238622.9679158","1169.5779","475","2120","1930","-38","38","-34","-90","116","0"
"4590","238622.9922898","1169.6023","550","2340","1752","-42","-2","-65","-79","107","0"
"4591","238623.0230408","1169.633","198","2218","658","-26","-25","-79","-58","91","0"
"4592","238623.0277482","1169.6377","368","2319","995","4","-56","-87","-45","88","0"
"4593","238623.0366808","1169.6467","498","2466","1237","33","-51","-81","-45","95","0"
"4594","238623.0426115","1169.6526","806","3028","1246","8","-67","-91","-49","91","0"
"4595","238623.0456001","1169.6556","1058","3542","1181","-30","-63","-75","-28","98","0"
"4596","238623.0495389","1169.6595","1091","3648","-339","-18","-82","-68","-20","101","0"
"4597","238623.0528101","1169.6628","1144","3383","107","-47","-61","-81","-37","73","0"
"4598","238623.0556264","1169.6656","1288","3160","1101","-45","-35","-57","-35","95","0"
"4599","238623.0588446","1169.6688","1251","2927","486","-37","-35","7","-52","95","0"
"4600","238623.0613862","1169.6714","1106","2804","772","-37","-83","-5","-96","88","0"
"4601","238623.0638394","1169.6738","1046","2706","-329","-76","-83","-38","-107","96","0"
"4602","238623.0704735","1169.6805","972","2635","182","-139","-54","-33","-82","89","0"
"4603","238623.0733215","1169.6833","1046","2579","1042","-158","-79","-29","-81","47","0"
"4604","238623.0757749","1169.6858","1102","2641","894","-127","-105","-41","-84","44","0"
"4605","238623.1125316","1169.7225","1289","2752","993","-95","-120","-10","-76","42","0"
"4606","238623.1171794","1169.7272","1068","2661","-221","-54","-131","38","-96","35","0"
"4607","238623.1215503","1169.7315","731","2645","319","-38","-120","14","-96","-2","0"
"4608","238623.1271579","1169.7371","503","2654","805","-24","-82","24","-73","18","0"
"4609","238623.1299794","1169.74","622","2713","654","-27","-91","-3","-62","27","0"
"4610","238623.1325698","1169.7426","772","2616","1376","-30","-80","-13","-53","47","0"
"4611","238623.1572451","1169.7672","599","2307","278","-58","-82","-46","-21","49","0"
"4612","238623.1702883","1169.7803","446","1879","825","-20","-63","-32","35","61","0"
"4613","238623.1738987","1169.7839","546","1913","1681","-20","-62","-30","19","74","0"
"4614","238623.1864703","1169.7965","801","1990","1590","-24","-26","-46","-4","127","0"
"4615","238623.1906954","1169.8007","660","2046","2243","-28","18","-54","19","180","0"
"4616","238623.1942159","1169.8042","568","1935","1320","-33","22","-64","-4","161","0"
"4617","238623.234443","1169.8444","498","1943","1690","-58","-18","-59","-40","165","0"
"4618","238623.2408216","1169.8508","149","1549","2537","-71","-27","-59","-8","182","0"
"4619","238623.2459246","1169.8559","136","1442","2401","-89","-29","-63","-20","198","0"
"4620","238623.2559984","1169.866","195","1418","2836","-105","-47","-76","-50","209","0"
"4621","238623.2676713","1169.8777","-179","1368","1855","-103","-71","-79","-41","202","0"
"4622","238623.2826216","1169.8926","-66","1345","2215","-96","-78","-75","-13","189","0"
"4623","238623.2943268","1169.9043","-212","1293","2611","-126","-77","-85","22","158","0"
"4624","238623.3002968","1169.9103","-256","1172","2552","-126","-64","-89","58","114","0"
"4625","238623.3040938","1169.9141","-422","1107","2465","-135","-69","-117","65","91","0"
"4626","238623.3181763","1169.9282","-527","1074","1552","-147","-105","-146","47","84","0"
"4627","238623.320838","1169.9308","-582","956","2336","-183","-101","-132","67","93","0"
"4628","238623.3238272","1169.9338","-439","990","3138","-185","-84","-120","42","35","0"
"4629","238623.3279534","1169.9379","-576","808","3182","-186","-91","-128","25","8","0"
"4630","238623.3313155","1169.9413","-596","554","2776","-189","-85","-140","48","-16","0"
"4631","238623.3340026","1169.944","-677","528","2693","-186","-56","-145","54","-21","0"
"4632","238623.3379307","1169.9479","-690","465","3088","-151","-38","-144","43","-37","0"
"4633","238623.3402371","1169.9502","-543","612","3943","-143","-45","-112","40","-63","0"
"4634","238623.34255","1169.9525","-473","641","4045","-144","-61","-108","19","-105","0"
"4635","238623.3452592","1169.9552","-364","670","3183","-130","-68","-113","0","-161","0"
"4636","238623.3479461","1169.9579","-378","409","2710","-103","-57","-102","-17","-225","0"
"4637","238623.3504132","1169.9604","-227","370","2783","-119","-93","-74","-36","-249","0"
"4638","238623.3532205","1169.9632","-99","431","2798","-43","-91","-98","-50","-240","0"
"4639","238623.3558053","1169.9658","93","427","3390","6","-101","-72","-46","-218","0"
"4640","238623.3584363","1169.9684","-10","339","2346","-28","-89","-56","-46","-221","0"
"4641","238623.3856195","1169.9956","-266","204","1486","-21","-107","-64","-32","-249","0"
"4642","238623.3882562","1169.9982","-427","292","1661","-32","-109","-56","-31","-241","0"
"4643","238623.390899","1170.0009","-404","303","2096","-26","-86","-40","-25","-209","0"
"4644","238623.4322428","1170.0422","-226","436","2641","9","-85","-45","-39","-217","0"
"4645","238623.4338035","1170.0438","-305","239","1909","52","-111","-63","-47","-259","0"
"4646","238623.4352562","1170.0452","-379","231","1656","61","-136","-81","-71","-305","0"
"4647","238623.4383833","1170.0484","-64","413","1924","54","-125","-84","-112","-333","0"
"4648","238623.4405198","1170.0505","-67","262","2152","35","-108","-89","-137","-363","0"
"4649","238623.4431015","1170.0531","69","233","2625","27","-104","-63","-170","-415","0"
"4650","238623.4628745","1170.0729","64","226","1759","29","-145","-62","-204","-417","0"
"4651","238623.4691139","1170.0791","148","206","1729","2","-142","-34","-217","-426","0"
"4652","238623.4736829","1170.0837","64","264","1694","22","-113","-25","-204","-467","0"
"4653","238623.4785347","1170.0885","-50","333","2056","36","-117","22","-191","-496","0"
"4654","238623.4831117","1170.0931","275","526","2581","95","-95","64","-168","-503","0"
"4655","238623.4875475","1170.0975","139","464","863","88","-99","77","-172","-525","0"
"4656","238623.5028097","1170.1128","73","652","366","121","-90","44","-161","-558","0"
"4657","238623.5054746","1170.1155","335","887","755","90","-121","59","-172","-520","0"
"4658","238623.5079916","1170.118","487","931","808","83","-122","67","-210","-498","0"
"4659","238623.5370747","1170.1471","409","616","958","121","-119","103","-229","-510","0"
"4660","238623.5595285","1170.1695","161","695","125","125","-90","112","-202","-538","0"
"4661","238623.5651878","1170.1752","118","683","-460","134","-81","113","-241","-544","0"
"4662","238623.6105932","1170.2206","8","594","84","181","-97","95","-252","-515","0"
"4663","238623.6130737","1170.2231","-161","409","827","188","-79","127","-267","-500","0"
"4664","238623.6154871","1170.2255","-136","258","907","153","-101","124","-242","-514","0"
"4665","238623.6183296","1170.2283","-58","241","-359","155","-111","124","-212","-518","0"
"4666","238623.622943","1170.2329","-21","164","-691","163","-83","95","-258","-545","0"
"4667","238623.6243909","1170.2344","-17","219","-226","193","-80","73","-269","-543","0"
"4668","238623.6356725","1170.2457","218","221","306","212","-73","94","-241","-542","0"
"4669","238623.638058","1170.248","259","172","1585","209","-51","111","-214","-478","0"
"4670","238623.6404436","1170.2504","225","189","638","159","-25","90","-195","-475","0"
"4671","238623.6430749","1170.2531","121","138","349","124","-50","47","-175","-453","0"
"4672","238623.6453105","1170.2553","259","249","1080","77","-42","54","-179","-469","0"
"4673","238623.6479887","1170.258","305","248","1216","95","-43","69","-184","-419","0"
"4674","238623.6537731","1170.2638","217","228","2337","85","-38","65","-175","-369","0"
"4675","238623.6579064","1170.2679","205","235","1701","87","-36","70","-180","-326","0"
"4676","238623.6614892","1170.2715","362","318","735","85","-30","54","-178","-313","0"
"4677","238623.6937678","1170.3038","464","383","1312","97","-52","54","-155","-261","0"
"4678","238623.720623","1170.3306","713","578","2522","97","-60","48","-138","-228","0"
"4679","238623.733853","1170.3438","714","513","3184","103","-97","61","-121","-191","0"
"4680","238623.752153","1170.3621","12","376","1640","96","-106","61","-130","-150","0"
"4681","238623.7733635","1170.3833","-268","375","2168","69","-124","52","-130","-98","0"
"4682","238623.7865943","1170.3966","80","681","2675","27","-122","39","-140","-44","0"
"4683","238623.7971917","1170.4072","15","599","2553","55","-109","42","-157","-50","0"
"4684","238623.8031116","1170.4131","307","689","4748","100","-127","51","-161","-44","0"
"4685","238623.8073933","1170.4174","155","320","2877","116","-169","59","-140","-26","0"
"4686","238623.8121766","1170.4222","-39","158","2250","87","-156","53","-97","-37","0"
"4687","238623.8178627","1170.4278","60","369","3213","84","-109","51","-77","-47","0"
"4688","238623.8229562","1170.4329","-175","162","2835","111","-80","43","-112","-68","0"
"4689","238623.8284032","1170.4384","-57","327","3552","107","-56","57","-100","-67","0"
"4690","238623.8326315","1170.4426","-183","279","2221","96","-72","81","-75","-71","0"
"4691","238623.8364829","1170.4465","-235","165","2448","96","-79","74","-86","-107","0"
"4692","238623.8396664","1170.4496","-276","-39","2593","119","-59","19","-98","-101","0"
"4693","238623.8422921","1170.4523","-334","217","2677","147","-37","18","-113","-117","0"
"4694","238623.8572224","1170.4672","-14","295","3924","176","-31","-1","-120","-128","0"
"4695","238623.8607164","1170.4707","-239","331","2168","178","-21","-22","-169","-163","0"
"4696","238623.8634612","1170.4734","-408","468","1177","167","-30","-13","-189","-229","0"
"4697","238623.8660938","1170.4761","-447","483","1231","184","-17","4","-165","-265","0"
"4698","238623.8721719","1170.4822","-252","503","909","169","-19","29","-141","-243","0"
"4699","238623.8763971","1170.4864","-150","509","1857","139","-72","57","-119","-283","0"
"4700","238623.8792916","1170.4893","-185","563","897","133","-106","72","-88","-333","0"
"4701","238623.8823702","1170.4924","-256","415","-193","134","-122","97","-108","-327","0"
"4702","238623.8849978","1170.495","-82","331","794","109","-122","109","-153","-278","0"
"4703","238623.8875214","1170.4975","-77","339","1013","104","-107","106","-189","-308","0"
"4704","238623.9469764","1170.557","-39","535","1789","123","-84","83","-192","-352","0"
"4705","238623.9495962","1170.5596","-233","410","-27","98","-159","64","-202","-366","0"
"4706","238623.952271","1170.5623","-194","449","-572","98","-188","56","-220","-381","0"
"4707","238623.9799188","1170.5899","-118","450","-140","123","-155","51","-198","-353","0"
"4708","238623.9828163","1170.5928","2","423","168","116","-119","50","-196","-355","0"
"4709","238623.9852278","1170.5952","-72","552","1265","112","-96","64","-189","-400","0"
"4710","238623.9879048","1170.5979","-234","507","-116","96","-76","50","-158","-419","0"
"4711","238623.9903298","1170.6003","-186","492","-826","109","-80","46","-117","-412","0"
"4712","238623.9927172","1170.6027","288","516","130","111","-101","34","-105","-407","0"
"4713","238623.9995286","1170.6095","-41","249","954","99","-77","52","-90","-395","0"
"4714","238624.0044503","1170.6144","133","288","1052","120","-49","71","-105","-398","0"
"4715","238624.0081623","1170.6181","-38","344","-280","115","-50","68","-124","-337","0"
"4716","238624.0132221","1170.6232","297","377","-1258","87","-63","37","-124","-300","0"
"4717","238624.0173673","1170.6274","111","411","287","37","-48","27","-87","-286","0"
"4718","238624.0206177","1170.6306","225","303","1369","18","-15","10","-110","-294","0"
"4719","238624.0246988","1170.6347","554","241","936","12","11","5","-117","-272","0"
"4720","238624.0288537","1170.6388","461","107","804","10","24","-12","-114","-266","0"
"4721","238624.0403771","1170.6504","172","12","-111","19","38","0","-128","-248","0"
"4722","238624.0613865","1170.6714","368","6","690","17","63","3","-114","-217","0"
"4723","238624.0639847","1170.674","311","-126","1121","37","72","4","-109","-217","0"
"4724","238624.067016","1170.677","251","-87","1776","35","69","-1","-117","-205","0"
"4725","238624.0699477","1170.6799","172","-336","1191","62","72","-21","-116","-236","0"
"4726","238624.0723667","1170.6824","-22","-388","529","90","68","9","-116","-229","0"
"4727","238624.0754613","1170.6854","57","-282","1248","77","82","6","-105","-181","0"
"4728","238624.0788042","1170.6888","308","-147","1336","77","102","-14","-110","-127","0"
"4729","238624.0869609","1170.6969","365","-331","942","27","59","-48","-101","-112","0"
"4730","238624.0891803","1170.6992","249","-277","395","12","52","-5","-92","-89","0"
"4731","238624.1124148","1170.7224","-104","-337","-935","13","63","0","-98","-82","0"
"4732","238624.1139484","1170.7239","364","-97","978","33","102","-7","-116","-48","0"
"4733","238624.1159595","1170.7259","431","-58","1756","30","93","-1","-135","-23","0"
"4734","238624.1261506","1170.7361","574","-37","1400","43","110","27","-153","-8","0"
"4735","238624.1291976","1170.7392","440","-155","1302","47","82","27","-153","19","0"
"4736","238624.1313076","1170.7413","117","-324","-501","46","85","-35","-154","70","0"
"4737","238624.1707962","1170.7808","548","-260","1169","7","93","-39","-104","77","0"
"4738","238624.1727924","1170.7828","822","-6","3706","23","92","-50","-63","107","0"
"4739","238624.1806987","1170.7907","367","-135","1673","39","82","-36","-66","94","0"
"4740","238624.1862263","1170.7962","182","-170","1987","49","55","-22","-54","95","0"
"4741","238624.1904044","1170.8004","-94","-234","364","27","44","-19","-48","76","0"
"4742","238624.1933871","1170.8034","51","-256","1626","23","20","-32","-46","43","0"
"4743","238624.2171852","1170.8272","207","-237","3236","0","-5","-33","-43","44","0"
"4744","238624.2225124","1170.8325","259","-144","2871","29","-24","-27","-17","30","0"
"4745","238624.2274285","1170.8374","470","124","2469","61","-31","-23","-2","18","0"
"4746","238624.2360975","1170.8461","339","8","661","76","-23","-19","-12","27","0"
"4747","238624.2398306","1170.8498","526","192","1441","90","-36","-25","12","44","0"
"4748","238624.243496","1170.8535","696","186","2087","64","-30","-50","4","46","0"
"4749","238624.2591056","1170.8691","782","144","1752","37","-46","-51","-43","55","0"
"4750","238624.2634515","1170.8734","804","171","1349","34","-51","-35","-26","54","0"
"4751","238624.2670764","1170.8771","620","64","1068","48","-51","-26","0","42","0"
"4752","238624.2873147","1170.8973","535","21","2286","21","-20","-25","-15","12","0"
"4753","238624.28981","1170.8998","540","-7","3001","14","-32","-20","-6","-41","0"
"4754","238624.2929934","1170.903","662","-36","2359","30","-34","-47","5","-44","0"
"4755","238624.3129259","1170.9229","533","-124","1411","34","-61","-45","-3","-66","0"
"4756","238624.3151497","1170.9251","200","-259","827","87","-44","-42","-26","-93","0"
"4757","238624.3178239","1170.9278","492","-149","1990","129","-15","-2","-25","-121","0"
"4758","238624.3330315","1170.943","570","-72","2079","127","28","30","-33","-159","0"
"4759","238624.3354499","1170.9454","521","-173","2004","152","44","46","21","-226","0"
"4760","238624.3376754","1170.9477","303","-371","782","159","32","33","21","-224","0"
"4761","238624.3399896","1170.95","315","-418","182","162","-2","-2","-9","-221","0"
"4762","238624.3441867","1170.9542","347","-251","1620","168","28","-13","-11","-217","0"
"4763","238624.3474727","1170.9575","341","-198","2137","170","67","-27","0","-195","0"
"4764","238624.3660836","1170.9761","348","-137","611","141","70","-47","-3","-211","0"
"4765","238624.3785698","1170.9886","352","-176","1335","147","75","-57","-15","-224","0"
"4766","238624.3814346","1170.9914","-58","-285","79","134","72","-26","-1","-194","0"
"4767","238624.3909835","1171.001","49","-260","376","119","63","-28","-7","-158","0"
"4768","238624.3943222","1171.0043","258","-201","1936","97","100","-25","-34","-141","0"
"4769","238624.3980833","1171.0081","213","-215","1474","76","141","-11","-57","-150","0"
"4770","238624.4280296","1171.038","125","-186","1169","64","149","-16","-51","-187","0"
"4771","238624.4307549","1171.0407","-45","-267","324","42","130","8","-81","-206","0"
"4772","238624.4347344","1171.0447","203","-117","1141","19","110","10","-99","-238","0"
"4773","238624.4546981","1171.0647","469","-3","1478","5","109","11","-132","-272","0"
"4774","238624.4595016","1171.0695","536","-24","450","-6","124","31","-136","-349","0"
"4775","238624.4621526","1171.0721","87","-211","-381","32","99","79","-167","-396","0"
"4776","238624.4739312","1171.0839","80","-79","-815","78","63","60","-207","-394","0"
"4777","238624.4752809","1171.0853","285","54","-127","118","29","34","-240","-377","0"
"4778","238624.4772363","1171.0872","717","282","361","92","15","4","-243","-349","0"
"4779","238624.4921051","1171.1021","683","226","-419","60","31","-37","-242","-299","0"
"4780","238624.494778","1171.1048","511","211","-1039","66","51","-56","-219","-241","0"
"4781","238624.4961793","1171.1062","456","288","-2248","71","76","-42","-181","-197","0"
"4782","238624.5240582","1171.134","824","301","-1140","33","90","-55","-168","-178","0"
"4783","238624.5272005","1171.1372","942","256","-426","44","79","-54","-177","-179","0"
"4784","238624.531419","1171.1414","656","87","-1119","45","60","-64","-142","-78","0"
"4785","238624.53765","1171.1476","648","-67","-1446","29","57","-46","-96","2","0"
"4786","238624.5446286","1171.1546","488","-139","-1527","12","46","-36","-83","-17","0"
"4787","238624.55372","1171.1637","478","-157","-415","-1","62","-31","-35","-7","0"
"4788","238624.5704654","1171.1804","454","-12","1018","-20","76","-44","26","12","0"
"4789","238624.5803734","1171.1904","457","-93","-41","-7","42","-50","29","61","0"
"4790","238624.592847","1171.2028","597","2","397","4","22","-37","18","63","0"
"4791","238624.6063582","1171.2163","539","-145","-417","4","14","-12","29","87","0"
"4792","238624.6208098","1171.2308","758","44","485","1","3","-13","40","146","0"
"4793","238624.6325975","1171.2426","978","167","1758","18","7","8","70","202","0"
"4794","238624.650474","1171.2605","1037","18","873","-4","12","13","92","196","0"
"4795","238624.6543892","1171.2644","778","-307","1453","-23","30","47","84","178","0"
"4796","238624.656789","1171.2668","392","-489","951","-13","79","77","88","160","0"
"4797","238624.659753","1171.2697","236","-451","1554","6","138","93","97","156","0"
"4798","238624.662169","1171.2722","210","-425","1932","30","159","101","88","150","0"
"4799","238624.6645454","1171.2745","35","-509","636","11","146","111","99","144","0"
"4800","238624.694294","1171.3043","97","-303","1589","-21","149","91","118","159","0"
"4801","238624.7060296","1171.316","91","-91","1116","-45","127","84","125","158","0"
"4802","238624.7095673","1171.3196","388","111","2024","-38","101","79","130","172","0"
"4803","238624.7410779","1171.3511","266","-17","2909","-30","81","63","193","156","0"
"4804","238624.7475493","1171.3575","-20","-45","518","-39","56","39","171","130","0"
"4805","238624.7572133","1171.3672","-130","-236","441","-48","53","28","158","121","0"
"4806","238624.7626207","1171.3726","-249","-391","-367","-30","42","-10","158","118","0"
"4807","238624.7702446","1171.3802","111","-97","8","-28","27","-3","156","86","0"
"4808","238624.7797197","1171.3897","251","-54","635","-28","48","5","105","44","0"
"4809","238624.7857134","1171.3957","14","-157","513","20","56","38","88","43","0"
"4810","238624.7896369","1171.3996","-243","-319","184","48","38","56","108","8","0"
"4811","238624.7941106","1171.4041","-290","-227","-190","75","47","16","104","14","0"
"4812","238624.7989904","1171.409","29","-93","284","88","44","-12","100","-5","0"
"4813","238624.8032583","1171.4132","-44","110","1199","72","1","3","98","41","0"
"4814","238624.806788","1171.4168","94","136","158","91","12","-12","82","46","0"
"4815","238624.811026","1171.421","203","155","-133","91","20","-32","88","35","0"
"4816","238624.8184349","1171.4284","106","169","-821","76","26","-47","99","4","0"
"4817","238624.8254828","1171.4355","26","144","88","82","23","-66","116","-11","0"
"4818","238624.8357725","1171.4458","422","116","1087","92","20","-40","66","-5","0"
"4819","238624.8416011","1171.4516","235","11","406","117","23","-4","41","5","0"
"4820","238624.8569881","1171.467","18","63","-93","139","33","-48","17","36","0"
"4821","238624.8762614","1171.4862","190","331","-521","126","16","-45","17","20","0"
"4822","238624.886455","1171.4964","326","542","-680","116","-15","-27","18","-4","0"
"4823","238624.9017608","1171.5117","165","498","69","119","-16","-21","31","35","0"
"4824","238624.9149561","1171.5249","60","510","-1199","98","-28","-8","8","1","0"
"4825","238624.9244416","1171.5344","126","477","-1235","101","-31","-6","-12","-53","0"
"4826","238624.9278781","1171.5379","-154","301","-1767","123","-79","-30","-4","-75","0"
"4827","238624.9343606","1171.5443","-76","366","-1113","132","-71","-36","7","-57","0"
"4828","238624.9393656","1171.5493","1","564","-520","102","-42","-53","22","-35","0"
"4829","238624.9436225","1171.5536","43","474","-1679","97","-21","-77","1","-34","0"
"4830","238624.9483572","1171.5583","-50","547","-1724","71","-30","-89","-16","-52","0"
"4831","238624.9521899","1171.5622","-207","731","-1428","55","-65","-84","-28","-62","0"
"4832","238624.9548556","1171.5648","-101","934","-204","32","-61","-71","-54","-73","0"
"4833","238624.9583265","1171.5683","-10","870","674","17","-71","-55","-80","-67","0"
"4834","238624.9609163","1171.5709","33","846","406","44","-109","-26","-100","-91","0"
"4835","238624.9653093","1171.5753","-71","806","-119","50","-110","-27","-114","-128","0"
"4836","238624.9683333","1171.5783","-160","714","-925","37","-105","-41","-102","-179","0"
"4837","238624.983983","1171.594","210","945","-53","40","-87","-27","-144","-203","0"
"4838","238624.986697","1171.5967","491","1029","420","67","-95","0","-178","-240","0"
"4839","238624.9896316","1171.5996","393","869","-61","106","-69","-7","-189","-205","0"
"4840","238624.9921647","1171.6021","328","878","-445","106","-52","-21","-172","-211","0"
"4841","238624.9955556","1171.6055","296","798","-318","90","-22","-10","-173","-262","0"
"4842","238624.9984695","1171.6085","661","663","881","107","-45","-18","-173","-267","0"
"4843","238625.0009858","1171.611","703","536","1145","121","-49","-5","-172","-285","0"
"4844","238625.0036681","1171.6137","316","562","629","144","-45","27","-192","-350","0"
"4845","238625.0272462","1171.6372","211","617","40","183","-31","17","-158","-394","0"
"4846","238625.0308215","1171.6408","177","574","-286","177","-27","11","-153","-398","0"
"4847","238625.0340053","1171.644","311","622","207","186","-66","-1","-131","-390","0"
"4848","238625.0516167","1171.6616","384","519","146","152","-71","4","-150","-321","0"
"4849","238625.0541985","1171.6642","267","375","-399","108","-58","-25","-187","-286","0"
"4850","238625.056668","1171.6667","317","362","-398","83","-15","-34","-199","-277","0"
"4851","238625.0740142","1171.684","175","422","-956","98","-25","-39","-157","-229","0"
"4852","238625.0761005","1171.6861","160","515","106","83","-27","-32","-140","-136","0"
"4853","238625.0796629","1171.6896","159","610","922","35","-27","-34","-107","-66","0"
"4854","238625.0828049","1171.6928","158","594","142","22","-4","-12","-111","-51","0"
"4855","238625.0854325","1171.6954","-16","487","-357","23","-33","8","-126","-77","0"
"4856","238625.0900544","1171.7","-50","508","-974","22","-13","37","-132","-66","0"
"4857","238625.1021337","1171.7121","337","618","-682","21","7","36","-147","-72","0"
"4858","238625.1066045","1171.7166","551","711","-801","40","15","61","-146","-65","0"
"4859","238625.1090858","1171.7191","376","669","-1122","77","13","75","-147","-68","0"
"4860","238625.1329108","1171.7429","95","557","-1550","78","28","57","-155","-34","0"
"4861","238625.1391162","1171.7491","-62","396","-2050","85","79","60","-163","6","0"
"4862","238625.143881","1171.7539","67","513","-901","94","122","58","-179","6","0"
"4863","238625.158712","1171.7687","62","637","-692","101","158","84","-156","42","0"
"4864","238625.1639687","1171.774","79","576","-1001","80","138","111","-168","52","0"
"4865","238625.1708003","1171.7808","151","552","-983","115","169","108","-175","67","0"
"4866","238625.1892273","1171.7992","17","395","-1112","146","133","133","-167","87","0"
"4867","238625.192529","1171.8025","128","583","463","115","147","134","-127","140","0"
"4868","238625.1968761","1171.8069","-19","528","541","80","106","99","-125","159","0"
"4869","238625.2103768","1171.8204","-379","382","-822","56","98","110","-137","149","0"
"4870","238625.2294415","1171.8394","-522","182","-193","54","85","104","-101","179","0"
"4871","238625.2356862","1171.8457","-393","198","13","61","103","65","-130","237","0"
"4872","238625.2590491","1171.869","92","563","597","78","99","60","-133","287","0"
"4873","238625.2652173","1171.8752","321","647","1640","97","106","94","-114","317","0"
"4874","238625.2733162","1171.8833","46","546","83","76","93","92","-111","325","0"
"4875","238625.2864689","1171.8965","178","703","2096","75","82","89","-135","342","0"
"4876","238625.2953773","1171.9054","218","590","4433","84","45","47","-140","336","0"
"4877","238625.3019129","1171.9119","147","513","6216","107","1","23","-127","292","0"
"4878","238625.3099166","1171.9199","43","568","7281","124","-5","22","-125","289","0"
"4879","238625.3151582","1171.9251","185","706","6787","112","39","25","-119","266","0"
"4880","238625.3200634","1171.93","227","693","6968","82","20","35","-123","273","0"
"4881","238625.3231351","1171.9331","20","520","6172","98","-7","40","-145","260","0"
"4882","238625.3256525","1171.9356","98","532","6768","129","10","56","-163","277","0"
"4883","238625.3281425","1171.9381","222","591","6455","129","25","42","-108","259","0"
"4884","238625.3535652","1171.9635","388","512","5702","112","3","38","-117","266","0"
"4885","238625.358841","1171.9688","396","328","4315","74","2","39","-146","237","0"
"4886","238625.3637797","1171.9738","266","343","3729","75","12","26","-144","243","0"
"4887","238625.3668674","1171.9769","351","414","4541","76","45","4","-104","267","0"
"4888","238625.3691687","1171.9792","505","456","5078","80","65","-7","-102","306","0"
"4889","238625.3732289","1171.9832","334","394","3798","103","60","14","-129","382","0"
"4890","238625.3906904","1172.0007","125","325","3057","110","48","6","-160","432","0"
"4891","238625.3931764","1172.0032","222","260","3158","69","53","16","-181","433","0"
"4892","238625.3957448","1172.0057","571","467","4093","72","72","67","-172","423","0"
"4893","238625.4227617","1172.0327","569","413","4272","69","108","68","-152","446","0"
"4894","238625.4252548","1172.0352","592","503","3554","61","117","58","-138","426","0"
"4895","238625.4280107","1172.038","400","370","3236","49","122","80","-133","388","0"
"4896","238625.4719982","1172.082","125","329","2621","62","131","98","-136","355","0"
"4897","238625.4745157","1172.0845","307","472","2954","66","133","88","-116","336","0"
"4898","238625.4770286","1172.087","402","513","2857","113","155","74","-82","324","0"
"4899","238625.4854562","1172.0954","236","466","1552","173","154","48","-76","268","0"
"4900","238625.4878961","1172.0979","399","564","1663","169","137","32","-36","208","0"
"4901","238625.4903813","1172.1004","402","688","1546","170","127","23","-22","166","0"
"4902","238625.4919358","1172.1019","394","787","1687","236","131","3","-34","121","0"
"4903","238625.49502","1172.105","263","746","2186","250","119","-18","-38","110","0"
"4904","238625.4976671","1172.1077","330","576","891","231","73","-18","-40","79","0"
"4905","238625.5023806","1172.1124","512","569","740","207","29","-26","-74","44","0"
"4906","238625.5050439","1172.115","515","507","296","193","1","-34","-42","41","0"
"4907","238625.5079046","1172.1179","709","459","875","227","34","-48","-3","50","0"
"4908","238625.5337081","1172.1437","923","490","986","258","30","-51","13","-5","0"
"4909","238625.5397194","1172.1497","844","236","206","266","31","-68","12","-71","0"
"4910","238625.5467636","1172.1567","794","115","-33","263","11","-94","22","-92","0"
"4911","238625.5537675","1172.1638","727","7","-634","261","12","-73","-24","-100","0"
"4912","238625.562025","1172.172","822","27","-55","243","-5","-62","-34","-111","0"
"4913","238625.5668788","1172.1769","806","-134","362","247","11","-54","-42","-166","0"
"4914","238625.5802841","1172.1903","693","-142","-834","275","-20","-82","-81","-192","0"
"4915","238625.5826897","1172.1927","422","-297","-1352","268","-46","-71","-116","-232","0"
"4916","238625.5859824","1172.196","293","-433","-1534","258","-46","-44","-129","-204","0"
"4917","238625.5968258","1172.2068","627","-278","-936","238","-73","-31","-134","-188","0"
"4918","238625.5997586","1172.2097","491","-362","-362","209","-92","-40","-166","-182","0"
"4919","238625.6025839","1172.2126","341","-339","-1116","200","-74","-22","-206","-191","0"
"4920","238625.6244762","1172.2345","337","-360","-1767","189","-67","14","-207","-167","0"
"4921","238625.6270631","1172.237","393","-260","-1989","204","-51","24","-171","-175","0"
"4922","238625.6373406","1172.2473","366","-375","-970","219","-35","2","-168","-148","0"
"4923","238625.6539383","1172.2639","568","-133","366","228","-32","-7","-183","-136","0"
"4924","238625.6584502","1172.2684","489","-138","-334","229","-52","-4","-162","-101","0"
"4925","238625.6606609","1172.2706","325","-239","-674","238","-112","7","-131","-57","0"
"4926","238625.666163","1172.2761","287","-270","-779","205","-139","15","-93","-30","0"
"4927","238625.6722459","1172.2822","533","-329","55","207","-144","49","-83","-40","0"
"4928","238625.6755343","1172.2855","266","-274","282","227","-122","72","-101","-61","0"
"4929","238625.6805736","1172.2906","-73","-359","-369","254","-114","74","-124","-69","0"
"4930","238625.6839058","1172.2939","-7","-276","-218","266","-133","55","-125","-93","0"
"4931","238625.6865257","1172.2965","218","-356","-386","248","-146","57","-120","-120","0"
"4932","238625.7107529","1172.3207","401","-183","251","214","-90","34","-144","-141","0"
"4933","238625.7144977","1172.3245","259","-233","208","204","-82","7","-177","-173","0"
"4934","238625.719897","1172.3299","272","-135","-808","212","-93","3","-170","-231","0"
"4935","238625.7579892","1172.368","297","51","-1312","201","-108","29","-132","-249","0"
"4936","238625.7648134","1172.3748","116","-41","-1448","222","-116","34","-113","-216","0"
"4937","238625.7700206","1172.38","237","52","-578","199","-125","46","-110","-192","0"
"4938","238625.7840748","1172.3941","559","22","322","174","-103","34","-99","-155","0"
"4939","238625.7877516","1172.3977","581","-57","-366","142","-102","52","-88","-176","0"
"4940","238625.7931585","1172.4031","519","-164","-744","160","-102","62","-48","-166","0"
"4941","238625.8108623","1172.4208","499","-182","-422","182","-75","48","-65","-115","0"
"4942","238625.8231329","1172.4331","559","-282","222","215","-55","61","-48","-126","0"
"4943","238625.8298747","1172.4399","459","-218","479","195","-44","58","-43","-121","0"
"4944","238625.8356404","1172.4456","181","-108","-868","170","-73","52","-23","-124","0"
"4945","238625.8448126","1172.4548","-169","-264","-1303","194","-90","58","-31","-113","0"
"4946","238625.8518516","1172.4618","-230","-333","-1260","176","-105","69","-72","-91","0"
"4947","238625.8586397","1172.4686","190","-213","-320","154","-130","40","-71","-27","0"
"4948","238625.8594196","1172.4694","341","-151","52","145","-143","47","-57","6","0"
"4949","238625.8601132","1172.4701","321","-206","-691","142","-105","78","-40","19","0"
"4950","238625.8754781","1172.4855","233","-155","-555","146","-102","74","-15","74","0"
"4951","238625.8817464","1172.4917","114","-90","-634","111","-97","44","3","86","0"
"4952","238625.8885571","1172.4985","201","-23","-248","82","-70","53","-6","108","0"
"4953","238625.8961559","1172.5061","230","3","262","20","-76","60","6","155","0"
"4954","238625.900572","1172.5106","12","9","-838","18","-102","49","24","158","0"
"4955","238625.9034188","1172.5134","38","65","-826","5","-87","26","39","147","0"
"4956","238625.911428","1172.5214","89","-44","-432","49","-71","21","68","129","0"
"4957","238625.914898","1172.5249","424","-68","368","89","-68","7","54","108","0"
"4958","238625.9236037","1172.5336","464","-168","281","133","-88","23","32","47","0"
"4959","238625.9491321","1172.5591","248","-306","-950","160","-70","37","25","-20","0"
"4960","238625.9528975","1172.5629","215","-321","-622","151","-64","57","-3","-75","0"
"4961","238625.9546781","1172.5647","191","-332","-813","182","-55","28","-10","-67","0"
"4962","238625.9882749","1172.5983","303","-298","-462","196","-78","34","-17","-104","0"
"4963","238626.0178677","1172.6279","322","-407","-252","231","-53","34","-26","-103","0"
"4964","238626.0195437","1172.6295","254","-273","-751","257","-54","56","-41","-143","0"
"4965","238626.0221827","1172.6322","26","-344","-1038","262","-62","58","-71","-163","0"
"4966","238626.0255724","1172.6356","-125","-459","-1061","226","-74","60","-75","-185","0"
"4967","238626.0352307","1172.6452","100","-383","-386","207","-54","44","-101","-181","0"
"4968","238626.050813","1172.6608","209","-254","-165","237","-66","36","-112","-185","0"
"4969","238626.0635204","1172.6735","2","-488","-1112","249","-39","32","-133","-173","0"
"4970","238626.0714972","1172.6815","-173","-526","-1193","267","-35","45","-110","-156","0"
"4971","238626.088455","1172.6984","-177","-415","-1209","286","-28","40","-112","-125","0"
"4972","238626.092043","1172.702","6","-210","-606","286","-8","56","-86","-101","0"
"4973","238626.0944162","1172.7044","342","53","-204","276","17","64","-103","-74","0"
"4974","238626.1012182","1172.7112","404","146","-1144","253","17","47","-130","-49","0"
"4975","238626.1063325","1172.7163","512","36","-1251","238","24","14","-142","-67","0"
"4976","238626.1127565","1172.7227","643","73","-954","245","34","43","-138","-120","0"
"4977","238626.1271936","1172.7372","772","70","-122","316","4","58","-141","-199","0"
"4978","238626.1306502","1172.7406","723","2","-112","340","20","69","-137","-207","0"
"4979","238626.1331794","1172.7432","319","-270","-1229","325","41","65","-167","-227","0"
"4980","238626.1358529","1172.7458","490","-187","-1380","317","44","90","-152","-241","0"
"4981","238626.1375599","1172.7475","413","-137","-950","341","43","118","-128","-272","0"
"4982","238626.1399567","1172.7499","457","-101","-62","353","73","73","-105","-234","0"
"4983","238626.1527093","1172.7627","350","-205","609","365","89","43","-121","-180","0"
"4984","238626.1554335","1172.7654","225","-325","-240","365","108","-1","-152","-166","0"
"4985","238626.1581932","1172.7682","0","-340","-698","364","133","10","-185","-134","0"
"4986","238626.1698678","1172.7799","87","-225","-793","366","121","22","-167","-81","0"
"4987","238626.1725451","1172.7825","349","-77","264","379","105","1","-129","-26","0"
"4988","238626.1751483","1172.7851","390","-80","509","370","118","-35","-129","36","0"
"4989","238626.178046","1172.788","424","-102","76","346","116","-28","-142","59","0"
"4990","238626.1809988","1172.791","439","-83","74","329","113","-1","-148","52","0"
"4991","238626.1854101","1172.7954","358","-171","67","315","100","5","-135","67","0"
"4992","238626.2044248","1172.8144","488","-260","1015","314","122","-45","-126","138","0"
"4993","238626.2067405","1172.8167","300","-394","1421","297","130","-86","-148","150","0"
"4994","238626.2091421","1172.8191","202","-415","956","274","94","-53","-176","115","0"
"4995","238626.2186317","1172.8286","99","-533","522","247","52","-5","-173","107","0"
"4996","238626.2212517","1172.8312","203","-522","975","262","62","15","-183","123","0"
"4997","238626.2237006","1172.8337","396","-417","1356","252","86","10","-171","107","0"
"4998","238626.2336841","1172.8437","402","-506","1209","272","111","-28","-159","125","0"
"4999","238626.2357828","1172.8458","240","-677","-2","327","115","-42","-167","110","0"
"5000","238626.2381791","1172.8482","223","-661","112","362","135","-42","-207","87","0"
"5001","238626.2785115","1172.8885","312","-479","266","371","173","-72","-203","81","0"
"5002","238626.2800318","1172.89","256","-426","622","379","161","-95","-182","107","0"
"5003","238626.2823889","1172.8924","93","-587","524","389","165","-85","-163","145","0"
"5004","238626.2938546","1172.9038","28","-621","-58","386","175","-86","-130","159","0"
"5005","238626.2964608","1172.9064","162","-541","713","380","188","-58","-113","210","0"
"5006","238626.2988866","1172.9089","196","-548","784","368","189","-32","-114","264","0"
"5007","238626.3186199","1172.9286","194","-513","1541","317","183","-1","-117","275","0"
"5008","238626.3227517","1172.9327","-39","-601","1696","262","200","17","-113","243","0"
"5009","238626.3252336","1172.9352","-112","-670","1216","246","196","14","-96","236","0"
"5010","238626.3410386","1172.951","-111","-610","1251","238","220","-9","-86","218","0"
"5011","238626.3440608","1172.954","-152","-471","1378","223","253","-25","-92","191","0"
"5012","238626.3644105","1172.9744","111","-356","1777","191","244","-32","-119","199","0"
"5013","238626.3778729","1172.9879","325","-374","1911","160","189","-29","-133","219","0"
"5014","238626.3888107","1172.9988","291","-372","1133","117","138","-34","-123","199","0"
