"","timestamp","relative_time","Ch1","Ch2","Ch3","Ch4","Ch5","Ch6","Ch7","Ch8","Ch9"
"1",96147.1067527,1082.0176,88,-397,3184,189,-59,-90,21,-128,0
"2",96147.1082211,1082.019,-178,-303,130,163,-39,-96,16,-137,0
"3",96147.109643,1082.0205,172,-342,-804,159,-26,-107,22,-121,0
"4",96147.1112111,1082.022,136,-194,5369,155,-25,-93,28,-95,0
"5",96147.1126776,1082.0235,66,-102,-411,148,-34,-91,37,-82,0
"6",96147.1143975,1082.0252,-98,-183,2765,124,-42,-75,-6,-115,0
"7",96147.2126474,1082.1235,-210,32,-505,107,-52,-19,3,-133,0
"8",96147.2141209,1082.1249,55,14,-1300,85,-78,-20,0,-124,0
"9",96147.2156392,1082.1265,-28,16,1013,76,-17,-2,4,-99,0
"10",96147.2237693,1082.1346,202,21,-4759,62,-16,22,-23,-56,0
"11",96147.2252378,1082.1361,-20,-19,1587,45,-3,50,-34,-50,0
"12",96147.2265475,1082.1374,-193,67,778,44,2,28,-27,-51,0
"13",96147.2280298,1082.1389,-2,89,-49,55,-4,23,-21,-35,0
"14",96147.2293662,1082.1402,-237,219,3917,65,-6,-7,-34,-7,0
"15",96147.2307279,1082.1416,17,170,-2723,60,-40,-33,-30,12,0
"16",96147.2322273,1082.1431,255,54,4891,54,-25,-65,-34,28,0
"17",96147.2334936,1082.1443,-36,83,4046,41,-12,-70,-48,50,0
"18",96147.2348373,1082.1457,243,-71,2466,44,-16,-76,-27,99,0
"19",96147.2363299,1082.1472,-25,85,5963,22,15,-37,5,117,0
"20",96147.2375784,1082.1484,115,24,-1097,24,-25,19,-3,101,0
"21",96147.2388501,1082.1497,192,-79,1277,-18,-8,31,3,119,0
"22",96147.2568276,1082.1677,-221,-63,-1402,-70,15,39,5,128,0
"23",96147.2582391,1082.1691,83,-134,-815,-90,10,51,2,100,0
"24",96147.2596874,1082.1705,17,78,3363,-86,7,46,8,133,0
"25",96147.2837208,1082.1945,-56,197,-1938,-107,0,76,-13,141,0
"26",96147.2849765,1082.1958,133,186,4492,-142,-6,63,4,152,0
"27",96147.2862728,1082.1971,-49,251,1852,-122,20,57,22,147,0
"28",96147.3472109,1082.258,341,148,850,-125,19,32,23,161,0
"29",96147.3486923,1082.2595,135,204,4842,-155,71,12,19,171,0
"30",96147.3518367,1082.2627,50,292,-2564,-110,66,6,12,171,0
"31",96147.3535243,1082.2643,163,251,2645,-129,87,11,23,190,0
"32",96147.3549728,1082.2658,-56,256,-356,-118,89,-21,19,223,0
"33",96147.3564594,1082.2673,305,114,-3531,-76,33,-40,11,213,0
"34",96147.3579369,1082.2688,35,135,1180,-59,48,-49,30,206,0
"35",96147.3592557,1082.2701,153,206,-4740,-64,11,-50,31,181,0
"36",96147.3605638,1082.2714,465,151,-251,-59,22,-18,47,189,0
"37",96147.3866265,1082.2975,-133,190,-1296,-45,-13,-11,42,229,0
"38",96147.3880081,1082.2988,185,-72,-865,3,-41,-11,29,207,0
"39",96147.3893578,1082.3002,-86,-9,1169,23,-10,10,13,201,0
"40",96147.4253783,1082.3362,-18,-66,-4395,28,-3,2,-30,212,0
"41",96147.426688,1082.3375,188,-64,113,54,-6,11,-28,211,0
"42",96147.4280411,1082.3389,-117,-32,-2425,13,-38,24,-34,162,0
"43",96147.4293967,1082.3402,241,-42,-1215,-25,-60,19,-44,146,0
"44",96147.4306307,1082.3415,-1,-16,4733,-21,-23,70,-24,176,0
"45",96147.4319339,1082.3428,30,45,-1765,-12,-16,70,-2,146,0
"46",96147.4713642,1082.3822,160,151,3329,-26,24,85,16,127,0
"47",96147.4727709,1082.3836,11,230,556,-19,60,76,6,103,0
"48",96147.4740644,1082.3849,347,25,-975,-37,13,86,-23,125,0
"49",96147.4897351,1082.4006,198,-15,4788,-32,14,86,-23,146,0
"50",96147.4910709,1082.4019,122,-245,1096,-47,2,51,-30,167,0
"51",96147.4923823,1082.4032,107,-200,4343,-59,-20,71,-3,167,0
"52",96147.530468,1082.4413,44,-41,1099,-74,-20,66,22,120,0
"53",96147.5318784,1082.4427,465,-222,-1870,-105,-73,64,-25,87,0
"54",96147.5331056,1082.4439,102,-75,1288,-110,-45,46,-32,42,0
"55",96147.534642,1082.4455,145,21,-2292,-89,-40,33,-54,27,0
"56",96147.535984,1082.4468,142,173,4385,-56,-42,25,-57,9,0
"57",96147.5373691,1082.4482,105,312,761,-66,-43,10,-35,59,0
"58",96147.6272406,1082.5381,735,139,-650,-87,-59,-14,-43,78,0
"59",96147.6286603,1082.5395,291,170,2970,-79,-34,-20,-73,87,0
"60",96147.629998,1082.5408,273,123,-2603,-60,-32,5,-50,96,0
"61",96147.6315363,1082.5424,400,-2,2716,-43,-12,51,-56,86,0
"62",96147.6375203,1082.5483,215,-7,181,-20,-25,41,-50,52,0
"63",96147.6390455,1082.5499,531,-80,-546,-19,-47,36,-64,71,0
"64",96147.6406555,1082.5515,333,-2,4280,-32,2,38,-56,68,0
"65",96147.6419491,1082.5528,394,96,-451,-63,-4,10,-41,90,0
"66",96147.6432289,1082.5541,487,185,2197,-59,-3,-30,-12,62,0
"67",96147.6446566,1082.5555,265,285,142,-80,23,-51,-9,50,0
"68",96147.6459221,1082.5567,314,114,-1852,-88,12,-64,34,30,0
"69",96147.6471425,1082.558,-51,147,1923,-70,36,-96,61,42,0
"70",96147.6487146,1082.5595,70,151,-3127,-77,8,-118,58,56,0
"71",96147.6500589,1082.5609,355,159,4389,-57,6,-113,67,87,0
"72",96147.6515355,1082.5624,-27,409,1373,-60,19,-113,19,130,0
"73",96147.7212171,1082.632,329,211,409,-68,-7,-66,14,173,0
"74",96147.7225033,1082.6333,178,165,6593,-77,23,-62,75,196,0
"75",96147.7239468,1082.6348,214,116,518,-81,27,-73,85,221,0
"76",96147.7254325,1082.6363,370,225,2923,-65,38,-81,84,240,0
"77",96147.7266859,1082.6375,48,406,436,-70,84,-77,119,203,0
"78",96147.7279219,1082.6387,216,274,-1261,-70,35,-88,161,218,0
"79",96147.7292445,1082.6401,-221,171,4982,-77,90,-73,182,221,0
"80",96147.7306304,1082.6415,-245,52,-3354,-96,78,-58,151,199,0
"81",96147.7321842,1082.643,-140,-62,-598,-92,62,-49,110,201,0
"82",96147.7404926,1082.6513,-563,-131,-3708,-123,99,-4,75,186,0
"83",96147.7419018,1082.6527,182,-234,-3244,-129,77,1,65,152,0
"84",96147.7432589,1082.6541,-103,-103,341,-112,93,27,92,173,0
"85",96147.7670542,1082.6779,-73,-103,-6333,-98,59,90,81,131,0
"86",96147.7683892,1082.6792,95,-24,-154,-96,58,96,95,118,0
"87",96147.7696789,1082.6805,-206,-52,-1329,-106,59,101,110,144,0
"88",96147.8178019,1082.7286,-195,-144,-3253,-124,-1,84,96,179,0
"89",96147.8192754,1082.7301,-465,-174,1414,-111,-2,105,112,188,0
"90",96147.8207893,1082.7316,-478,-116,-5752,-88,-24,94,131,142,0
"91",96147.8258649,1082.7367,-46,-287,336,-40,-22,65,124,149,0
"92",96147.8272867,1082.7381,-426,-333,-496,-11,-19,81,136,176,0
"93",96147.8287647,1082.7396,-119,-449,-5699,27,-42,80,108,183,0
"94",96147.8303593,1082.7412,-257,-408,-196,58,-21,79,158,165,0
"95",96147.8317514,1082.7426,-257,-222,-5648,23,-29,46,92,120,0
"96",96147.8331894,1082.744,-63,-112,-1976,21,-10,46,76,107,0
"97",96147.8590002,1082.7698,-368,-17,-5341,8,4,56,74,118,0
"98",96147.8603032,1082.7711,-96,-99,-5114,-27,-56,37,71,66,0
"99",96147.8615908,1082.7724,-200,69,-792,-46,-62,1,54,24,0
"100",96147.8915662,1082.8024,-54,72,-5360,-31,-83,-7,48,42,0
"101",96147.8928643,1082.8037,53,89,1852,-18,-70,16,80,88,0
"102",96147.8940815,1082.8049,-98,125,-1612,-9,-60,36,65,67,0
"103",96147.9401519,1082.851,162,17,-3012,-4,-40,57,109,28,0
"104",96147.9416027,1082.8524,-36,106,2399,-2,4,52,114,27,0
"105",96147.9428873,1082.8537,36,140,-4475,-17,-4,55,106,29,0
"106",96147.9626501,1082.8735,86,148,-64,-15,13,32,84,40,0
"107",96147.96396,1082.8748,-225,239,-2393,9,27,32,93,32,0
"108",96147.9652418,1082.8761,0,91,-5663,38,-14,28,85,-30,0
"109",96147.966788,1082.8776,-100,-3,432,17,25,69,40,-39,0
"110",96147.968138,1082.879,-111,41,-4887,13,-1,71,37,-34,0
"111",96147.9696345,1082.8805,69,16,-1015,-10,43,86,62,-54,0
"112",96147.9710107,1082.8818,-234,83,-3826,-9,40,77,60,-100,0
"113",96147.9727807,1082.8836,51,62,-5596,-18,30,68,20,-130,0
"114",96147.9741252,1082.8849,-147,111,-1375,37,44,38,13,-145,0
"115",96148.0500818,1082.9609,-86,175,-4470,31,57,43,-2,-140,0
"116",96148.0516709,1082.9625,-8,43,3084,26,48,-14,16,-116,0
"117",96148.0531376,1082.964,-540,63,531,73,80,-4,47,-87,0
"118",96148.0928017,1083.0036,-167,-17,-2085,65,51,-15,52,-40,0
"119",96148.0942625,1083.0051,-226,45,1477,88,47,15,41,-48,0
"120",96148.0955478,1083.0064,-132,59,-6805,66,68,10,22,-58,0
"121",96148.0970169,1083.0078,-143,-17,-404,69,79,-8,27,-63,0
"122",96148.0984677,1083.0093,-558,-53,61,75,97,15,13,-38,0
"123",96148.0998559,1083.0107,-237,-121,-4849,95,48,45,4,-42,0
"124",96148.1014287,1083.0123,-367,-228,-231,92,85,57,14,-77,0
"125",96148.102685,1083.0135,-470,-196,-5617,125,105,42,1,-90,0
"126",96148.108938,1083.0198,-284,-294,249,157,108,58,16,-61,0
"127",96148.122775,1083.0336,-586,-187,-1674,156,117,63,23,-77,0
"128",96148.1240895,1083.0349,-125,-210,-4314,158,95,52,35,-77,0
"129",96148.1253541,1083.0362,-154,-171,16,170,126,53,25,-53,0
"130",96148.1654212,1083.0762,-130,-143,-4393,173,102,58,39,-57,0
"131",96148.1674398,1083.0783,140,-79,2838,188,96,39,36,-7,0
"132",96148.1688522,1083.0797,-298,15,-352,174,87,54,41,23,0
"133",96148.1703145,1083.0811,50,-186,-3976,153,41,2,45,17,0
"134",96148.1716336,1083.0825,-48,-118,2205,145,114,-3,54,-6,0
"135",96148.172877,1083.0837,-42,9,-3431,160,118,-37,40,-15,0
"136",96148.1767293,1083.0876,151,-108,1788,183,92,-48,43,-15,0
"137",96148.1782948,1083.0891,-220,-27,1097,132,89,-21,58,-14,0
"138",96148.1796901,1083.0905,82,-123,-3972,90,73,-6,46,-2,0
"139",96148.2095633,1083.1204,-148,-210,2486,96,70,-13,18,24,0
"140",96148.2109594,1083.1218,-217,-65,-2925,89,68,-43,6,40,0
"141",96148.2123515,1083.1232,37,-4,1745,98,34,-33,30,32,0
"142",96148.2341445,1083.145,-277,164,1581,133,36,-54,36,26,0
"143",96148.235533,1083.1464,168,167,-1984,156,6,-69,39,14,0
"144",96148.2367692,1083.1476,228,303,2796,143,8,-52,52,25,0
"145",96148.2650705,1083.1759,287,153,-1070,163,-9,-54,71,47,0
"146",96148.2665197,1083.1773,395,137,3724,204,11,-71,22,37,0
"147",96148.2679348,1083.1788,152,208,-45,199,58,-41,-32,24,0
"148",96148.2692862,1083.1801,612,74,-1520,204,18,-8,-84,10,0
"149",96148.2705634,1083.1814,361,70,3937,197,59,-1,-93,23,0
"150",96148.2719253,1083.1827,343,152,-3031,202,57,-7,-145,16,0
"151",96148.3019969,1083.2128,620,125,2692,196,57,-7,-118,21,0
"152",96148.3034236,1083.2142,336,195,1659,170,61,3,-101,28,0
"153",96148.3046765,1083.2155,568,99,-2052,171,22,2,-80,8,0
"154",96148.3061277,1083.217,515,60,5098,156,61,38,-35,20,0
"155",96148.3138693,1083.2247,277,123,-770,171,38,63,-46,60,0
"156",96148.315364,1083.2262,511,170,3823,194,48,63,-19,59,0
"157",96148.3754729,1083.2863,115,200,3595,219,69,74,20,68,0
"158",96148.3770737,1083.2879,403,61,907,244,61,63,33,105,0
"159",96148.3783756,1083.2892,256,123,5835,244,59,88,73,123,0
"160",96148.3798793,1083.2907,-2,147,-1101,215,9,107,62,124,0
"161",96148.3812361,1083.2921,293,-49,2915,161,17,96,55,118,0
"162",96148.3825789,1083.2934,-193,20,171,113,36,83,56,124,0
"163",96148.3841534,1083.295,193,-213,-2681,118,18,79,46,124,0
"164",96148.3854374,1083.2963,-128,-193,2388,124,24,112,64,111,0
"165",96148.3867856,1083.2976,-390,-200,-5000,142,22,142,-7,102,0
"166",96148.4187062,1083.3295,-369,-240,-1776,150,4,112,-32,98,0
"167",96148.4205129,1083.3313,-402,-183,-1895,170,-11,112,-21,129,0
"168",96148.4225179,1083.3333,-91,-147,-6453,154,-65,147,-39,110,0
"169",96148.482594,1083.3934,-266,-20,-818,161,-42,145,-8,103,0
"170",96148.483889,1083.3947,-208,125,-6158,166,-39,127,33,82,0
"171",96148.4851256,1083.396,-48,-30,-1160,169,-6,101,31,49,0
"172",96148.4866677,1083.3975,-308,9,-2198,196,18,110,45,26,0
"173",96148.4879286,1083.3988,152,-221,-3996,164,9,66,65,-1,0
"174",96148.4892043,1083.4,1,-181,-371,140,37,56,100,34,0
"175",96148.4907496,1083.4016,-37,-103,-5046,121,30,32,108,15,0
"176",96148.4919976,1083.4028,295,-301,1148,120,-16,6,115,39,0
"177",96148.493276,1083.4041,-93,-227,-630,171,2,-3,116,33,0
"178",96148.4946839,1083.4055,210,-365,-2258,165,-39,16,137,28,0
"179",96148.4959328,1083.4068,79,-232,2019,152,-38,1,127,-2,0
"180",96148.4972736,1083.4081,80,-231,-3901,148,-54,11,129,-3,0
"181",96148.5235369,1083.4344,143,-302,-276,124,-29,-24,114,-3,0
"182",96148.525009,1083.4358,-257,-309,-1268,136,-36,-27,78,19,0
"183",96148.5262838,1083.4371,28,-463,-6028,112,-78,-41,31,30,0
"184",96148.5520442,1083.4629,-94,-489,-1046,114,-31,-28,61,21,0
"185",96148.5534944,1083.4643,-474,-441,-6708,121,-16,4,19,-24,0
"186",96148.5547858,1083.4656,-93,-403,-1453,138,-36,15,29,-26,0
"187",96148.6029074,1083.5137,-224,-350,-1607,134,-10,33,17,-7,0
"188",96148.6044452,1083.5153,52,-519,-4977,122,-50,40,19,-26,0
"189",96148.6057918,1083.5166,-180,-412,-46,100,-49,72,50,-28,0
"190",96148.6221845,1083.533,-78,-301,-3825,88,-46,80,47,-35,0
"191",96148.6236723,1083.5345,106,-377,1512,79,-60,61,14,5,0
"192",96148.6250643,1083.5359,-306,-319,-696,110,-67,61,2,38,0
"193",96148.6265655,1083.5374,-75,-319,-2144,142,-97,56,-15,44,0
"194",96148.6279915,1083.5388,1,-158,4219,133,-98,80,26,33,0
"195",96148.6293009,1083.5401,-138,-68,-2720,113,-128,61,29,38,0
"196",96148.6754511,1083.5863,62,-25,2830,133,-123,34,42,60,0
"197",96148.6768721,1083.5877,-58,-29,1975,116,-78,67,24,74,0
"198",96148.6781537,1083.589,309,-89,-2559,112,-42,75,32,86,0
"199",96148.6896924,1083.6005,77,-142,1091,115,-13,64,30,76,0
"200",96148.6911033,1083.6019,-1,-167,-4585,88,-19,34,26,29,0
"201",96148.6923805,1083.6032,122,-204,233,60,-14,-8,69,71,0
"202",96148.693791,1083.6046,-16,-31,-1909,61,-11,-3,50,69,0
"203",96148.6952276,1083.6061,210,-42,-3073,84,-57,-14,53,80,0
"204",96148.6964909,1083.6073,-68,24,3568,81,-22,12,57,105,0
"205",96148.722571,1083.6334,-68,90,-666,54,-45,21,51,133,0
"206",96148.7238324,1083.6347,275,62,1390,46,-43,-4,41,141,0
"207",96148.7251985,1083.636,45,99,-1943,98,-41,-10,30,130,0
"208",96148.7550911,1083.6659,411,-25,-3230,124,-59,-9,-21,108,0
"209",96148.7564268,1083.6673,352,-36,2346,132,-54,25,-40,98,0
"210",96148.7576959,1083.6685,215,-71,-3491,178,-22,2,-51,122,0
"211",96148.8036692,1083.7145,471,-135,2169,187,-24,24,-33,118,0
"212",96148.8051587,1083.716,20,48,2530,143,6,56,-26,136,0
"213",96148.8064417,1083.7173,302,67,-2545,100,2,55,-29,134,0
"214",96148.8077973,1083.7186,293,143,4944,96,7,71,-29,160,0
"215",96148.8090512,1083.7199,340,209,-1132,65,-33,65,-54,133,0
"216",96148.8104038,1083.7212,487,89,968,16,-15,43,-80,118,0
"217",96148.811921,1083.7227,17,15,1892,48,-10,51,-102,92,0
"218",96148.8132165,1083.724,197,-100,-2251,61,-18,47,-109,49,0
"219",96148.8144646,1083.7253,78,-156,4259,32,-16,63,-95,13,0
"220",96148.8403539,1083.7512,95,-145,-1926,6,-46,79,-92,1,0
"221",96148.8417417,1083.7526,262,-194,2501,5,-78,71,-125,-50,0
"222",96148.8430805,1083.7539,23,60,1806,9,-75,75,-106,-38,0
"223",96148.8889964,1083.7998,330,26,-2074,-2,-107,49,-91,-19,0
"224",96148.8904248,1083.8012,321,33,3477,5,-111,62,-102,-4,0
"225",96148.8916952,1083.8025,310,247,-3659,7,-144,45,-132,17,0
"226",96148.9159686,1083.8268,546,87,1426,2,-162,95,-104,14,0
"227",96148.9174001,1083.8282,564,33,2161,-2,-154,134,-126,2,0
"228",96148.9189188,1083.8297,727,-149,-487,11,-181,153,-114,-1,0
"229",96148.9426339,1083.8535,382,-73,7591,47,-144,176,-82,46,0
"230",96148.9440536,1083.8549,460,-153,1932,65,-122,167,-72,42,0
"231",96148.9453059,1083.8561,498,-149,5822,43,-88,158,-69,27,0
"232",96148.9670804,1083.8779,442,-33,6334,20,-72,185,-61,8,0
"233",96148.9684986,1083.8793,868,-196,4061,0,-77,193,-82,-25,0
"234",96148.9697946,1083.8806,467,-112,8718,-1,-70,176,-92,-58,0
"235",96149.0087555,1083.9196,446,135,4883,3,-69,162,-57,-86,0
"236",96149.0110559,1083.9219,658,147,8891,54,-61,139,-43,-68,0
"237",96149.0128029,1083.9236,-66,136,6906,57,-86,109,-36,-86,0
"238",96149.0147135,1083.9255,100,24,5528,37,-95,89,-9,-106,0
"239",96149.0161054,1083.9269,-283,53,10368,53,-38,74,-18,-91,0
"240",96149.0174576,1083.9283,-149,-78,3663,38,-57,82,-44,-110,0
"241",96149.018784,1083.9296,96,-88,7316,34,-35,82,-49,-123,0
"242",96149.0201467,1083.931,-123,-56,5125,5,0,71,-32,-95,0
"243",96149.021537,1083.9324,198,-184,224,-28,-34,23,-40,-110,0
"244",96149.0537,1083.9645,-15,-192,6108,-5,-12,22,-24,-92,0
"245",96149.055112,1083.9659,1,-158,-2857,9,-17,16,-55,-104,0
"246",96149.0564107,1083.9672,306,-155,-592,22,-24,4,-112,-93,0
"247",96149.1024206,1084.0132,-170,-29,-2764,-10,-15,7,-92,-128,0
"248",96149.1039509,1084.0148,207,-49,-6614,1,-60,-9,-107,-143,0
"249",96149.1056382,1084.0165,82,87,-723,7,-40,-32,-103,-128,0
"250",96149.1132975,1084.0241,-102,14,-5791,22,-47,-61,-158,-133,0
"251",96149.1147812,1084.0256,132,-68,-351,-5,-5,-53,-182,-120,0
"252",96149.1161397,1084.027,-121,66,-1120,21,14,-68,-143,-108,0
"253",96149.1176322,1084.0285,30,-60,-4513,66,-10,-73,-183,-100,0
"254",96149.1208496,1084.0317,-170,-167,-535,57,21,-72,-182,-114,0
"255",96149.1222596,1084.0331,-319,-312,-5993,24,23,-63,-183,-71,0
"256",96149.1236825,1084.0345,-210,-361,-1491,4,48,-75,-158,-98,0
"257",96149.1249708,1084.0358,-535,-395,-1980,-31,77,-70,-116,-86,0
"258",96149.1262775,1084.0371,-165,-498,-4287,-48,47,-58,-88,-58,0
"259",96149.1521162,1084.0629,-347,-394,1563,-60,61,-62,-89,-50,0
"260",96149.1534298,1084.0643,-292,-478,-3692,-46,43,-48,-85,-62,0
"261",96149.1612847,1084.0721,99,-408,-750,-50,18,-45,-58,-41,0
"262",96149.1852611,1084.0961,-322,-340,990,-55,-2,-40,-27,-5,0
"263",96149.1867642,1084.0976,-428,-521,-1100,-25,-9,-52,-50,2,0
"264",96149.1881543,1084.099,-257,-374,2205,12,26,-38,-69,12,0
"265",96149.2486004,1084.1594,-117,-166,-3733,13,10,-58,-79,5,0
"266",96149.2502744,1084.1611,127,-180,1190,12,44,-46,-97,27,0
"267",96149.2516803,1084.1625,-172,-184,-1536,47,77,-30,-99,38,0
"268",96149.253171,1084.164,220,-250,-6160,66,46,-63,-72,-11,0
"269",96149.2545868,1084.1654,86,-228,1374,56,70,-70,-47,-25,0
"270",96149.2560157,1084.1668,-42,-118,-4629,55,67,-79,-31,0,0
"271",96149.2575944,1084.1684,351,-178,-60,64,68,-83,-47,-4,0
"272",96149.2590653,1084.1699,-54,-62,-363,37,70,-101,-48,-35,0
"273",96149.2603372,1084.1712,249,-198,-3683,29,34,-61,-21,-31,0
"274",96149.261886,1084.1727,77,-373,4106,38,69,-101,19,25,0
"275",96149.2634154,1084.1742,-180,-448,-2127,23,36,-126,0,-7,0
"276",96149.267023,1084.1778,163,-419,-438,-11,51,-113,17,-15,0
"277",96149.3089045,1084.2197,25,-247,-224,-38,48,-97,38,-8,0
"278",96149.3103562,1084.2212,336,-380,-1829,-29,1,-147,45,-38,0
"279",96149.311733,1084.2226,-76,-375,3582,-25,27,-133,20,-33,0
"280",96149.3482116,1084.259,-417,-121,-336,21,14,-151,0,-26,0
"281",96149.3496063,1084.2604,216,-121,4197,21,-14,-139,5,-4,0
"282",96149.3508436,1084.2617,130,148,3729,-9,4,-111,25,-17,0
"283",96149.3521933,1084.263,519,185,763,-10,-31,-123,15,-33,0
"284",96149.3534093,1084.2642,309,162,5819,-1,-15,-110,34,-61,0
"285",96149.354615,1084.2654,211,41,1070,-16,-27,-82,29,-82,0
"286",96149.3845561,1084.2954,244,-100,7004,-28,30,-59,27,-57,0
"287",96149.3859413,1084.2968,-199,-22,5342,-28,35,-55,4,-66,0
"288",96149.3874291,1084.2983,180,-100,553,-28,19,-43,0,-69,0
"289",96149.4263449,1084.3372,-33,-127,7694,-6,47,-8,21,-50,0
"290",96149.4276574,1084.3385,133,-163,2501,-32,0,-20,-3,-78,0
"291",96149.429119,1084.3399,282,-77,6030,-34,-50,-23,5,-123,0
"292",96149.4306031,1084.3414,184,66,6068,-34,-44,-4,-10,-126,0
"293",96149.4319292,1084.3428,768,124,2557,-51,-54,-16,-38,-150,0
"294",96149.4333249,1084.3441,540,231,8488,-92,-36,-46,14,-131,0
"295",96149.4348704,1084.3457,501,198,3506,-97,-46,-72,32,-91,0
"296",96149.4361536,1084.347,830,189,8465,-91,-43,-82,47,-59,0
"297",96149.4442051,1084.355,391,323,5100,-99,-8,-82,62,-53,0
"298",96149.4650749,1084.3759,562,314,-849,-110,-40,-60,41,-101,0
"299",96149.4664771,1084.3773,613,252,4429,-157,-27,-47,29,-121,0
"300",96149.4678744,1084.3787,493,329,-3718,-150,-47,-51,62,-133,0
"301",96149.4977867,1084.4086,700,299,400,-164,-33,-55,84,-136,0
"302",96149.4992159,1084.41,274,365,457,-167,-4,-39,115,-108,0
"303",96149.5005236,1084.4113,563,221,-4561,-137,-15,-3,112,-86,0
"304",96149.5306237,1084.4414,552,148,-82,-165,23,58,102,-93,0
"305",96149.5319958,1084.4428,387,294,-4235,-141,7,45,116,-93,0
"306",96149.5334412,1084.4443,769,303,-1303,-158,15,45,122,-101,0
"307",96149.5349514,1084.4458,411,390,-775,-126,75,30,137,-101,0
"308",96149.5380314,1084.4489,561,341,-3398,-77,58,40,130,-98,0
"309",96149.5393422,1084.4502,441,204,1258,-69,53,63,120,-77,0
"310",96149.5652627,1084.4761,172,81,-4609,-54,44,70,118,-80,0
"311",96149.5667366,1084.4776,458,-109,-1121,-78,56,86,120,-81,0
"312",96149.5680698,1084.4789,313,72,-686,-35,92,81,114,-6,0
"313",96149.5979474,1084.5088,514,54,-3510,-20,53,68,101,10,0
"314",96149.5995072,1084.5103,438,55,1524,-41,61,72,112,26,0
"315",96149.6007301,1084.5116,166,123,-4628,-54,74,55,51,12,0
"316",96149.6411668,1084.552,430,89,860,-36,80,36,74,8,0
"317",96149.6427192,1084.5535,-101,125,177,-33,92,-2,68,56,0
"318",96149.6440288,1084.5549,206,-156,-4617,-20,49,-11,53,49,0
"319",96149.645576,1084.5564,82,-304,1407,-24,42,-18,73,51,0
"320",96149.6468416,1084.5577,-26,-89,-2553,-37,41,-49,82,49,0
"321",96149.6480757,1084.5589,224,-190,567,-4,36,-18,89,56,0
"322",96149.6493858,1084.5602,-279,-25,475,4,90,-20,78,32,0
"323",96149.6506469,1084.5615,-463,184,-3401,39,107,5,84,7,0
"324",96149.6518976,1084.5627,-483,259,-180,64,114,13,52,34,0
"325",96149.6829109,1084.5937,-512,227,-4297,81,82,-32,12,40,0
"326",96149.6842227,1084.595,-339,186,579,63,113,-29,43,54,0
"327",96149.6854994,1084.5963,-322,146,-2307,56,165,-27,99,10,0
"328",96149.7115099,1084.6223,-46,-116,-6226,120,164,-15,119,-14,0
"329",96149.7128386,1084.6237,-173,-163,2026,140,186,-9,133,3,0
"330",96149.7140837,1084.6249,-200,-41,-2439,136,196,-41,139,-21,0
"331",96149.7478954,1084.6587,-42,101,60,127,237,-36,156,-43,0
"332",96149.7558369,1084.6667,-841,219,512,78,235,-43,185,2,0
"333",96149.757675,1084.6685,-842,67,-3245,107,209,-47,142,-14,0
"334",96149.7836181,1084.6944,-556,55,4096,124,233,-45,148,-34,0
"335",96149.7851343,1084.696,-415,3,-2381,117,220,-39,153,-27,0
"336",96149.7864475,1084.6973,-49,-88,-986,131,231,-64,132,-36,0
"337",96149.7899666,1084.7008,-155,-8,930,143,261,-23,138,-71,0
"338",96149.7912219,1084.702,39,-86,-2296,105,222,11,152,-59,0
"339",96149.7924587,1084.7033,-111,-118,2565,115,251,37,192,-27,0
"340",96149.7972975,1084.7081,-12,45,-1609,134,218,24,170,-28,0
"341",96149.7986814,1084.7095,366,28,1010,162,236,30,174,-9,0
"342",96149.7999663,1084.7108,126,173,126,131,239,68,171,18,0
"343",96149.8173297,1084.7282,260,90,-4344,97,196,97,139,-10,0
"344",96149.8186066,1084.7294,93,128,1372,118,230,101,106,0,0
"345",96149.8198699,1084.7307,47,25,-4975,117,249,96,114,-6,0
"346",96149.8679403,1084.7788,409,-154,1106,122,264,85,117,-10,0
"347",96149.8693993,1084.7802,36,-11,1052,101,296,111,122,11,0
"348",96149.8708131,1084.7816,296,-209,-3691,66,254,85,114,-5,0
"349",96149.8865365,1084.7974,46,-55,4182,55,287,64,137,-7,0
"350",96149.8896289,1084.8005,98,-44,291,53,286,91,157,5,0
"351",96149.8911126,1084.8019,439,26,2637,40,313,85,178,3,0
"352",96149.8926483,1084.8035,188,232,719,13,346,83,164,-5,0
"353",96149.8939923,1084.8048,469,33,-2150,8,337,59,140,-23,0
"354",96149.8952267,1084.8061,271,59,2457,7,346,71,149,-16,0
"355",96149.9611632,1084.872,32,22,-2948,-11,321,84,131,-23,0
"356",96149.962587,1084.8734,302,-90,991,-25,295,123,121,-54,0
"357",96149.9639061,1084.8747,-51,191,-760,-11,277,104,97,-50,0
"358",96149.9654216,1084.8762,244,122,-3439,22,252,86,82,-48,0
"359",96149.9672314,1084.8781,176,-29,1793,7,267,119,123,-31,0
"360",96149.9686017,1084.8794,50,-164,-6173,-5,248,103,124,-33,0
"361",96149.9700715,1084.8809,265,-258,-1280,9,218,100,112,-68,0
"362",96149.9714832,1084.8823,104,-254,1565,-10,228,104,107,-94,0
"363",96149.9729674,1084.8838,464,-356,-3257,5,190,137,88,-84,0
"364",96150.0050048,1084.9158,470,-451,2309,-13,205,142,120,-65,0
"365",96150.006706,1084.9175,188,-389,-5168,-28,208,105,130,-66,0
"366",96150.0081882,1084.919,539,-423,-1520,-17,221,62,128,-53,0
"367",96150.0096183,1084.9204,453,-239,-143,14,199,61,102,-5,0
"368",96150.0181769,1084.929,525,-257,-4035,6,162,58,91,-14,0
"369",96150.019697,1084.9305,477,-293,440,11,185,48,83,13,0
"370",96150.0714514,1084.9823,348,-143,-4277,46,167,12,34,-28,0
"371",96150.0731426,1084.984,774,-144,-2039,44,145,-1,20,-71,0
"372",96150.0745825,1084.9854,502,-55,-2175,33,172,-40,24,-52,0
"373",96150.0760326,1084.9869,607,-75,-3714,52,142,-71,12,-33,0
"374",96150.0774875,1084.9883,386,7,2330,60,141,-71,-3,-65,0
"375",96150.0787695,1084.9896,286,114,-5337,44,147,-54,-8,-53,0
"376",96150.0803343,1084.9912,580,48,-3407,37,162,-33,-41,-97,0
"377",96150.0816005,1084.9924,202,-64,-2743,60,169,-20,-62,-151,0
"378",96150.0829195,1084.9937,399,-298,-4687,111,143,-29,-69,-174,0
"379",96150.1727589,1085.0836,522,-360,1154,155,142,-34,-80,-174,0
"380",96150.1743167,1085.0851,391,-371,-4272,146,124,-40,-83,-193,0
"381",96150.1756931,1085.0865,661,-296,-1169,148,122,-34,-53,-161,0
"382",96150.1771827,1085.088,147,-58,1245,204,109,-54,-53,-126,0
"383",96150.1787883,1085.0896,264,-43,-4228,194,66,-46,-45,-120,0
"384",96150.1801342,1085.091,151,12,1155,177,109,-37,16,-148,0
"385",96150.1816373,1085.0925,122,79,-4892,164,94,-37,40,-181,0
"386",96150.183036,1085.0939,326,-40,-324,150,72,-46,60,-182,0
"387",96150.1844291,1085.0953,50,-62,466,142,58,-30,52,-181,0
"388",96150.1861793,1085.097,299,-99,-1671,144,44,-42,13,-178,0
"389",96150.187726,1085.0986,212,74,4823,141,65,-33,-7,-166,0
"390",96150.1891108,1085.0999,365,302,-97,175,64,-13,-5,-111,0
"391",96150.2130788,1085.1239,539,194,3018,197,97,-44,2,-96,0
"392",96150.2144977,1085.1253,160,292,1381,194,90,-39,6,-102,0
"393",96150.2157848,1085.1266,589,242,-3029,183,20,-46,5,-77,0
"394",96150.2416474,1085.1525,575,230,2637,165,32,-47,5,-68,0
"395",96150.2431405,1085.154,464,237,-3112,145,13,-29,13,-79,0
"396",96150.2444014,1085.1552,639,45,736,111,-5,-40,-24,-67,0
"397",96150.2806916,1085.1915,346,134,3604,89,2,-44,-12,-24,0
"398",96150.2820545,1085.1929,412,-3,774,64,-34,-58,7,-15,0
"399",96150.2836433,1085.1945,133,-84,5652,50,-33,-53,6,-4,0
"400",96150.2850027,1085.1958,135,-105,-1572,43,-47,-31,19,-8,0
"401",96150.2863627,1085.1972,333,-54,-59,42,-54,-18,31,-32,0
"402",96150.2876535,1085.1985,166,-5,-759,48,-68,-5,59,-46,0
"403",96150.3155225,1085.2263,481,-119,-4111,72,-111,-3,47,-76,0
"404",96150.3235776,1085.2344,509,15,2820,84,-83,-2,73,-82,0
"405",96150.325047,1085.2359,338,66,-1241,73,-81,39,30,-43,0
"406",96150.3265128,1085.2373,566,-6,908,47,-63,36,17,-36,0
"407",96150.3278028,1085.2386,418,-66,16,19,-44,49,43,18,0
"408",96150.3290762,1085.2399,608,-106,-4018,13,-71,52,27,-18,0
"409",96150.3730471,1085.2839,347,-143,2880,5,-68,65,16,-4,0
"410",96150.3744255,1085.2853,77,-162,-2300,-1,-64,82,29,13,0
"411",96150.3757258,1085.2866,408,-215,683,7,-45,79,35,46,0
"412",96150.3831132,1085.2939,-159,0,587,42,2,94,28,58,0
"413",96150.3843311,1085.2952,196,-20,-2469,31,-9,67,6,31,0
"414",96150.3855933,1085.2964,443,-103,3898,36,51,77,-17,16,0
"415",96150.4163723,1085.3272,261,-234,970,34,15,94,3,27,0
"416",96150.4176451,1085.3285,477,-184,2733,3,10,121,-6,27,0
"417",96150.4188946,1085.3297,214,-5,2246,10,65,116,-12,63,0
"418",96150.4223908,1085.3332,569,-89,-2201,7,26,117,-68,86,0
"419",96150.423629,1085.3345,391,-110,2236,8,55,124,-70,95,0
"420",96150.4251839,1085.336,178,-153,-3675,37,4,94,-71,72,0
"421",96150.5014412,1085.4123,417,-251,1501,58,-2,62,-70,111,0
"422",96150.5031098,1085.4139,95,-129,1921,65,59,76,-86,143,0
"423",96150.5044947,1085.4153,568,-76,-3398,95,51,59,-108,159,0
"424",96150.5187829,1085.4296,662,84,1711,111,50,114,-93,189,0
"425",96150.5200299,1085.4309,502,35,-2048,117,18,84,-136,205,0
"426",96150.5214529,1085.4323,542,-257,-144,115,-2,31,-150,200,0
"427",96150.5230183,1085.4338,12,-240,1953,143,41,32,-158,214,0
"428",96150.5243206,1085.4351,267,-271,-4264,114,28,7,-152,216,0
"429",96150.5256441,1085.4365,100,-380,-790,107,44,18,-129,189,0
"430",96150.5270523,1085.4379,-300,-399,-6585,82,41,25,-102,228,0
"431",96150.5282756,1085.4391,83,-352,-3550,83,26,25,-104,228,0
"432",96150.5295821,1085.4404,-155,-320,-445,129,38,43,-136,233,0
"433",96150.5795443,1085.4904,204,-254,-4250,137,0,66,-134,242,0
"434",96150.5811317,1085.492,312,-71,230,153,5,95,-118,189,0
"435",96150.5825283,1085.4934,70,-10,-6157,203,-2,116,-114,135,0
"436",96150.6203632,1085.5312,253,-79,-1914,230,-42,98,-105,127,0
"437",96150.6217801,1085.5326,-38,-18,721,234,-43,73,-76,121,0
"438",96150.6232293,1085.5341,175,16,-5000,217,-86,74,-86,120,0
"439",96150.624626,1085.5355,268,1,2644,228,-76,97,-93,97,0
"440",96150.6324944,1085.5433,111,-17,-1304,224,-73,86,-87,103,0
"441",96150.6347479,1085.5456,220,-52,1065,191,-118,113,-65,103,0
"442",96150.6363118,1085.5471,-240,133,2712,199,-75,94,-69,122,0
"443",96150.6377138,1085.5485,93,44,-1271,168,-77,67,-52,103,0
"444",96150.6390198,1085.5498,-88,140,4006,190,-62,21,-40,115,0
"445",96150.6931667,1085.604,-49,254,336,170,-74,5,-55,133,0
"446",96150.6945425,1085.6054,300,270,3868,132,-88,24,-47,156,0
"447",96150.695963,1085.6068,-196,390,2511,103,-64,46,-30,168,0
"448",96150.6974007,1085.6082,176,175,-2906,124,-65,42,-40,151,0
"449",96150.6987523,1085.6096,137,204,3684,114,-47,38,-82,154,0
"450",96150.7000479,1085.6109,271,114,-695,127,-27,45,-76,149,0
"451",96150.7015829,1085.6124,636,75,1792,94,-10,72,-94,126,0
"452",96150.7028576,1085.6137,228,118,2269,94,-6,61,-100,126,0
"453",96150.7041246,1085.6149,515,143,-2947,88,-16,61,-105,99,0
"454",96150.7055488,1085.6164,519,65,4790,50,-29,42,-83,93,0
"455",96150.7068513,1085.6177,279,115,-2342,43,-64,-10,-115,88,0
"456",96150.7082693,1085.6191,300,-49,-2491,37,-94,-60,-82,118,0
"457",96150.7603892,1085.6712,58,-47,-438,65,-81,-50,-87,87,0
"458",96150.7618558,1085.6727,190,112,-4945,56,-100,-81,-96,60,0
"459",96150.763293,1085.6741,-127,42,2532,60,-83,-93,-84,76,0
"460",96150.7911703,1085.702,-178,-18,-1318,119,-117,-73,-63,79,0
"461",96150.7925718,1085.7034,195,-9,1450,112,-127,-72,-53,120,0
"462",96150.7938407,1085.7047,-20,122,2687,94,-102,-43,-30,112,0
"463",96150.7951298,1085.706,45,-2,-3426,74,-129,-84,-39,75,0
"464",96150.7963551,1085.7072,-3,64,1747,31,-82,-115,-45,21,0
"465",96150.7977059,1085.7085,-208,129,-2943,4,-69,-98,-72,-11,0
"466",96150.7990791,1085.7099,116,158,-76,-10,-61,-85,-79,-41,0
"467",96150.8003279,1085.7112,192,292,2920,19,-30,-90,-67,-9,0
"468",96150.8019088,1085.7127,312,247,-3696,2,-36,-103,-75,-15,0
"469",96150.831052,1085.7419,310,178,4655,-1,-32,-112,-28,-5,0
"470",96150.8324242,1085.7432,-190,81,967,-11,-36,-127,18,29,0
"471",96150.8337026,1085.7445,244,37,3206,-6,-34,-82,16,89,0
"472",96150.8634601,1085.7743,83,272,4336,2,-31,-56,-9,129,0
"473",96150.8649763,1085.7758,473,340,-119,13,-14,-63,-8,150,0
"474",96150.8662061,1085.777,315,327,4260,15,21,-70,-3,136,0
"475",96150.9048526,1085.8157,3,328,-1815,8,58,-75,-19,87,0
"476",96150.906296,1085.8171,439,247,-1303,-3,54,-56,-32,50,0
"477",96150.9075958,1085.8184,45,387,299,-60,69,-58,0,77,0
"478",96150.9089956,1085.8198,292,367,-4391,-114,46,-74,-21,86,0
"479",96150.9102488,1085.8211,362,286,2682,-117,46,-51,-24,58,0
"480",96150.911491,1085.8223,132,323,-2329,-130,46,-50,-9,51,0
"481",96150.9313654,1085.8422,-46,232,-1075,-141,79,-35,-22,59,0
"482",96150.9328371,1085.8437,-126,198,152,-112,102,-19,-41,49,0
"483",96150.9341064,1085.8449,201,186,-5750,-127,62,-37,-5,38,0
"484",96150.9357051,1085.8465,127,156,1403,-136,73,-10,13,70,0
"485",96150.9370926,1085.8479,-98,33,-3508,-174,70,-2,24,65,0
"486",96150.9383594,1085.8492,156,-67,-2130,-231,75,18,43,91,0
"487",96150.9902672,1085.9011,-282,51,-1818,-218,103,8,23,105,0
"488",96150.9917026,1085.9025,25,23,-6055,-201,54,-6,-25,102,0
"489",96150.9932348,1085.9041,-5,306,-817,-199,75,10,-22,98,0
"490",96151.0031226,1085.9139,-238,356,-4677,-183,89,18,-24,58,0
"491",96151.0044281,1085.9153,-33,110,-2021,-172,71,13,6,42,0
"492",96151.0057948,1085.9166,-236,59,-2475,-182,96,43,4,42,0
"493",96151.0358567,1085.9467,-71,105,-7418,-182,39,-13,-38,24,0
"494",96151.0372979,1085.9481,-104,157,-1334,-165,24,-4,-15,16,0
"495",96151.0385513,1085.9494,-242,17,-5721,-179,35,34,-11,-15,0
"496",96151.040124,1085.9509,-32,13,-3072,-173,45,87,-10,-35,0
"497",96151.041409,1085.9522,-460,60,-2842,-224,65,76,-21,-76,0
"498",96151.0427015,1085.9535,-230,0,-6255,-228,57,64,-56,-76,0
"499",96151.0927879,1086.0036,-39,-23,769,-190,61,81,-50,-62,0
"500",96151.0952264,1086.0061,-134,12,-4068,-162,36,85,-52,-95,0
"501",96151.09661,1086.0074,57,34,-2024,-124,17,77,-55,-114,0
"502",96151.1306182,1086.0414,-398,21,478,-83,37,96,-63,-121,0
"503",96151.1320392,1086.0429,-593,-10,-2289,-63,-2,67,-81,-114,0
"504",96151.1334152,1086.0442,-514,63,3679,-73,-4,50,-89,-77,0
"505",96151.1348814,1086.0457,-634,155,-1207,-98,-8,62,-96,-80,0
"506",96151.1362631,1086.0471,-137,-96,-736,-100,-25,55,-126,-76,0
"507",96151.1376235,1086.0484,-270,-116,-1395,-107,-13,74,-120,-99,0
"508",96151.1656414,1086.0765,-64,-123,-5916,-108,5,46,-163,-146,0
"509",96151.1671675,1086.078,-4,-18,2976,-73,42,32,-172,-160,0
"510",96151.1685101,1086.0793,-158,59,-2362,-70,36,36,-187,-195,0
"511",96151.2113115,1086.1221,110,-155,976,-59,17,20,-153,-184,0
"512",96151.2127531,1086.1236,-370,-249,1334,-34,49,-19,-135,-179,0
"513",96151.2140394,1086.1249,-284,-234,-3841,-27,21,-39,-126,-176,0
"514",96151.2154628,1086.1263,-233,-208,3897,-3,37,-28,-157,-125,0
"515",96151.216763,1086.1276,-331,35,-2842,1,11,-39,-171,-130,0
"516",96151.2182773,1086.1291,291,12,-1677,4,-5,-35,-168,-137,0
"517",96151.2196296,1086.1305,58,334,-93,-15,24,-49,-146,-157,0
"518",96151.220945,1086.1318,417,341,-5419,-22,31,-89,-155,-184,0
"519",96151.2222467,1086.1331,349,380,788,3,45,-83,-143,-206,0
"520",96151.2440558,1086.1549,221,404,-2439,10,30,-80,-100,-187,0
"521",96151.2454098,1086.1562,620,303,813,10,2,-92,-76,-205,0
"522",96151.2467118,1086.1575,272,434,539,-32,19,-66,-96,-193,0
"523",96151.3005081,1086.2113,333,181,-3672,-53,25,-62,-110,-200,0
"524",96151.3019848,1086.2128,-15,28,2858,-53,51,-10,-99,-207,0
"525",96151.3032875,1086.2141,-164,101,-2056,-44,80,3,-102,-187,0
"526",96151.3047761,1086.2156,89,-8,2287,-14,50,9,-113,-181,0
"527",96151.3063297,1086.2172,-230,60,4241,-26,94,44,-107,-153,0
"528",96151.3078311,1086.2187,253,66,-1029,-4,94,47,-140,-141,0
"529",96151.3093049,1086.2201,52,53,4390,34,118,68,-133,-160,0
"530",96151.3106164,1086.2214,-314,265,-1794,21,109,52,-126,-148,0
"531",96151.3119086,1086.2227,410,215,-3002,6,97,85,-121,-150,0
"532",96151.3451568,1086.256,131,173,-492,-16,117,114,-104,-170,0
"533",96151.34657,1086.2574,-85,-22,-2470,-24,54,104,-106,-164,0
"534",96151.3479169,1086.2587,-17,-126,2430,-9,58,89,-85,-145,0
"535",96151.3514342,1086.2623,-125,-93,-1855,-20,53,61,-97,-166,0
"536",96151.3527741,1086.2636,213,-141,1078,18,47,54,-90,-167,0
"537",96151.3541694,1086.265,-93,-53,2301,3,83,54,-92,-155,0
"538",96151.4002309,1086.3111,184,-216,-1334,-7,58,56,-102,-162,0
"539",96151.4018153,1086.3126,119,-284,3780,-23,63,37,-100,-141,0
"540",96151.4031049,1086.3139,-28,-217,-2978,-14,59,41,-66,-140,0
"541",96151.4088291,1086.3197,394,-289,-1500,24,8,42,-66,-119,0
"542",96151.4102391,1086.3211,76,-151,1119,-7,8,52,-37,-137,0
"543",96151.4116673,1086.3225,304,-198,-4664,-16,-12,86,-35,-156,0
"544",96151.4455564,1086.3564,232,-128,2824,7,17,130,-17,-153,0
"545",96151.4537332,1086.3646,71,-51,676,16,22,99,-73,-120,0
"546",96151.4552667,1086.3661,560,-10,1795,19,19,62,-88,-97,0
"547",96151.4568703,1086.3677,232,-25,2462,37,13,25,-50,-114,0
"548",96151.4581438,1086.369,357,-3,-2355,7,11,16,-32,-116,0
"549",96151.4594271,1086.3703,224,31,4118,26,9,-38,5,-95,0
"550",96151.48923,1086.4001,-128,-77,1322,48,18,-29,4,-102,0
"551",96151.4905365,1086.4014,199,-219,3906,44,3,-42,-37,-124,0
"552",96151.4917861,1086.4026,-215,-68,4377,12,29,-17,-35,-133,0
"553",96151.4933116,1086.4041,51,-84,227,16,29,-16,-29,-134,0
"554",96151.4946017,1086.4054,67,25,5728,16,59,2,-15,-143,0
"555",96151.4958775,1086.4067,154,181,-184,1,71,6,-2,-128,0
"556",96151.5259834,1086.4368,658,96,1508,6,66,10,-31,-103,0
"557",96151.5274715,1086.4383,355,250,2478,9,83,30,-16,-118,0
"558",96151.5287532,1086.4396,291,195,-5048,4,55,-6,-44,-104,0
"559",96151.558612,1086.4694,293,193,1015,-10,57,-16,-12,-93,0
"560",96151.5601279,1086.471,278,61,-3260,-22,90,7,-23,-110,0
"561",96151.5613842,1086.4722,780,-53,-460,-2,77,35,-14,-91,0
"562",96151.5689423,1086.4798,445,115,1183,-22,71,51,4,-59,0
"563",96151.5702231,1086.481,530,106,-3595,-31,23,72,-6,-66,0
"564",96151.57148,1086.4823,542,-103,2025,-16,55,64,9,-55,0
"565",96151.6034256,1086.5143,464,-80,-1235,-10,60,64,1,-69,0
"566",96151.6050233,1086.5158,767,-264,1359,-24,52,86,-10,-55,0
"567",96151.6062664,1086.5171,447,-154,1197,-12,46,96,0,-58,0
"568",96151.6077637,1086.5186,323,-291,-2234,-46,16,111,34,-111,0
"569",96151.6090159,1086.5198,99,-364,4170,-19,8,126,58,-100,0
"570",96151.6102672,1086.5211,-139,-357,-770,-17,-1,129,75,-96,0
"571",96151.6603425,1086.5712,-56,-227,726,-22,2,119,95,-117,0
"572",96151.6617332,1086.5726,-306,-65,3739,-48,13,141,95,-105,0
"573",96151.6630312,1086.5739,-161,140,-2988,-42,11,165,73,-141,0
"574",96151.6660004,1086.5768,-108,182,3790,-17,19,146,76,-122,0
"575",96151.6672886,1086.5781,-233,245,823,-30,4,110,66,-116,0
"576",96151.6686617,1086.5795,246,57,1750,0,-12,110,59,-89,0
"577",96151.6820677,1086.5929,-75,19,2259,-33,-5,93,37,-57,0
"578",96151.6833761,1086.5942,-157,-232,-2229,-62,-6,74,36,-51,0
"579",96151.6847354,1086.5956,-269,-116,1150,-81,33,62,8,-60,0
"580",96151.7126802,1086.6235,-393,-111,-4529,-86,54,66,-3,-83,0
"581",96151.7206534,1086.6315,15,-306,-1575,-96,53,44,-25,-120,0
"582",96151.7221536,1086.633,-250,-150,-241,-126,70,8,10,-108,0
"583",96151.757958,1086.6688,114,-177,-6012,-136,76,-24,16,-151,0
"584",96151.7594477,1086.6703,-9,-19,24,-112,85,-20,15,-186,0
"585",96151.762358,1086.6732,-271,-62,-7204,-91,95,-1,-12,-197,0
"586",96151.7639374,1086.6748,230,-228,-6020,-65,80,4,-39,-233,0
"587",96151.7652758,1086.6761,85,-182,-3747,-63,74,16,-66,-251,0
"588",96151.7667556,1086.6776,157,-338,-9510,-32,45,-26,-61,-260,0
"589",96151.7966535,1086.7075,112,-387,-2014,-7,27,-47,-69,-275,0
"590",96151.7980584,1086.7089,-62,-195,-4460,12,-5,-45,-96,-263,0
"591",96151.7995389,1086.7104,226,-272,-1859,69,-32,-71,-108,-239,0
"592",96151.8011001,1086.7119,-443,-215,136,28,-24,-59,-118,-262,0
"593",96151.8023731,1086.7132,-235,-426,-3645,27,-63,-36,-145,-283,0
"594",96151.8036611,1086.7145,-207,-381,1233,41,-44,-59,-139,-279,0
"595",96151.8572241,1086.768,-621,-252,-2919,30,-38,-76,-95,-229,0
"596",96151.859878,1086.7707,94,-116,-2673,70,-65,-71,-91,-196,0
"597",96151.8622279,1086.7731,-133,-63,-1468,114,-30,-64,-103,-224,0
"598",96151.8782145,1086.789,329,-293,-5100,109,-56,-75,-116,-252,0
"599",96151.8796501,1086.7905,320,-262,803,80,-62,-70,-130,-246,0
"600",96151.8809258,1086.7918,-283,-241,-4284,59,-50,-64,-103,-250,0
"601",96151.8844388,1086.7953,312,-319,-3054,95,-63,-86,-105,-272,0
"602",96151.8858026,1086.7966,80,-203,257,107,-61,-74,-109,-274,0
"603",96151.8871662,1086.798,140,-254,-4045,135,-82,-28,-102,-266,0
"604",96151.9171137,1086.8279,30,-242,1910,138,-78,3,-104,-232,0
"605",96151.9197947,1086.8306,-90,-304,-2009,160,-49,2,-138,-276,0
"606",96151.9221415,1086.833,377,-281,-1759,130,-60,11,-151,-328,0
"607",96151.9235936,1086.8344,-153,-215,714,135,-29,-8,-100,-304,0
"608",96151.9248604,1086.8357,-10,-364,-3407,155,-83,-48,-107,-306,0
"609",96151.9263176,1086.8371,-191,-314,1568,162,-85,-89,-136,-285,0
"610",96151.9642929,1086.8751,-106,-278,-3817,144,-106,-93,-152,-268,0
"611",96151.96593,1086.8768,224,-297,-2868,183,-149,-97,-159,-273,0
"612",96151.9673935,1086.8782,-256,-198,-243,210,-129,-104,-137,-275,0
"613",96151.9973795,1086.9082,-5,-203,-2855,192,-128,-104,-154,-254,0
"614",96151.9989178,1086.9097,-12,-200,3040,174,-134,-85,-150,-269,0
"615",96152.0073515,1086.9182,-275,-278,-3009,186,-145,-60,-126,-266,0
"616",96152.0313316,1086.9422,-5,-410,-83,178,-139,-41,-127,-267,0
"617",96152.0327399,1086.9436,-208,-181,4431,159,-101,-60,-81,-277,0
"618",96152.0343778,1086.9452,85,-246,-194,148,-105,-33,-102,-273,0
"619",96152.0382755,1086.9491,-23,-253,6419,125,-61,-23,-77,-274,0
"620",96152.0397139,1086.9505,-139,-16,1568,104,-61,-6,-20,-230,0
"621",96152.0413025,1086.9521,245,-135,1243,90,-62,27,-37,-188,0
"622",96152.069171,1086.98,-487,-144,1999,86,-42,42,-18,-140,0
"623",96152.070788,1086.9816,-253,-166,-4353,84,-85,3,-17,-128,0
"624",96152.0723448,1086.9832,-159,-133,1373,46,-71,-21,-21,-128,0
"625",96152.0737387,1086.9846,-494,46,-1239,46,-56,-29,-31,-149,0
"626",96152.0752922,1086.9861,-16,-4,1706,80,-69,-35,-49,-139,0
"627",96152.0767764,1086.9876,-274,64,3775,73,-54,-10,-70,-120,0
"628",96152.1091286,1087.02,-53,69,-91,75,-75,-33,-100,-65,0
"629",96152.1105328,1087.0214,-280,246,5177,81,-53,-36,-94,-21,0
"630",96152.1120318,1087.0229,-266,261,301,82,-53,-42,-64,18,0
"631",96152.1492291,1087.0601,167,200,2452,80,-73,-43,3,16,0
"632",96152.1517505,1087.0626,22,432,5139,55,-50,-20,21,18,0
"633",96152.1537249,1087.0645,56,262,110,51,-65,-35,6,76,0
"634",96152.1556982,1087.0665,43,339,3316,32,-58,-37,3,72,0
"635",96152.1572285,1087.0681,-124,369,-568,29,-33,-70,9,55,0
"636",96152.1584996,1087.0693,238,341,-1529,34,-59,-74,22,64,0
"637",96152.1863634,1087.0972,-34,338,1474,38,-63,-47,31,68,0
"638",96152.1877935,1087.0986,128,323,-3165,76,-68,-85,41,61,0
"639",96152.1889988,1087.0998,103,288,3040,61,-69,-94,55,70,0
"640",96152.1927138,1087.1035,-49,281,35,81,-86,-83,55,77,0
"641",96152.1940944,1087.1049,309,184,2363,66,-96,-53,53,119,0
"642",96152.1953626,1087.1062,20,168,2898,77,-43,-34,63,127,0
"643",96152.227136,1087.138,178,199,-4337,112,-68,-34,49,114,0
"644",96152.2285898,1087.1394,225,166,2306,74,-67,-35,37,74,0
"645",96152.2298049,1087.1406,132,274,-3167,73,-75,-78,53,82,0
"646",96152.2312057,1087.142,314,149,-1355,104,-64,-92,64,96,0
"647",96152.2325187,1087.1433,-138,99,3647,103,-66,-129,55,90,0
"648",96152.2338586,1087.1447,-173,158,-2187,97,-93,-133,48,119,0
"649",96152.2635396,1087.1744,-160,123,3206,91,-84,-134,58,128,0
"650",96152.2719341,1087.1828,-65,222,-1455,108,-95,-152,80,100,0
"651",96152.2735096,1087.1843,213,284,464,106,-121,-130,89,72,0
"652",96152.3012931,1087.2121,-198,436,4356,154,-79,-120,121,111,0
"653",96152.3028234,1087.2136,22,452,-883,128,-66,-104,151,135,0
"654",96152.3041469,1087.215,-164,283,4542,123,-55,-72,169,133,0
"655",96152.3056351,1087.2165,-341,294,-627,76,-34,-47,151,150,0
"656",96152.3070168,1087.2178,188,334,1865,61,-18,-57,135,148,0
"657",96152.3083067,1087.2191,-75,432,2727,49,12,-63,117,159,0
"658",96152.336055,1087.2469,-30,483,-4444,39,-38,-76,88,178,0
"659",96152.3373782,1087.2482,-7,200,2560,29,-33,-52,108,175,0
"660",96152.3386545,1087.2495,-246,40,-1458,20,-53,-32,104,186,0
"661",96152.3705713,1087.2814,-18,-180,120,56,-73,-38,93,149,0
"662",96152.3720065,1087.2828,-533,-69,660,33,-47,-41,89,70,0
"663",96152.3732755,1087.2841,-418,-116,-4804,23,-31,-47,84,32,0
"664",96152.4173329,1087.3282,-262,-132,1591,8,-16,-45,68,43,0
"665",96152.4187067,1087.3295,-492,-51,-2450,39,7,-41,74,32,0
"666",96152.4200387,1087.3309,-295,34,-3763,21,15,-29,103,32,0
"667",96152.4216012,1087.3324,-737,234,-1010,20,21,-37,87,23,0
"668",96152.4229145,1087.3337,-257,204,-6512,-3,11,-55,78,2,0
"669",96152.4243962,1087.3352,-302,219,-2182,-15,17,-82,78,4,0
"670",96152.4258264,1087.3367,-441,369,-5418,-22,-14,-92,76,-4,0
"671",96152.4272373,1087.3381,-45,278,-1316,-27,-28,-87,59,-16,0
"672",96152.4285162,1087.3393,-382,257,416,-10,-4,-105,56,-10,0
"673",96152.4565205,1087.3673,-121,42,-4515,34,-55,-95,52,-19,0
"674",96152.457985,1087.3688,-209,-146,2105,48,-51,-77,58,-65,0
"675",96152.4593533,1087.3702,-595,-41,-1715,49,-32,-88,62,-62,0
"676",96152.4890702,1087.3999,-235,-52,-1302,42,19,-85,39,-72,0
"677",96152.4904707,1087.4013,-516,-83,1756,59,34,-53,-15,-53,0
"678",96152.4917468,1087.4026,-390,-162,-6068,52,8,-68,2,-76,0
"679",96152.4991967,1087.41,-312,-128,-1008,54,26,-108,-18,-121,0
"680",96152.5005134,1087.4113,-456,11,-4487,53,48,-101,-43,-165,0
"681",96152.5018272,1087.4127,-167,-134,-1499,74,54,-114,-23,-154,0
"682",96152.5319248,1087.4427,-479,-170,1518,85,92,-116,8,-148,0
"683",96152.5333676,1087.4442,-257,-318,-3859,81,52,-145,49,-134,0
"684",96152.5346811,1087.4455,-40,-252,543,98,50,-196,58,-123,0
"685",96152.5694303,1087.4803,-150,-114,-2671,101,45,-203,43,-125,0
"686",96152.57097,1087.4818,42,-77,-1580,81,53,-195,-9,-134,0
"687",96152.5722477,1087.4831,-127,-132,681,58,73,-192,-15,-110,0
"688",96152.5961377,1087.507,-216,-170,-5223,73,26,-199,-29,-104,0
"689",96152.597554,1087.5084,-179,-208,1286,92,25,-179,-13,-83,0
"690",96152.5988697,1087.5097,-225,-118,-4106,105,52,-151,36,-92,0
"691",96152.6348812,1087.5457,43,-191,-2269,123,15,-169,53,-63,0
"692",96152.6361862,1087.547,-203,-135,1209,112,29,-152,68,-53,0
"693",96152.6374379,1087.5483,19,-255,-2782,102,28,-138,36,-66,0
"694",96152.639087,1087.5499,31,-182,5026,125,77,-142,44,-9,0
"695",96152.6405868,1087.5514,-81,-24,179,143,93,-109,40,3,0
"696",96152.6419636,1087.5528,-63,-132,-1862,150,39,-104,1,6,0
"697",96152.6434235,1087.5542,-360,-101,557,130,24,-89,-19,23,0
"698",96152.6447556,1087.5556,53,-144,-4566,101,-44,-78,-25,16,0
"699",96152.6461806,1087.557,141,-117,2565,90,-22,-61,-22,24,0
"700",96152.6761093,1087.5869,-222,86,714,82,8,-75,-19,18,0
"701",96152.6774236,1087.5882,66,-119,2276,80,37,-99,-14,25,0
"702",96152.678954,1087.5898,-246,-53,3413,55,94,-90,-30,35,0
"703",96152.7113194,1087.6221,-122,-55,-2921,68,75,-80,-43,5,0
"704",96152.7135561,1087.6244,-50,-210,3105,48,91,-81,-45,-5,0
"705",96152.7154874,1087.6263,-68,-43,-3230,5,50,-58,-108,7,0
"706",96152.7454986,1087.6563,236,34,-1087,-28,20,-8,-119,9,0
"707",96152.7468446,1087.6577,-270,-2,2396,-5,29,14,-102,13,0
"708",96152.7481707,1087.659,-172,-173,-3972,17,21,21,-118,11,0
"709",96152.7495207,1087.6603,-110,-203,783,46,36,12,-113,6,0
"710",96152.7508056,1087.6616,-426,-166,-2814,36,34,11,-139,-45,0
"711",96152.7524951,1087.6633,-143,-244,-979,32,43,-5,-155,-28,0
"712",96152.7987954,1087.7096,-513,-195,3498,53,90,4,-116,39,0
"713",96152.8003167,1087.7111,-445,-247,-3371,48,59,19,-121,42,0
"714",96152.8020325,1087.7129,-219,-225,2235,34,48,38,-111,53,0
"715",96152.8034632,1087.7143,-380,-173,600,29,29,34,-96,62,0
"716",96152.8048132,1087.7156,-115,-257,2823,31,11,34,-90,64,0
"717",96152.8061618,1087.717,-308,-117,5412,41,25,42,-48,113,0
"718",96152.8321227,1087.7429,-82,-69,-351,50,-12,37,-44,122,0
"719",96152.8337654,1087.7446,-51,-28,3689,40,-10,14,-57,110,0
"720",96152.8417443,1087.7526,-364,68,-1900,9,-1,17,-48,83,0
"721",96152.8433751,1087.7542,77,74,-814,6,-43,4,-78,97,0
"722",96152.8446941,1087.7555,-170,-7,3249,13,-19,7,-93,97,0
"723",96152.8460873,1087.7569,34,-52,-3799,5,-30,19,-89,126,0
"724",96152.8740345,1087.7849,74,-52,3205,8,-13,22,-67,114,0
"725",96152.8753389,1087.7862,-328,-37,1274,10,-15,1,-29,122,0
"726",96152.876577,1087.7874,-350,-126,1936,48,-63,-35,-59,116,0
"727",96152.8778801,1087.7887,-603,45,3702,11,19,-10,-8,117,0
"728",96152.8791199,1087.7899,-225,101,-314,-21,-2,-7,-27,119,0
"729",96152.8803911,1087.7912,310,68,5339,-54,17,25,-36,186,0
"730",96152.9084488,1087.8193,199,139,624,-72,26,44,-25,207,0
"731",96152.9096901,1087.8205,282,-23,1599,-61,19,52,0,186,0
"732",96152.9109746,1087.8218,-253,13,2207,-32,21,50,16,197,0
"733",96152.9528403,1087.8637,2,-148,-1232,-19,-6,70,37,216,0
"734",96152.9557295,1087.8666,0,-112,4327,-10,2,85,53,241,0
"735",96152.9571141,1087.8679,-100,-32,-472,-6,2,96,49,263,0
"736",96152.9585001,1087.8693,300,-58,-447,-34,-13,123,26,224,0
"737",96152.9598696,1087.8707,55,44,4008,-80,15,171,22,208,0
"738",96152.9612884,1087.8721,95,193,-878,-62,-12,169,17,215,0
"739",96152.9883471,1087.8992,138,204,5162,-20,12,202,13,221,0
"740",96152.9904161,1087.9012,233,134,152,16,5,233,28,229,0
"741",96152.9923136,1087.9031,228,-7,322,31,-27,200,67,237,0
"742",96153.020081,1087.9309,-63,76,2498,-1,-1,218,94,241,0
"743",96153.021342,1087.9322,159,-34,-1451,-18,4,195,49,227,0
"744",96153.0226139,1087.9334,199,51,2995,-46,25,193,26,233,0
"745",96153.0486117,1087.9594,-70,36,914,-49,48,163,6,211,0
"746",96153.0498708,1087.9607,209,-38,698,-52,50,126,-3,157,0
"747",96153.051142,1087.962,-104,-6,2061,-44,78,140,-1,169,0
"748",96153.0524876,1087.9633,-300,-174,-2693,-61,65,136,-6,148,0
"749",96153.0538775,1087.9647,54,-173,2048,-58,63,158,23,135,0
"750",96153.0551064,1087.9659,-288,-162,-4317,-25,66,165,1,79,0
"751",96153.0828518,1087.9937,70,-120,-3978,14,59,191,-18,8,0
"752",96153.0841137,1087.9949,10,-24,937,17,122,195,-15,-7,0
"753",96153.0853807,1087.9962,42,-36,-4049,14,111,138,-25,-4,0
"754",96153.1151392,1088.026,-202,-215,1808,24,136,143,-7,0,0
"755",96153.1165115,1088.0273,-567,-82,-1735,24,121,140,-48,-8,0
"756",96153.1177706,1088.0286,-141,-143,-1335,50,95,92,-18,-21,0
"757",96153.1728985,1088.0837,-463,-195,2221,41,140,96,-12,-23,0
"758",96153.1744541,1088.0853,-499,-206,-4235,50,107,88,8,-48,0
"759",96153.1757994,1088.0866,-237,-98,1234,56,112,94,37,-21,0
"760",96153.1771668,1088.088,-372,43,-152,64,78,85,41,-39,0
"761",96153.1784008,1088.0892,-52,-95,876,43,53,79,70,-22,0
"762",96153.1797559,1088.0906,-385,-155,3131,7,88,97,125,6,0
"763",96153.1811703,1088.092,-222,-165,-3700,-30,69,65,138,-23,0
"764",96153.1825609,1088.0934,-23,-198,2583,-34,81,50,131,-34,0
"765",96153.183855,1088.0947,-346,-108,-1178,-62,87,67,127,-39,0
"766",96153.2058522,1088.1167,-14,-124,305,-56,63,78,85,-31,0
"767",96153.2073906,1088.1182,-176,5,4896,-67,47,44,65,38,0
"768",96153.2087632,1088.1196,-43,-47,-1028,-85,13,19,50,51,0
"769",96153.2366991,1088.1475,232,-151,4530,-57,20,49,41,60,0
"770",96153.238156,1088.149,-161,-200,2753,-44,26,26,60,111,0
"771",96153.2394066,1088.1502,38,-230,-108,-77,0,12,60,126,0
"772",96153.240728,1088.1516,-263,-124,2719,-30,35,37,60,113,0
"773",96153.2419908,1088.1528,-324,-233,-2434,-23,23,28,59,115,0
"774",96153.2431904,1088.154,-760,-245,793,-23,27,20,89,108,0
"775",96153.2721235,1088.1829,-970,-224,-78,-17,42,-1,74,110,0
"776",96153.2733914,1088.1842,-284,-286,252,-8,52,-29,92,73,0
"777",96153.2758984,1088.1867,-165,-14,4423,0,69,5,112,102,0
"778",96153.3057937,1088.2166,100,81,681,0,59,8,107,90,0
"779",96153.3070608,1088.2179,-168,-60,7612,14,81,-6,103,95,0
"780",96153.3082985,1088.2191,-357,77,1321,10,64,7,109,111,0
"781",96153.311656,1088.2225,180,-88,562,-6,51,5,71,141,0
"782",96153.3129526,1088.2238,-36,-56,2467,-20,95,20,66,171,0
"783",96153.3142293,1088.2251,-6,-155,-3472,-18,81,20,26,113,0
"784",96153.3483367,1088.2592,104,-311,3503,-40,84,26,37,102,0
"785",96153.3496538,1088.2605,-166,-163,-696,-83,118,19,47,86,0
"786",96153.3509961,1088.2618,220,-184,-1321,-76,106,26,7,81,0
"787",96153.3828965,1088.2937,9,-63,2598,-47,154,21,14,101,0
"788",96153.3843996,1088.2952,112,14,-2706,-40,154,12,-18,95,0
"789",96153.3856892,1088.2965,374,-75,1904,-25,182,50,-26,113,0
"790",96153.3871178,1088.2979,42,-23,-2125,-49,187,34,32,85,0
"791",96153.3883838,1088.2992,363,-180,527,-68,202,8,3,108,0
"792",96153.389666,1088.3005,-10,74,2229,-76,219,35,18,99,0
"793",96153.4225804,1088.3334,171,38,-3280,-70,232,58,16,79,0
"794",96153.4239718,1088.3348,-18,-41,1215,-65,255,48,5,36,0
"795",96153.4252771,1088.3361,-194,-52,-3315,-122,264,22,16,31,0
"796",96153.4511132,1088.3619,183,-181,-1480,-114,233,-1,3,42,0
"797",96153.4525557,1088.3634,-25,-45,1992,-123,226,-20,19,45,0
"798",96153.4564727,1088.3673,181,29,-4783,-100,177,-29,3,46,0
"799",96153.4866014,1088.3974,312,-72,2294,-95,155,-28,11,11,0
"800",96153.4880104,1088.3988,53,-44,-276,-95,153,-23,0,15,0
"801",96153.4893311,1088.4002,-54,-95,5,-104,145,-14,26,11,0
"802",96153.4907891,1088.4016,-100,-14,4237,-91,149,19,62,12,0
"803",96153.4921018,1088.4029,174,-46,-2789,-114,163,2,34,-25,0
"804",96153.4933352,1088.4042,244,-44,-43,-147,177,-17,32,-45,0
"805",96153.5386315,1088.4495,30,42,-3177,-150,161,-6,50,-41,0
"806",96153.5409722,1088.4518,485,-155,-248,-134,100,-15,47,-38,0
"807",96153.5430184,1088.4538,217,53,2237,-102,148,2,53,-30,0
"808",96153.5445288,1088.4554,279,249,-5193,-70,129,-2,22,-25,0
"809",96153.5480764,1088.4589,282,197,1493,-69,145,22,28,-59,0
"810",96153.5495005,1088.4603,-5,294,-790,-83,195,47,23,-62,0
"811",96153.5593029,1088.4701,323,234,-1014,-74,180,51,21,-54,0
"812",96153.5606434,1088.4715,227,374,2222,-68,185,29,28,-65,0
"813",96153.5619316,1088.4728,281,354,-2288,-73,157,21,26,-27,0
"814",96153.6017132,1088.5125,454,238,4283,-83,204,29,16,-5,0
"815",96153.6030034,1088.5138,212,183,-553,-87,214,12,17,13,0
"816",96153.604274,1088.5151,556,61,-1784,-90,198,-34,20,22,0
"817",96153.6056316,1088.5165,261,167,1437,-106,208,-32,20,19,0
"818",96153.606859,1088.5177,308,171,-2108,-97,171,-35,17,21,0
"819",96153.6080844,1088.5189,153,109,641,-103,184,-30,46,43,0
"820",96153.6435824,1088.5544,-180,24,-4100,-83,187,-47,45,33,0
"821",96153.6449352,1088.5558,50,5,-2768,-63,156,-66,19,18,0
"822",96153.6464568,1088.5573,-402,232,-446,-88,160,-57,10,5,0
"823",96153.6762602,1088.5871,-625,264,-5994,-102,127,-33,-14,-6,0
"824",96153.6776435,1088.5885,-239,135,-2146,-82,117,-46,-38,10,0
"825",96153.6789071,1088.5897,-447,40,-6718,-96,113,-46,-44,-20,0
"826",96153.6824119,1088.5932,-175,-10,-5274,-96,59,-46,-20,-16,0
"827",96153.6836754,1088.5945,-400,181,-578,-84,62,-57,-51,-4,0
"828",96153.6850328,1088.5959,6,167,-5694,-71,48,-77,-62,-23,0
"829",96153.7277831,1088.6386,200,390,-719,-62,111,-75,-39,-34,0
"830",96153.7293236,1088.6401,-99,582,-3214,-68,93,-26,-53,-28,0
"831",96153.7308169,1088.6416,196,526,-5047,-60,57,-51,-42,-12,0
"832",96153.7323467,1088.6432,-15,564,-534,-71,72,-69,-51,6,0
"833",96153.7336221,1088.6444,19,513,-3870,-81,57,-100,-95,-10,0
"834",96153.7348886,1088.6457,79,538,1727,-45,79,-88,-90,-3,0
"835",96153.7586022,1088.6694,-309,586,-1895,-37,106,-120,-110,-13,0
"836",96153.7601165,1088.6709,-266,521,-3088,-14,104,-122,-116,-25,0
"837",96153.7616031,1088.6724,-328,552,-877,-15,127,-117,-109,-42,0
"838",96153.7652431,1088.6761,-218,433,-5668,-13,97,-107,-114,1,0
"839",96153.7665357,1088.6774,-208,227,-178,-31,105,-96,-99,9,0
"840",96153.7680024,1088.6788,-408,241,-3513,-34,114,-77,-129,-1,0
"841",96153.8280502,1088.7389,-242,166,-2530,-28,75,-86,-138,17,0
"842",96153.8294271,1088.7403,-322,284,2360,-52,64,-80,-92,69,0
"843",96153.8307551,1088.7416,-183,265,-3437,-41,46,-92,-100,49,0
"844",96153.8322619,1088.7431,57,237,818,-49,13,-116,-79,58,0
"845",96153.8335768,1088.7444,-15,269,-2794,-49,35,-104,-97,24,0
"846",96153.834845,1088.7457,236,70,-3333,-51,68,-111,-84,29,0
"847",96153.9049281,1088.8158,24,249,2567,-58,47,-143,-77,68,0
"848",96153.906915,1088.8177,37,255,-2138,-80,37,-114,-99,98,0
"849",96153.9083696,1088.8192,211,35,2647,-89,33,-94,-73,124,0
"850",96153.9098559,1088.8207,-297,121,-2214,-89,44,-113,-54,133,0
"851",96153.9111804,1088.822,17,52,-3457,-94,45,-119,-38,79,0
"852",96153.9125122,1088.8233,170,146,-114,-73,18,-112,-2,42,0
"853",96153.9138575,1088.8247,273,197,-5481,-57,-4,-138,-18,39,0
"854",96153.9150928,1088.8259,442,112,1493,-49,-16,-112,-46,36,0
"855",96153.9163418,1088.8272,235,161,-747,-35,-16,-104,-61,53,0
"856",96153.9177515,1088.8286,394,11,-2690,-31,-36,-91,-68,38,0
"857",96153.9192306,1088.8301,74,131,2020,17,-24,-109,-83,15,0
"858",96153.9204651,1088.8313,123,175,-5097,33,-42,-162,-95,18,0
"859",96153.9443792,1088.8552,213,108,428,20,-28,-146,-74,4,0
"860",96153.9458463,1088.8567,93,78,-2478,23,-13,-133,-55,-5,0
"861",96153.9472,1088.858,212,19,-3655,47,-50,-138,-42,-38,0
"862",96153.9754446,1088.8863,-10,126,905,50,-63,-132,-53,-40,0
"863",96153.9768773,1088.8877,-375,37,-4553,23,-128,-153,-39,-39,0
"864",96153.9850215,1088.8958,-24,-138,631,9,-115,-134,2,-36,0
"865",96153.9866255,1088.8975,-637,-68,-1440,-2,-95,-103,-8,-17,0
"866",96153.9880506,1088.8989,-335,-94,-3179,-8,-105,-117,-27,-25,0
"867",96153.9893275,1088.9002,-587,-33,-1059,-6,-103,-121,11,-75,0
"868",96154.0131841,1088.924,-624,-72,-6926,-11,-136,-97,-12,-116,0
"869",96154.0145827,1088.9254,-211,69,-2073,7,-98,-119,-14,-119,0
"870",96154.0159386,1088.9268,-222,142,-4989,-9,-88,-129,-9,-118,0
"871",96154.0436481,1088.9545,349,28,-2983,12,-113,-95,17,-101,0
"872",96154.0449565,1088.9558,28,-7,3619,33,-78,-62,33,-96,0
"873",96154.0463703,1088.9572,-140,-32,-2447,77,-125,-82,8,-119,0
"874",96154.0764331,1088.9873,-337,-62,1282,108,-117,-120,-8,-72,0
"875",96154.077839,1088.9887,-644,75,-446,76,-126,-124,-25,-62,0
"876",96154.0791202,1088.9899,-14,2,-702,86,-135,-76,-1,-56,0
"877",96154.1129545,1089.0238,-347,24,4962,86,-92,-106,31,-44,0
"878",96154.1144072,1089.0252,-405,-115,211,73,-76,-140,3,-37,0
"879",96154.1158313,1089.0267,-341,-170,3897,105,-77,-134,6,-25,0
"880",96154.1173584,1089.0282,-840,-56,2127,111,-80,-132,52,-9,0
"881",96154.118635,1089.0295,-375,-79,1654,150,-68,-128,89,7,0
"882",96154.1198924,1089.0307,-723,54,4275,128,-50,-143,83,24,0
"883",96154.1472714,1089.0581,-495,89,-1305,117,-37,-130,70,48,0
"884",96154.1486884,1089.0595,-127,67,5689,143,-43,-138,103,64,0
"885",96154.1500523,1089.0609,-248,243,1733,159,-53,-154,103,67,0
"886",96154.1839316,1089.0948,50,90,616,136,-83,-188,71,65,0
"887",96154.1853379,1089.0962,-94,77,3750,126,-67,-204,38,66,0
"888",96154.1866631,1089.0975,-127,85,-3806,102,-56,-221,11,41,0
"889",96154.1882067,1089.099,14,-18,1303,93,-38,-240,19,40,0
"890",96154.1901483,1089.101,-322,150,232,59,-30,-233,-15,32,0
"891",96154.1923568,1089.1032,42,273,-3602,39,-65,-222,0,33,0
"892",96154.2183764,1089.1292,-147,225,1926,5,-33,-217,32,0,0
"893",96154.2200364,1089.1309,-157,154,-2304,32,-49,-199,13,3,0
"894",96154.2215072,1089.1323,-257,172,-1006,80,-31,-218,13,-4,0
"895",96154.2693397,1089.1802,-227,250,-3273,93,-27,-206,20,-39,0
"896",96154.2707508,1089.1816,285,288,-2440,116,-68,-221,41,-47,0
"897",96154.2723144,1089.1831,-265,397,1071,89,-38,-195,71,-45,0
"898",96154.2804668,1089.1913,169,316,-3482,67,-38,-204,38,-36,0
"899",96154.2819684,1089.1928,561,189,4270,95,-19,-220,34,-31,0
"900",96154.2835269,1089.1944,145,295,1684,93,36,-183,92,-30,0
"901",96154.2850268,1089.1959,108,191,306,105,38,-166,75,-43,0
"902",96154.2864627,1089.1973,-382,271,3604,111,91,-137,84,-39,0
"903",96154.2878723,1089.1987,-4,150,-4647,78,97,-111,62,-68,0
"904",96154.3241658,1089.235,156,-64,400,90,100,-109,36,-42,0
"905",96154.3255478,1089.2364,-413,-32,-2127,100,94,-75,21,-20,0
"906",96154.3272262,1089.2381,-448,61,-3266,101,74,-131,-8,-34,0
"907",96154.3286192,1089.2394,-478,114,3220,99,74,-160,-56,-8,0
"908",96154.3299375,1089.2408,-256,19,-2035,103,37,-170,-86,-8,0
"909",96154.3314029,1089.2422,-177,50,2600,101,54,-171,-92,8,0
"910",96154.3617321,1089.2726,-401,204,1133,138,99,-137,-104,28,0
"911",96154.363572,1089.2744,444,275,1022,117,98,-103,-122,61,0
"912",96154.3653827,1089.2762,-48,294,4497,92,114,-57,-113,122,0
"913",96154.3932796,1089.3041,-20,320,-73,92,64,-37,-123,128,0
"914",96154.3947072,1089.3055,222,356,6142,113,87,-48,-106,148,0
"915",96154.3960111,1089.3068,-105,278,811,128,88,-36,-64,175,0
"916",96154.4177566,1089.3286,1,160,-2446,106,86,-96,-70,150,0
"917",96154.4192133,1089.33,-192,166,2361,100,98,-89,-80,159,0
"918",96154.4204931,1089.3313,-14,44,-5000,99,48,-104,-109,125,0
"919",96154.4266093,1089.3374,-85,75,554,127,27,-92,-134,119,0
"920",96154.4280613,1089.3389,-171,292,-489,122,-9,-67,-152,141,0
"921",96154.4295669,1089.3404,450,355,-1804,110,-71,-31,-165,157,0
"922",96154.4576329,1089.3685,240,464,2295,101,-65,-13,-153,147,0
"923",96154.4592203,1089.37,204,400,-4049,81,-85,-48,-164,116,0
"924",96154.4606005,1089.3714,207,278,-1437,97,-90,-16,-135,113,0
"925",96154.4621177,1089.3729,-164,297,-3895,85,-96,26,-133,94,0
"926",96154.4634799,1089.3743,277,146,-2096,81,-96,1,-109,95,0
"927",96154.4647626,1089.3756,107,205,1297,104,-111,8,-102,95,0
"928",96154.4948885,1089.4057,263,170,-5754,124,-157,-19,-145,86,0
"929",96154.4964174,1089.4072,400,-17,-1358,173,-135,-31,-145,74,0
"930",96154.4980323,1089.4089,142,-86,-4577,181,-133,-32,-142,99,0
"931",96154.5339616,1089.4448,444,0,-4984,211,-165,-54,-124,93,0
"932",96154.5353732,1089.4462,165,218,1982,190,-160,-58,-115,113,0
"933",96154.5435204,1089.4543,279,76,-4545,169,-195,-56,-141,112,0
"934",96154.5452367,1089.4561,291,85,1517,172,-204,-98,-150,67,0
"935",96154.5473124,1089.4581,207,121,822,173,-215,-113,-136,90,0
"936",96154.5487106,1089.4595,209,228,-3621,171,-237,-109,-109,99,0
"937",96154.5700836,1089.4809,-93,402,-346,144,-211,-82,-109,103,0
"938",96154.5717547,1089.4826,105,198,-4994,143,-207,-100,-112,87,0
"939",96154.5731506,1089.484,245,35,-1825,139,-203,-60,-99,73,0
"940",96154.6010628,1089.5119,57,-55,-3960,113,-211,-46,-101,33,0
"941",96154.6025946,1089.5134,239,95,-3112,129,-233,-63,-72,24,0
"942",96154.6039597,1089.5148,218,140,662,104,-195,-84,-37,26,0
"943",96154.6438286,1089.5547,211,229,-5609,81,-211,-92,-37,5,0
"944",96154.6452778,1089.5561,101,153,339,79,-145,-77,-26,-43,0
"945",96154.6466191,1089.5574,-274,146,-1390,82,-151,-74,-24,-66,0
"946",96154.6481683,1089.559,287,-40,-2194,84,-157,-58,-58,-71,0
"947",96154.6497835,1089.5606,3,105,2561,69,-143,-36,-43,-107,0
"948",96154.6531065,1089.5639,113,183,-5859,92,-178,-48,-46,-126,0
"949",96154.6545527,1089.5654,287,223,-759,76,-177,-90,-24,-142,0
"950",96154.6561457,1089.567,-21,197,-1380,110,-133,-39,7,-178,0
"951",96154.657654,1089.5685,189,60,-3163,112,-134,-23,-10,-199,0
"952",96154.6835752,1089.5944,77,192,783,93,-120,-11,7,-247,0
"953",96154.6848533,1089.5957,-8,183,-5299,93,-145,-23,4,-264,0
"954",96154.6861243,1089.5969,194,125,821,121,-111,-27,26,-263,0
"955",96154.716904,1089.6277,19,154,-1315,121,-93,-29,60,-264,0
"956",96154.7184008,1089.6292,307,291,-2338,116,-143,-35,40,-236,0
"957",96154.7197477,1089.6306,-16,217,1886,120,-167,-37,72,-241,0
"958",96154.7476903,1089.6585,-57,80,-3180,138,-214,-47,85,-242,0
"959",96154.7491266,1089.66,135,-81,2044,134,-207,-53,100,-241,0
"960",96154.7504093,1089.6612,-405,-162,-1728,145,-172,-22,75,-229,0
"961",96154.7519807,1089.6628,23,-258,-1297,147,-156,-19,71,-206,0
"962",96154.7532581,1089.6641,-169,-125,6651,104,-119,-26,77,-206,0
"963",96154.7546265,1089.6655,95,-84,2037,104,-116,-31,67,-164,0
"964",96154.7844901,1089.6953,165,-74,10276,102,-115,-29,53,-152,0
"965",96154.7857199,1089.6965,-413,130,8963,97,-115,-42,40,-107,0
"966",96154.7870206,1089.6978,-32,104,6964,102,-104,-71,24,-82,0
"967",96154.8356342,1089.7465,-284,98,10959,90,-58,-67,49,-81,0
"968",96154.8371596,1089.748,-255,140,6321,71,-34,-49,81,-80,0
"969",96154.8385738,1089.7494,86,-5,10064,76,-23,-38,74,-103,0
"970",96154.8400208,1089.7508,52,3,8049,68,-4,-41,70,-97,0
"971",96154.8416995,1089.7525,362,13,5956,41,-4,-75,64,-71,0
"972",96154.8429863,1089.7538,40,-47,10426,65,-24,-66,85,-21,0
"973",96154.8644121,1089.7752,-245,-171,5707,64,-62,-60,77,13,0
"974",96154.8657551,1089.7766,-244,-149,8927,66,-39,-76,65,39,0
"975",96154.8670135,1089.7778,-439,-70,6322,60,-40,-90,61,90,0
"976",96154.868594,1089.7794,153,-249,6275,44,-38,-131,44,99,0
"977",96154.8699527,1089.7808,168,-156,11086,48,-20,-126,33,139,0
"978",96154.8714659,1089.7823,181,-75,2421,9,-19,-88,-27,118,0
"979",96154.8993268,1089.8102,-134,-218,6231,-48,-22,-60,-58,115,0
"980",96154.9008803,1089.8117,-434,-211,2667,-58,0,-64,-71,109,0
"981",96154.9023541,1089.8132,20,-343,-3653,-43,-30,-54,-111,120,0
"982",96154.9538564,1089.8647,-139,-315,-337,-29,9,-66,-145,115,0
"983",96154.9553003,1089.8661,-52,-280,-6352,-27,-15,-71,-142,100,0
"984",96154.9566549,1089.8675,-1,-353,-3413,-49,-27,-98,-144,102,0
"985",96154.962251,1089.8731,-268,-185,-5949,-58,-33,-111,-132,71,0
"986",96154.9637235,1089.8745,-96,-262,-7308,-36,-68,-139,-121,68,0
"987",96154.9651785,1089.876,-190,-188,-180,-27,-34,-102,-138,47,0
"988",96154.9949168,1089.9057,-151,-151,-5919,-26,-31,-106,-147,36,0
"989",96154.9963354,1089.9072,-310,-172,-439,-16,-16,-129,-117,42,0
"990",96154.9976666,1089.9085,-256,-145,-748,-38,-18,-116,-124,15,0
"991",96154.9992163,1089.91,-185,-121,-1332,-44,-61,-126,-172,8,0
"992",96155.0005106,1089.9113,-259,-96,2352,-70,-30,-104,-194,31,0
"993",96155.0017697,1089.9126,-324,-79,-5582,-95,-70,-89,-199,-26,0
"994",96155.0378371,1089.9487,-88,-164,98,-113,-73,-82,-159,-28,0
"995",96155.0392501,1089.9501,-404,18,-691,-128,-53,-58,-159,-28,0
"996",96155.0406888,1089.9515,-78,-77,-3125,-144,-21,-39,-181,-34,0
"997",96155.044225,1089.955,-355,-190,2728,-160,-4,-15,-164,5,0
"998",96155.0455137,1089.9563,-249,-304,-3587,-174,-24,7,-169,35,0
"999",96155.0469233,1089.9577,-117,-259,749,-166,-12,17,-166,53,0
"1000",96155.0794707,1089.9903,-428,-142,-1865,-176,15,26,-162,59,0
"1001",96155.080823,1089.9916,-161,-164,-4655,-168,26,20,-149,17,0
"1002",96155.0891814,1090,-653,-148,191,-141,55,51,-135,10,0
"1003",96155.1131165,1090.0239,-654,-250,-5132,-125,18,82,-134,17,0
"1004",96155.1144886,1090.0253,-215,-243,341,-92,-1,43,-144,17,0
"1005",96155.1158032,1090.0266,-302,-101,-1015,-54,-5,18,-132,17,0
"1006",96155.1173116,1090.0281,45,-41,-1547,-11,-12,-30,-141,48,0
"1007",96155.1185938,1090.0294,-26,67,2373,14,15,-54,-161,81,0
"1008",96155.1198114,1090.0306,-84,-2,-4126,16,9,-71,-161,82,0
"1009",96155.1510713,1090.0619,-327,-144,720,19,-9,-40,-180,65,0
"1010",96155.1525178,1090.0633,-746,-31,-166,49,33,-32,-158,88,0
"1011",96155.1538904,1090.0647,-687,-269,-2411,87,55,-5,-141,71,0
"1012",96155.1837093,1090.0945,-574,-263,4214,103,72,45,-116,85,0
"1013",96155.1851458,1090.096,-329,-77,-3556,114,60,38,-121,97,0
"1014",96155.1865644,1090.0974,-141,-148,309,86,56,39,-132,109,0
"1015",96155.2186699,1090.1295,-471,-111,-2264,71,30,29,-121,99,0
"1016",96155.2201184,1090.1309,-174,-358,-4008,78,23,7,-153,96,0
"1017",96155.2214405,1090.1323,-480,-362,1143,56,64,-22,-144,98,0
"1018",96155.2229032,1090.1337,-182,-370,-3467,10,49,-51,-131,86,0
"1019",96155.2244474,1090.1353,-128,-363,1867,2,64,-62,-150,72,0
"1020",96155.2258643,1090.1367,-208,-178,2332,-15,79,-34,-122,102,0
"1021",96155.2273224,1090.1381,187,-155,3214,-11,61,-7,-113,99,0
"1022",96155.2288579,1090.1397,251,-68,8984,-4,75,-24,-105,106,0
"1023",96155.2302198,1090.141,163,-5,3578,-31,22,-16,-144,88,0
"1024",96155.2622497,1090.1731,349,-100,8108,2,18,4,-152,116,0
"1025",96155.2635652,1090.1744,125,-208,7452,-23,26,3,-167,104,0
"1026",96155.2648817,1090.1757,333,-314,6014,-38,0,-2,-202,111,0
"1027",96155.3009158,1090.2117,354,-185,10653,-88,33,23,-178,158,0
"1028",96155.3023827,1090.2132,140,-46,5101,-127,29,3,-197,172,0
"1029",96155.3038205,1090.2146,409,-63,10431,-165,29,12,-200,170,0
"1030",96155.305354,1090.2162,-31,110,10156,-192,42,22,-221,169,0
"1031",96155.3067038,1090.2175,545,117,8208,-221,67,35,-241,213,0
"1032",96155.3080388,1090.2189,539,91,11773,-254,78,69,-197,243,0
"1033",96155.3461714,1090.257,386,30,6635,-255,68,79,-172,283,0
"1034",96155.3476445,1090.2585,256,-57,9808,-240,96,82,-134,266,0
"1035",96155.3491059,1090.2599,129,-49,3387,-187,128,111,-102,239,0
"1036",96155.3714066,1090.2822,487,-277,1295,-196,127,105,-105,223,0
"1037",96155.3728674,1090.2837,211,-111,4922,-220,136,109,-122,226,0
"1038",96155.3742398,1090.2851,139,-101,-3622,-221,119,73,-141,207,0
"1039",96155.3999108,1090.3107,438,1,669,-238,115,50,-134,221,0
"1040",96155.4013,1090.3121,245,96,787,-198,120,41,-156,219,0
"1041",96155.4025892,1090.3134,507,-64,-1999,-192,91,28,-140,235,0
"1042",96155.4040466,1090.3149,371,-76,2827,-165,101,44,-148,289,0
"1043",96155.4053693,1090.3162,405,78,-2157,-125,93,7,-142,323,0
"1044",96155.4093362,1090.3202,603,-32,930,-111,89,-23,-103,310,0
"1045",96155.4335254,1090.3444,239,98,-1391,-95,113,-38,-81,289,0
"1046",96155.4348745,1090.3457,361,154,-5721,-88,77,-81,-117,283,0
"1047",96155.4361192,1090.3469,160,52,-2770,-72,62,-73,-105,269,0
"1048",96155.4660595,1090.3769,59,1,-9367,-37,47,-70,-136,238,0
"1049",96155.4674832,1090.3783,358,-109,-4494,-72,44,-49,-112,195,0
"1050",96155.4690134,1090.3798,96,60,-4661,-84,61,-50,-76,201,0
"1051",96155.4705493,1090.3814,240,-75,-7235,-89,67,-66,-38,241,0
"1052",96155.4720486,1090.3829,190,61,-129,-82,46,-48,-24,246,0
"1053",96155.473378,1090.3842,127,64,-6340,-86,18,-8,-20,268,0
"1054",96155.5035324,1090.4144,74,-9,-3181,-67,-2,9,-19,274,0
"1055",96155.505123,1090.4159,-162,64,-5423,-59,-12,-14,-34,278,0
"1056",96155.5065388,1090.4174,241,15,-7302,-60,-48,-28,-49,285,0
"1057",96155.5365837,1090.4474,80,-12,-45,-70,-9,-39,17,292,0
"1058",96155.5380436,1090.4489,137,-9,-5818,-98,-54,-48,-10,229,0
"1059",96155.5394411,1090.4503,137,-222,-2942,-108,-75,-66,28,185,0
"1060",96155.5672546,1090.4781,-279,-129,-1728,-84,-63,-39,93,148,0
"1061",96155.5685767,1090.4794,82,-112,-2970,-33,-97,-35,86,185,0
"1062",96155.5698998,1090.4807,-208,-43,1562,-64,-74,-33,91,210,0
"1063",96155.5910244,1090.5018,-265,-143,-2743,-56,-61,-30,93,242,0
"1064",96155.5925913,1090.5034,253,-192,146,-22,-37,-22,96,253,0
"1065",96155.59397,1090.5048,-487,-91,-3691,-41,-8,6,94,218,0
"1066",96155.5955431,1090.5064,-26,-160,-6183,-30,-32,20,95,175,0
"1067",96155.5968215,1090.5076,-567,-54,-641,-19,1,16,110,148,0
"1068",96155.5980852,1090.5089,-151,49,-5142,3,-10,47,123,123,0
"1069",96155.6259887,1090.5368,274,90,-671,7,2,75,119,149,0
"1070",96155.6273597,1090.5382,-81,208,-789,25,6,103,78,146,0
"1071",96155.6290798,1090.5399,189,0,-3860,39,-14,103,55,140,0
"1072",96155.6917201,1090.6025,-195,-48,-126,55,11,98,34,107,0
"1073",96155.6937047,1090.6045,-322,-204,-3763,35,30,113,-1,103,0
"1074",96155.6951122,1090.6059,-198,-301,2,40,41,102,13,120,0
"1075",96155.6973275,1090.6082,-494,-182,-1874,39,64,118,-2,119,0
"1076",96155.7008057,1090.6116,31,-191,-4608,16,26,132,-36,67,0
"1077",96155.7021802,1090.613,-126,64,832,26,24,133,-32,25,0
"1078",96155.7035908,1090.6144,-228,47,-3067,16,-17,121,-42,4,0
"1079",96155.7049487,1090.6158,57,-47,2484,-17,-56,122,-23,-3,0
"1080",96155.7062136,1090.617,-233,15,-437,-25,-73,156,-4,-12,0
"1081",96155.7282826,1090.6391,144,67,-3628,-23,-128,169,-34,2,0
"1082",96155.7296107,1090.6404,147,62,2708,-39,-152,158,-40,11,0
"1083",96155.7308756,1090.6417,368,145,-1888,-32,-160,137,12,35,0
"1084",96155.7323726,1090.6432,470,-57,3420,-43,-128,142,34,73,0
"1085",96155.7336806,1090.6445,146,-44,1780,-65,-111,138,46,80,0
"1086",96155.7349398,1090.6458,348,-176,-2932,-81,-117,145,66,55,0
"1087",96155.7688583,1090.6797,160,-49,4163,-123,-111,117,48,57,0
"1088",96155.7701541,1090.681,228,-5,-2220,-107,-82,138,29,58,0
"1089",96155.771375,1090.6822,493,-114,2252,-123,-49,143,17,83,0
"1090",96155.7953277,1090.7062,197,142,273,-134,-50,162,7,121,0
"1091",96155.796987,1090.7078,861,174,-916,-142,-62,163,-14,119,0
"1092",96155.7982839,1090.7091,565,227,2959,-131,5,179,-21,133,0
"1093",96155.8281646,1090.739,128,388,-2978,-115,-24,180,-8,134,0
"1094",96155.8296607,1090.7405,221,375,-367,-86,-46,213,-17,137,0
"1095",96155.8311471,1090.742,-72,400,-3516,-83,-33,215,-44,93,0
"1096",96155.842818,1090.7536,244,251,-6302,-63,-52,198,-78,62,0
"1097",96155.8443301,1090.7552,102,228,1038,-57,-4,192,-82,93,0
"1098",96155.8456136,1090.7564,249,300,-3016,-55,-18,178,-90,116,0
"1099",96155.8785285,1090.7894,321,186,586,-42,-33,125,-86,118,0
"1100",96155.880295,1090.7911,53,224,-1615,-63,-40,161,-98,106,0
"1101",96155.8820915,1090.7929,227,180,-5180,-92,-53,125,-129,71,0
"1102",96155.8840699,1090.7949,28,183,929,-86,10,103,-77,41,0
"1103",96155.8860362,1090.7969,-126,235,-3940,-68,38,80,-102,62,0
"1104",96155.8880035,1090.7988,345,214,1461,-63,43,15,-69,89,0
"1105",96155.9178524,1090.8287,130,239,1944,-59,62,9,-53,121,0
"1106",96155.9192304,1090.8301,444,246,-2853,-101,35,13,-76,112,0
"1107",96155.9273829,1090.8382,184,161,-297,-93,71,33,-98,96,0
"1108",96155.9291691,1090.84,136,-34,-5013,-122,85,24,-86,40,0
"1109",96155.9305491,1090.8414,396,-58,1293,-126,97,53,-73,12,0
"1110",96155.9318257,1090.8427,134,105,-94,-125,84,65,-11,6,0
"1111",96155.9537371,1090.8646,505,99,-1606,-119,82,56,-3,23,0
"1112",96155.9551203,1090.8659,396,23,2923,-139,87,59,13,4,0
"1113",96155.9565666,1090.8674,229,92,-3600,-101,66,43,9,-3,0
"1114",96155.9865921,1090.8974,454,81,880,-106,37,25,67,-2,0
"1115",96155.9879913,1090.8988,87,193,451,-113,23,13,82,-4,0
"1116",96155.9894586,1090.9003,508,-59,-2430,-94,12,4,60,-5,0
"1117",96156.0234937,1090.9343,-56,-15,1801,-125,38,-13,67,-25,0
"1118",96156.0250278,1090.9359,-112,4,-3757,-134,12,-1,70,-37,0
"1119",96156.0262954,1090.9371,119,10,72,-143,-5,-7,52,-22,0
"1120",96156.0277681,1090.9386,231,182,-855,-108,3,-18,40,-31,0
"1121",96156.0290916,1090.9399,459,48,-5022,-104,-13,-20,59,-65,0
"1122",96156.0304229,1090.9412,365,0,-492,-106,20,-38,101,-93,0
"1123",96156.074477,1090.9853,220,62,-4732,-98,19,-33,117,-84,0
"1124",96156.0758661,1090.9867,395,63,-319,-74,15,-34,104,-72,0
"1125",96156.077198,1090.988,42,231,-1321,-46,19,-23,89,-28,0
"1126",96156.0786508,1090.9895,389,162,-2211,-48,-23,-30,85,-9,0
"1127",96156.0799221,1090.9907,227,198,3404,-61,5,-48,74,7,0
"1128",96156.0813957,1090.9922,186,214,-3316,-57,-16,-65,59,27,0
"1129",96156.0971213,1091.0079,319,161,654,-58,-39,-74,64,27,0
"1130",96156.0985223,1091.0093,-3,13,643,-35,8,-36,38,24,0
"1131",96156.0997944,1091.0106,268,-92,-3553,-8,-13,-26,62,-25,0
"1132",96156.1275655,1091.0384,232,-5,3451,33,10,-5,78,-18,0
"1133",96156.1288381,1091.0397,264,115,-2605,37,-40,24,41,-20,0
"1134",96156.1300474,1091.0409,417,202,-1312,31,-11,10,20,0,0
"1135",96156.1616358,1091.0725,122,201,-2275,26,-9,5,18,-45,0
"1136",96156.1631013,1091.0739,369,98,-3699,53,-64,3,18,-84,0
"1137",96156.1645188,1091.0753,441,168,2446,113,-41,31,15,-57,0
"1138",96156.194468,1091.1053,29,139,-2257,152,-19,13,-15,-71,0
"1139",96156.1957326,1091.1066,392,-85,4135,115,-24,-14,-49,-75,0
"1140",96156.1969886,1091.1078,-155,-55,3882,143,-3,-43,-29,-29,0
"1141",96156.1982751,1091.1091,-185,-89,355,118,3,-79,-43,-5,0
"1142",96156.1996668,1091.1105,54,80,3873,109,24,-79,-52,-10,0
"1143",96156.2077496,1091.1186,120,154,-3591,112,-17,-87,-83,-43,0
"1144",96156.2311198,1091.1419,236,159,775,113,-72,-82,-75,-56,0
"1145",96156.2325195,1091.1433,-8,254,-416,124,-63,-78,-96,-105,0
"1146",96156.2338426,1091.1447,267,75,-4040,108,-118,-71,-95,-112,0
"1147",96156.235432,1091.1463,246,63,963,59,-105,-61,-75,-156,0
"1148",96156.236763,1091.1476,103,-36,-4830,49,-146,-72,-71,-168,0
"1149",96156.2380946,1091.1489,42,-116,-1140,10,-161,-110,-66,-174,0
"1150",96156.2702892,1091.1811,-3,5,-1148,6,-163,-88,-48,-183,0
"1151",96156.27167,1091.1825,287,18,-2771,-6,-173,-106,-63,-191,0
"1152",96156.27306,1091.1839,40,124,1415,-1,-119,-70,-25,-189,0
"1153",96156.3029769,1091.2138,120,143,-2685,5,-123,-92,-31,-133,0
"1154",96156.3043445,1091.2152,453,49,2680,10,-152,-99,-26,-89,0
"1155",96156.3056296,1091.2165,-89,125,655,36,-132,-108,-20,-48,0
"1156",96156.3069608,1091.2178,198,6,-3037,52,-138,-96,-19,-29,0
"1157",96156.3081773,1091.219,353,-35,4739,60,-91,-66,-17,-34,0
"1158",96156.309438,1091.2203,-211,-131,-2165,47,-100,-84,-2,-16,0
"1159",96156.339343,1091.2502,-153,-220,1199,29,-63,-79,20,-16,0
"1160",96156.3406865,1091.2515,-406,4,862,22,-29,-66,10,-14,0
"1161",96156.3420313,1091.2529,-188,2,-2145,56,-43,-48,-8,-14,0
"1162",96156.3744619,1091.2853,-360,144,3590,74,-8,-48,39,-9,0
"1163",96156.3765671,1091.2874,-320,196,-596,106,-14,-57,70,27,0
"1164",96156.3785541,1091.2894,65,126,1114,121,8,-95,71,74,0
"1165",96156.4046503,1091.3155,-282,-1,-253,105,-23,-97,54,75,0
"1166",96156.4060899,1091.3169,5,-132,-2153,94,-100,-114,74,30,0
"1167",96156.4074502,1091.3183,-270,46,1575,62,-81,-103,50,59,0
"1168",96156.4413664,1091.3522,-399,123,-4784,95,-129,-105,48,49,0
"1169",96156.4427636,1091.3536,42,19,-105,152,-107,-118,75,45,0
"1170",96156.4440323,1091.3549,-355,142,-710,146,-66,-130,61,37,0
"1171",96156.4476674,1091.3585,-255,-92,-2474,138,-72,-132,71,47,0
"1172",96156.4501304,1091.361,-306,-121,3658,141,-34,-108,86,26,0
"1173",96156.4516282,1091.3625,-314,-73,-3198,142,-25,-98,62,0,0
"1174",96156.5097124,1091.4205,-236,-196,2825,157,-8,-78,71,-16,0
"1175",96156.5110974,1091.4219,-590,-161,1795,145,17,-79,56,-15,0
"1176",96156.512435,1091.4233,-282,-266,-2865,180,6,-106,24,-41,0
"1177",96156.5137798,1091.4246,-371,-47,1411,192,71,-128,46,-71,0
"1178",96156.5218036,1091.4326,-288,126,-2904,180,54,-157,12,-62,0
"1179",96156.5232537,1091.4341,80,62,-146,166,50,-138,8,-50,0
"1180",96156.5249448,1091.4358,-222,147,1534,174,81,-112,46,-44,0
"1181",96156.5262082,1091.437,52,-47,-1101,209,58,-133,69,-34,0
"1182",96156.5275191,1091.4383,-98,-168,2660,227,98,-75,82,-38,0
"1183",96156.5453617,1091.4562,-120,-192,-2165,205,75,-46,103,-32,0
"1184",96156.546677,1091.4575,141,-240,1956,185,89,-36,111,-58,0
"1185",96156.5480023,1091.4588,-57,-188,2388,174,123,-69,119,-87,0
"1186",96156.5494207,1091.4602,104,-340,397,183,119,-74,134,-89,0
"1187",96156.5507328,1091.4616,-179,-327,3124,161,126,-78,110,-93,0
"1188",96156.55229,1091.4631,-445,-378,-4293,133,90,-77,108,-110,0
"1189",96156.584507,1091.4953,17,-356,217,141,98,-72,91,-123,0
"1190",96156.5858553,1091.4967,-288,-2,-1942,97,156,-72,95,-106,0
"1191",96156.5871225,1091.4979,254,-140,-5839,65,143,-68,96,-78,0
"1192",96156.6188669,1091.5297,214,-236,975,49,121,-74,158,-53,0
"1193",96156.6204532,1091.5313,161,-366,-4421,53,117,-100,143,-85,0
"1194",96156.6220119,1091.5328,67,-359,-283,50,73,-146,162,-94,0
"1195",96156.6539217,1091.5647,-232,-315,1041,20,93,-137,176,-66,0
"1196",96156.6556992,1091.5665,22,-280,-3798,26,68,-120,167,-78,0
"1197",96156.6571165,1091.5679,-42,-160,525,-12,96,-115,161,-62,0
"1198",96156.6586397,1091.5695,-8,-76,-2730,-4,67,-86,144,-78,0
"1199",96156.6598891,1091.5707,148,-165,2354,4,34,-96,111,-56,0
"1200",96156.661146,1091.572,-109,-28,1763,26,49,-79,112,-29,0
"1201",96156.6952451,1091.6061,106,-41,-3698,53,-16,-58,77,-52,0
"1202",96156.6965289,1091.6074,-15,-159,2777,58,-8,-34,38,-46,0
"1203",96156.6977594,1091.6086,-165,-158,-3014,53,4,-64,55,-71,0
"1204",96156.6990997,1091.6099,139,-118,-424,56,7,-100,76,-129,0
"1205",96156.7003291,1091.6112,-215,-137,736,61,12,-96,72,-153,0
"1206",96156.7015905,1091.6124,-98,-244,-4001,64,-3,-109,72,-213,0
"1207",96156.7343193,1091.6451,-109,-116,2591,74,17,-126,90,-225,0
"1208",96156.7357285,1091.6466,-68,-72,-1427,44,16,-117,82,-207,0
"1209",96156.7371646,1091.648,207,-215,2796,40,4,-125,91,-179,0
"1210",96156.7649606,1091.6758,-344,-74,4329,24,38,-90,110,-198,0
"1211",96156.7664017,1091.6772,1,-25,446,20,2,-110,102,-202,0
"1212",96156.76771,1091.6785,-80,36,4449,0,22,-95,97,-174,0
"1213",96156.7758922,1091.6867,-65,65,422,-17,5,-90,85,-115,0
"1214",96156.7775702,1091.6884,-76,-165,5311,-15,-3,-65,68,-69,0
"1215",96156.7788309,1091.6897,-436,-186,4047,12,5,-43,80,-42,0
"1216",96156.8138691,1091.7247,-262,-121,-1078,-5,-29,-47,51,22,0
"1217",96156.8151166,1091.7259,-201,-55,4633,-30,-21,-30,68,43,0
"1218",96156.8163323,1091.7272,-386,-29,-1767,-57,-23,-30,84,36,0
"1219",96156.8177974,1091.7286,-12,-63,4181,-44,-49,-50,86,3,0
"1220",96156.8190691,1091.7299,-165,138,3665,-22,-65,-62,79,9,0
"1221",96156.8203159,1091.7311,75,12,-1393,-72,-65,-70,97,19,0
"1222",96156.8481068,1091.7589,-83,11,3331,-95,-29,-25,146,19,0
"1223",96156.8494194,1091.7602,12,10,-3304,-108,-27,-30,147,-34,0
"1224",96156.8506638,1091.7615,283,-98,1174,-52,-37,-28,166,-41,0
"1225",96156.8806802,1091.7915,-82,183,1177,-77,-48,-29,161,-33,0
"1226",96156.8821013,1091.7929,199,66,-2083,-71,-58,-41,117,-8,0
"1227",96156.8833394,1091.7942,104,78,1556,-71,-4,-27,121,-15,0
"1228",96156.9111233,1091.8219,78,195,-3232,-74,-18,-20,106,-35,0
"1229",96156.9125744,1091.8234,432,-67,430,-76,-39,-29,114,-20,0
"1230",96156.9138791,1091.8247,-50,-50,578,-82,-13,-38,94,-28,0
"1231",96156.9153917,1091.8262,-200,-25,-1049,-58,-12,-71,81,18,0
"1232",96156.9167954,1091.8276,-294,-20,5939,-25,27,-92,61,34,0
"1233",96156.9180822,1091.8289,-391,21,-483,-48,53,-89,43,51,0
"1234",96156.9775669,1091.8884,-88,-38,3444,-34,77,-86,52,66,0
"1235",96156.9789232,1091.8897,-107,49,2534,-43,100,-86,63,72,0
"1236",96156.9801948,1091.891,41,215,-5245,-48,79,-104,70,16,0
"1237",96156.9980316,1091.9089,-101,252,-1030,-66,95,-83,96,16,0
"1238",96156.9995059,1091.9103,23,182,-6668,-96,94,-75,89,-27,0
"1239",96157.0007334,1091.9116,353,14,-2245,-69,83,-91,37,-10,0
"1240",96157.0023383,1091.9132,-225,-18,-785,-96,97,-84,21,-41,0
"1241",96157.00378,1091.9146,-296,-29,-4531,-124,66,-98,-8,-93,0
"1242",96157.0051237,1091.9159,-455,-38,1705,-101,124,-70,-11,-107,0
"1243",96157.0067129,1091.9175,-352,-64,-4281,-54,122,-41,-35,-175,0
"1244",96157.0079558,1091.9188,-262,-260,1255,-77,147,-43,-21,-209,0
"1245",96157.0092904,1091.9201,-692,-249,-738,-108,181,-66,-2,-185,0
"1246",96157.0352287,1091.9461,-704,-409,-3653,-94,112,-86,21,-195,0
"1247",96157.0365388,1091.9474,-592,-319,1723,-74,144,-130,39,-220,0
"1248",96157.0442655,1091.9551,-414,-55,-4159,0,149,-161,38,-256,0
"1249",96157.0661724,1091.977,-213,-110,-404,18,121,-145,19,-248,0
"1250",96157.0676965,1091.9785,-564,-18,1301,41,143,-132,31,-198,0
"1251",96157.0689882,1091.9798,-130,-128,-4434,29,85,-119,-14,-188,0
"1252",96083.0906519,1018.0015,-27,228,480,87,92,9,-33,-41,0
"1253",96083.0923408,1018.0032,-25,201,-3940,93,66,10,-15,-81,0
"1254",96083.0935852,1018.0044,90,253,1760,72,61,31,-5,-131,0
"1255",96083.0948309,1018.0057,-98,273,-2767,70,59,12,7,-97,0
"1256",96083.0966663,1018.0075,201,-28,-2450,60,32,-17,7,-139,0
"1257",96083.0979039,1018.0087,-221,-195,-1160,34,10,-25,-1,-155,0
"1258",96083.0991332,1018.01,-75,-272,-6533,27,-37,-16,2,-190,0
"1259",96083.1005446,1018.0114,24,-74,-1338,35,-27,2,-12,-208,0
"1260",96083.1018033,1018.0126,-39,29,-5036,28,-44,4,-36,-170,0
"1261",96083.1031027,1018.0139,212,-49,-2885,57,-66,-12,-59,-133,0
"1262",96083.1051431,1018.016,-54,137,-1270,63,-48,-14,-35,-138,0
"1263",96083.1067138,1018.0175,186,129,-3949,72,-101,15,-34,-121,0
"1264",96083.1081506,1018.019,182,223,1213,102,-118,18,-22,-109,0
"1265",96083.1844927,1018.0953,-94,357,-3406,95,-97,25,-45,-91,0
"1266",96083.185962,1018.0968,281,250,-1253,111,-117,53,-24,-118,0
"1267",96083.1874683,1018.0983,-207,271,-262,134,-79,51,7,-121,0
"1268",96083.1888935,1018.0997,-195,106,-5972,96,-93,61,35,-117,0
"1269",96083.1904646,1018.1013,-149,167,1126,75,-104,50,17,-118,0
"1270",96083.1917797,1018.1026,-313,338,-3086,112,-108,46,12,-130,0
"1271",96083.1932453,1018.1041,131,231,-141,127,-140,58,0,-134,0
"1272",96083.1945136,1018.1053,-58,304,2800,109,-82,64,16,-120,0
"1273",96083.1959776,1018.1068,55,242,-3846,53,-75,82,-17,-95,0
"1274",96083.1976051,1018.1084,44,-7,624,40,-45,70,1,-61,0
"1275",96083.198992,1018.1098,16,107,-4381,16,-25,93,19,-98,0
"1276",96083.2003751,1018.1112,289,83,-2631,-48,-23,90,73,-107,0
"1277",96083.2526245,1018.1634,-22,233,-301,-46,-8,95,89,-72,0
"1278",96083.2541431,1018.165,131,182,-5861,-44,-20,61,99,-120,0
"1279",96083.255749,1018.1666,25,185,-1554,-42,-41,75,102,-157,0
"1280",96083.3019662,1018.2128,-259,235,-5276,-76,-59,83,152,-165,0
"1281",96083.3035644,1018.2144,370,268,-2351,-125,-115,65,147,-172,0
"1282",96083.3050466,1018.2159,-20,254,913,-132,-91,84,138,-174,0
"1283",96083.3178654,1018.2287,142,39,-3073,-146,-91,75,117,-171,0
"1284",96083.3194959,1018.2303,124,-27,4830,-135,-52,87,110,-152,0
"1285",96083.3209793,1018.2318,-88,142,785,-128,-47,122,76,-122,0
"1286",96083.3225552,1018.2334,311,30,2528,-78,-59,128,86,-133,0
"1287",96083.3302474,1018.2411,-132,236,2420,-82,-44,136,58,-152,0
"1288",96083.331749,1018.2426,120,123,-3066,-40,-18,147,4,-172,0
"1289",96083.3335551,1018.2444,-41,-49,2889,-69,3,145,-7,-146,0
"1290",96083.3350017,1018.2458,-275,-6,-2058,-87,-17,166,15,-150,0
"1291",96083.3364518,1018.2473,197,-17,144,-75,-14,136,-4,-166,0
"1292",96083.3541891,1018.265,27,78,2734,-47,23,167,11,-145,0
"1293",96083.3554671,1018.2663,134,138,-2053,-5,-24,158,18,-146,0
"1294",96083.3569719,1018.2678,100,269,1128,7,-1,161,18,-137,0
"1295",96083.3913635,1018.3022,-33,316,-1729,-4,15,138,22,-107,0
"1296",96083.3928014,1018.3036,288,81,2338,29,-26,140,20,-94,0
"1297",96083.394236,1018.3051,-246,89,2988,38,-41,142,1,-84,0
"1298",96083.3956185,1018.3064,-153,42,-3998,33,-93,116,-14,-101,0
"1299",96083.3968572,1018.3077,-11,-58,3419,37,-83,70,32,-121,0
"1300",96083.3983509,1018.3092,-425,-91,-1284,25,-67,26,-2,-106,0
"1301",96083.4263607,1018.3372,-52,-154,-989,20,-66,39,3,-83,0
"1302",96083.4278182,1018.3386,-235,-13,1235,6,-68,81,25,-69,0
"1303",96083.4290695,1018.3399,109,-235,-5407,-14,-78,92,13,-88,0
"1304",96083.4568934,1018.3677,103,-314,1867,-39,-65,66,20,-92,0
"1305",96083.4583054,1018.3691,-244,-320,-2549,-21,-76,49,5,-21,0
"1306",96083.4595725,1018.3704,62,-328,-958,1,-104,5,-3,-34,0
"1307",96083.4934375,1018.4043,-206,-253,1200,-1,-103,13,38,-29,0
"1308",96083.4947234,1018.4055,-41,-281,-4542,15,-119,8,33,-71,0
"1309",96083.4959598,1018.4068,-168,-349,-730,40,-67,-8,26,-108,0
"1310",96083.4974908,1018.4083,-471,-246,-3076,76,-31,-11,26,-132,0
"1311",96083.4988481,1018.4097,-62,-194,813,72,-30,9,19,-105,0
"1312",96083.5001337,1018.411,-317,-158,4226,74,-4,2,24,-59,0
"1313",96083.501501,1018.4123,-93,-216,-1011,85,-11,-16,9,-19,0
"1314",96083.50282,1018.4136,79,-99,5680,65,37,-59,-12,26,0
"1315",96083.5040821,1018.4149,-21,34,-1179,23,32,-48,-59,63,0
"1316",96083.530041,1018.4409,381,76,1020,-17,-13,-71,-51,70,0
"1317",96083.5314234,1018.4422,195,209,4949,5,54,-54,-21,73,0
"1318",96083.5327213,1018.4435,360,196,-1384,-15,4,-37,-20,49,0
"1319",96083.5866846,1018.4975,257,42,5770,-43,9,-51,0,93,0
"1320",96083.5881974,1018.499,49,-76,1182,-53,36,-62,-12,119,0
"1321",96083.5898702,1018.5007,409,-238,136,-52,42,-75,-22,157,0
"1322",96083.5995015,1018.5103,84,-103,3701,-51,78,-58,-7,153,0
"1323",96083.6071752,1018.518,133,22,-2916,-27,45,-59,-52,208,0
"1324",96083.6089618,1018.5198,301,-94,1203,-25,56,-84,-97,231,0
"1325",96083.6104569,1018.5213,-2,-52,-2110,2,46,-76,-123,238,0
"1326",96083.6119594,1018.5228,417,-166,793,8,3,-107,-143,269,0
"1327",96083.6155392,1018.5264,235,-25,2001,-8,23,-111,-161,292,0
"1328",96083.6344659,1018.5453,378,-17,-3318,-7,-12,-119,-168,276,0
"1329",96083.6358309,1018.5467,391,-98,2381,17,-20,-117,-154,287,0
"1330",96083.6371216,1018.5479,-6,-144,-3666,2,-17,-130,-125,262,0
"1331",96083.6670085,1018.5778,148,-197,-3779,19,-18,-165,-129,221,0
"1332",96083.6683975,1018.5792,-87,-195,426,55,17,-150,-131,207,0
"1333",96083.6696818,1018.5805,287,-201,-3984,94,-29,-178,-152,176,0
"1334",96083.7056559,1018.6165,359,-99,3703,115,-3,-178,-129,212,0
"1335",96083.7070203,1018.6178,222,171,-426,110,20,-181,-124,208,0
"1336",96083.7083511,1018.6192,557,149,15,102,-1,-191,-106,182,0
"1337",96083.7098272,1018.6207,167,150,3291,77,27,-182,-67,170,0
"1338",96083.7145208,1018.6253,184,65,-2655,53,5,-200,-93,127,0
"1339",96083.7159503,1018.6268,101,85,570,45,-21,-222,-106,115,0
"1340",96083.7418695,1018.6527,-99,31,-4609,20,-8,-231,-105,116,0
"1341",96083.7432596,1018.6541,125,-62,-2467,-8,-23,-246,-69,109,0
"1342",96083.7446431,1018.6555,-31,27,85,-30,28,-236,-42,115,0
"1343",96083.746127,1018.657,174,-111,-4940,-27,11,-263,-38,104,0
"1344",96083.7474382,1018.6583,135,-157,2481,-5,-14,-283,4,113,0
"1345",96083.7488929,1018.6597,-16,-11,-4229,-4,-28,-253,-17,105,0
"1346",96083.8046073,1018.7154,206,-156,-3758,-32,-44,-251,-13,87,0
"1347",96083.8060926,1018.7169,-143,-164,645,-22,16,-243,4,103,0
"1348",96083.8073987,1018.7182,-36,-327,-5210,-45,-1,-242,-10,101,0
"1349",96083.8103261,1018.7212,236,-357,-377,-72,29,-232,-27,66,0
"1350",96083.8117307,1018.7226,23,-248,-2633,-78,32,-217,-36,22,0
"1351",96083.8129681,1018.7238,370,-180,-2319,-76,34,-222,-5,-26,0
"1352",96083.8145029,1018.7253,140,-153,228,-91,37,-212,17,-44,0
"1353",96083.8158673,1018.7267,180,-265,-4180,-51,-4,-211,-23,-94,0
"1354",96083.8172144,1018.728,129,-254,875,-38,-8,-209,-19,-91,0
"1355",96083.8429621,1018.7538,-97,-62,-1147,-46,-9,-242,-58,-79,0
"1356",96083.8442356,1018.7551,283,-7,-1574,-86,-26,-250,-78,-96,0
"1357",96083.8455389,1018.7564,12,94,1675,-98,21,-244,-59,-97,0
"1358",96083.9257751,1018.8366,140,-1,-2855,-86,-9,-228,-73,-108,0
"1359",96083.9273642,1018.8382,51,-96,2274,-56,23,-229,-77,-110,0
"1360",96083.9288017,1018.8396,-85,-53,-3086,-70,-13,-248,-78,-132,0
"1361",96083.9323004,1018.8431,237,-67,-1034,-87,-39,-272,-81,-126,0
"1362",96083.9335763,1018.8444,8,35,3855,-82,-2,-262,-76,-102,0
"1363",96083.9350046,1018.8458,189,-21,-1433,-62,-29,-260,-78,-115,0
"1364",96083.9365996,1018.8474,173,39,3905,-29,-26,-247,-65,-120,0
"1365",96083.9380323,1018.8489,-25,-30,-297,-34,-18,-227,-48,-111,0
"1366",96083.9394856,1018.8503,309,-116,-2095,-36,-39,-233,-41,-129,0
"1367",96083.9411862,1018.852,85,8,1965,-13,-40,-210,-68,-157,0
"1368",96083.9425596,1018.8534,57,124,-3366,-3,-40,-203,-45,-107,0
"1369",96083.9438268,1018.8547,63,72,2631,-29,-29,-191,-24,-72,0
"1370",96083.9696749,1018.8805,-34,131,1237,-24,-39,-203,-1,-36,0
"1371",96083.9711477,1018.882,180,82,3110,14,-19,-215,2,-11,0
"1372",96083.9725159,1018.8833,-104,159,6586,4,13,-179,-8,52,0
"1373",96084.020694,1018.9315,56,92,501,-19,-16,-177,-12,51,0
"1374",96084.0221136,1018.9329,162,-31,5825,-35,-3,-151,-2,58,0
"1375",96084.0235262,1018.9344,-86,65,2095,13,6,-134,30,71,0
"1376",96084.037264,1018.9481,278,-61,1747,41,0,-147,57,76,0
"1377",96084.038603,1018.9494,-99,-8,5066,34,32,-159,70,32,0
"1378",96084.0399048,1018.9507,-48,135,-551,56,11,-154,73,34,0
"1379",96084.0413287,1018.9522,130,225,5866,41,26,-137,89,71,0
"1380",96084.0426604,1018.9535,-69,304,-476,-10,36,-109,101,27,0
"1381",96084.0467053,1018.9575,411,220,-741,-25,49,-98,93,-22,0
"1382",96084.0746459,1018.9855,179,213,3512,-25,68,-39,95,-1,0
"1383",96084.0761185,1018.9869,220,-69,229,-21,63,-47,93,9,0
"1384",96084.0774164,1018.9882,308,-2,5560,-14,95,-59,95,-5,0
"1385",96084.1094618,1019.0203,115,-37,1064,-49,105,-42,68,-9,0
"1386",96084.1109541,1019.0218,571,-97,691,-64,125,-21,63,12,0
"1387",96084.1122708,1019.0231,389,-57,2564,-103,165,16,57,22,0
"1388",96084.1136088,1019.0244,398,-59,-3301,-106,136,8,74,23,0
"1389",96084.1150144,1019.0258,492,53,1245,-82,122,13,59,-4,0
"1390",96084.1163889,1019.0272,334,227,-1693,-66,126,37,65,-52,0
"1391",96084.1420706,1019.0529,354,253,-2451,-62,126,41,48,-77,0
"1392",96084.1436733,1019.0545,71,223,674,-104,134,32,12,-35,0
"1393",96084.1514411,1019.0623,123,65,-4124,-94,92,-5,-27,-1,0
"1394",96084.1529612,1019.0638,199,82,1107,-86,84,-7,10,-5,0
"1395",96084.1543194,1019.0651,-74,267,-1440,-62,39,-44,-22,-10,0
"1396",96084.155766,1019.0666,340,311,-231,-77,10,-59,-25,-44,0
"1397",96084.2159053,1019.1267,281,347,3178,-98,-5,-22,15,-41,0
"1398",96084.2175282,1019.1284,411,61,-1497,-103,-22,-47,10,-72,0
"1399",96084.2189214,1019.1297,479,57,4283,-82,10,-75,2,-48,0
"1400",96084.2204318,1019.1313,126,241,1694,-78,37,-46,-2,-41,0
"1401",96084.2218476,1019.1327,543,209,4212,-37,46,-61,-48,-18,0
"1402",96084.2284523,1019.1393,418,382,8888,-50,92,-64,-35,-32,0
"1403",96084.2303082,1019.1411,354,273,4667,-63,97,-36,-19,-48,0
"1404",96084.2318386,1019.1427,343,128,10295,-70,93,-10,-17,-9,0
"1405",96084.2331756,1019.144,41,255,5798,-88,99,5,-35,30,0
"1406",96084.2551233,1019.1659,439,198,5825,-109,64,-6,-18,65,0
"1407",96084.2565678,1019.1674,310,247,10643,-103,106,23,-49,51,0
"1408",96084.2578924,1019.1687,116,128,3246,-131,84,-12,-61,69,0
"1409",96084.2860039,1019.1968,88,-102,10605,-139,107,-4,-80,89,0
"1410",96084.2873187,1019.1981,-143,-21,5875,-171,87,8,-93,107,0
"1411",96084.2885986,1019.1994,324,-1,4535,-159,55,36,-77,137,0
"1412",96084.3185944,1019.2294,213,225,7693,-141,115,26,-50,149,0
"1413",96084.3201059,1019.2309,223,306,448,-127,97,-20,-44,96,0
"1414",96084.3217552,1019.2326,172,249,2647,-166,113,-25,-9,94,0
"1415",96084.3231184,1019.2339,-93,230,-1315,-227,117,-37,11,44,0
"1416",96084.3244308,1019.2353,-14,86,-1455,-225,99,-46,34,34,0
"1417",96084.3257706,1019.2366,-264,77,972,-212,115,-50,50,85,0
"1418",96084.3530097,1019.2638,-84,44,-3055,-199,109,-79,54,125,0
"1419",96084.3545323,1019.2654,204,212,2011,-164,162,-42,91,146,0
"1420",96084.3559471,1019.2668,-11,205,-2005,-157,142,-52,102,154,0
"1421",96084.3837868,1019.2946,270,77,-1759,-145,94,-66,70,150,0
"1422",96084.3853203,1019.2961,38,112,2104,-117,110,-41,79,168,0
"1423",96084.3865872,1019.2974,344,160,-5817,-113,90,-35,26,126,0
"1424",96084.4326397,1019.3435,213,78,554,-135,115,17,53,107,0
"1425",96084.4342025,1019.345,-142,27,-3173,-176,112,7,78,90,0
"1426",96084.4356371,1019.3465,63,-54,-2659,-186,110,-11,94,85,0
"1427",96084.4374191,1019.3482,-147,22,1680,-157,139,-16,131,129,0
"1428",96084.4386658,1019.3495,29,63,-5153,-171,121,-28,140,102,0
"1429",96084.4463173,1019.3571,96,55,-1652,-178,169,-53,180,90,0
"1430",96084.4478468,1019.3587,-177,279,-5521,-166,153,-46,161,90,0
"1431",96084.4492693,1019.3601,149,162,-4867,-148,103,-37,133,70,0
"1432",96084.450571,1019.3614,-180,189,-2782,-141,103,18,127,60,0
"1433",96084.5595748,1019.4704,-152,45,-6696,-165,90,15,99,34,0
"1434",96084.5610651,1019.4719,-43,28,-184,-162,96,13,90,39,0
"1435",96084.5624229,1019.4732,-230,83,-4586,-156,108,9,32,22,0
"1436",96084.5638451,1019.4747,99,86,-1869,-134,80,-23,63,18,0
"1437",96084.5651582,1019.476,-259,202,1025,-128,81,-44,99,63,0
"1438",96084.5665659,1019.4774,-100,203,-6545,-157,27,-69,81,48,0
"1439",96084.5679677,1019.4788,237,190,1304,-181,40,-79,56,18,0
"1440",96084.5692348,1019.4801,-120,340,-2243,-153,62,-118,35,23,0
"1441",96084.57093,1019.4818,163,92,-2177,-137,52,-137,32,65,0
"1442",96084.5722922,1019.4831,-174,50,398,-129,96,-141,31,83,0
"1443",96084.5736332,1019.4845,-164,-168,-4826,-119,94,-119,33,57,0
"1444",96084.5749547,1019.4858,-232,-177,-205,-67,99,-114,74,64,0
"1445",96084.5764456,1019.4873,-480,-19,-1620,-30,82,-109,78,76,0
"1446",96084.5777396,1019.4886,83,-42,-1894,10,93,-103,77,82,0
"1447",96084.5794269,1019.4903,134,70,1201,-5,118,-139,101,97,0
"1448",96084.6375024,1019.5483,312,104,-3337,4,89,-172,122,91,0
"1449",96084.6388529,1019.5497,360,167,2033,5,106,-179,101,119,0
"1450",96084.6401227,1019.5509,201,298,-1766,38,120,-177,115,124,0
"1451",96084.6415572,1019.5524,556,225,1138,100,112,-189,106,149,0
"1452",96084.6428639,1019.5537,153,268,6327,119,139,-154,134,188,0
"1453",96084.6446143,1019.5554,325,150,929,123,129,-162,113,163,0
"1454",96084.646191,1019.557,416,220,7909,148,142,-142,90,202,0
"1455",96084.6508498,1019.5617,152,278,6679,158,108,-168,60,182,0
"1456",96084.652249,1019.5631,476,138,5958,161,68,-201,24,202,0
"1457",96084.6536216,1019.5644,92,144,8874,146,106,-193,13,231,0
"1458",96084.6551488,1019.566,315,201,2401,133,93,-171,-9,200,0
"1459",96084.6564814,1019.5673,426,150,6997,138,87,-148,0,207,0
"1460",96084.7406896,1019.6515,97,258,2501,107,51,-127,22,188,0
"1461",96084.7421932,1019.653,343,377,2498,132,13,-110,17,191,0
"1462",96084.7435913,1019.6544,-78,438,5905,127,16,-71,20,202,0
"1463",96084.7451279,1019.656,-125,186,1145,81,-26,-80,17,229,0
"1464",96084.7525389,1019.6634,-174,-59,8101,56,33,-73,32,210,0
"1465",96084.7543351,1019.6652,-495,-121,2987,70,50,-67,37,196,0
"1466",96084.7582491,1019.6691,-240,-166,2941,79,-4,-76,57,185,0
"1467",96084.7596266,1019.6705,-471,-154,6205,59,24,-88,108,203,0
"1468",96084.7610569,1019.6719,-381,-228,-924,61,15,-120,123,202,0
"1469",96084.7624573,1019.6733,-217,-279,2923,30,42,-98,115,197,0
"1470",96084.7637198,1019.6745,-396,-133,-2119,15,6,-85,118,136,0
"1471",96084.764993,1019.6758,-198,-173,-4172,21,9,-85,118,109,0
"1472",96084.8084403,1019.7193,-167,-107,-647,0,39,-77,118,112,0
"1473",96084.8098663,1019.7207,72,-63,-4880,-21,23,-85,119,169,0
"1474",96084.8112263,1019.7221,114,60,-1003,-18,44,-78,122,207,0
"1475",96084.8432486,1019.7541,-158,14,-3988,-25,67,-45,146,190,0
"1476",96084.8445282,1019.7554,88,-139,-4250,-26,38,-24,131,187,0
"1477",96084.8457732,1019.7566,-202,-4,-1153,-38,75,-11,141,155,0
"1478",96084.847216,1019.758,-89,-20,-6443,12,40,32,119,167,0
"1479",96084.848499,1019.7593,70,25,-231,39,27,55,93,158,0
"1480",96084.8499908,1019.7608,-129,154,-3671,42,37,22,94,151,0
"1481",96084.8515639,1019.7624,146,53,-3913,41,30,24,69,144,0
"1482",96084.8529305,1019.7638,-149,41,301,55,45,0,111,205,0
"1483",96084.8542526,1019.7651,-77,-132,-5347,67,20,-19,114,215,0
"1484",96084.8801626,1019.791,225,-67,-126,44,50,24,120,223,0
"1485",96084.881502,1019.7923,-84,58,-3576,59,65,17,105,187,0
"1486",96084.8828215,1019.7936,436,-102,-4067,50,47,16,116,183,0
"1487",96084.9068473,1019.8177,-12,-218,-342,29,33,25,141,222,0
"1488",96084.9082602,1019.8191,50,-364,-5313,11,-7,43,119,232,0
"1489",96084.9095065,1019.8203,223,-315,-418,22,13,25,116,210,0
"1490",96084.9430791,1019.8539,93,-162,-4550,41,-11,21,140,199,0
"1491",96084.9444842,1019.8553,324,-281,-4220,29,-6,17,112,200,0
"1492",96084.9460608,1019.8569,121,-322,-1140,49,9,18,109,221,0
"1493",96084.9475846,1019.8584,164,-283,-5625,92,-7,35,77,210,0
"1494",96084.9489746,1019.8598,186,-263,-3,105,-39,54,29,197,0
"1495",96084.950209,1019.861,17,-83,-4923,76,-53,77,-6,202,0
"1496",96084.9780358,1019.8889,360,-70,-4738,46,-35,46,-37,174,0
"1497",96084.9794207,1019.8902,244,-92,-33,31,47,48,-7,174,0
"1498",96084.9806676,1019.8915,229,41,-6546,4,8,25,-27,170,0
"1499",96084.9823939,1019.8932,153,179,-1639,-9,24,-6,-32,147,0
"1500",96084.9905415,1019.9014,-136,85,-3462,-28,35,-25,-46,117,0
"1501",96084.9923283,1019.9032,344,68,-4305,-37,13,-11,-39,122,0
"1502",96085.036267,1019.9471,224,74,-257,-8,19,0,-22,143,0
"1503",96085.0377928,1019.9486,345,-150,-5392,13,8,-12,-46,150,0
"1504",96085.0391574,1019.95,350,-250,-699,-15,29,-27,-68,153,0
"1505",96085.0508317,1019.9617,100,-161,-3219,-29,16,-29,-53,137,0
"1506",96085.052152,1019.963,570,-272,-3977,-76,7,-42,-40,110,0
"1507",96085.0534242,1019.9642,323,-147,-473,-92,90,-14,-51,72,0
"1508",96085.0550895,1019.9659,318,-167,-4045,-109,103,0,-28,21,0
"1509",96085.05652,1019.9673,480,-253,1329,-135,100,-9,-23,0,0
"1510",96085.0578052,1019.9686,-43,-238,-1979,-126,67,-45,-23,9,0
"1511",96085.0860431,1019.9969,212,-130,-2610,-117,42,-49,-56,-27,0
"1512",96085.0874578,1019.9983,52,-113,1325,-110,74,-42,-53,-39,0
"1513",96085.0887763,1019.9996,126,-101,-6121,-60,55,-71,-35,-57,0
"1514",96085.1509473,1020.0618,259,-47,-1562,-51,22,-65,-40,-71,0
"1515",96085.1525229,1020.0633,-45,17,-3802,-12,-17,-10,-35,-96,0
"1516",96085.1539104,1020.0647,345,-119,-3305,3,-84,23,2,-92,0
"1517",96085.1554284,1020.0663,6,-38,967,9,-104,21,-3,-81,0
"1518",96085.1568264,1020.0677,-89,-57,-4084,-15,-139,13,-25,-123,0
"1519",96085.1613558,1020.0722,188,-27,-4,-23,-93,6,-22,-137,0
"1520",96085.1629943,1020.0738,33,229,-2496,7,-92,7,8,-126,0
"1521",96085.164329,1020.0752,504,152,-3519,5,-126,18,-2,-130,0
"1522",96085.1656043,1020.0764,164,111,655,10,-109,36,-15,-135,0
"1523",96085.1976425,1020.1085,160,135,-4126,44,-127,-19,-8,-163,0
"1524",96085.1992787,1020.1101,195,-125,2517,70,-121,13,25,-179,0
"1525",96085.2006763,1020.1115,35,-88,-3291,69,-113,13,24,-186,0
"1526",96085.2225833,1020.1334,274,-230,-3340,43,-132,5,10,-197,0
"1527",96085.2240012,1020.1348,106,-5,1841,55,-83,-7,58,-179,0
"1528",96085.225447,1020.1363,286,32,-2974,70,-68,-27,80,-175,0
"1529",96085.3216773,1020.2325,431,226,399,49,-97,5,112,-219,0
"1530",96085.3231341,1020.234,132,242,-2626,39,-100,49,87,-235,0
"1531",96085.3245227,1020.2353,240,123,-4213,24,-143,22,109,-231,0
"1532",96085.3280419,1020.2389,-109,164,721,14,-160,0,122,-205,0
"1533",96085.3293882,1020.2402,225,171,-4188,3,-184,-1,132,-214,0
"1534",96085.3307717,1020.2416,299,169,1680,22,-174,13,163,-222,0
"1535",96085.3420079,1020.2528,163,379,-1548,22,-126,22,159,-183,0
"1536",96085.3435749,1020.2544,507,308,-3745,7,-130,24,130,-184,0
"1537",96085.3448808,1020.2557,207,378,-1534,-17,-104,28,158,-201,0
"1538",96085.3463704,1020.2572,277,348,-5780,2,-157,13,137,-188,0
"1539",96085.347667,1020.2585,360,283,155,4,-174,8,120,-162,0
"1540",96085.3491458,1020.26,88,371,-4186,-16,-177,-1,111,-170,0
"1541",96085.3544054,1020.2652,142,75,-2066,-41,-188,4,63,-149,0
"1542",96085.3558812,1020.2667,-297,148,779,-20,-169,-5,68,-152,0
"1543",96085.3574879,1020.2683,-220,143,-6420,-5,-189,-16,31,-132,0
"1544",96085.3771473,1020.288,121,33,-332,-1,-181,-6,31,-141,0
"1545",96085.3786504,1020.2895,-144,141,-3668,19,-150,-2,23,-169,0
"1546",96085.3801396,1020.291,211,200,-5861,67,-160,-5,11,-211,0
"1547",96085.412003,1020.3228,76,270,-414,77,-101,-7,0,-255,0
"1548",96085.4134784,1020.3243,126,272,-5624,97,-91,5,-13,-268,0
"1549",96085.4147579,1020.3256,235,272,-127,120,-99,44,-9,-282,0
"1550",96085.4163054,1020.3271,111,162,-2866,122,-96,42,2,-305,0
"1551",96085.421947,1020.3328,481,93,-1804,134,-104,15,16,-347,0
"1552",96085.4233041,1020.3341,25,193,2284,120,-99,6,34,-330,0
"1553",96085.4247369,1020.3356,-108,229,-4558,134,-125,-4,67,-333,0
"1554",96085.4260288,1020.3369,-54,104,987,147,-80,-12,64,-316,0
"1555",96085.4274536,1020.3383,-351,87,-1051,174,-97,-22,56,-324,0
"1556",96085.4553834,1020.3662,-31,-88,-2625,155,-145,-46,54,-343,0
"1557",96085.456674,1020.3675,-453,-154,2280,121,-122,-64,73,-332,0
"1558",96085.4579611,1020.3688,-319,-161,-3876,115,-112,-74,131,-289,0
"1559",96085.4617413,1020.3726,93,-136,373,131,-109,-73,103,-279,0
"1560",96085.4633599,1020.3742,0,-45,-2291,137,-110,-80,67,-309,0
"1561",96085.4647017,1020.3755,392,41,-3932,85,-124,-41,0,-335,0
"1562",96085.5203123,1020.4311,-26,142,1762,70,-114,-43,-17,-346,0
"1563",96085.5217638,1020.4326,-118,98,-3905,62,-165,-1,-33,-347,0
"1564",96085.5230824,1020.4339,-37,100,694,96,-193,-2,-25,-340,0
"1565",96085.5245516,1020.4354,-490,117,-2314,126,-203,-14,-13,-378,0
"1566",96085.5259238,1020.4367,-118,77,-3195,161,-219,-33,-35,-415,0
"1567",96085.5271939,1020.438,-287,123,588,184,-181,-31,-55,-413,0
"1568",96085.5550346,1020.4659,-199,119,-5134,188,-182,-40,-80,-439,0
"1569",96085.562397,1020.4732,-60,165,634,182,-178,-29,-73,-427,0
"1570",96085.5639158,1020.4747,-239,272,-2589,187,-176,21,-66,-445,0
"1571",96085.5654099,1020.4762,200,90,-2351,182,-218,14,-71,-437,0
"1572",96085.5666752,1020.4775,-51,234,3282,189,-222,-6,-38,-384,0
"1573",96085.5680356,1020.4789,123,249,-2862,186,-231,-6,-59,-371,0
"1574",96085.612184,1020.523,44,127,2183,176,-194,-3,-56,-342,0
"1575",96085.6135892,1020.5244,-64,-26,-430,166,-198,10,-63,-329,0
"1576",96085.6149539,1020.5258,234,-46,473,181,-193,-59,-71,-284,0
"1577",96085.6226283,1020.5335,-112,24,4559,212,-190,-93,-42,-240,0
"1578",96085.6239771,1020.5348,-242,-27,-1944,228,-217,-88,-66,-254,0
"1579",96085.6253124,1020.5361,-97,-243,5017,218,-229,-47,-59,-231,0
"1580",96085.6513547,1020.5622,-293,-253,2531,177,-207,-74,-95,-234,0
"1581",96085.6528287,1020.5637,105,-236,1348,156,-228,-88,-85,-251,0
"1582",96085.6543457,1020.5652,-60,28,6120,151,-212,-69,-95,-227,0
"1583",96085.6865626,1020.5974,76,227,-156,180,-211,-60,-146,-222,0
"1584",96085.6880827,1020.5989,262,157,3970,204,-213,-47,-139,-226,0
"1585",96085.6895185,1020.6003,-35,166,956,201,-194,-48,-132,-197,0
"1586",96085.6911843,1020.602,355,123,554,197,-199,-66,-133,-205,0
"1587",96085.6924883,1020.6033,178,216,6910,194,-184,-42,-153,-150,0
"1588",96085.6937533,1020.6046,222,275,-315,199,-195,-43,-180,-118,0
"1589",96085.7236503,1020.6345,410,100,5943,203,-166,-53,-195,-109,0
"1590",96085.7251181,1020.6359,-87,286,1922,175,-127,-56,-143,-94,0
"1591",96085.7269251,1020.6377,341,144,270,144,-112,-40,-97,-71,0
"1592",96085.7283398,1020.6392,82,209,3436,83,-71,-24,-69,-50,0
"1593",96085.7296194,1020.6404,-84,225,-3870,41,-122,-32,-106,-80,0
"1594",96085.7359957,1020.6468,146,131,-72,63,-149,-40,-140,-78,0
"1595",96085.775923,1020.6867,-37,175,-774,72,-117,-41,-164,-103,0
"1596",96085.777404,1020.6882,182,86,-464,74,-160,-70,-152,-98,0
"1597",96085.7788095,1020.6896,163,122,4908,68,-130,-54,-113,-63,0
"1598",96085.78984,1020.7007,192,69,-1485,82,-146,-44,-146,-61,0
"1599",96085.7913466,1020.7022,151,-69,3237,71,-157,-62,-149,-52,0
"1600",96085.7926762,1020.7035,21,-119,1222,74,-188,-93,-119,-24,0
"1601",96085.8267508,1020.7376,312,-294,143,88,-191,-98,-133,-7,0
"1602",96085.8282268,1020.7391,-63,-263,4050,110,-145,-108,-97,-42,0
"1603",96085.8363484,1020.7472,59,-230,-1583,112,-124,-96,-90,-21,0
"1604",96085.8379275,1020.7488,307,-368,3705,60,-117,-82,-56,-17,0
"1605",96085.8393153,1020.7501,55,-370,2932,87,-114,-50,-62,1,0
"1606",96085.8406707,1020.7515,114,-475,122,75,-115,-51,-113,4,0
"1607",96085.879662,1020.7905,-70,-389,4127,53,-61,-27,-144,-42,0
"1608",96085.8810416,1020.7919,234,-325,-1817,83,-80,-42,-159,-99,0
"1609",96085.8823508,1020.7932,279,-260,2835,77,-44,-13,-141,-82,0
"1610",96085.9181995,1020.829,213,-183,2728,91,-51,-17,-143,-46,0
"1611",96085.9196463,1020.8305,391,-262,3016,69,-68,-42,-139,-24,0
"1612",96085.920943,1020.8318,14,-449,4799,59,-35,-40,-124,43,0
"1613",96085.9224138,1020.8332,130,-519,-1198,30,-41,-42,-103,23,0
"1614",96085.9237946,1020.8346,168,-436,2582,31,-18,-67,-117,27,0
"1615",96085.9297811,1020.8406,-69,-443,-671,10,-31,-61,-72,27,0
"1616",96085.9536181,1020.8644,281,-577,122,0,-65,-56,-48,30,0
"1617",96085.9550796,1020.8659,-66,-476,5160,14,-13,-63,13,36,0
"1618",96085.956458,1020.8673,-19,-407,-3296,18,-25,-65,28,30,0
"1619",96085.9903248,1020.9011,89,-429,1365,39,-28,-73,20,52,0
"1620",96085.9918594,1020.9027,-218,-358,1221,55,-24,-102,51,93,0
"1621",96085.9933329,1020.9042,58,-286,-2839,54,9,-97,94,144,0
"1622",96085.9948201,1020.9056,-91,-204,1577,48,59,-94,80,189,0
"1623",96085.9960969,1020.9069,161,-110,-3133,53,84,-79,34,187,0
"1624",96085.9973941,1020.9082,304,-86,2703,62,102,-94,27,213,0
"1625",96085.9991073,1020.9099,-31,-81,723,83,102,-102,56,222,0
"1626",96086.0003901,1020.9112,358,-122,-1154,32,120,-121,67,233,0
"1627",96086.0017137,1020.9125,39,20,3505,52,139,-96,29,225,0
"1628",96086.0295693,1020.9404,125,60,-16,54,98,-78,10,213,0
"1629",96086.0310136,1020.9418,263,67,6475,24,62,-111,-3,223,0
"1630",96086.0324771,1020.9433,-213,41,3775,26,52,-146,-52,218,0
"1631",96086.1005798,1021.0114,281,-132,2833,-11,6,-132,-82,227,0
"1632",96086.102205,1021.013,-29,-216,7152,-12,45,-98,-109,228,0
"1633",96086.1040817,1021.0149,-192,-353,865,-18,49,-58,-117,246,0
"1634",96086.1056317,1021.0165,-284,-444,4164,-21,76,-36,-123,261,0
"1635",96086.1077338,1021.0186,-616,-330,323,-26,70,-22,-97,233,0
"1636",96086.1092935,1021.0201,-160,-377,-3292,6,69,16,-102,202,0
"1637",96086.110914,1021.0217,-417,-331,1699,3,80,29,-121,203,0
"1638",96086.1196231,1021.0304,-303,-255,-2691,35,84,-37,-137,207,0
"1639",96086.1212548,1021.0321,44,-118,296,60,88,-36,-115,184,0
"1640",96086.1391981,1021.05,14,67,-1102,33,95,-28,-79,176,0
"1641",96086.1405696,1021.0514,413,4,-2745,-32,84,-7,-105,173,0
"1642",96086.1419429,1021.0528,129,-39,-199,-71,118,29,-82,165,0
"1643",96086.1638843,1021.0747,199,-57,-4392,-68,88,36,-72,151,0
"1644",96086.1652329,1021.0761,392,-68,2333,-54,84,10,-33,149,0
"1645",96086.1667159,1021.0775,32,-80,-908,-13,82,33,-11,163,0
"1646",96086.1986394,1021.1095,302,-170,-1852,0,92,5,1,135,0
"1647",96086.1999659,1021.1108,56,-231,4473,6,118,-9,15,139,0
"1648",96086.201267,1021.1121,-18,-245,-1536,-18,115,-27,37,146,0
"1649",96086.2028518,1021.1137,196,-233,3626,-46,116,-22,56,141,0
"1650",96086.2042862,1021.1151,143,35,521,-73,111,-24,45,141,0
"1651",96086.205546,1021.1164,530,89,-2763,-122,99,-15,57,121,0
"1652",96086.2070002,1021.1178,364,69,1645,-147,132,-31,44,120,0
"1653",96086.2083365,1021.1192,329,24,-1736,-110,125,11,5,109,0
"1654",96086.2099643,1021.1208,359,-52,2442,-68,99,0,37,123,0
"1655",96086.2983144,1021.2091,49,26,2318,-86,109,-16,51,146,0
"1656",96086.299733,1021.2106,280,-146,1565,-56,125,-6,85,203,0
"1657",96086.3012185,1021.212,171,13,4580,-55,168,23,74,206,0
"1658",96086.3026664,1021.2135,102,22,-298,-46,168,33,57,198,0
"1659",96086.3040123,1021.2148,87,9,3844,-56,179,60,104,225,0
"1660",96086.305378,1021.2162,-169,180,-1154,-25,191,74,88,258,0
"1661",96086.3068489,1021.2177,58,188,-3763,15,152,60,47,218,0
"1662",96086.3081414,1021.219,-24,216,3317,22,155,44,49,250,0
"1663",96086.309385,1021.2202,-24,52,-3203,41,100,29,17,270,0
"1664",96086.3107761,1021.2216,170,57,2050,28,84,-7,36,255,0
"1665",96086.3121285,1021.223,5,135,538,20,71,-5,11,242,0
"1666",96086.3133578,1021.2242,171,106,-2846,-16,31,8,6,219,0
"1667",96086.3393143,1021.2501,19,217,1161,-39,61,40,8,183,0
"1668",96086.3406179,1021.2514,48,85,-4545,-44,33,13,6,148,0
"1669",96086.3418582,1021.2527,19,-68,-437,-61,43,28,27,167,0
"1670",96086.3678442,1021.2787,41,-25,1,-54,24,32,24,214,0
"1671",96086.3692835,1021.2801,250,-114,-919,-55,22,12,-1,230,0
"1672",96086.3707185,1021.2815,-30,44,3182,-78,55,-1,65,193,0
"1673",96086.4027216,1021.3135,71,14,-3820,-100,75,0,57,168,0
"1674",96086.4040087,1021.3148,357,-41,3323,-108,71,28,65,140,0
"1675",96086.4120892,1021.3229,-61,45,488,-96,84,5,120,128,0
"1676",96086.413582,1021.3244,140,-55,-1272,-90,88,-33,98,119,0
"1677",96086.4148786,1021.3257,-229,-346,2946,-72,114,-24,99,130,0
"1678",96086.4162316,1021.3271,-153,-417,-3625,-18,91,-33,106,143,0
"1679",96086.4354209,1021.3462,234,-367,2268,-6,100,-62,163,147,0
"1680",96086.4370332,1021.3479,-117,-137,1720,3,89,-84,161,162,0
"1681",96086.4382944,1021.3491,109,-72,-65,16,81,-83,132,195,0
"1682",96086.4660653,1021.3769,-260,-12,3314,6,89,-77,120,195,0
"1683",96086.4674209,1021.3782,-378,-79,-3207,28,81,-101,110,175,0
"1684",96086.4687989,1021.3796,-378,-140,-110,31,73,-95,123,171,0
"1685",96086.5166685,1021.4275,-730,-100,-515,7,70,-63,145,189,0
"1686",96086.5180503,1021.4289,-224,-183,-368,-29,66,-64,152,182,0
"1687",96086.5197568,1021.4306,-421,-174,2432,-51,56,-80,178,221,0
"1688",96086.5342852,1021.4451,-440,-171,-3078,-43,14,-93,159,221,0
"1689",96086.5356322,1021.4465,-249,-58,1552,-9,34,-67,148,227,0
"1690",96086.5369838,1021.4478,-621,-22,-1178,-24,53,-42,146,221,0
"1691",96086.5383462,1021.4492,-256,-289,-3433,-19,40,-51,138,198,0
"1692",96086.5396024,1021.4504,-436,-303,1914,-10,83,-41,135,141,0
"1693",96086.5409915,1021.4518,-322,-390,-5162,29,85,-52,123,141,0
"1694",96086.6210623,1021.5319,-199,-352,-1197,32,103,-52,134,122,0
"1695",96086.6226213,1021.5334,-469,-363,-2603,23,136,-39,131,143,0
"1696",96086.6241625,1021.535,-225,-239,-5454,46,103,-61,127,140,0
"1697",96086.6352595,1021.5461,-315,-34,-1964,68,151,-57,100,130,0
"1698",96086.6365539,1021.5474,-126,-70,-6883,51,119,-64,52,93,0
"1699",96086.6380081,1021.5488,12,-61,-2067,40,89,-80,49,91,0
"1700",96086.6394153,1021.5502,-187,30,-2164,37,126,-97,51,60,0
"1701",96086.6406807,1021.5515,302,-51,-1603,22,110,-80,19,62,0
"1702",96086.6419872,1021.5528,248,-98,3253,3,147,-83,0,105,0
"1703",96086.6433896,1021.5542,167,-108,-4555,-2,136,-59,-40,86,0
"1704",96086.6450496,1021.5559,386,-120,-1263,-10,151,-52,-61,83,0
"1705",96086.6464487,1021.5573,259,119,-3748,-34,168,-20,-98,75,0
"1706",96086.6723886,1021.5832,766,47,-4266,-28,105,-30,-114,77,0
"1707",96086.6738262,1021.5847,480,272,2398,-53,116,-58,-82,48,0
"1708",96086.6750651,1021.5859,428,462,-3061,-82,92,-88,-73,21,0
"1709",96086.7150001,1021.6258,560,319,899,-101,86,-95,-82,-19,0
"1710",96086.7226013,1021.6334,178,278,780,-61,83,-93,-69,-8,0
"1711",96086.7240724,1021.6349,438,149,-3012,-49,49,-95,-68,-18,0
"1712",96086.7256114,1021.6364,222,148,2436,-59,89,-91,-89,-4,0
"1713",96086.7269888,1021.6378,10,-92,-600,-53,86,-108,-71,-24,0
"1714",96086.7282125,1021.639,269,-63,1882,2,84,-108,-67,3,0
"1715",96086.7296924,1021.6405,-51,45,412,-35,115,-126,-68,18,0
"1716",96086.73099,1021.6418,317,31,-2379,-91,62,-140,-70,27,0
"1717",96086.7323118,1021.6431,17,34,365,-71,49,-110,-22,35,0
"1718",96086.7802925,1021.6911,-200,1,-3115,-38,36,-132,-17,58,0
"1719",96086.7818318,1021.6927,-25,-90,3956,-21,52,-152,-2,89,0
"1720",96086.7834637,1021.6943,-272,63,918,-40,64,-146,3,81,0
"1721",96086.8154018,1021.7262,203,66,-2440,-37,75,-146,-35,78,0
"1722",96086.8179039,1021.7287,-227,84,1764,-58,114,-107,-24,80,0
"1723",96086.8195223,1021.7303,-206,-20,-3384,-83,146,-142,-20,45,0
"1724",96086.8210662,1021.7319,-17,24,1631,-83,148,-119,-8,11,0
"1725",96086.8223083,1021.7331,-221,102,423,-54,161,-130,23,-16,0
"1726",96086.8235962,1021.7344,183,4,-1811,-21,159,-109,31,-8,0
"1727",96086.8251094,1021.7359,-204,38,1229,-22,167,-87,39,-20,0
"1728",96086.8264146,1021.7372,-137,7,-3264,-40,181,-94,34,-24,0
"1729",96086.8280073,1021.7388,128,0,1049,-52,166,-112,66,-14,0
"1730",96086.861987,1021.7728,-244,107,-688,-55,169,-94,62,-7,0
"1731",96086.8634294,1021.7743,103,7,-1997,-44,125,-103,84,-23,0
"1732",96086.8648815,1021.7757,-225,-109,2411,-53,149,-108,67,-14,0
"1733",96086.8684485,1021.7793,-371,-148,-3010,-69,97,-115,42,1,0
"1734",96086.8698327,1021.7807,-99,-185,2014,-101,70,-100,43,-12,0
"1735",96086.8713094,1021.7821,-371,24,-129,-129,88,-104,29,-10,0
"1736",96086.9232612,1021.8341,18,-77,-1563,-95,69,-94,-40,-16,0
"1737",96086.9247735,1021.8356,-291,-56,4875,-112,103,-82,-8,-21,0
"1738",96086.9263786,1021.8372,-300,-151,-2135,-128,60,-62,-19,-49,0
"1739",96086.9279195,1021.8387,74,-125,1714,-124,42,-72,-44,-54,0
"1740",96086.9291734,1021.84,-235,-130,892,-132,96,-38,-71,-68,0
"1741",96086.930482,1021.8413,76,-200,-1259,-119,80,-55,-84,-56,0
"1742",96086.9320808,1021.8429,-58,-257,2246,-120,73,-54,-98,-30,0
"1743",96086.9334344,1021.8443,3,-211,-5033,-117,48,-36,-95,-22,0
"1744",96086.9347927,1021.8456,132,-121,-1004,-105,53,-18,-58,-24,0
"1745",96086.9690607,1021.8799,-218,72,-795,-100,82,4,-45,-40,0
"1746",96086.9705461,1021.8814,-22,90,-3205,-71,70,49,-28,-21,0
"1747",96086.9717918,1021.8826,-366,-17,1201,-69,83,44,-26,7,0
"1748",96087.0295955,1021.9404,-494,-133,-3554,-74,67,16,-60,2,0
"1749",96087.0310044,1021.9418,-216,-248,188,-75,60,10,-80,3,0
"1750",96087.0324529,1021.9433,-553,-139,-3150,-60,37,46,-120,-47,0
"1751",96087.0341396,1021.945,-210,-184,-4516,-61,7,65,-125,-85,0
"1752",96087.035424,1021.9462,-269,-126,3256,-42,10,71,-109,-59,0
"1753",96087.0367253,1021.9475,-60,-45,-2453,-21,-13,85,-92,-4,0
"1754",96087.0381262,1021.949,176,-71,3028,-26,-25,113,-53,-16,0
"1755",96087.0395164,1021.9503,-70,37,986,-44,13,101,-12,4,0
"1756",96087.0410047,1021.9518,-106,-156,-3349,-5,22,74,-12,-13,0
"1757",96087.0709915,1021.9818,-295,-57,3693,-2,23,76,12,-52,0
"1758",96087.0723594,1021.9832,-317,-79,-1383,-11,-34,55,-6,-13,0
"1759",96087.0738873,1021.9847,-107,-164,1957,-17,-26,20,-15,28,0
"1760",96087.0939937,1022.0048,-260,-154,1475,-4,-13,-6,-9,33,0
"1761",96087.0954653,1022.0063,328,-208,-976,12,-40,12,-24,46,0
"1762",96087.0967126,1022.0075,155,-171,3343,-29,0,34,-31,34,0
"1763",96087.1427682,1022.0536,221,-139,-1164,-45,7,21,-96,8,0
"1764",96087.1442082,1022.055,505,-76,1795,-52,10,1,-131,-7,0
"1765",96087.1455624,1022.0564,52,27,-1382,-27,26,14,-88,22,0
"1766",96087.1594364,1022.0703,334,34,-5094,-23,27,36,-97,12,0
"1767",96087.1608647,1022.0717,210,-3,457,-39,49,27,-88,-8,0
"1768",96087.1623547,1022.0732,31,-173,-5383,-14,16,15,-105,-21,0
"1769",96087.1638503,1022.0747,212,-156,-801,1,1,4,-136,-7,0
"1770",96087.1650888,1022.0759,-101,-134,-1382,46,16,13,-139,-22,0
"1771",96087.1664731,1022.0773,170,-219,-3543,73,11,-16,-131,31,0
"1772",96087.2184968,1022.1293,-102,-167,2726,109,10,-32,-120,39,0
"1773",96087.2200037,1022.1308,-421,-187,-2605,126,-4,-41,-127,64,0
"1774",96087.22155,1022.1324,-209,-203,820,120,28,-50,-109,72,0
"1775",96087.2292531,1022.1401,-458,-308,774,118,43,-59,-121,78,0
"1776",96087.2306453,1022.1415,-343,-309,-2308,154,0,-89,-128,90,0
"1777",96087.2319557,1022.1428,-348,-278,3325,163,63,-106,-116,90,0
"1778",96087.233503,1022.1443,-286,-272,-2263,155,87,-117,-146,57,0
"1779",96087.2348544,1022.1457,-63,-287,1873,163,79,-107,-137,40,0
"1780",96087.2425232,1022.1533,-456,-235,-2,165,71,-79,-116,71,0
"1781",96087.2604893,1022.1713,-58,-206,-1135,186,49,-57,-103,77,0
"1782",96087.261973,1022.1728,-158,-3,3253,178,46,-57,-133,66,0
"1783",96087.2633162,1022.1741,-398,78,-2546,191,19,-58,-149,56,0
"1784",96087.2649264,1022.1758,-285,34,819,196,21,-108,-145,58,0
"1785",96087.2662431,1022.1771,-446,10,-333,179,36,-74,-129,40,0
"1786",96087.2729725,1022.1838,-180,-34,-3310,166,-19,-89,-147,26,0
"1787",96087.3283949,1022.2392,-268,80,1680,185,-23,-105,-113,49,0
"1788",96087.3298793,1022.2407,-235,91,-5296,189,-45,-75,-120,33,0
"1789",96087.3312945,1022.2421,44,97,-2505,172,-36,-109,-147,27,0
"1790",96087.3326495,1022.2435,-253,157,-2178,165,-23,-123,-138,24,0
"1791",96087.3339675,1022.2448,-50,38,-4523,141,-42,-117,-122,-13,0
"1792",96087.3352311,1022.2461,-173,55,-498,162,-65,-135,-106,-82,0
"1793",96087.3367926,1022.2476,-303,97,-5003,183,-88,-164,-112,-76,0
"1794",96087.33814,1022.249,-8,94,-39,184,-81,-165,-108,-12,0
"1795",96087.3394689,1022.2503,-302,188,-226,194,-60,-168,-103,18,0
"1796",96087.3711766,1022.282,-88,67,-1515,217,-62,-155,-108,38,0
"1797",96087.3739277,1022.2848,-343,124,3343,219,-11,-127,-57,15,0
"1798",96087.375286,1022.2861,-748,74,-3675,201,-4,-97,-19,11,0
"1799",96087.39707,1022.3079,-271,71,1427,197,7,-92,-14,35,0
"1800",96087.3984563,1022.3093,-664,120,1532,160,15,-107,-31,35,0
"1801",96087.3997277,1022.3106,-255,97,-2856,134,-21,-85,14,32,0
"1802",96087.4336741,1022.3445,-164,99,1981,104,-25,-68,41,10,0
"1803",96087.4350459,1022.3459,-217,7,-2834,107,-57,-80,28,-4,0
"1804",96087.4362992,1022.3471,150,19,538,89,-45,-100,3,9,0
"1805",96087.4376946,1022.3485,-107,139,-188,126,-55,-100,-25,38,0
"1806",96087.4390317,1022.3499,1,81,-2675,141,-104,-106,-55,16,0
"1807",96087.4403248,1022.3511,-198,105,23,121,-85,-104,-41,10,0
"1808",96087.4722299,1022.3831,-76,9,-6078,104,-142,-57,-55,-27,0
"1809",96087.4735528,1022.3844,54,-76,-94,106,-155,-47,-34,-57,0
"1810",96087.4748462,1022.3857,-107,53,156,122,-151,-44,12,-61,0
"1811",96087.5025319,1022.4134,257,50,-3965,121,-169,-43,13,-67,0
"1812",96087.5040802,1022.4149,-137,24,2352,118,-151,-50,-14,-68,0
"1813",96087.5057505,1022.4166,-122,91,-4471,114,-188,-29,-35,-62,0
"1814",96087.5432451,1022.4541,272,68,1071,115,-195,25,-27,-73,0
"1815",96087.5509949,1022.4618,90,46,1193,179,-161,65,-1,-119,0
"1816",96087.552516,1022.4633,556,74,-2794,178,-143,52,-17,-146,0
"1817",96087.5541488,1022.465,447,70,4413,173,-111,73,-24,-129,0
"1818",96087.5554827,1022.4663,338,102,-625,167,-145,98,-20,-164,0
"1819",96087.5567792,1022.4676,570,140,2576,168,-125,130,8,-169,0
"1820",96087.5806923,1022.4915,222,151,399,166,-105,100,-7,-160,0
"1821",96087.5821602,1022.493,411,149,-2578,181,-129,66,-23,-172,0
"1822",96087.5833924,1022.4942,271,136,2069,181,-86,45,-34,-182,0
"1823",96087.6384797,1022.5493,180,215,-3544,168,-87,36,-63,-131,0
"1824",96087.6397148,1022.5505,314,119,-441,148,-72,23,-48,-121,0
"1825",96087.6409298,1022.5518,-259,148,-2952,131,-41,25,-10,-129,0
"1826",96087.6422922,1022.5531,19,191,-4785,150,-80,-4,-19,-125,0
"1827",96087.6435197,1022.5543,-161,257,1904,146,-49,2,-26,-85,0
"1828",96087.645003,1022.5558,-73,85,-3873,130,-82,-12,-6,-82,0
"1829",96087.6465707,1022.5574,167,113,2051,145,-82,-3,-1,-63,0
"1830",96087.6479801,1022.5588,-238,114,3299,162,-61,-13,-4,-36,0
"1831",96087.6493597,1022.5602,61,89,-1120,152,-93,-25,-38,-34,0
"1832",96087.6508532,1022.5617,-101,239,3388,119,-76,9,-82,-50,0
"1833",96087.6521378,1022.563,-199,140,-3105,129,-59,25,-116,-52,0
"1834",96087.6534043,1022.5642,267,79,1171,133,-54,6,-134,-46,0
"1835",96087.679393,1022.5902,-189,292,734,151,-53,9,-114,-47,0
"1836",96087.6807713,1022.5916,122,196,-1061,142,-56,35,-130,-59,0
"1837",96087.6819958,1022.5928,-94,199,3053,158,-42,61,-133,-76,0
"1838",96087.7621682,1022.673,-452,196,-3150,139,-26,80,-112,-103,0
"1839",96087.7635596,1022.6744,-230,203,1064,143,-55,76,-47,-94,0
"1840",96087.7649578,1022.6758,-483,391,-955,104,-54,80,-9,-81,0
"1841",96087.7775773,1022.6884,2,207,-3267,103,-100,57,-18,-133,0
"1842",96087.7789458,1022.6898,-167,99,3452,91,-76,77,26,-131,0
"1843",96087.7803179,1022.6911,-373,12,-2269,136,-74,65,24,-77,0
"1844",96087.7817564,1022.6926,-167,-5,1731,178,-53,80,-4,-93,0
"1845",96087.7829993,1022.6938,-624,-3,186,168,-13,55,9,-98,0
"1846",96087.7843299,1022.6952,-29,-83,-4090,154,-39,44,22,-82,0
"1847",96087.7857912,1022.6966,13,146,2195,151,-50,45,35,-83,0
"1848",96087.7870334,1022.6979,-33,71,-2789,128,-97,38,88,-63,0
"1849",96087.7882614,1022.6991,125,-22,606,172,-105,15,87,-19,0
"1850",96087.7979428,1022.7088,-126,34,1577,191,-58,-1,110,-8,0
"1851",96087.7994901,1022.7103,346,-9,-3090,190,-9,-36,89,-10,0
"1852",96087.8007765,1022.7116,123,127,-74,168,-15,-54,97,-39,0
"1853",96087.8428074,1022.7536,180,206,-3655,179,-58,-78,85,-15,0
"1854",96087.8442242,1022.755,397,335,260,171,-38,-98,90,-53,0
"1855",96087.8455217,1022.7563,236,297,638,161,-43,-62,95,-63,0
"1856",96087.885631,1022.7965,316,313,-2181,146,-24,-93,72,-73,0
"1857",96087.8869582,1022.7978,120,206,2796,169,23,-87,48,-57,0
"1858",96087.8881961,1022.799,-76,203,-5255,192,20,-103,11,-58,0
"1859",96087.889643,1022.8005,210,150,-2272,183,58,-111,36,-43,0
"1860",96087.89091,1022.8017,-199,165,-935,179,33,-137,42,-68,0
"1861",96087.8922049,1022.803,162,44,-5076,172,33,-156,55,-95,0
"1862",96087.8935527,1022.8044,73,37,2430,188,77,-151,81,-74,0
"1863",96087.8949915,1022.8058,-131,87,-2344,172,59,-129,91,-64,0
"1864",96087.8963132,1022.8071,-108,26,-963,205,47,-108,86,-99,0
"1865",96087.9502861,1022.8611,-461,79,-482,204,65,-89,68,-106,0
"1866",96087.9517202,1022.8625,-229,52,-3957,202,44,-70,45,-134,0
"1867",96087.9529493,1022.8638,-138,203,134,211,44,-72,34,-143,0
"1868",96087.9604184,1022.8712,-361,212,-4709,243,36,-77,47,-123,0
"1869",96087.9619837,1022.8728,-201,110,460,265,51,-91,44,-87,0
"1870",96087.9633052,1022.8741,-330,43,389,252,90,-76,12,-73,0
"1871",96087.9648261,1022.8757,-34,-177,-535,229,38,-60,11,-71,0
"1872",96087.9660785,1022.8769,-56,-5,6183,241,60,-31,40,-40,0
"1873",96087.9673515,1022.8782,-72,-25,-749,237,48,-37,26,2,0
"1874",96087.9930847,1022.9039,296,79,2409,210,2,-49,40,16,0
"1875",96087.9944008,1022.9052,-6,187,1263,196,19,-52,55,-19,0
"1876",96087.9956378,1022.9065,-40,154,-4165,199,13,-79,28,-70,0
"1877",96088.0258618,1022.9367,-353,37,3174,211,32,-67,82,-92,0
"1878",96088.0272023,1022.938,-171,49,-1837,212,17,-49,87,-102,0
"1879",96088.0284406,1022.9393,264,3,1915,181,34,-18,65,-109,0
"1880",96088.0705788,1022.9814,5,102,2754,132,22,2,86,-100,0
"1881",96088.0719781,1022.9828,164,16,-1466,134,-6,19,60,-87,0
"1882",96088.0732622,1022.9841,-18,-125,3145,147,17,23,28,-74,0
"1883",96088.0745433,1022.9854,-354,-79,-3105,162,-8,8,64,-56,0
"1884",96088.0757924,1022.9866,-193,-171,2226,160,-36,6,38,-56,0
"1885",96088.0834417,1022.9943,-449,-48,354,150,-43,36,14,-88,0
"1886",96088.107399,1023.0182,2,-214,-3922,143,-63,35,8,-88,0
"1887",96088.1088154,1023.0196,-121,-138,2043,141,-52,-4,19,-61,0
"1888",96088.1100839,1023.0209,-106,-18,-4888,159,-57,-30,17,-66,0
"1889",96088.1115797,1023.0224,166,-36,-935,168,-89,-14,33,-64,0
"1890",96088.1128555,1023.0237,-41,79,-188,166,-104,15,39,-67,0
"1891",96088.1141334,1023.025,358,34,-4969,175,-117,21,26,-120,0
"1892",96088.1604503,1023.0713,269,51,963,191,-83,13,7,-116,0
"1893",96088.1619159,1023.0727,60,31,-1527,234,-67,24,17,-108,0
"1894",96088.1632182,1023.074,327,88,2533,215,-39,10,62,-111,0
"1895",96088.1747837,1023.0856,244,101,2928,205,-20,-18,78,-116,0
"1896",96088.1761468,1023.087,403,-60,915,211,-56,-50,58,-132,0
"1897",96088.1776033,1023.0884,9,23,4354,208,-84,-42,93,-118,0
"1898",96088.2096349,1023.1205,-88,-151,-2219,189,-96,-29,78,-135,0
"1899",96088.2109422,1023.1218,92,-168,1356,170,-100,-31,80,-154,0
"1900",96088.2122215,1023.123,-234,-109,-550,135,-48,-69,90,-122,0
"1901",96088.2135286,1023.1244,-92,-259,-2902,127,-72,-84,91,-108,0
"1902",96088.2147854,1023.1256,-512,-316,3717,134,-57,-95,91,-109,0
"1903",96088.2164578,1023.1273,-478,-208,-2274,108,-68,-134,94,-97,0
"1904",96088.2805006,1023.1913,-31,-228,2250,123,-95,-141,99,-70,0
"1905",96088.2820123,1023.1928,-211,7,1365,102,-16,-150,92,-81,0
"1906",96088.2837739,1023.1946,137,16,-2535,116,-9,-131,77,-102,0
"1907",96088.2851389,1023.196,-20,73,2256,118,45,-142,56,-99,0
"1908",96088.2865576,1023.1974,-65,34,-1181,92,44,-136,36,-103,0
"1909",96088.2878792,1023.1987,112,156,803,109,46,-108,38,-88,0
"1910",96088.2893794,1023.2002,-113,201,2041,75,81,-124,48,-45,0
"1911",96088.2907138,1023.2015,92,71,828,85,83,-159,43,-22,0
"1912",96088.2920432,1023.2029,48,147,6514,110,61,-148,69,35,0
"1913",96088.3461922,1023.257,85,193,1368,120,29,-154,44,47,0
"1914",96088.3476685,1023.2585,715,114,2542,104,17,-129,54,71,0
"1915",96088.3490508,1023.2599,312,183,1456,59,20,-82,24,49,0
"1916",96088.4073426,1023.3182,465,38,-3308,36,-19,-93,9,23,0
"1917",96088.4088571,1023.3197,350,40,1926,10,18,-117,-26,-15,0
"1918",96088.4102741,1023.3211,331,-109,-2075,-3,19,-154,-67,-6,0
"1919",96088.4136785,1023.3245,527,-35,2055,-70,6,-170,-81,-4,0
"1920",96088.4149442,1023.3258,277,123,821,-72,49,-163,-51,-3,0
"1921",96088.4231879,1023.334,415,283,-5368,-104,-2,-164,-25,-21,0
"1922",96088.4247263,1023.3356,347,305,214,-130,-4,-184,5,-9,0
"1923",96088.4260096,1023.3368,279,365,-5035,-119,16,-194,-7,-11,0
"1924",96088.4274731,1023.3383,513,221,-2220,-91,16,-194,-16,-16,0
"1925",96088.4323093,1023.3431,232,243,205,-92,0,-170,18,17,0
"1926",96088.4337989,1023.3446,638,73,-3766,-91,0,-173,27,30,0
"1927",96088.4351157,1023.3459,259,13,1408,-70,52,-161,19,15,0
"1928",96088.4365644,1023.3474,-80,58,-3730,-84,53,-132,-4,7,0
"1929",96088.4378484,1023.3487,437,-61,-1107,-59,34,-144,-34,-46,0
"1930",96088.4391183,1023.3499,26,5,-615,-41,23,-162,-54,-56,0
"1931",96088.4893779,1023.4002,386,-81,-2145,-14,-31,-158,-47,-38,0
"1932",96088.4910678,1023.4019,72,16,2881,-6,-9,-156,-49,-8,0
"1933",96088.4927037,1023.4035,-212,46,-1917,-37,1,-135,-53,-50,0
"1934",96088.4942304,1023.4051,6,-122,3160,-75,21,-133,-52,-35,0
"1935",96088.4956231,1023.4064,-104,-32,4427,-76,57,-103,-14,-41,0
"1936",96088.4968754,1023.4077,292,38,-2151,-60,37,-141,-32,-46,0
"1937",96088.4981681,1023.409,86,57,4316,-27,72,-159,6,-47,0
"1938",96088.4994069,1023.4102,127,115,-532,-18,76,-162,18,-33,0
"1939",96088.500671,1023.4115,377,137,2949,-18,44,-213,10,5,0
"1940",96088.5286122,1023.4394,6,107,3306,12,77,-229,43,32,0
"1941",96088.5300387,1023.4409,322,97,767,28,88,-236,35,73,0
"1942",96088.5313554,1023.4422,175,117,4180,65,88,-207,48,129,0
"1943",96088.5348997,1023.4457,-105,80,-2095,88,38,-255,21,102,0
"1944",96088.53638,1023.4472,301,97,1013,61,13,-248,14,72,0
"1945",96088.5378278,1023.4487,3,175,-83,70,45,-239,-9,81,0
"1946",96088.5959233,1023.5067,285,80,-1923,58,8,-243,-6,103,0
"1947",96088.5973094,1023.5081,179,111,3649,42,58,-187,11,116,0
"1948",96088.5989353,1023.5098,18,118,-2947,7,51,-179,4,89,0
"1949",96088.6004594,1023.5113,155,-81,2358,10,22,-150,-2,61,0
"1950",96088.6020301,1023.5129,-264,-40,2262,20,35,-132,-2,33,0
"1951",96088.6033977,1023.5142,-170,-54,-2330,11,31,-100,-13,7,0
"1952",96088.6049211,1023.5157,-186,-33,4840,26,46,-68,-29,57,0
"1953",96088.6061845,1023.517,-323,-45,-2005,69,40,-61,-41,46,0
"1954",96088.607446,1023.5183,-42,-82,-206,55,45,-60,-41,9,0
"1955",96088.6373451,1023.5482,-26,78,2190,43,67,-74,-18,46,0
"1956",96088.6386438,1023.5495,120,-55,-302,37,54,-91,1,55,0
"1957",96088.6474862,1023.5583,207,-91,5078,39,99,-60,24,75,0
"1958",96088.6694295,1023.5803,-126,33,-917,45,101,-43,50,85,0
"1959",96088.6708406,1023.5817,265,-97,2177,11,77,-61,55,93,0
"1960",96088.6722911,1023.5831,-64,-35,1109,-7,89,-55,24,68,0
"1961",96088.7063004,1023.6171,154,-68,-2994,-32,78,-65,21,54,0
"1962",96088.7076307,1023.6185,130,-8,1966,-27,119,-45,48,43,0
"1963",96088.7088886,1023.6197,178,121,-4875,-6,121,-52,34,27,0
"1964",96088.7102056,1023.621,451,85,-625,10,138,-39,-2,-16,0
"1965",96088.711459,1023.6223,82,129,-307,-17,130,-5,-20,-7,0
"1966",96088.7128178,1023.6236,306,92,-4622,-69,111,-3,-1,9,0
"1967",96088.7426603,1023.6535,234,102,1258,-82,118,27,37,30,0
"1968",96088.7446398,1023.6555,162,35,-2655,-77,78,-12,33,34,0
"1969",96088.7464869,1023.6573,358,-127,1895,-59,65,-16,64,7,0
"1970",96088.7723257,1023.6832,1,2,3886,-69,67,-13,66,24,0
"1971",96088.7737094,1023.6845,257,-10,647,-72,66,-54,63,54,0
"1972",96088.7749484,1023.6858,182,-27,5550,-136,104,-50,74,66,0
"1973",96088.8110056,1023.7218,-103,5,1268,-122,98,-38,82,95,0
"1974",96088.8125203,1023.7233,166,17,2697,-112,88,-38,113,94,0
"1975",96088.8139059,1023.7247,25,117,3297,-96,98,-38,104,79,0
"1976",96088.8153698,1023.7262,357,11,-1691,-131,101,-42,67,94,0
"1977",96088.8166546,1023.7275,240,-99,3007,-107,130,-20,56,89,0
"1978",96088.82182,1023.7326,-238,-237,-4765,-88,110,-43,42,58,0
"1979",96088.847724,1023.7585,127,-338,-1673,-89,117,-26,26,24,0
"1980",96088.8491934,1023.76,-172,-296,677,-52,155,-27,35,31,0
"1981",96088.8505763,1023.7614,26,-312,-4020,-44,154,-43,30,49,0
"1982",96088.9105945,1023.8214,26,-233,2718,-58,145,-44,-11,51,0
"1983",96088.911927,1023.8228,-107,-276,-1175,-56,117,-44,-28,70,0
"1984",96088.9131493,1023.824,-23,-281,28,-64,109,-45,-52,45,0
"1985",96088.914802,1023.8256,-372,-88,-410,-45,113,-92,-80,44,0
"1986",96088.9160925,1023.8269,-61,-30,-3391,-70,84,-82,-90,44,0
"1987",96088.9174383,1023.8283,-193,-116,4488,-96,76,-68,-50,75,0
"1988",96088.9188841,1023.8297,-542,-101,804,-42,104,-65,-52,109,0
"1989",96088.9201912,1023.831,-505,-86,1396,-6,110,-78,-59,115,0
"1990",96088.9216183,1023.8324,-730,-43,1089,0,104,-116,-48,117,0
"1991",96088.9230959,1023.8339,-254,17,-2029,31,53,-130,-31,131,0
"1992",96088.924442,1023.8353,-169,-7,3253,36,64,-150,-4,127,0
"1993",96088.9324739,1023.8433,-189,-61,-3402,18,94,-176,-21,122,0
"1994",96089.0423266,1023.9532,46,22,-1911,-1,104,-166,-65,124,0
"1995",96089.0436625,1023.9545,-113,-5,-663,-7,133,-180,-36,121,0
"1996",96089.0448976,1023.9557,219,-55,-4346,28,109,-192,-50,85,0
"1997",96089.0463656,1023.9572,260,107,3038,67,132,-175,-49,102,0
"1998",96089.0475923,1023.9584,144,289,-1811,70,106,-155,-65,114,0
"1999",96089.0489314,1023.9598,546,103,-877,76,69,-138,-48,90,0
"2000",96089.0504142,1023.9612,319,-40,2610,81,113,-131,-48,112,0
"2001",96089.0518627,1023.9627,588,-183,188,87,80,-159,-65,141,0
"2002",96089.0533538,1023.9642,435,-201,6453,105,94,-165,-52,171,0
"2003",96089.0547394,1023.9656,181,-93,388,94,83,-118,-34,159,0
"2004",96089.0560973,1023.9669,446,-149,3909,72,73,-106,-18,191,0
"2005",96089.0574053,1023.9682,-240,-62,4075,78,94,-99,28,228,0
"2006",96089.0833931,1023.9942,88,-94,525,92,96,-114,28,271,0
"2007",96089.0848014,1023.9956,-20,70,4885,107,149,-141,84,294,0
"2008",96089.0861228,1023.9969,-66,37,-312,65,126,-175,99,314,0
"2009",96089.1462972,1024.0571,318,-112,3499,73,126,-169,96,312,0
"2010",96089.1477519,1024.0586,76,-48,3289,131,163,-155,53,327,0
"2011",96089.1495444,1024.0604,159,-158,-4803,132,106,-144,8,314,0
"2012",96089.151002,1024.0618,-10,-174,-637,116,78,-120,25,282,0
"2013",96089.1522631,1024.0631,-222,-119,-3827,83,82,-97,0,224,0
"2014",96089.1535203,1024.0643,84,-124,-380,79,70,-109,17,213,0
"2015",96089.154919,1024.0657,-121,52,-58,71,74,-131,28,221,0
"2016",96089.1563086,1024.0671,148,143,-6452,87,53,-126,48,202,0
"2017",96089.1577033,1024.0685,136,230,-802,87,45,-103,41,173,0
"2018",96089.159213,1024.07,129,284,-4041,85,17,-75,31,162,0
"2019",96089.1606791,1024.0715,342,337,475,56,-17,-73,27,154,0
"2020",96089.1621437,1024.073,27,361,396,56,-1,-79,67,188,0
"2021",96089.2282989,1024.1391,306,-18,-3253,47,-2,-76,35,207,0
"2022",96089.2298023,1024.1406,213,-192,2981,5,9,-91,59,223,0
"2023",96089.2311423,1024.142,-11,-206,-1104,3,38,-88,56,218,0
"2024",96089.2326353,1024.1435,291,-94,498,-4,18,-86,23,190,0
"2025",96089.2340494,1024.1449,99,-52,987,-28,-8,-91,20,183,0
"2026",96089.2354249,1024.1462,142,-121,-4398,-3,-22,-135,10,181,0
"2027",96089.2370702,1024.1479,93,-204,2339,-12,-10,-143,49,141,0
"2028",96089.2455415,1024.1564,10,-110,-2311,-7,-50,-129,35,99,0
"2029",96089.2470159,1024.1578,376,59,-152,-20,-37,-126,52,77,0
"2030",96089.2484262,1024.1593,253,175,1590,-15,-12,-125,53,39,0
"2031",96089.2524775,1024.1633,401,108,-2601,-14,-44,-143,50,35,0
"2032",96089.2538311,1024.1647,134,-53,697,-32,-28,-96,80,15,0
"2033",96089.2695495,1024.1804,90,-139,-4420,-63,-57,-81,57,60,0
"2034",96089.2708798,1024.1817,533,-130,-2707,-62,-84,-77,62,9,0
"2035",96089.2721696,1024.183,243,144,-1930,-62,-64,-67,88,4,0
"2036",96089.3322716,1024.2431,504,115,-4366,-35,-64,-49,113,13,0
"2037",96089.3337809,1024.2446,367,-1,3798,-18,-32,-17,118,21,0
"2038",96089.3351535,1024.246,270,-171,-1587,1,-27,-21,116,16,0
"2039",96089.3365984,1024.2474,523,-260,-296,20,-77,-29,104,29,0
"2040",96089.3379147,1024.2487,422,-186,-84,13,-74,-40,108,-8,0
"2041",96089.339232,1024.2501,487,-204,-3932,21,-114,-39,66,-29,0
"2042",96089.34461,1024.2554,293,-203,2299,9,-117,-36,74,15,0
"2043",96089.3460065,1024.2568,168,-109,-2090,6,-113,-59,98,11,0
"2044",96089.3472586,1024.2581,369,-43,-78,7,-105,-69,68,-14,0
"2045",96089.3712894,1024.2821,-181,1,2595,-11,-80,-59,60,-17,0
"2046",96089.3728229,1024.2836,87,0,-1838,-25,-130,-60,33,5,0
"2047",96089.3742199,1024.285,-26,61,1465,-33,-105,-49,67,-31,0
"2048",96089.3980183,1024.3088,-210,65,-4019,-28,-128,-28,58,-46,0
"2049",96089.3994215,1024.3102,48,26,-1517,-33,-164,-35,44,-32,0
"2050",96089.4007423,1024.3116,-20,82,1299,-68,-129,-45,38,-19,0
"2051",96089.4367777,1024.3476,237,91,-3870,-75,-186,-62,30,-6,0
"2052",96089.4382118,1024.349,84,40,2327,-65,-139,-41,3,15,0
"2053",96089.439492,1024.3503,-96,11,-3524,-53,-137,-11,-45,33,0
"2054",96089.4408636,1024.3517,406,-242,-246,-61,-117,-38,-82,57,0
"2055",96089.442121,1024.3529,-12,-305,2280,-29,-112,-30,-123,59,0
"2056",96089.4434142,1024.3542,-7,-326,-4233,-58,-163,-37,-147,57,0
"2057",96089.4449656,1024.3558,-47,-193,1830,-52,-167,-35,-124,48,0
"2058",96089.4462857,1024.3571,-66,-211,-3366,-27,-161,14,-120,67,0
"2059",96089.4475057,1024.3583,232,-147,-3010,-16,-193,4,-70,38,0
"2060",96089.4713202,1024.3821,142,-89,-2263,12,-173,35,-32,23,0
"2061",96089.4727763,1024.3836,299,-211,-5651,28,-199,21,-49,-1,0
"2062",96089.474082,1024.3849,335,-3,378,29,-214,10,-49,-30,0
"2063",96089.5321926,1024.443,141,25,-3881,38,-215,25,-74,-39,0
"2064",96089.5338141,1024.4446,400,-118,-678,22,-182,70,-63,-48,0
"2065",96089.5352452,1024.4461,-72,87,-1510,-5,-188,112,-50,-114,0
"2066",96089.5442482,1024.4551,210,44,-3973,-29,-211,74,-72,-135,0
"2067",96089.5456406,1024.4565,26,135,4489,-18,-176,103,-91,-134,0
"2068",96089.546969,1024.4578,58,310,-862,-5,-204,125,-127,-116,0
"2069",96089.5485766,1024.4594,181,188,171,-11,-216,142,-118,-100,0
"2070",96089.5498899,1024.4607,-264,232,3447,-31,-193,159,-93,-114,0
"2071",96089.5512273,1024.4621,-63,91,-921,-57,-178,145,-56,-97,0
"2072",96089.5769824,1024.4878,-58,81,4562,-34,-112,102,-33,-121,0
"2073",96089.5783542,1024.4892,-54,-13,-882,-49,-103,101,-20,-121,0
"2074",96089.5799503,1024.4908,252,-153,1103,-53,-123,122,-24,-47,0
"2075",96089.6098995,1024.5207,-246,-250,1089,-72,-103,141,-24,-30,0
"2076",96089.611325,1024.5221,-168,-386,-4241,-60,-85,113,-53,-35,0
"2077",96089.612606,1024.5234,-81,-444,242,-15,-73,106,-76,-81,0
"2078",96089.6587329,1024.5696,-24,-306,-4404,-14,-93,116,-97,-89,0
"2079",96089.6601951,1024.571,223,-222,-718,15,-81,112,-99,-102,0
"2080",96089.6616283,1024.5725,-115,20,1636,39,-28,121,-96,-141,0
"2081",96089.6776233,1024.5884,96,-26,-3369,49,-15,134,-102,-142,0
"2082",96089.6789912,1024.5898,98,-20,1688,45,-20,114,-115,-185,0
"2083",96089.6802749,1024.5911,159,65,-3290,-4,-20,109,-127,-209,0
"2084",96089.7583977,1024.6692,589,-33,-2039,-35,-24,131,-144,-264,0
"2085",96089.7601382,1024.671,274,-131,-438,-22,-18,143,-124,-262,0
"2086",96089.762148,1024.673,302,-276,-6298,-17,-27,113,-110,-277,0
"2087",96089.7638748,1024.6747,124,-320,2329,-13,-70,113,-104,-266,0
"2088",96089.7652293,1024.6761,-154,-87,-2347,7,-95,139,-85,-254,0
"2089",96089.7666216,1024.6774,237,38,1231,-30,-128,119,-65,-221,0
"2090",96089.768083,1024.6789,-89,217,3715,-35,-94,82,-78,-179,0
"2091",96089.769631,1024.6805,157,154,29,-5,-89,69,-65,-181,0
"2092",96089.7710084,1024.6818,103,-78,6948,-13,-63,38,-67,-170,0
"2093",96089.7725038,1024.6833,-4,-200,2754,-1,-63,58,-89,-161,0
"2094",96089.7739193,1024.6847,232,-99,4529,36,-42,27,-72,-140,0
"2095",96089.7752292,1024.6861,-100,94,6496,53,-17,52,-35,-84,0
"2096",96089.7765853,1024.6874,86,-114,652,30,-43,56,-34,-72,0
"2097",96089.7778722,1024.6887,-130,-108,3776,39,-11,65,-17,-49,0
"2098",96089.7861835,1024.697,-181,-57,-1427,43,-28,62,-29,-50,0
"2099",96089.7999419,1024.7108,103,-31,1577,45,-34,28,-19,-52,0
"2100",96089.8012746,1024.7121,-277,164,3247,25,21,29,-22,-24,0
"2101",96089.8026444,1024.7135,-70,116,-819,66,12,42,-29,-18,0
"2102",96089.824526,1024.7354,-298,-37,6097,68,60,77,-11,5,0
"2103",96089.8260388,1024.7369,-334,-188,1733,75,100,78,-4,56,0
"2104",96089.8274341,1024.7383,53,-281,1655,62,134,99,-3,62,0
"2105",96089.8654931,1024.7763,-207,-62,2732,47,152,118,34,37,0
"2106",96089.8677948,1024.7786,-80,77,-2139,31,127,127,19,45,0
"2107",96089.8691413,1024.78,42,200,2389,21,175,141,33,21,0
"2108",96089.8706592,1024.7815,-90,248,-1373,9,202,189,39,18,0
"2109",96089.8718914,1024.7827,169,132,1135,-16,204,173,54,20,0
"2110",96089.8731343,1024.784,-77,90,941,-40,225,160,50,50,0
"2111",96089.9029904,1024.8138,252,317,-2700,-56,202,123,3,68,0
"2112",96089.9044873,1024.8153,297,386,2174,-38,231,141,21,79,0
"2113",96089.9058487,1024.8167,154,383,-4151,-18,246,155,5,63,0
"2114",96089.9638469,1024.8747,211,297,-2756,11,187,152,37,75,0
"2115",96089.9651665,1024.876,-141,221,-276,-4,160,124,62,58,0
"2116",96089.9666191,1024.8774,-34,106,-2986,10,143,82,25,24,0
"2117",96089.9680959,1024.8789,-35,114,5270,0,159,73,17,40,0
"2118",96089.9694886,1024.8803,-211,245,-893,-43,147,91,34,60,0
"2119",96089.9709506,1024.8818,76,200,5,-64,138,68,28,85,0
"2120",96089.972452,1024.8833,-511,244,2291,-66,163,53,29,107,0
"2121",96089.9739255,1024.8848,-166,17,-2714,-46,129,66,35,112,0
"2122",96089.9753255,1024.8862,-308,-31,415,-32,167,69,29,73,0
"2123",96089.9768334,1024.8877,-410,44,-3177,-23,170,51,31,50,0
"2124",96089.9782718,1024.8891,10,-141,53,-6,166,-4,58,75,0
"2125",96089.9795848,1024.8904,-354,-17,2439,8,181,-41,85,56,0
"2126",96090.0056881,1024.9165,-294,-101,-1090,2,144,-64,98,70,0
"2127",96090.0082193,1024.919,-338,-130,5907,-8,167,-44,95,125,0
"2128",96090.0097977,1024.9206,-650,-150,-525,-21,154,-67,95,145,0
"2129",96090.0697535,1024.9806,-341,-142,1336,-45,146,-87,61,126,0
"2130",96090.0712389,1024.9821,-553,-88,2661,-82,153,-99,51,130,0
"2131",96090.072678,1024.9835,-189,-33,-3650,-90,115,-112,34,76,0
"2132",96090.0741391,1024.985,-132,43,4267,-73,95,-97,52,77,0
"2133",96090.0753963,1024.9862,81,158,254,-34,79,-92,7,64,0
"2134",96090.0838498,1024.9947,429,96,1173,16,31,-108,-14,40,0
"2135",96090.0905825,1025.0014,43,228,3366,-3,40,-79,14,59,0
"2136",96090.0921665,1025.003,221,197,594,-21,-7,-99,32,67,0
"2137",96090.0934828,1025.0043,83,260,7953,12,15,-90,24,92,0
"2138",96090.1694792,1025.0803,120,314,4495,20,20,-75,46,98,0
"2139",96090.1709481,1025.0818,300,297,6284,14,16,-37,41,129,0
"2140",96090.1723624,1025.0832,0,325,5312,-11,28,-47,27,106,0
"2141",96090.1738185,1025.0846,130,235,1680,20,6,-68,35,62,0
"2142",96090.1750405,1025.0859,64,48,8831,60,35,-53,85,62,0
"2143",96090.1763013,1025.0871,-402,126,2785,66,29,-14,87,79,0
"2144",96090.177809,1025.0886,-148,-43,5196,75,42,-24,58,62,0
"2145",96090.1790482,1025.0899,-478,29,6963,76,96,-27,42,72,0
"2146",96090.1803171,1025.0911,-99,135,679,81,87,-27,28,60,0
"2147",96090.1838914,1025.0947,-54,-22,7084,55,122,-28,29,89,0
"2148",96090.1851158,1025.0959,-384,-14,1903,32,127,-18,3,123,0
"2149",96090.1893634,1025.1002,4,-34,2398,52,151,-12,-23,124,0
"2150",96090.2151718,1025.126,-234,102,2778,46,171,-33,-17,91,0
"2151",96090.2166472,1025.1275,203,119,-1328,29,163,1,-47,102,0
"2152",96090.2179845,1025.1288,439,167,1822,-11,172,32,-38,119,0
"2153",96090.2193007,1025.1301,246,211,-2187,-37,173,7,-30,146,0
"2154",96090.2205501,1025.1314,253,137,-1230,-63,135,-10,-45,152,0
"2155",96090.2218201,1025.1326,-323,102,-968,-74,155,3,-77,157,0
"2156",96090.2696985,1025.1805,-150,-98,-5673,-69,138,-92,-118,142,0
"2157",96090.2711816,1025.182,-92,-132,2366,-79,145,-109,-85,124,0
"2158",96090.2726108,1025.1834,-266,-104,-2061,-54,177,-118,-61,155,0
"2159",96090.284272,1025.1951,67,-119,-1612,-42,201,-132,-58,165,0
"2160",96090.2855379,1025.1964,-350,48,262,6,255,-112,-73,188,0
"2161",96090.286828,1025.1977,-38,5,-4492,16,220,-115,-90,163,0
"2162",96090.2884525,1025.1993,88,-11,1494,23,231,-136,-68,182,0
"2163",96090.2898871,1025.2007,-50,17,-2361,44,233,-128,-53,172,0
"2164",96090.2913118,1025.2021,204,41,-2249,48,196,-141,-62,201,0
"2165",96090.3217593,1025.2326,-37,154,-418,38,197,-115,-66,187,0
"2166",96090.3237463,1025.2346,89,55,-3639,112,210,-54,-56,181,0
"2167",96090.3253504,1025.2362,12,-60,1067,170,196,-16,-31,230,0
"2168",96090.3472988,1025.2581,-311,-189,-2875,178,214,-7,-54,272,0
"2169",96090.3550757,1025.2659,-135,-180,185,168,208,40,-17,279,0
"2170",96090.3567772,1025.2676,-138,-135,1244,154,201,45,-2,297,0
"2171",96090.3968285,1025.3077,-43,-113,-4243,154,171,42,-11,289,0
"2172",96090.3982983,1025.3091,-125,-143,1540,133,187,30,8,285,0
"2173",96090.3996252,1025.3104,-248,-165,-2729,116,197,-3,-12,296,0
"2174",96090.4292018,1025.34,70,-297,-409,129,163,-12,-19,297,0
"2175",96090.4304315,1025.3413,-159,-152,1673,136,165,1,3,309,0
"2176",96090.4317425,1025.3426,-65,-221,-6027,136,126,-15,-2,285,0
"2177",96090.4330294,1025.3439,-25,-195,1163,140,121,18,-48,286,0
"2178",96090.4342818,1025.3451,-287,0,-3467,136,126,61,-53,289,0
"2179",96090.4357969,1025.3466,263,101,-3747,149,85,71,-26,262,0
"2180",96090.4371732,1025.348,5,126,-866,133,75,57,-31,240,0
"2181",96090.4385278,1025.3494,198,95,-6630,132,44,28,-45,206,0
"2182",96090.4398169,1025.3506,281,52,-1896,137,46,27,-56,203,0
"2183",96090.4678619,1025.3787,113,151,-3378,139,46,26,-70,217,0
"2184",96090.4692768,1025.3801,314,61,-1248,125,29,35,-44,201,0
"2185",96090.4706277,1025.3815,-46,81,-650,126,36,9,-25,199,0
"2186",96090.500471,1025.4113,43,5,-6005,107,-6,-14,-51,173,0
"2187",96090.5018222,1025.4126,207,51,1995,76,-11,1,-31,182,0
"2188",96090.5030898,1025.4139,47,259,-1683,100,-40,-6,-23,185,0
"2189",96090.5350311,1025.4459,196,-12,1889,87,-47,21,-17,159,0
"2190",96090.5365272,1025.4474,-319,-11,5546,76,-58,58,-42,171,0
"2191",96090.5402785,1025.4511,-203,-31,643,88,-87,93,-27,186,0
"2192",96090.5741987,1025.485,-72,-38,6446,103,-90,119,17,156,0
"2193",96090.575627,1025.4865,-453,8,4029,120,-91,134,32,158,0
"2194",96090.5769556,1025.4878,-336,53,2427,94,-90,117,11,148,0
"2195",96090.5784629,1025.4893,-606,45,5212,82,-54,97,1,146,0
"2196",96090.5797511,1025.4906,-385,-157,2129,86,-107,87,1,158,0
"2197",96090.5813057,1025.4921,-312,-104,8681,103,-97,87,25,152,0
"2198",96090.5828462,1025.4937,-369,-28,4568,98,-90,87,19,150,0
"2199",96090.5842426,1025.4951,-193,-70,4514,128,-72,108,-3,164,0
"2200",96090.5857155,1025.4965,-558,220,6074,149,-59,114,-21,139,0
"2201",96090.6391466,1025.55,-261,183,1257,149,-61,103,-32,165,0
"2202",96090.6405755,1025.5514,-162,34,6476,146,-25,103,-12,169,0
"2203",96090.6419426,1025.5528,-271,25,2442,130,-27,126,-8,162,0
"2204",96090.6435195,1025.5543,30,-36,4100,125,-56,108,-21,159,0
"2205",96090.6511941,1025.562,-341,38,6052,126,-57,104,-15,152,0
"2206",96090.6529557,1025.5638,-110,-11,-1493,130,-30,99,-28,134,0
"2207",96090.6544476,1025.5653,-59,-100,4461,136,-4,104,-61,154,0
"2208",96090.6557388,1025.5666,-197,-97,725,115,12,96,-92,180,0
"2209",96090.6570122,1025.5678,112,-229,972,134,-10,84,-122,241,0
"2210",96090.6826685,1025.5935,-414,-79,2528,94,17,88,-109,250,0
"2211",96090.684021,1025.5948,-547,-79,-2845,95,17,87,-111,251,0
"2212",96090.6853209,1025.5961,-299,-110,1466,125,41,97,-71,270,0
"2213",96090.7112414,1025.6221,-489,38,-2778,152,65,104,-63,284,0
"2214",96090.7127771,1025.6236,159,-19,-2153,168,84,116,-72,284,0
"2215",96090.7140928,1025.6249,-137,84,-3209,202,86,131,-64,306,0
"2216",96090.7420297,1025.6529,6,85,-8177,248,72,135,-56,268,0
"2217",96090.7433371,1025.6542,158,45,-2785,264,91,156,-66,274,0
"2218",96090.7446173,1025.6554,-174,104,-6650,257,76,130,-62,255,0
"2219",96090.7460945,1025.6569,175,33,-4608,246,15,127,-51,270,0
"2220",96090.7474048,1025.6582,-64,123,-365,231,-16,153,-67,270,0
"2221",96090.7488314,1025.6597,-37,3,-6703,219,-21,143,-57,222,0
"2222",96090.7768349,1025.6877,4,-173,551,228,0,115,-44,213,0
"2223",96090.7781744,1025.689,-381,-73,-3427,261,10,166,-62,192,0
"2224",96090.7794239,1025.6902,151,-248,-3077,228,-33,176,-61,173,0
"2225",96090.8473122,1025.7581,-223,-88,1095,219,5,159,-59,169,0
"2226",96090.8489338,1025.7598,-136,-5,-2746,216,-40,192,-75,175,0
"2227",96090.8503742,1025.7612,-50,0,1670,188,-32,179,-81,196,0
"2228",96090.8560375,1025.7669,-259,88,-2563,164,-36,162,-103,224,0
"2229",96090.8575512,1025.7684,71,175,-1553,153,-32,154,-132,237,0
"2230",96090.8589872,1025.7698,-119,250,-1871,103,10,175,-141,256,0
"2231",96090.8605245,1025.7713,-9,271,-5729,100,-24,153,-158,272,0
"2232",96090.8618622,1025.7727,109,320,2415,105,-34,152,-148,257,0
"2233",96090.8631439,1025.774,-247,282,-3505,82,-32,110,-104,268,0
"2234",96090.8671358,1025.778,353,167,-1263,94,-56,82,-101,264,0
"2235",96090.868594,1025.7794,272,212,436,97,-32,93,-74,312,0
"2236",96090.870059,1025.7809,329,110,-6872,132,-28,77,-72,267,0
"2237",96090.980997,1025.8918,173,80,16,150,-11,85,-80,274,0
"2238",96090.9824786,1025.8933,-19,211,-5021,150,-10,91,-97,257,0
"2239",96090.9839447,1025.8948,323,220,-6352,123,-29,95,-79,228,0
"2240",96090.9914882,1025.9023,-60,240,-1322,110,-7,101,-50,202,0
"2241",96090.9929359,1025.9038,-31,226,-5951,94,-7,70,-17,162,0
"2242",96090.9942707,1025.9051,64,384,-1410,48,-44,75,-15,145,0
"2243",96090.9957175,1025.9065,-25,494,-5131,16,-71,56,-20,101,0
"2244",96090.9970059,1025.9078,440,353,-3685,30,-124,30,-14,97,0
"2245",96090.9983588,1025.9092,57,312,-910,42,-105,43,15,73,0
"2246",96090.9998534,1025.9107,84,258,-5642,53,-115,36,11,49,0
"2247",96091.0012873,1025.9121,258,314,1180,59,-87,45,7,41,0
"2248",96091.0026203,1025.9134,-69,246,-4669,47,-96,32,-9,9,0
"2249",96091.0042055,1025.915,39,213,-2484,46,-120,18,-6,-10,0
"2250",96091.005477,1025.9163,-237,436,-1004,41,-126,-24,31,23,0
"2251",96091.0067899,1025.9176,-136,365,-6099,49,-124,-34,7,28,0
"2252",96091.0267291,1025.9376,-373,196,1228,92,-95,-20,29,62,0
"2253",96091.0281571,1025.939,-659,101,-495,111,-94,-22,29,56,0
"2254",96091.0295027,1025.9403,-372,64,-59,131,-103,-21,34,63,0
"2255",96091.0607131,1025.9715,-210,37,2822,118,-103,9,41,77,0
"2256",96091.0620004,1025.9728,-287,89,-3357,112,-137,-4,44,63,0
"2257",96091.0632205,1025.974,-192,166,1206,119,-142,-33,68,33,0
"2258",96091.0646768,1025.9755,-131,191,-1994,106,-153,-51,91,39,0
"2259",96091.0660083,1025.9768,169,137,-1509,85,-181,-66,62,30,0
"2260",96091.0672736,1025.9781,-348,396,213,62,-188,-26,57,18,0
"2261",96091.1012035,1026.012,-208,449,-4093,61,-187,0,45,-12,0
"2262",96091.1026542,1026.0135,-188,541,1958,46,-159,2,32,3,0
"2263",96091.1040844,1026.0149,-357,348,-3245,24,-144,-23,45,39,0
"2264",96091.1055202,1026.0163,150,-5,-3522,20,-162,-40,31,-5,0
"2265",96091.1068183,1026.0176,-187,108,-604,31,-125,-23,28,-36,0
"2266",96091.1081714,1026.019,51,88,-5745,8,-178,39,36,-25,0
"2267",96091.1560982,1026.0669,1,229,1949,9,-145,62,55,2,0
"2268",96091.1575497,1026.0684,-188,297,234,18,-109,43,42,15,0
"2269",96091.1587845,1026.0696,71,214,-208,23,-155,54,33,14,0
"2270",96091.1642465,1026.0751,-151,412,3912,-7,-107,44,84,-11,0
"2271",96091.1656029,1026.0764,-33,438,-1969,-10,-79,16,106,25,0
"2272",96091.1668622,1026.0777,-160,399,1319,15,-36,12,128,40,0
"2273",96091.2007153,1026.1115,-504,366,-2595,7,-33,0,136,49,0
"2274",96091.2024872,1026.1133,-161,277,-2394,17,-17,-17,170,51,0
"2275",96091.2039111,1026.1147,-344,270,197,7,-19,-4,172,45,0
"2276",96091.2118816,1026.1227,-213,100,-2992,55,-65,18,180,47,0
"2277",96091.2133785,1026.1242,-206,56,755,66,-62,31,180,48,0
"2278",96091.2148617,1026.1257,-370,66,-4039,54,-38,18,161,42,0
"2279",96091.2610039,1026.1718,-65,90,-1839,53,-68,13,145,40,0
"2280",96091.2623146,1026.1731,-385,83,2022,68,-78,-16,162,56,0
"2281",96091.2636023,1026.1744,-266,-120,-2674,48,-94,-5,167,49,0
"2282",96091.2670752,1026.1779,-269,-140,2276,16,-87,-3,176,7,0
"2283",96091.2683493,1026.1792,-523,-168,-2950,-18,-92,-11,190,-10,0
"2284",96091.2697136,1026.1805,-267,-198,-4191,-21,-81,-31,185,-16,0
"2285",96091.2711901,1026.182,-599,-150,-463,3,-44,17,178,-18,0
"2286",96091.2725807,1026.1834,-428,-100,-6853,7,-102,-3,185,-24,0
"2287",96091.273902,1026.1847,-256,-78,-2510,-14,-98,30,156,-38,0
"2288",96091.3701662,1026.281,-545,1,-5602,-44,-110,16,115,-63,0
"2289",96091.3715941,1026.2824,-244,89,-4060,-46,-135,-29,142,-64,0
"2290",96091.3730284,1026.2839,-582,256,-607,-42,-149,-10,192,-58,0
"2291",96091.3747832,1026.2856,-219,168,-4458,-22,-167,4,169,-52,0
"2292",96091.3761169,1026.2869,87,227,1885,-27,-124,36,216,-18,0
"2293",96091.3774367,1026.2883,-59,270,-2313,-21,-93,33,245,-46,0
"2294",96091.3788597,1026.2897,123,259,-701,-25,-95,-5,244,-80,0
"2295",96091.3801284,1026.291,-318,395,2780,15,-62,-22,229,-83,0
"2296",96091.3815932,1026.2924,-40,334,-3560,19,-90,-21,230,-80,0
"2297",96091.3830813,1026.2939,-75,480,747,-11,-80,-41,217,-90,0
"2298",96091.3863275,1026.2972,-202,397,-2775,-24,-53,-80,160,-90,0
"2299",96091.3876933,1026.2985,-63,364,-2092,-33,-76,-101,144,-113,0
"2300",96091.4135961,1026.3244,-386,401,3461,-50,-55,-103,134,-66,0
"2301",96091.4149373,1026.3258,-174,315,-189,-42,-72,-114,89,-53,0
"2302",96091.416329,1026.3272,-120,401,4683,-6,-63,-104,124,-55,0
"2303",96091.4662084,1026.377,-333,538,-820,10,-41,-86,149,-40,0
"2304",96091.467841,1026.3787,85,472,-935,30,-30,-90,119,-51,0
"2305",96091.4692209,1026.38,-216,532,130,37,32,-47,137,-91,0
"2306",96091.4767963,1026.3876,79,474,-5428,34,-17,-51,102,-114,0
"2307",96091.4781672,1026.389,-116,516,1473,45,-10,-40,108,-116,0
"2308",96091.4795253,1026.3904,-612,583,-3236,61,-29,-21,146,-131,0
"2309",96091.4826684,1026.3935,-285,517,-2741,63,-40,-43,118,-118,0
"2310",96091.4905255,1026.4014,-467,580,829,75,-5,-47,123,-120,0
"2311",96091.4920305,1026.4029,-218,494,-4890,94,-31,-42,149,-141,0
"2312",96091.5179082,1026.4287,-52,430,2300,109,28,-50,163,-132,0
"2313",96091.5192191,1026.43,-194,534,-440,150,29,-48,130,-86,0
"2314",96091.5206805,1026.4315,306,586,-1057,125,21,-38,92,-68,0
"2315",96091.5221932,1026.433,-48,533,4251,98,56,-73,79,-67,0
"2316",96091.5235678,1026.4344,-94,589,-1435,89,70,-102,65,-87,0
"2317",96091.5248943,1026.4357,198,667,2630,100,59,-80,28,-63,0
"2318",96091.5992082,1026.51,219,814,-1263,82,94,-92,41,-65,0
"2319",96091.6008022,1026.5116,413,579,871,91,60,-114,61,-43,0
"2320",96091.6020781,1026.5129,225,466,2721,108,57,-124,65,-65,0
"2321",96091.6054498,1026.5163,160,281,-289,77,38,-79,60,-53,0
"2322",96091.606791,1026.5176,-52,197,5908,85,66,-42,90,-26,0
"2323",96091.6082392,1026.5191,-484,224,1527,58,64,-43,73,-2,0
"2324",96091.6099546,1026.5208,-208,205,633,40,47,-62,32,16,0
"2325",96091.6116365,1026.5225,-713,241,3092,30,76,-40,15,24,0
"2326",96091.6129339,1026.5238,-257,131,-2029,56,60,-38,11,37,0
"2327",96091.6143915,1026.5252,55,38,2759,61,64,-66,55,34,0
"2328",96091.6157629,1026.5266,-261,-49,1118,51,71,-85,70,36,0
"2329",96091.6172424,1026.5281,-92,-156,1023,80,45,-94,64,61,0
"2330",96091.6471762,1026.558,-330,-17,3813,83,79,-63,54,43,0
"2331",96091.6485607,1026.5594,35,67,-1114,95,62,9,83,33,0
"2332",96091.649805,1026.5606,24,175,3294,93,89,26,133,19,0
"2333",96091.6511532,1026.562,-33,243,966,98,112,18,122,-4,0
"2334",96091.6523769,1026.5632,276,96,923,96,93,-27,88,-1,0
"2335",96091.6537777,1026.5646,53,146,3112,95,148,-2,106,-2,0
"2336",96091.7033527,1026.6142,-49,123,-1956,85,130,-41,97,10,0
"2337",96091.704767,1026.6156,-5,115,2621,101,123,-55,154,5,0
"2338",96091.7060798,1026.6169,-238,125,-1188,113,94,-75,148,38,0
"2339",96091.7421004,1026.6529,359,-122,-1990,98,63,-81,112,54,0
"2340",96091.7435075,1026.6543,18,124,416,106,102,-104,129,77,0
"2341",96091.7449971,1026.6558,202,122,-4769,97,68,-104,120,57,0
"2342",96091.7465282,1026.6574,311,109,2329,115,80,-81,128,51,0
"2343",96091.7478347,1026.6587,20,212,-2870,87,69,-87,106,28,0
"2344",96091.7490657,1026.6599,407,97,-4089,52,54,-88,82,-17,0
"2345",96091.7793598,1026.6902,12,211,1631,44,41,-94,69,-13,0
"2346",96091.7807797,1026.6916,-35,54,-2728,29,14,-100,68,16,0
"2347",96091.7888762,1026.6997,-141,164,1984,1,23,-115,80,43,0
"2348",96091.790615,1026.7014,-209,258,-1232,3,0,-116,80,20,0
"2349",96091.7920761,1026.7029,313,156,-968,9,-2,-147,78,20,0
"2350",96091.7935947,1026.7044,117,226,1328,7,38,-153,81,12,0
"2351",96091.8135421,1026.7244,248,361,-3470,14,35,-192,72,18,0
"2352",96091.8148828,1026.7257,293,325,3963,9,57,-160,80,33,0
"2353",96091.816143,1026.727,201,211,-87,3,90,-169,76,45,0
"2354",96091.8459248,1026.7567,264,-51,-791,3,88,-175,70,41,0
"2355",96091.8473028,1026.7581,-177,-91,777,-12,78,-179,103,30,0
"2356",96091.8486605,1026.7595,-120,-163,-6327,-2,27,-147,108,3,0
"2357",96091.8501686,1026.761,-76,-102,-662,-3,60,-110,86,-20,0
"2358",96091.8514988,1026.7623,-248,-20,-2966,37,47,-90,88,-53,0
"2359",96091.8527599,1026.7636,321,-51,-3474,22,37,-90,97,-80,0
"2360",96091.9006766,1026.8115,-251,-120,3264,0,45,-87,85,-68,0
"2361",96091.9022452,1026.8131,-191,-257,-2450,20,30,-98,78,-78,0
"2362",96091.9036665,1026.8145,98,-204,-102,21,-2,-72,91,-63,0
"2363",96091.9051637,1026.816,-171,-194,-2745,9,-30,-84,97,-89,0
"2364",96091.906456,1026.8173,27,-291,-2828,4,-33,-86,105,-103,0
"2365",96091.9077176,1026.8185,180,-153,2392,32,-1,-78,125,-76,0
"2366",96091.9336567,1026.8445,5,-182,-594,17,2,-71,125,-35,0
"2367",96091.9350875,1026.8459,162,-152,5755,14,61,-29,169,10,0
"2368",96091.9363323,1026.8472,-71,-146,2525,33,78,-36,163,16,0
"2369",96091.9377235,1026.8485,36,-138,2113,-21,57,-41,147,35,0
"2370",96091.9390149,1026.8498,-86,-113,4529,-34,70,-21,164,41,0
"2371",96091.9402576,1026.8511,-8,-225,-4173,-83,42,-66,161,48,0
"2372",96091.9712959,1026.8821,-43,-224,1204,-90,42,-43,175,96,0
"2373",96091.9726137,1026.8834,-272,-201,-1382,-99,27,-68,175,116,0
"2374",96091.9738941,1026.8847,-191,-283,-1988,-89,0,-81,96,123,0
"2375",96092.0299178,1026.9407,-205,48,343,-65,13,-78,78,89,0
"2376",96092.0314187,1026.9422,-44,138,-2969,-53,-2,-44,93,73,0
"2377",96092.0327099,1026.9435,-72,84,1536,-45,6,-31,88,73,0
"2378",96092.034064,1026.9449,-488,93,-3094,-42,1,-42,88,20,0
"2379",96092.0353429,1026.9462,-101,-62,-1407,-26,-47,-41,79,57,0
"2380",96092.0365981,1026.9474,-464,41,2563,-20,-44,-43,52,97,0
"2381",96092.0665356,1026.9774,-412,98,-4163,-43,-73,-22,45,97,0
"2382",96092.0742151,1026.985,-353,121,401,-76,-36,-18,86,67,0
"2383",96092.0765824,1026.9874,-463,165,-4617,-66,-11,-17,84,46,0
"2384",96092.0780647,1026.9889,287,41,-5312,-80,-11,-41,100,21,0
"2385",96092.0793092,1026.9901,-17,172,307,-94,9,-30,89,49,0
"2386",96092.0804957,1026.9913,99,332,-5053,-103,-1,-90,78,52,0
"2387",96092.1383969,1027.0492,196,389,88,-131,3,-118,88,21,0
"2388",96092.1398682,1027.0507,-51,399,-2671,-125,17,-145,78,22,0
"2389",96092.1413047,1027.0521,-61,220,-2890,-103,-5,-153,86,10,0
"2390",96092.1427257,1027.0536,-359,184,2647,-111,20,-158,72,8,0
"2391",96092.1439813,1027.0548,-112,98,-346,-127,2,-190,59,25,0
"2392",96092.1452998,1027.0561,-149,113,5354,-114,2,-197,84,74,0
"2393",96092.1467769,1027.0576,-361,117,1329,-94,-38,-200,60,48,0
"2394",96092.1507452,1027.0616,35,10,1925,-85,-33,-199,56,42,0
"2395",96092.1521953,1027.063,-401,96,2870,-65,1,-174,80,44,0
"2396",96092.1760636,1027.0869,-284,73,-3466,-60,-17,-165,59,51,0
"2397",96092.1775829,1027.0884,-53,-3,3207,-82,22,-145,47,59,0
"2398",96092.1790096,1027.0898,-331,102,675,-78,11,-125,64,51,0
"2399",96092.2089779,1027.1198,-120,-34,1494,-60,-17,-124,70,74,0
"2400",96092.2105151,1027.1213,-179,136,4293,-73,9,-116,81,61,0
"2401",96092.211784,1027.1226,-99,98,-2921,-70,-10,-108,65,43,0
"2402",96092.2696536,1027.1805,-54,46,3753,-58,7,-103,55,16,0
"2403",96092.2709546,1027.1818,-93,219,2002,-62,11,-91,60,27,0
"2404",96092.2722103,1027.183,335,217,-252,-39,-3,-106,78,70,0
"2405",96092.273692,1027.1845,-198,257,5352,-17,33,-103,55,82,0
"2406",96092.2749695,1027.1858,-204,168,263,2,-13,-78,15,92,0
"2407",96092.2763327,1027.1872,-192,74,3617,17,28,-52,36,105,0
"2408",96092.2777877,1027.1886,-300,-29,184,-1,35,-38,49,85,0
"2409",96092.2791014,1027.1899,334,-9,1992,25,8,-22,27,99,0
"2410",96092.2803279,1027.1912,-53,50,6038,46,0,17,37,110,0
"2411",96092.2816469,1027.1925,-104,22,865,76,-32,21,26,116,0
"2412",96092.2829047,1027.1937,97,34,8020,72,-52,29,32,162,0
"2413",96092.2841541,1027.195,-272,228,2232,84,-36,52,18,195,0
"2414",96092.318052,1027.2289,152,245,665,85,-53,54,-2,200,0
"2415",96092.3193635,1027.2302,-125,305,4633,69,-9,47,-11,179,0
"2416",96092.3206329,1027.2315,-120,225,-1641,73,-9,70,8,146,0
"2417",96092.3221748,1027.233,-143,81,5572,91,24,74,31,139,0
"2418",96092.3234341,1027.2343,-443,167,2359,86,43,84,17,158,0
"2419",96092.3313757,1027.2422,-64,213,1664,69,15,65,4,125,0
"2420",96092.3531925,1027.264,-95,399,6000,50,64,76,-11,166,0
"2421",96092.354737,1027.2656,189,427,-135,43,63,60,-48,179,0
"2422",96092.3562676,1027.2671,264,367,3436,36,67,87,-32,166,0
"2423",96092.3880017,1027.2988,-7,482,512,40,65,116,-50,105,0
"2424",96092.3894032,1027.3002,57,297,979,36,72,89,-36,100,0
"2425",96092.3906813,1027.3015,-132,452,1398,16,115,87,-38,92,0
"2426",96092.4255708,1027.3364,-20,505,-5542,-24,123,92,-51,44,0
"2427",96092.4270086,1027.3378,122,417,-1151,-46,148,93,-23,44,0
"2428",96092.4284589,1027.3393,-129,345,-5207,-56,162,140,-40,2,0
"2429",96092.4299302,1027.3408,176,185,-5598,-61,124,149,-72,-36,0
"2430",96092.4312213,1027.342,-24,257,-681,-66,190,134,-46,-25,0
"2431",96092.4325175,1027.3433,172,315,-6086,-96,157,119,-34,-31,0
"2432",96092.4625331,1027.3734,311,344,-1019,-106,126,126,4,-62,0
"2433",96092.4639595,1027.3748,19,422,-1810,-85,112,117,14,-114,0
"2434",96092.4653206,1027.3761,418,226,-2526,-57,113,86,3,-140,0
"2435",96092.46673,1027.3776,120,416,44,-63,183,69,33,-157,0
"2436",96092.4681901,1027.379,111,335,-5362,-97,165,15,5,-174,0
"2437",96092.469454,1027.3803,226,230,225,-111,123,-10,-9,-122,0
"2438",96092.4973796,1027.4082,46,195,-1384,-118,75,-47,12,-86,0
"2439",96092.4987446,1027.4096,227,114,-1263,-111,77,-49,10,-79,0
"2440",96092.49998,1027.4108,-114,115,2297,-85,71,-32,-18,-65,0
"2441",96092.5299584,1027.4408,118,103,-2679,-93,56,-14,-18,-113,0
"2442",96092.5314621,1027.4423,466,144,4695,-120,64,-25,-11,-94,0
"2443",96092.532739,1027.4436,340,274,509,-131,79,-57,-55,-114,0
"2444",96092.5342351,1027.4451,614,199,-341,-100,71,-101,-88,-152,0
"2445",96092.5354686,1027.4463,495,114,4308,-85,54,-86,-101,-185,0
"2446",96092.5367856,1027.4476,524,104,-905,-127,54,-114,-101,-184,0
"2447",96092.5665377,1027.4774,729,147,5288,-150,39,-147,-87,-122,0
"2448",96092.5678851,1027.4787,352,109,2764,-121,26,-116,-122,-74,0
"2449",96092.5693103,1027.4801,377,-101,-248,-124,4,-117,-132,-33,0
"2450",96092.6173645,1027.5282,110,-117,3592,-118,3,-117,-139,-25,0
"2451",96092.6188487,1027.5297,240,-203,-1399,-141,-15,-143,-166,5,0
"2452",96092.6201219,1027.5309,126,-275,4620,-120,-10,-162,-154,48,0
"2453",96092.6216517,1027.5325,-113,-68,1699,-111,-33,-153,-171,85,0
"2454",96092.6296707,1027.5405,275,-42,1541,-104,-34,-129,-148,129,0
"2455",96092.6311196,1027.5419,-22,84,4102,-116,0,-110,-65,130,0
"2456",96092.6530661,1027.5639,115,113,-1019,-102,-31,-98,-57,103,0
"2457",96092.654466,1027.5653,190,3,5297,-106,-27,-74,-54,136,0
"2458",96092.6557416,1027.5666,-220,71,1006,-85,-22,-66,-74,137,0
"2459",96092.6895773,1027.6004,77,101,-537,-58,-17,-62,-87,137,0
"2460",96092.6909769,1027.6018,170,250,5194,-97,-17,-67,-52,110,0
"2461",96092.6922353,1027.6031,112,220,-334,-89,-16,-43,-47,115,0
"2462",96092.6936305,1027.6045,41,226,4605,-134,2,-30,-29,123,0
"2463",96092.6948568,1027.6057,-48,231,1094,-127,23,-19,-31,134,0
"2464",96092.6964184,1027.6072,558,9,-1102,-130,40,0,27,123,0
"2465",96092.7282074,1027.639,254,215,3374,-139,59,8,44,101,0
"2466",96092.7296366,1027.6405,300,169,-1782,-146,29,-22,72,81,0
"2467",96092.7309727,1027.6418,199,127,1168,-168,15,-14,74,60,0
"2468",96092.7323284,1027.6432,-210,37,-1159,-164,7,-39,55,30,0
"2469",96092.733643,1027.6445,387,-21,-1379,-160,-24,-70,45,19,0
"2470",96092.7349688,1027.6458,237,86,242,-129,21,-71,19,4,0
"2471",96092.7655863,1027.6764,233,248,-6236,-109,-19,-81,12,-37,0
"2472",96092.7669738,1027.6778,490,253,-120,-147,-63,-90,20,-41,0
"2473",96092.7683529,1027.6792,71,290,-3119,-137,-50,-65,11,-47,0
"2474",96092.7982618,1027.7091,244,402,-4022,-112,-72,-38,2,-70,0
"2475",96092.7996394,1027.7105,78,394,1717,-128,-81,-11,9,-81,0
"2476",96092.8009509,1027.7118,228,393,-4053,-87,-109,-3,-2,-67,0
"2477",96092.8288413,1027.7397,379,353,2224,-92,-89,-14,-14,-40,0
"2478",96092.8303146,1027.7411,53,309,-1792,-68,-84,-7,-17,-53,0
"2479",96092.8316119,1027.7424,363,146,-2961,-49,-88,-36,-16,-64,0
"2480",96092.8355157,1027.7463,138,199,1236,-75,-22,-54,-9,-76,0
"2481",96092.8367664,1027.7476,231,244,-4090,-84,-9,-54,-49,-69,0
"2482",96092.8381389,1027.749,454,204,447,-86,43,-81,-56,-83,0
"2483",96092.8722764,1027.7831,176,153,-1427,-96,43,-99,-56,-68,0
"2484",96092.8736469,1027.7845,488,113,-3189,-146,11,-120,-44,-67,0
"2485",96092.8748959,1027.7857,246,190,1131,-155,46,-132,-3,-69,0
"2486",96092.8763854,1027.7872,154,158,-3992,-142,25,-146,20,-101,0
"2487",96092.8777214,1027.7885,228,102,764,-149,62,-127,30,-119,0
"2488",96092.8856292,1027.7965,-31,149,-3062,-179,112,-84,23,-156,0
"2489",96092.9126761,1027.8235,307,-40,-1938,-184,78,-86,22,-200,0
"2490",96092.9140281,1027.8249,-52,-18,4502,-170,137,-115,72,-209,0
"2491",96092.9153223,1027.8261,8,-30,-586,-156,137,-116,35,-201,0
"2492",96092.9473179,1027.8581,199,-80,4960,-93,147,-130,38,-177,0
"2493",96092.9488029,1027.8596,47,102,543,-94,150,-118,22,-147,0
"2494",96092.9501271,1027.861,488,133,-2087,-113,100,-134,25,-171,0
"2495",96092.9981808,1027.909,288,194,3291,-126,112,-145,35,-134,0
"2496",96092.9995948,1027.9104,241,267,-1282,-133,88,-129,9,-152,0
"2497",96093.000914,1027.9117,461,249,2912,-154,100,-150,39,-159,0
"2498",96093.0047558,1027.9156,135,367,453,-132,126,-168,43,-129,0
"2499",96093.0062249,1027.917,410,169,-620,-122,113,-163,26,-91,0
"2500",96093.0076331,1027.9185,195,58,4643,-97,116,-160,28,-57,0
"2501",96093.0116933,1027.9225,214,119,-394,-82,88,-161,44,-64,0
"2502",96093.0134743,1027.9243,518,189,3292,-63,90,-167,73,-30,0
"2503",96093.0149752,1027.9258,331,228,230,-85,134,-135,71,-33,0
"2504",96093.0510303,1027.9619,284,-57,-657,-78,130,-118,36,-51,0
"2505",96093.0524766,1027.9633,30,-136,3654,-42,122,-103,75,-32,0
"2506",96093.0539896,1027.9648,30,-250,-3814,-50,71,-57,89,-32,0
"2507",96093.0597217,1027.9705,35,-194,2178,-43,63,-23,78,-15,0
"2508",96093.0611521,1027.972,-225,-47,2220,-19,68,-15,54,2,0
"2509",96093.0624529,1027.9733,171,-16,-537,-21,54,0,54,-8,0
"2510",96093.1164985,1028.0273,59,64,2697,-47,69,41,41,12,0
"2511",96093.1186299,1028.0295,22,4,-1433,-50,48,48,22,-4,0
"2512",96093.1200047,1028.0308,202,-86,1946,-70,66,49,59,-6,0
"2513",96093.1215623,1028.0324,-318,33,-2043,-94,77,61,31,-30,0
"2514",96093.1228572,1028.0337,-65,-4,-2368,-84,53,53,22,-38,0
"2515",96093.1241746,1028.035,31,58,21,-73,83,54,-38,-24,0
"2516",96093.1255731,1028.0364,-45,-36,-6587,-71,74,53,-62,-51,0
"2517",96093.1268422,1028.0377,-117,-50,-1622,-36,46,54,-51,-83,0
"2518",96093.1281101,1028.0389,-478,180,-4412,-45,51,53,-48,-98,0
"2519",96093.1560093,1028.0668,-86,152,-5252,-22,17,48,-51,-93,0
"2520",96093.1577931,1028.0686,-368,89,1269,-21,4,75,-39,-50,0
"2521",96093.1597171,1028.0705,-334,44,-4250,4,-13,83,-41,-74,0
"2522",96093.1620651,1028.0729,6,145,1828,8,-27,68,-30,-115,0
"2523",96093.1640805,1028.0749,-13,203,1632,-4,-21,53,-30,-91,0
"2524",96093.1719545,1028.0828,341,-136,-841,-18,-19,72,-68,-78,0
"2525",96093.1944678,1028.1053,7,-160,2904,14,-14,86,-55,-62,0
"2526",96093.1958557,1028.1067,-222,-171,-4516,35,-20,60,-81,-59,0
"2527",96093.1971088,1028.1079,-233,-212,-1273,22,3,47,-64,-98,0
"2528",96093.2267703,1028.1376,-415,-148,-745,1,-9,35,-33,-109,0
"2529",96093.2282553,1028.1391,-13,-132,-1854,20,-41,13,-64,-88,0
"2530",96093.2294908,1028.1403,-39,-56,2797,45,-52,40,-61,-83,0
"2531",96093.2307979,1028.1416,-132,-70,-2056,47,-54,55,-25,-66,0
"2532",96093.2320062,1028.1428,195,-62,3070,20,-78,69,7,-49,0
"2533",96093.2333119,1028.1441,-87,19,1096,51,-37,92,15,-26,0
"2534",96093.2649136,1028.1757,279,65,804,62,-74,59,0,-10,0
"2535",96093.2662635,1028.1771,177,159,5565,99,-57,74,15,-4,0
"2536",96093.267601,1028.1784,213,216,-3477,114,-71,44,-3,-16,0
"2537",96093.2954429,1028.2063,-211,77,343,130,-85,10,11,-8,0
"2538",96093.2966965,1028.2075,-573,4,-1749,127,-75,-10,38,-19,0
"2539",96093.2979557,1028.2088,-421,-108,-3497,91,-89,-50,19,-15,0
"2540",96093.327761,1028.2386,-647,28,2633,90,-55,-63,22,8,0
"2541",96093.3290853,1028.2399,-640,59,-3794,83,-61,-70,-7,1,0
"2542",96093.3304882,1028.2413,-532,-138,800,64,-48,-75,22,2,0
"2543",96093.3545162,1028.2653,-763,-160,-911,39,-43,-67,29,25,0
"2544",96093.3559246,1028.2667,-613,-342,-1875,42,-64,-81,29,25,0
"2545",96093.3571845,1028.268,-633,-317,1940,60,-42,-107,52,17,0
"2546",96093.3585126,1028.2693,-466,-247,-2455,53,-53,-112,41,27,0
"2547",96093.3597753,1028.2706,170,-147,961,51,-50,-129,27,33,0
"2548",96093.361023,1028.2718,-318,-169,-1762,51,-60,-120,32,29,0
"2549",96093.388953,1028.2998,-161,-152,-2425,36,-80,-155,-16,4,0
"2550",96093.390228,1028.3011,-595,-94,893,27,-85,-155,13,5,0
"2551",96093.3914647,1028.3023,-393,-143,-6869,14,-81,-142,13,-21,0
"2552",96093.4214248,1028.3322,-219,-170,-2269,32,-73,-124,19,-44,0
"2553",96093.4227889,1028.3336,-495,-213,-3580,52,-62,-125,9,-44,0
"2554",96093.4247238,1028.3355,-156,-389,-2971,37,-26,-130,26,-45,0
"2555",96093.4261518,1028.337,16,-331,3333,40,-3,-110,32,-33,0
"2556",96093.4274378,1028.3383,102,-399,-1958,14,-5,-85,16,-23,0
"2557",96093.4287199,1028.3395,278,-323,203,7,6,-79,8,-22,0
"2558",96093.4589477,1028.3698,-96,-343,176,21,14,-61,9,11,0
"2559",96093.466692,1028.3775,-69,-379,-1078,-3,-10,-90,-10,50,0
"2560",96093.468119,1028.3789,-202,-208,2298,-21,1,-93,-26,66,0
"2561",96093.5089218,1028.4197,-236,-101,-2763,-25,-23,-95,-18,40,0
"2562",96093.5102815,1028.4211,19,7,3271,-32,-33,-78,-9,4,0
"2563",96093.5115425,1028.4224,-179,122,389,-58,23,-67,-11,2,0
"2564",96093.5454612,1028.4563,514,205,-3404,-67,23,-72,-44,4,0
"2565",96093.5467348,1028.4576,753,157,431,-76,66,-123,-37,11,0
"2566",96093.5480447,1028.4589,667,16,-5374,-63,7,-149,-111,-1,0
"2567",96093.5494386,1028.4603,760,6,-426,-51,0,-146,-137,-22,0
"2568",96093.5507734,1028.4616,172,-76,-2160,-71,4,-131,-146,-51,0
"2569",96093.5521013,1028.4629,91,-171,-3660,-55,-9,-115,-138,-81,0
"2570",96093.5820465,1028.4929,-19,-166,1380,-46,37,-104,-167,-76,0
"2571",96093.5834934,1028.4943,452,-175,-3189,-64,5,-125,-160,-65,0
"2572",96093.5849694,1028.4958,448,-157,-869,-89,-29,-119,-160,-50,0
"2573",96093.5904869,1028.5013,347,45,-3982,-105,-35,-103,-165,-55,0
"2574",96093.5919713,1028.5028,820,-50,-5412,-84,-32,-77,-176,-72,0
"2575",95995.0904729,930.0013,-92,125,2473,198,67,0,-21,16,0
"2576",95995.0917527,930.0026,38,239,-3970,210,57,-29,-11,36,0
"2577",95995.1215097,930.0323,307,137,3752,194,52,-20,-19,63,0
"2578",95995.122895,930.0337,-175,195,1158,179,73,-49,-31,85,0
"2579",95995.1243154,930.0351,215,152,-531,175,57,-48,-14,135,0
"2580",95995.1561614,930.067,-8,92,4648,157,115,-28,8,129,0
"2581",95995.1574389,930.0683,-69,-71,-2975,151,117,-25,2,121,0
"2582",95995.1587263,930.0696,-63,-56,1747,163,116,-6,-7,42,0
"2583",95995.1866361,930.0975,-181,126,664,177,97,18,-4,-11,0
"2584",95995.1880336,930.0989,177,125,-166,188,101,36,-4,-19,0
"2585",95995.1906796,930.1015,-149,140,1485,142,113,48,36,4,0
"2586",95995.1921635,930.103,74,219,-4222,142,101,35,12,-4,0
"2587",95995.1936098,930.1044,120,300,1579,161,121,34,-6,-1,0
"2588",95995.1949051,930.1057,-138,149,-297,185,146,17,4,0,0
"2589",95995.2206156,930.1314,-28,-12,297,212,120,25,-25,23,0
"2590",95995.2219196,930.1327,-497,44,3171,220,133,22,-40,40,0
"2591",95995.2231546,930.134,-427,150,-2932,220,153,24,-14,42,0
"2592",95995.2551501,930.166,-186,238,1436,248,166,65,-30,38,0
"2593",95995.2565541,930.1674,-428,162,-538,246,168,125,-30,44,0
"2594",95995.2638388,930.1747,-72,198,-4115,198,157,125,-52,38,0
"2595",95995.2958481,930.2067,-361,283,1591,179,169,126,-48,-14,0
"2596",95995.2974277,930.2083,-436,225,-2679,168,120,121,-56,-26,0
"2597",95995.298756,930.2096,-103,143,232,170,86,138,-31,-48,0
"2598",95995.3002316,930.2111,-414,73,-3400,168,96,141,-86,-72,0
"2599",95995.3016186,930.2124,19,152,-4318,176,60,101,-110,-97,0
"2600",95995.3029731,930.2138,56,205,2015,157,50,91,-88,-83,0
"2601",95995.3308626,930.2417,107,237,-1162,146,23,87,-108,-66,0
"2602",95995.3323416,930.2432,241,307,4009,111,15,50,-79,-14,0
"2603",95995.3336533,930.2445,-29,318,1259,89,51,3,-63,31,0
"2604",95995.3351242,930.2459,239,193,652,106,74,-11,-61,62,0
"2605",95995.3363844,930.2472,7,266,5019,145,106,-24,-23,110,0
"2606",95995.3378461,930.2487,105,252,-1841,155,105,17,-40,88,0
"2607",95995.3857518,930.2966,238,103,5684,141,137,30,-75,75,0
"2608",95995.3870732,930.2979,-140,82,2139,149,173,29,-80,48,0
"2609",95995.3884091,930.2992,24,126,-2092,148,143,29,-89,20,0
"2610",95995.4043791,930.3152,-436,148,2570,186,152,23,-93,22,0
"2611",95995.405991,930.3168,-176,108,-1344,187,118,46,-155,59,0
"2612",95995.4072565,930.3181,209,241,1638,177,91,44,-150,73,0
"2613",95995.4088453,930.3197,-70,237,-109,129,67,36,-115,57,0
"2614",95995.4100496,930.3209,163,209,-1081,79,49,37,-122,24,0
"2615",95995.4114803,930.3223,-114,257,3537,82,85,67,-102,48,0
"2616",95995.4435138,930.3543,12,240,-2504,41,49,58,-101,90,0
"2617",95995.4450262,930.3559,295,181,3945,10,64,73,-73,101,0
"2618",95995.446364,930.3572,-202,161,45,21,54,71,-92,89,0
"2619",95995.476245,930.3871,126,146,-1122,25,49,79,-88,115,0
"2620",95995.4776665,930.3885,-299,45,3008,30,59,76,-81,104,0
"2621",95995.4789517,930.3898,-195,49,-4844,51,67,57,-90,88,0
"2622",95995.4805024,930.3913,168,157,1295,47,57,14,-38,78,0
"2623",95995.4817893,930.3926,-109,219,-2383,3,65,28,-32,67,0
"2624",95995.4830448,930.3939,202,60,-4204,8,-6,6,-64,57,0
"2625",95995.5170843,930.4279,47,-20,-183,14,31,1,-37,48,0
"2626",95995.518517,930.4293,69,-50,-5724,10,21,-19,-54,-6,0
"2627",95995.5198128,930.4306,225,-107,-454,-1,21,-36,-29,-52,0
"2628",95995.557697,930.4685,-31,-88,-867,-32,22,-66,-30,-59,0
"2629",95995.5649381,930.4758,388,-158,-3394,-24,4,-97,-71,-54,0
"2630",95995.5664335,930.4773,205,-74,391,-22,51,-73,-64,-64,0
"2631",95995.5678203,930.4786,281,33,-5224,-39,24,-80,-101,-22,0
"2632",95995.5690683,930.4799,276,137,2082,-60,-1,-52,-73,-8,0
"2633",95995.5703265,930.4812,-178,122,-2059,-87,8,-42,-101,-13,0
"2634",95995.5943129,930.5051,74,26,-2500,-105,10,-51,-97,-12,0
"2635",95995.5956687,930.5065,-252,14,1808,-117,56,-33,-112,1,0
"2636",95995.5970021,930.5078,-345,-41,-4535,-116,72,-1,-126,-2,0
"2637",95995.6227744,930.5336,-250,93,2333,-108,76,-49,-124,-1,0
"2638",95995.6241047,930.5349,-401,141,644,-108,87,-43,-116,21,0
"2639",95995.6256575,930.5365,-114,85,289,-81,75,-37,-134,10,0
"2640",95995.6271666,930.538,-351,156,3912,-105,74,-13,-95,39,0
"2641",95995.6284944,930.5393,-368,136,-2879,-92,40,-12,-109,86,0
"2642",95995.6297339,930.5406,-4,54,2705,-66,48,-36,-121,67,0
"2643",95995.6659648,930.5768,-367,30,2477,-54,62,-51,-156,68,0
"2644",95995.667344,930.5782,38,-129,757,-27,57,-43,-173,81,0
"2645",95995.6685821,930.5794,-141,-131,4564,-45,55,-43,-156,82,0
"2646",95995.6699687,930.5808,-86,-148,-1858,-59,-13,-64,-162,76,0
"2647",95995.6712052,930.582,111,-156,3351,-82,-41,-39,-164,38,0
"2648",95995.672464,930.5833,-379,-336,-319,-77,-41,-8,-166,-6,0
"2649",95995.7319484,930.6428,-99,-284,-64,-72,-45,-27,-159,30,0
"2650",95995.733627,930.6445,-205,-217,3647,-74,-24,-33,-143,76,0
"2651",95995.7349682,930.6458,-173,-127,-2120,-57,-39,-52,-120,83,0
"2652",95995.73639,930.6472,-92,-155,3663,-66,3,-33,-80,107,0
"2653",95995.7376653,930.6485,-511,-202,435,-85,4,-49,-76,102,0
"2654",95995.738952,930.6498,-192,-336,-1896,-96,3,-40,-82,82,0
"2655",95995.7647077,930.6755,-138,-358,1721,-84,39,-29,-70,101,0
"2656",95995.7662762,930.6771,-127,-343,-5077,-93,24,2,-95,87,0
"2657",95995.7677091,930.6785,-89,-311,-2241,-112,-20,-8,-84,58,0
"2658",95995.7889032,930.6997,-766,-276,-4507,-108,-19,-15,-68,68,0
"2659",95995.7902587,930.7011,-223,-287,-3105,-95,-45,-16,-59,67,0
"2660",95995.7917638,930.7026,-334,-126,-995,-94,-44,8,-105,53,0
"2661",95995.7933795,930.7042,-376,-110,-8185,-110,-29,22,-138,9,0
"2662",95995.7947946,930.7056,-149,-141,-4006,-82,-55,10,-170,-21,0
"2663",95995.7961976,930.707,-423,-269,-6511,-59,-93,2,-190,-47,0
"2664",95995.8178704,930.7287,-69,-370,-5881,-61,-114,4,-222,-76,0
"2665",95995.8198209,930.7306,-271,-414,-628,-65,-106,20,-206,-47,0
"2666",95995.8210524,930.7319,-313,-397,-6352,-61,-132,-5,-194,-42,0
"2667",95995.8453073,930.7561,101,-374,148,-54,-125,-22,-174,-49,0
"2668",95995.8466862,930.7575,20,-296,-2726,-57,-82,-28,-183,-75,0
"2669",95995.8482149,930.759,240,-379,-4251,-42,-107,-14,-177,-111,0
"2670",95995.8761318,930.787,82,-456,2089,-15,-87,-21,-141,-95,0
"2671",95995.8776926,930.7885,-37,-559,-530,1,-81,-17,-157,-75,0
"2672",95995.8791469,930.79,-11,-610,3291,-8,-83,1,-145,-59,0
"2673",95995.9090069,930.8198,-487,-663,4509,-26,-110,-21,-123,-64,0
"2674",95995.9108626,930.8217,-194,-622,4191,-12,-95,0,-135,-63,0
"2675",95995.9123541,930.8232,-706,-610,8310,-52,-20,-17,-121,-24,0
"2676",95995.9139349,930.8248,-477,-443,1165,-52,-65,-20,-117,-10,0
"2677",95995.9151961,930.826,181,-191,7754,-29,-48,16,-88,-25,0
"2678",95995.9165054,930.8273,-28,-99,4669,-42,-67,52,-90,-32,0
"2679",95995.9467561,930.8576,155,-154,4126,-18,-46,26,-85,-1,0
"2680",95995.9481403,930.859,-181,-164,8772,10,-4,18,-68,20,0
"2681",95995.9494484,930.8603,-184,-152,1618,14,-27,1,-66,7,0
"2682",95995.9832726,930.8941,88,-150,7133,2,-24,3,-59,16,0
"2683",95995.9848076,930.8956,-158,-97,5984,0,10,19,-62,-12,0
"2684",95995.9860892,930.8969,241,-104,4951,-16,-2,-10,-47,-1,0
"2685",95995.9875637,930.8984,9,-139,9956,-35,30,-14,-47,32,0
"2686",95995.9889131,930.8997,86,-228,5176,-35,17,33,-42,33,0
"2687",95995.9901622,930.901,199,-109,8762,-14,26,34,36,54,0
"2688",95996.0183169,930.9291,232,63,6247,30,48,36,39,46,0
"2689",95996.0196847,930.9305,384,55,4848,48,48,31,15,41,0
"2690",95996.021029,930.9319,153,114,5745,72,72,46,43,90,0
"2691",95996.0508558,930.9617,-86,131,-1566,40,66,27,49,96,0
"2692",95996.0523417,930.9632,73,110,3556,33,107,0,40,116,0
"2693",95996.0539419,930.9648,-257,79,201,29,102,14,74,136,0
"2694",95996.0555425,930.9664,190,105,-1565,32,61,22,79,143,0
"2695",95996.0568332,930.9677,198,141,1134,2,60,44,63,149,0
"2696",95996.0580431,930.9689,110,246,-6062,-34,24,32,60,109,0
"2697",95996.1101281,931.021,195,144,-612,-12,35,3,105,129,0
"2698",95996.1115489,931.0224,-84,5,-2673,-19,40,-14,95,139,0
"2699",95996.1187089,931.0295,118,-142,-4629,-2,43,-51,63,139,0
"2700",95996.1202523,931.0311,-234,-64,1171,-16,55,-48,52,126,0
"2701",95996.1216613,931.0325,-176,-91,-4195,-28,11,-26,52,138,0
"2702",95996.1230908,931.0339,53,-44,-176,-68,41,-25,43,128,0
"2703",95996.157087,931.0679,-150,13,-733,-51,54,-24,38,152,0
"2704",95996.1584338,931.0693,279,-72,-396,-25,56,-74,51,165,0
"2705",95996.1596939,931.0705,-23,118,3373,-8,84,-88,91,207,0
"2706",95996.1894338,931.1003,-123,235,-2829,13,91,-64,115,222,0
"2707",95996.1910598,931.1019,212,142,1678,10,85,9,121,211,0
"2708",95996.192604,931.1034,-109,141,-1516,-19,76,33,124,175,0
"2709",95996.1941396,931.105,102,-5,-1200,25,20,14,149,157,0
"2710",95996.1954569,931.1063,-184,20,2459,38,42,-1,136,180,0
"2711",95996.1970343,931.1079,-215,-26,-4964,13,40,-27,87,190,0
"2712",95996.1984734,931.1093,-289,35,-934,15,55,-26,131,202,0
"2713",95996.2033397,931.1142,-514,59,-1944,4,59,-47,146,221,0
"2714",95996.2047839,931.1156,-106,-65,-5993,-32,24,-35,121,227,0
"2715",95996.2367297,931.1476,-514,-76,-1345,-1,40,-13,92,216,0
"2716",95996.2381899,931.149,-341,-90,-6003,16,32,-8,77,216,0
"2717",95996.2395447,931.1504,-103,-162,-1592,-23,16,13,57,222,0
"2718",95996.2695229,931.1803,-463,-204,-1598,21,37,50,62,219,0
"2719",95996.2709167,931.1817,-309,-105,-3129,57,67,59,17,206,0
"2720",95996.2722527,931.1831,-472,-111,-31,90,93,81,29,230,0
"2721",95996.2736857,931.1845,-833,-338,-4981,97,52,71,-6,206,0
"2722",95996.2750407,931.1859,-721,-330,-171,99,55,71,5,159,0
"2723",95996.2764186,931.1872,-998,-255,-3098,69,65,70,3,159,0
"2724",95996.3081019,931.2189,-420,-166,-3492,76,73,68,21,153,0
"2725",95996.3093705,931.2202,-517,-23,1957,52,94,82,65,158,0
"2726",95996.3106236,931.2214,-203,78,-2099,38,54,119,54,155,0
"2727",95996.3424038,931.2532,-21,-6,4069,13,72,147,105,171,0
"2728",95996.343649,931.2545,-351,-91,2241,18,90,136,100,143,0
"2729",95996.3448945,931.2557,62,-88,1754,23,64,137,95,110,0
"2730",95996.3462243,931.257,-232,74,8269,-7,97,169,89,135,0
"2731",95996.3474627,931.2583,-410,-4,2985,-44,66,162,84,145,0
"2732",95996.3486997,931.2595,-101,150,5971,-78,51,144,106,156,0
"2733",95996.3784393,931.2893,-281,279,4660,-118,91,98,102,183,0
"2734",95996.3797599,931.2906,90,248,3169,-100,75,68,93,192,0
"2735",95996.3867275,931.2976,-55,249,6506,-61,133,56,101,209,0
"2736",95996.4106886,931.3215,-115,326,221,-63,80,22,112,187,0
"2737",95996.4121117,931.3229,179,371,6350,-72,93,37,122,173,0
"2738",95996.4133614,931.3242,-104,287,3778,-47,144,45,128,153,0
"2739",95996.4150158,931.3258,193,157,3771,-35,95,32,155,155,0
"2740",95996.4162575,931.3271,3,168,10283,-41,140,49,158,189,0
"2741",95996.4175986,931.3284,-131,172,2735,0,120,8,103,161,0
"2742",95996.447462,931.3583,-43,165,8947,33,135,20,114,181,0
"2743",95996.4487641,931.3596,-318,141,6367,21,162,51,101,185,0
"2744",95996.4499886,931.3608,116,-15,227,50,169,27,118,129,0
"2745",95996.5098136,931.4206,-134,-147,2155,64,169,17,138,93,0
"2746",95996.5116267,931.4225,-339,-156,-3988,45,91,31,112,89,0
"2747",95996.5129992,931.4238,-130,-75,-1090,21,20,32,104,103,0
"2748",95996.5143329,931.4252,-600,-32,-1718,-8,-13,14,72,113,0
"2749",95996.5156226,931.4264,-105,-119,-2152,-16,-35,3,69,174,0
"2750",95996.5168718,931.4277,-312,-57,281,-25,0,5,77,194,0
"2751",95996.5182159,931.429,-81,-167,-6695,-30,-13,30,55,182,0
"2752",95996.5195031,931.4303,162,-57,-2729,-50,23,50,54,174,0
"2753",95996.5207532,931.4316,-105,-10,-5825,-22,14,34,57,110,0
"2754",95996.5484978,931.4593,41,-63,-5677,-14,-17,-19,68,104,0
"2755",95996.549818,931.4606,-180,16,-251,-33,-11,-72,43,112,0
"2756",95996.5526777,931.4635,-166,-102,-5915,-40,-16,-93,15,60,0
"2757",95996.5562134,931.467,112,-63,873,0,-25,-83,39,73,0
"2758",95996.5575255,931.4684,-162,-42,1479,36,-24,-59,47,116,0
"2759",95996.5588823,931.4697,130,-86,-1156,66,-11,-58,58,162,0
"2760",95996.592981,931.5038,79,66,2229,90,30,-65,47,181,0
"2761",95996.5943189,931.5051,94,52,-3694,89,2,-60,13,159,0
"2762",95996.5956295,931.5065,394,96,1483,132,6,-85,-3,174,0
"2763",95996.6276857,931.5385,350,155,557,149,3,-53,25,152,0
"2764",95996.6290802,931.5399,568,115,-1383,123,-19,-44,64,133,0
"2765",95996.6303704,931.5412,271,48,2665,132,-4,-69,66,126,0
"2766",95996.6319411,931.5428,50,37,-3292,140,-40,-84,44,146,0
"2767",95996.6332637,931.5441,164,-26,1721,122,-59,-75,46,163,0
"2768",95996.6345239,931.5453,-189,-43,-1188,139,-56,-73,17,147,0
"2769",95996.6623887,931.5732,243,-80,-744,159,-78,-84,28,119,0
"2770",95996.6637087,931.5745,49,-71,3559,173,-55,-96,55,138,0
"2771",95996.6709189,931.5817,191,99,-4163,153,-110,-94,44,128,0
"2772",95996.6949531,931.6058,446,245,870,127,-106,-93,64,93,0
"2773",95996.6964056,931.6072,12,153,812,165,-120,-58,95,94,0
"2774",95996.6978203,931.6086,445,71,-534,167,-150,-63,79,102,0
"2775",95996.6992897,931.6101,114,241,3439,178,-141,-61,76,92,0
"2776",95996.7005295,931.6114,157,242,761,195,-152,-40,58,95,0
"2777",95996.7019437,931.6128,401,229,5886,202,-175,-5,69,75,0
"2778",95996.7298975,931.6407,-38,255,2265,189,-165,-35,38,47,0
"2779",95996.7311665,931.642,228,181,206,150,-172,-53,35,32,0
"2780",95996.7324106,931.6432,-73,66,5583,135,-157,-58,39,44,0
"2781",95996.7603841,931.6712,-29,131,800,128,-177,-74,23,49,0
"2782",95996.7620062,931.6728,316,79,5038,95,-168,-65,25,48,0
"2783",95996.7633946,931.6742,44,24,2072,93,-172,-68,15,70,0
"2784",95996.817345,931.7282,361,-40,-250,126,-192,-65,22,8,0
"2785",95996.8187032,931.7295,100,-19,7345,134,-208,-67,26,24,0
"2786",95996.8199781,931.7308,145,101,1523,104,-214,-58,-9,49,0
"2787",95996.8338534,931.7447,441,-14,6000,85,-218,-48,-13,75,0
"2788",95996.8364578,931.7473,38,16,3382,65,-181,-20,6,58,0
"2789",95996.8377292,931.7486,321,133,521,73,-152,15,8,65,0
"2790",95996.865583,931.7764,23,43,5229,70,-87,24,7,86,0
"2791",95996.8669101,931.7777,-13,-15,-735,38,-91,39,-14,73,0
"2792",95996.8681973,931.779,206,24,4543,37,-76,24,-25,75,0
"2793",95996.8695442,931.7804,-397,76,2139,27,-71,60,-23,76,0
"2794",95996.87078,931.7816,-73,-51,1475,4,-67,49,-32,39,0
"2795",95996.8720917,931.7829,-221,35,3435,9,-39,35,-26,47,0
"2796",95996.8998484,931.8107,-349,71,-2176,15,-80,35,-41,24,0
"2797",95996.9013109,931.8121,-306,62,4386,19,-58,37,-35,-5,0
"2798",95996.9027235,931.8135,-485,41,599,19,-65,47,-53,-27,0
"2799",95996.9082633,931.8191,-154,44,-1788,40,-106,16,-65,-76,0
"2800",95996.9096966,931.8205,-293,165,4727,43,-97,13,-79,-56,0
"2801",95996.9111149,931.8219,-377,-5,-688,83,-117,-2,-65,-64,0
"2802",95996.9409966,931.8518,-204,-109,3838,54,-111,1,-76,-56,0
"2803",95996.9424216,931.8532,-560,-262,3189,30,-93,9,-85,-96,0
"2804",95996.9439063,931.8547,-279,-256,-405,22,-108,16,-75,-143,0
"2805",95996.9717824,931.8826,-324,-274,4039,15,-111,2,-50,-147,0
"2806",95996.973108,931.8839,-26,-301,-2721,35,-111,-7,-78,-139,0
"2807",95996.9803939,931.8912,239,-43,1436,21,-115,-4,-97,-153,0
"2808",95996.9820504,931.8929,-235,105,2176,64,-93,5,-120,-167,0
"2809",95996.9834025,931.8942,-54,-7,-24,42,-131,-21,-100,-177,0
"2810",95996.984868,931.8957,-324,7,6436,83,-94,-10,-68,-180,0
"2811",95997.0128247,931.9236,-332,-80,2345,97,-112,-36,-110,-164,0
"2812",95997.0142451,931.9251,-40,-56,7044,90,-109,-43,-111,-172,0
"2813",95997.015641,931.9265,-455,-38,3143,71,-123,-71,-89,-165,0
"2814",95997.0476762,931.9585,-321,-91,712,59,-137,-93,-79,-153,0
"2815",95997.0490542,931.9599,-508,-27,4394,24,-132,-63,-59,-191,0
"2816",95997.0504098,931.9612,-509,107,-1200,9,-182,-49,-46,-191,0
"2817",95997.0519508,931.9628,-37,86,5549,-13,-170,-79,-5,-202,0
"2818",95997.0532366,931.9641,-271,78,4308,-34,-141,-89,-7,-196,0
"2819",95997.0545109,931.9653,130,82,-211,-41,-164,-70,-29,-171,0
"2820",95997.0826627,931.9935,-1,93,3838,-27,-144,-25,-49,-153,0
"2821",95997.0842737,931.9951,-20,36,-148,36,-157,-19,-33,-170,0
"2822",95997.0859815,931.9968,108,85,4997,41,-135,-53,-21,-128,0
"2823",95997.0876304,931.9985,-265,22,2640,40,-80,-75,-36,-163,0
"2824",95997.0890719,931.9999,-60,60,977,55,-68,-99,-24,-168,0
"2825",95997.090517,932.0013,-202,133,5744,65,-71,-64,-16,-143,0
"2826",95997.1164582,932.0273,-25,61,-610,64,-77,-92,-77,-151,0
"2827",95997.1178232,932.0286,131,52,3357,62,-48,-116,-92,-183,0
"2828",95997.1192109,932.03,-186,121,2484,96,-44,-130,-87,-188,0
"2829",95997.1490757,932.0599,61,189,-348,109,-41,-163,-84,-208,0
"2830",95997.1505181,932.0613,10,111,7320,120,-47,-139,-106,-193,0
"2831",95997.1519798,932.0628,42,127,1903,122,-59,-136,-127,-173,0
"2832",95997.1880713,932.0989,265,84,5096,122,-36,-172,-124,-173,0
"2833",95997.189489,932.1003,-120,-23,3104,111,-17,-158,-119,-153,0
"2834",95997.1908196,932.1016,135,7,-1885,72,-32,-141,-131,-136,0
"2835",95997.1924679,932.1033,-116,91,3509,56,-6,-92,-111,-155,0
"2836",95997.1938263,932.1047,-116,77,-854,59,-4,-99,-135,-164,0
"2837",95997.1952278,932.1061,-50,-31,4555,68,-21,-107,-141,-169,0
"2838",95997.2273841,932.1382,-284,-166,3560,100,-37,-92,-128,-141,0
"2839",95997.2290825,932.1399,101,-109,608,91,-114,-66,-91,-182,0
"2840",95997.230582,932.1414,-214,-106,4980,119,-136,-73,-69,-180,0
"2841",95997.2389055,932.1497,-334,-34,578,142,-164,-51,-11,-138,0
"2842",95997.2403302,932.1512,-146,-71,5128,154,-132,-64,26,-119,0
"2843",95997.2417841,932.1526,-474,-35,2480,160,-108,-79,40,-111,0
"2844",95997.2737424,932.1846,-80,-5,707,156,-120,-123,49,-94,0
"2845",95997.2751555,932.186,-166,138,3868,162,-43,-155,53,-98,0
"2846",95997.2764961,932.1873,-71,166,-3782,136,-56,-168,55,-104,0
"2847",95997.2781456,932.189,93,24,3029,104,-77,-149,3,-100,0
"2848",95997.27958,932.1904,-172,61,3707,85,-48,-167,-12,-73,0
"2849",95997.2810031,932.1918,305,78,352,85,-82,-151,-20,-66,0
"2850",95997.3128685,932.2237,118,24,5620,46,-24,-150,-1,-57,0
"2851",95997.3142089,932.225,202,114,-1761,49,-33,-145,-36,-40,0
"2852",95997.3157405,932.2266,333,103,1047,86,-24,-142,-39,-55,0
"2853",95997.3455523,932.2564,-132,82,2439,95,0,-130,-49,-58,0
"2854",95997.3471284,932.258,22,-43,898,109,-23,-166,-52,-49,0
"2855",95997.3486466,932.2595,-163,-127,5358,124,-4,-173,-45,-29,0
"2856",95997.3505359,932.2614,-195,-203,199,126,-44,-182,-55,2,0
"2857",95997.3518817,932.2627,206,-111,5362,169,-76,-190,-9,-9,0
"2858",95997.353317,932.2641,-138,-101,3291,205,-95,-178,11,-35,0
"2859",95997.3813134,932.2921,14,-48,317,175,-79,-171,2,-78,0
"2860",95997.3828211,932.2936,-202,23,4927,155,-83,-131,9,-36,0
"2861",95997.3841787,932.295,-255,-34,-1051,171,-104,-166,17,-43,0
"2862",95997.41216,932.323,-43,-60,5872,180,-62,-156,11,-1,0
"2863",95997.4137039,932.3245,-459,-15,4203,151,-38,-152,16,-13,0
"2864",95997.4153523,932.3262,35,133,1012,113,-71,-130,4,-5,0
"2865",95997.4169572,932.3278,-153,172,4325,129,-35,-111,30,-26,0
"2866",95997.4183627,932.3292,-293,82,-1031,78,-28,-117,62,-41,0
"2867",95997.4198207,932.3306,76,81,4550,77,-41,-103,69,-14,0
"2868",95997.4517291,932.3626,-444,92,4770,45,-38,-129,93,30,0
"2869",95997.4531272,932.364,-195,-15,1527,58,-57,-148,62,14,0
"2870",95997.4544363,932.3653,-512,-255,4174,49,-57,-174,32,48,0
"2871",95997.4861439,932.397,-685,-492,-1615,48,-77,-186,35,47,0
"2872",95997.4876926,932.3985,-436,-376,2815,40,-60,-166,58,56,0
"2873",95997.4893803,932.4002,-593,-335,1180,84,-52,-105,94,45,0
"2874",95997.490995,932.4018,-372,-360,-130,71,-81,-72,93,104,0
"2875",95997.4924411,932.4033,-536,-391,6106,72,-46,-78,120,116,0
"2876",95997.5000525,932.4109,-684,-395,-2076,62,-43,-72,124,142,0
"2877",95997.5300048,932.4408,-481,-296,712,72,-17,-57,120,124,0
"2878",95997.5313941,932.4422,-748,-193,709,100,-22,-83,109,115,0
"2879",95997.532704,932.4435,-266,-271,-2532,100,-40,-110,118,59,0
"2880",95997.5606422,932.4715,-274,-125,3432,54,28,-120,146,37,0
"2881",95997.562157,932.473,-275,-162,-674,51,33,-130,157,33,0
"2882",95997.5636451,932.4745,-159,-88,2203,38,26,-114,131,42,0
"2883",95997.5948026,932.5056,-545,-36,1341,47,56,-106,117,71,0
"2884",95997.5961835,932.507,-202,-164,-290,57,46,-96,116,69,0
"2885",95997.5981523,932.509,-367,-166,5452,64,78,-100,134,70,0
"2886",95997.5997357,932.5106,-386,-283,-815,105,74,-94,119,64,0
"2887",95997.6011024,932.5119,-47,-342,1896,109,55,-105,135,62,0
"2888",95997.6024338,932.5133,-270,-153,-688,110,54,-88,119,73,0
"2889",95997.6324383,932.5433,-68,-111,-1372,109,41,-96,109,74,0
"2890",95997.6337527,932.5446,-144,-112,5224,112,63,-105,127,92,0
"2891",95997.6350644,932.5459,-173,-134,-2387,104,58,-102,113,70,0
"2892",95997.6672046,932.578,65,-158,-203,87,30,-92,97,86,0
"2893",95997.6687625,932.5796,-298,-114,-1998,124,9,-80,82,72,0
"2894",95997.6702529,932.5811,-4,-164,-5096,108,-8,-56,61,75,0
"2895",95997.7021033,932.6129,-246,-185,151,100,3,-61,56,106,0
"2896",95997.7037123,932.6145,-367,-411,-4058,110,-10,-38,31,129,0
"2897",95997.7051273,932.616,-10,-372,-297,119,16,-35,26,118,0
"2898",95997.706522,932.6173,-382,-367,-230,129,17,-41,15,117,0
"2899",95997.7078756,932.6187,-118,-343,-2450,106,-31,-64,-11,67,0
"2900",95997.7091826,932.62,-243,-331,950,47,-19,-48,-10,64,0
"2901",95997.7129613,932.6238,-163,-321,-3794,17,-14,-34,7,75,0
"2902",95997.7143183,932.6251,237,-279,714,40,4,-6,-1,96,0
"2903",95997.7156251,932.6264,-23,-315,-1582,42,-16,-9,26,94,0
"2904",95997.7475988,932.6584,256,-320,-2695,40,-46,-22,13,104,0
"2905",95997.7490407,932.6599,8,-50,4022,11,-41,5,38,137,0
"2906",95997.7504281,932.6613,-499,136,-4119,-27,-14,-7,12,126,0
"2907",95997.782382,932.6932,91,57,1182,-17,1,23,-6,145,0
"2908",95997.7838933,932.6947,-350,-61,-321,-33,4,17,-49,118,0
"2909",95997.7852971,932.6961,255,-121,-3679,0,0,5,-52,83,0
"2910",95997.7869624,932.6978,372,-51,1852,-17,57,5,-36,66,0
"2911",95997.7943592,932.7052,203,-6,-4568,-31,89,60,-21,71,0
"2912",95997.7957392,932.7066,294,166,-2429,-38,81,60,-49,63,0
"2913",95997.8316327,932.7425,23,236,-1734,-11,42,69,-44,102,0
"2914",95997.833113,932.7439,656,177,-1586,-7,4,76,-33,125,0
"2915",95997.834416,932.7452,500,205,4319,2,27,92,-12,144,0
"2916",95997.837988,932.7488,371,47,402,-34,20,101,10,123,0
"2917",95997.8394279,932.7503,322,-144,4993,-22,25,116,8,132,0
"2918",95997.8408512,932.7517,-47,-221,740,2,50,116,3,124,0
"2919",95997.8767202,932.7875,178,-253,-2172,-27,10,140,-9,99,0
"2920",95997.878346,932.7892,-36,-49,4208,-40,37,174,11,75,0
"2921",95997.8797516,932.7906,34,-58,-992,-38,20,194,12,75,0
"2922",95997.8812366,932.7921,279,-154,3674,-59,33,195,-4,84,0
"2923",95997.8826981,932.7935,-225,-117,1278,-86,37,214,3,90,0
"2924",95997.8842481,932.7951,75,-56,-3718,-90,35,240,-21,59,0
"2925",95997.9222223,932.833,-175,37,919,-91,60,225,-30,75,0
"2926",95997.9237911,932.8346,-99,-152,-1789,-42,61,215,-46,81,0
"2927",95997.9252871,932.8361,125,-50,2633,-8,27,225,-14,108,0
"2928",95997.9268283,932.8377,18,214,51,-70,12,231,4,104,0
"2929",95997.9284568,932.8393,394,149,-1754,-67,-55,229,-12,79,0
"2930",95997.9297535,932.8406,135,215,1143,-55,-46,216,7,34,0
"2931",95997.9638359,932.8747,-80,256,-3725,-98,-27,158,-5,28,0
"2932",95997.9652613,932.8761,195,127,2132,-68,-34,139,2,35,0
"2933",95997.9668073,932.8776,-115,128,-670,-31,3,133,29,3,0
"2934",95997.9684819,932.8793,253,171,-3879,-15,-4,132,31,-13,0
"2935",95997.9701917,932.881,199,192,3485,6,32,143,61,-21,0
"2936",95997.9716077,932.8824,105,106,-3813,16,-8,125,54,-27,0
"2937",95998.0017257,932.9126,91,231,1870,9,-17,120,47,-41,0
"2938",95998.0030776,932.9139,-129,195,1149,11,-12,108,56,3,0
"2939",95998.004514,932.9153,241,202,-2507,14,-52,113,19,-15,0
"2940",95998.0384752,932.9493,178,294,4901,21,-36,140,21,7,0
"2941",95998.0399966,932.9508,85,300,-62,2,-58,147,22,31,0
"2942",95998.0413119,932.9521,283,291,1620,35,-22,113,-9,25,0
"2943",95998.0428356,932.9537,83,358,604,64,17,116,-14,61,0
"2944",95998.0441836,932.955,452,409,-2080,64,23,75,7,77,0
"2945",95998.045519,932.9563,391,472,2540,55,26,68,31,106,0
"2946",95998.0724947,932.9833,182,478,-3592,81,14,48,13,100,0
"2947",95998.0738141,932.9846,603,523,-468,114,-5,66,-32,56,0
"2948",95998.0811763,932.992,267,467,-2069,111,-13,79,-42,22,0
"2949",95998.1049742,933.0158,577,302,-2236,147,-26,58,-27,34,0
"2950",95998.1062296,933.0171,326,423,2331,175,8,48,-40,25,0
"2951",95998.1074417,933.0183,248,361,-5458,160,34,59,-31,-21,0
"2952",95998.1373363,933.0482,481,412,-2339,170,42,71,-31,-28,0
"2953",95998.1387668,933.0496,51,390,-2935,200,31,100,-73,-36,0
"2954",95998.1400257,933.0509,359,477,-7755,225,0,89,-113,-52,0
"2955",95998.1413672,933.0522,297,401,-945,221,58,104,-123,-81,0
"2956",95998.1425913,933.0534,379,363,-4868,215,45,118,-97,-123,0
"2957",95998.1438023,933.0546,564,377,-250,197,13,73,-81,-128,0
"2958",95998.1819568,933.0928,104,453,-29,212,13,91,-39,-120,0
"2959",95998.1838111,933.0946,377,416,-1065,191,-21,91,-79,-121,0
"2960",95998.185276,933.0961,165,362,1010,168,5,91,-98,-140,0
"2961",95998.1868467,933.0977,82,117,-3803,178,15,86,-104,-139,0
"2962",95998.1883168,933.0991,411,141,1525,195,1,51,-75,-141,0
"2963",95998.18965,933.1005,16,296,-952,222,-3,55,-48,-155,0
"2964",95998.2205917,933.1314,369,201,-2368,231,-38,20,-72,-150,0
"2965",95998.2218271,933.1327,73,295,5888,232,-48,18,-71,-99,0
"2966",95998.2231035,933.1339,-169,349,-1505,226,-100,14,-83,-106,0
"2967",95998.2548738,933.1657,209,482,2735,244,-121,23,-95,-77,0
"2968",95998.2562793,933.1671,-125,509,2461,223,-133,15,-31,-16,0
"2969",95998.2577319,933.1686,197,427,-2015,207,-135,54,-39,-11,0
"2970",95998.2694518,933.1803,-5,423,2654,226,-105,91,-54,-6,0
"2971",95998.2708233,933.1816,12,245,-1465,244,-103,74,-31,11,0
"2972",95998.2721861,933.183,58,232,3352,203,-141,61,13,35,0
"2973",95998.3022015,933.213,-228,81,4082,175,-122,34,-2,87,0
"2974",95998.3036683,933.2145,236,44,-186,179,-134,55,-54,109,0
"2975",95998.3049984,933.2158,-47,134,5737,143,-161,52,-36,123,0
"2976",95998.3328957,933.2437,-157,187,-460,102,-150,54,-33,139,0
"2977",95998.3342668,933.2451,-72,161,4219,99,-136,78,-48,147,0
"2978",95998.3357751,933.2466,-496,107,1436,142,-147,106,-16,138,0
"2979",95998.3371777,933.248,-22,167,-1912,140,-174,100,5,121,0
"2980",95998.3385242,933.2493,-92,193,2211,128,-151,60,-6,105,0
"2981",95998.3398384,933.2507,-86,83,-1996,140,-178,28,-57,103,0
"2982",95998.3665803,933.2774,8,101,3636,147,-201,27,-48,135,0
"2983",95998.3737226,933.2845,-389,125,3290,148,-156,31,-82,121,0
"2984",95998.3753046,933.2861,-164,89,-931,183,-162,36,-77,135,0
"2985",95998.401307,933.3121,-358,70,4008,204,-121,4,-65,124,0
"2986",95998.4028076,933.3136,-252,68,-929,185,-93,-16,-76,137,0
"2987",95998.4041683,933.315,-123,115,2167,205,-86,-14,-69,144,0
"2988",95998.4056383,933.3165,-445,-4,1824,220,-39,-35,-71,129,0
"2989",95998.4071258,933.318,-126,8,-1963,233,-47,-50,-70,122,0
"2990",95998.4084387,933.3193,-288,60,3254,243,-44,-38,-42,147,0
"2991",95998.4400723,933.3509,-438,22,-2080,223,-39,-21,-59,163,0
"2992",95998.4414129,933.3522,24,93,2272,203,-47,-31,-79,179,0
"2993",95998.4428713,933.3537,-151,92,2361,153,-17,-31,-66,184,0
"2994",95998.4747426,933.3856,237,69,-794,118,-33,-10,-75,176,0
"2995",95998.4763106,933.3871,37,125,4566,137,-37,-16,-45,146,0
"2996",95998.477696,933.3885,-255,177,-2458,166,-49,8,-57,135,0
"2997",95998.4792307,933.3901,-77,212,-254,192,-55,47,-26,101,0
"2998",95998.4805464,933.3914,-316,228,-539,195,-60,39,-9,87,0
"2999",95998.4819364,933.3928,-165,112,-4025,204,-107,15,-23,74,0
"3000",95998.5113231,933.4221,-210,-2,3805,245,-91,11,-23,52,0
"3001",95998.5128196,933.4236,-326,8,-854,294,-93,47,-42,77,0
"3002",95998.5141257,933.425,-26,222,1342,281,-97,46,-34,82,0
"3003",95998.5781377,933.489,-402,285,570,258,-50,-1,-33,62,0
"3004",95998.5796755,933.4905,-137,281,-2615,243,-64,-13,-34,50,0
"3005",95998.5809925,933.4918,-333,179,1955,236,-49,-14,-44,35,0
"3006",95998.5823944,933.4932,-569,73,-4607,223,-76,-3,-47,6,0
"3007",95998.5836157,933.4944,-414,86,-803,221,-101,34,-18,0,0
"3008",95998.5850258,933.4959,-548,115,-339,228,-97,49,-21,-1,0
"3009",95998.5865153,933.4973,-214,58,-606,253,-137,23,-78,-4,0
"3010",95998.5879496,933.4988,-451,42,5845,263,-87,1,-67,19,0
"3011",95998.5893584,933.5002,-323,-170,-1289,229,-106,4,-77,31,0
"3012",95998.6155189,933.5263,-70,-35,1986,218,-83,7,-103,26,0
"3013",95998.6169653,933.5278,-320,31,1375,189,-82,-2,-129,22,0
"3014",95998.6182455,933.5291,-146,30,-2501,222,-108,10,-128,38,0
"3015",95998.6499957,933.5608,-133,-18,3733,192,-7,14,-110,33,0
"3016",95998.6513158,933.5621,-191,135,-1962,175,-2,-4,-103,30,0
"3017",95998.6526136,933.5634,-33,178,-131,167,28,-38,-109,38,0
"3018",95998.6599564,933.5708,-261,104,1018,164,67,-43,-93,19,0
"3019",95998.6612757,933.5721,65,103,-2131,165,68,-19,-107,14,0
"3020",95998.6629258,933.5738,-166,120,2051,170,94,-32,-97,20,0
"3021",95998.7167333,933.6276,-285,144,-5016,150,81,-29,-80,12,0
"3022",95998.7180918,933.6289,-50,121,-2091,142,59,-46,-69,-22,0
"3023",95998.7193544,933.6302,-359,93,-3501,139,56,-29,-65,-65,0
"3024",95998.7207773,933.6316,-99,-130,-5907,115,39,10,-62,-77,0
"3025",95998.7222141,933.633,-167,-129,-933,108,66,23,-62,-105,0
"3026",95998.723573,933.6344,-447,-320,-6293,145,45,28,-111,-105,0
"3027",95998.7252212,933.636,-213,-225,-167,145,42,19,-92,-67,0
"3028",95998.7265732,933.6374,-376,-162,1802,106,28,37,-112,-65,0
"3029",95998.7279185,933.6387,-149,-135,-1326,53,-18,22,-120,-71,0
"3030",95998.7617706,933.6726,-233,-126,2839,19,35,29,-125,-78,0
"3031",95998.763058,933.6739,-170,-151,-1454,17,42,17,-127,-90,0
"3032",95998.7643632,933.6752,219,-99,682,18,45,15,-160,-77,0
"3033",95998.7682044,933.679,-185,-227,-378,-9,61,11,-136,-65,0
"3034",95998.7695494,933.6804,-16,-426,-940,-72,39,-5,-177,-37,0
"3035",95998.7708792,933.6817,-141,-495,5168,-78,52,7,-181,38,0
"3036",95998.8132808,933.7241,-273,-509,-1098,-71,34,-5,-187,27,0
"3037",95998.8147281,933.7256,-184,-382,1559,-52,36,14,-219,5,0
"3038",95998.816123,933.7269,-452,-201,-816,-66,65,32,-235,29,0
"3039",95998.8216154,933.7324,-131,-229,-3693,-55,41,20,-256,-1,0
"3040",95998.8229656,933.7338,-230,-366,1914,-94,26,51,-228,-29,0
"3041",95998.8242528,933.7351,-263,-245,-4564,-96,-13,72,-161,-30,0
"3042",95998.8561454,933.767,-31,-13,-149,-106,-20,71,-111,-3,0
"3043",95998.8576331,933.7685,-368,42,930,-126,14,58,-104,10,0
"3044",95998.8591912,933.77,62,10,-575,-102,4,53,-112,4,0
"3045",95998.8607682,933.7716,-104,94,4628,-85,35,73,-86,6,0
"3046",95998.8620627,933.7729,-195,-45,-2504,-78,33,65,-106,-28,0
"3047",95998.863356,933.7742,-94,86,-109,-94,8,38,-86,-28,0
"3048",95998.913303,933.8241,-324,81,1113,-99,46,31,-71,-20,0
"3049",95998.9147606,933.8256,-36,98,-2192,-75,50,7,-53,-34,0
"3050",95998.9163706,933.8272,-293,1,3350,-65,95,-2,-38,-28,0
"3051",95998.9300098,933.8408,-481,132,-1934,-63,142,13,-53,28,0
"3052",95998.9312767,933.8421,-65,121,1055,-77,171,17,-52,4,0
"3053",95998.938382,933.8492,-447,88,-736,-57,175,36,-54,-24,0
"3054",95998.9430017,933.8538,-242,-36,-4284,-47,151,15,-57,-34,0
"3055",95998.9444388,933.8553,-248,126,3232,-36,197,-6,-33,-24,0
"3056",95998.9457353,933.8566,-241,8,-2467,-3,176,-27,-7,-27,0
"3057",95998.9654449,933.8763,60,-77,1065,1,181,-52,55,-46,0
"3058",95998.966841,933.8777,-431,18,1339,25,200,-42,46,-13,0
"3059",95998.9682865,933.8791,-60,31,-1099,6,179,-63,73,-10,0
"3060",95998.9980454,933.9089,-226,163,4196,31,186,-62,60,7,0
"3061",95998.999314,933.9101,-261,223,-3555,53,159,-81,35,6,0
"3062",95999.0005755,933.9114,-5,157,-2632,59,150,-73,17,-9,0
"3063",95999.0341977,933.945,-454,163,-2400,64,158,-59,48,0,0
"3064",95999.0356596,933.9465,-235,159,-3380,40,127,-64,41,3,0
"3065",95999.0385429,933.9494,-222,126,3420,48,164,-58,29,16,0
"3066",95999.039996,933.9508,-180,310,-2810,88,165,-42,33,4,0
"3067",95999.0412388,933.9521,229,429,-711,105,150,-64,30,-1,0
"3068",95999.0425327,933.9534,-184,418,-1179,103,195,-51,43,14,0
"3069",95999.086475,933.9973,184,311,-2567,95,168,-90,61,-10,0
"3070",95999.0878646,933.9987,52,395,2562,107,214,-90,70,18,0
"3071",95999.0891346,934,-98,457,-2439,115,204,-82,84,21,0
"3072",95999.10075,934.0116,-9,534,1717,133,151,-87,90,39,0
"3073",95999.1020603,934.0129,-350,506,1679,141,164,-71,97,71,0
"3074",95999.1033345,934.0142,323,427,-4211,154,148,-68,97,34,0
"3075",95999.1046234,934.0154,-26,454,2228,163,136,-89,121,24,0
"3076",95999.1098714,934.0207,-80,389,-2324,154,121,-119,99,22,0
"3077",95999.1111397,934.022,90,324,709,143,153,-125,103,30,0
"3078",95999.1368838,934.0477,-126,375,1,131,148,-137,103,65,0
"3079",95999.1382072,934.049,286,428,-1529,129,157,-157,63,70,0
"3080",95999.1394673,934.0503,146,521,3169,126,149,-152,44,99,0
"3081",95999.1862138,934.097,181,374,-311,79,113,-151,-4,101,0
"3082",95999.1878693,934.0987,444,448,3080,74,149,-135,17,140,0
"3083",95999.189183,934.1,-189,468,1126,100,179,-128,12,150,0
"3084",95999.2008082,934.1116,72,420,-1875,95,154,-138,-17,150,0
"3085",95999.2023918,934.1132,-29,356,3218,97,171,-128,5,176,0
"3086",95999.203989,934.1148,-124,151,-3058,89,155,-107,-29,136,0
"3087",95999.2055643,934.1164,64,-35,779,72,167,-114,-42,132,0
"3088",95999.2132839,934.1241,-181,-79,1840,76,169,-94,-16,134,0
"3089",95999.2147233,934.1255,-91,-85,-3988,46,147,-99,-27,112,0
"3090",95999.2668476,934.1777,-160,-15,-422,22,127,-41,-23,106,0
"3091",95999.2683587,934.1792,-198,-7,-6083,33,56,-20,-52,115,0
"3092",95999.2700424,934.1809,100,-14,-1498,32,65,-12,-35,124,0
"3093",95999.3018503,934.2127,-284,124,-604,27,43,-6,-6,150,0
"3094",95999.3032083,934.214,237,233,-3648,39,-7,-29,31,179,0
"3095",95999.3044924,934.2153,-38,284,1906,31,13,-47,48,195,0
"3096",95999.3058344,934.2167,-102,242,-1731,54,21,-81,66,208,0
"3097",95999.3112161,934.222,299,246,2666,44,1,-110,85,208,0
"3098",95999.3125112,934.2233,-81,266,1125,7,31,-138,53,216,0
"3099",95999.3140558,934.2249,244,134,-1042,-22,-6,-142,32,213,0
"3100",95999.3153263,934.2262,-29,276,4744,-54,32,-120,55,203,0
"3101",95999.3166587,934.2275,-65,307,-793,-52,14,-122,110,202,0
"3102",95999.3180131,934.2288,190,194,3689,-32,10,-110,146,169,0
"3103",95999.3194949,934.2303,-88,174,2530,-49,30,-70,162,132,0
"3104",95999.3207984,934.2316,148,1,-3531,-49,2,-110,113,111,0
"3105",95999.4207081,934.3315,56,151,1946,-69,8,-119,110,111,0
"3106",95999.4221882,934.333,69,230,-3631,-98,-8,-112,134,98,0
"3107",95999.423467,934.3343,423,243,-237,-103,-13,-119,159,93,0
"3108",95999.4337644,934.3446,-1,95,1579,-100,52,-108,165,95,0
"3109",95999.4350089,934.3458,108,-18,-1657,-56,41,-98,131,117,0
"3110",95999.4363364,934.3472,-123,96,4148,-58,75,-86,140,156,0
"3111",95999.4378757,934.3487,-261,75,-1001,-52,60,-103,141,176,0
"3112",95999.4391223,934.3499,25,228,-385,-70,52,-104,116,162,0
"3113",95999.4406085,934.3514,-367,308,-1841,-87,60,-56,107,122,0
"3114",95999.4421056,934.3529,-141,259,-5434,-87,72,-61,129,138,0
"3115",95999.4434215,934.3542,-175,243,-751,-81,133,-69,162,124,0
"3116",95999.4447882,934.3556,-382,128,-6183,-110,129,-50,126,121,0
"3117",95999.4462081,934.357,83,150,-1526,-88,98,-76,139,165,0
"3118",95999.4526275,934.3635,-262,111,-598,-77,145,-112,150,150,0
"3119",95999.4540587,934.3649,-182,9,-5335,-62,82,-87,154,148,0
"3120",95999.5241842,934.435,-196,198,634,-29,112,-101,194,116,0
"3121",95999.5256063,934.4364,-394,225,-3980,-10,95,-71,172,88,0
"3122",95999.527057,934.4379,-77,313,-2195,-1,91,-64,165,86,0
"3123",95999.5468998,934.4577,-517,165,-230,35,138,-62,156,58,0
"3124",95999.5483887,934.4592,-177,178,-5126,71,122,-94,118,25,0
"3125",95999.5497467,934.4606,-338,176,1149,104,136,-103,158,8,0
"3126",95999.5513438,934.4622,-693,298,-2880,127,133,-119,165,4,0
"3127",95999.5526441,934.4635,-530,288,-830,115,109,-135,122,2,0
"3128",95999.5540441,934.4649,-586,383,-1621,135,103,-131,118,-29,0
"3129",95999.5555514,934.4664,-426,231,-4414,95,61,-137,118,-79,0
"3130",95999.5568648,934.4677,-637,81,2959,96,70,-143,122,-80,0
"3131",95999.5582203,934.469,-772,-12,-4228,102,74,-146,125,-117,0
"3132",95999.6143131,934.5251,-520,51,-1127,115,74,-124,133,-146,0
"3133",95999.6158645,934.5267,-816,37,-2059,105,94,-106,106,-140,0
"3134",95999.6173523,934.5282,-508,74,-6843,51,67,-132,77,-175,0
"3135",95999.6189632,934.5298,-666,185,-276,83,104,-129,50,-210,0
"3136",95999.6203917,934.5312,-789,210,-4296,113,47,-113,76,-238,0
"3137",95999.6218389,934.5327,-400,245,-1390,86,17,-116,71,-273,0
"3138",95999.6233118,934.5341,-711,161,-944,57,33,-119,54,-285,0
"3139",95999.6247788,934.5356,-435,44,-5349,15,-3,-120,34,-254,0
"3140",95999.6260728,934.5369,-526,129,54,-17,8,-98,46,-245,0
"3141",95999.627531,934.5384,-595,119,-5019,-27,-13,-91,34,-210,0
"3142",95999.6292427,934.5401,-553,123,-2585,-23,6,-96,54,-186,0
"3143",95999.6306112,934.5414,-818,114,-1604,-2,36,-81,77,-188,0
"3144",95999.7187231,934.6295,-319,270,-4388,8,6,-61,37,-187,0
"3145",95999.7213278,934.6322,-422,341,3713,17,46,-63,30,-132,0
"3146",95999.7228885,934.6337,-422,357,-2054,-3,31,-59,44,-117,0
"3147",95999.7243541,934.6352,144,502,1342,20,-5,-49,36,-127,0
"3148",95999.725746,934.6366,-48,564,1337,64,9,-50,40,-116,0
"3149",95999.7270987,934.6379,76,385,-3834,97,12,-49,52,-105,0
"3150",95999.7286026,934.6394,-187,315,3274,96,33,-37,51,-94,0
"3151",95999.7299352,934.6408,-502,247,-2653,100,9,-50,61,-106,0
"3152",95999.7312089,934.642,-17,244,228,110,-42,-78,112,-92,0
"3153",95999.732719,934.6435,-428,235,1525,92,-7,-102,117,-58,0
"3154",95999.7341017,934.6449,-39,267,-3033,73,-13,-117,77,-73,0
"3155",95999.7353791,934.6462,-259,446,378,71,-8,-124,78,-72,0
"3156",95999.7572392,934.6681,-504,445,-4050,68,-26,-113,63,-65,0
"3157",95999.7585015,934.6693,-30,422,-169,53,4,-142,42,-60,0
"3158",95999.7656957,934.6765,-376,404,-84,48,17,-153,30,-59,0
"3159",95999.7874842,934.6983,-162,425,-3914,79,1,-153,23,-55,0
"3160",95999.7888784,934.6997,-412,488,2379,75,24,-127,52,-43,0
"3161",95999.7903164,934.7011,-405,555,-5260,64,41,-105,76,-60,0
"3162",95999.822341,934.7332,86,576,-1604,80,24,-113,62,-67,0
"3163",95999.823746,934.7346,-493,528,-791,82,34,-120,63,-73,0
"3164",95999.8251907,934.736,-104,421,-5512,81,26,-112,45,-95,0
"3165",95999.826702,934.7375,-83,479,38,66,22,-106,31,-86,0
"3166",95999.8282256,934.7391,-80,424,-4249,52,14,-136,21,-95,0
"3167",95999.8295559,934.7404,199,423,-2339,35,15,-169,20,-112,0
"3168",95999.8556839,934.7665,-313,346,331,50,3,-173,26,-110,0
"3169",95999.8570501,934.7679,-93,280,-2984,77,43,-167,39,-118,0
"3170",95999.8583212,934.7691,-111,282,3910,105,74,-151,14,-63,0
"3171",95999.8882318,934.7991,-102,291,-1411,113,58,-138,3,-36,0
"3172",95999.8898376,934.8007,40,164,2367,96,51,-122,-14,-54,0
"3173",95999.8913308,934.8022,-223,333,1119,87,64,-99,-17,-51,0
"3174",95999.9274267,934.8383,-320,265,-4405,45,28,-123,-17,-48,0
"3175",95999.9287017,934.8395,-548,243,2619,24,22,-97,-34,-11,0
"3176",95999.9299147,934.8407,-605,259,-3731,36,-7,-85,-77,-20,0
"3177",95999.931358,934.8422,88,205,-768,81,-5,-102,-68,-9,0
"3178",95999.9325996,934.8434,-219,172,-271,106,28,-72,-78,-8,0
"3179",95999.9338882,934.8447,-85,148,-4728,85,7,-56,-41,-18,0
"3180",95999.9617959,934.8726,-15,133,3604,75,29,-28,-31,-23,0
"3181",95999.963355,934.8742,-159,104,-1321,64,4,-27,-37,-12,0
"3182",95999.9648273,934.8757,-174,57,377,43,24,-31,-71,7,0
"3183",95999.9663485,934.8772,-754,179,996,82,60,-4,-95,14,0
"3184",95999.9676635,934.8785,-150,10,-1945,104,62,1,-105,33,0
"3185",95999.968878,934.8797,16,53,4441,101,82,-14,-80,58,0
"3186",96000.0310701,934.9419,-91,137,181,79,84,-34,-62,60,0
"3187",96000.032382,934.9432,235,179,1692,40,74,-25,-79,36,0
"3188",96000.0336472,934.9445,-54,175,1730,34,101,4,-111,11,0
"3189",96000.0352628,934.9461,248,120,-939,15,29,6,-109,23,0
"3190",96000.0364926,934.9473,35,148,4353,35,63,3,-103,57,0
"3191",96000.0377565,934.9486,-264,146,-3844,40,65,-12,-106,7,0
"3192",96000.039101,934.9499,52,115,813,56,55,-3,-95,-11,0
"3193",96000.040377,934.9512,-129,180,1875,45,79,-34,-55,-30,0
"3194",96000.0476132,934.9584,84,152,-1494,27,37,-43,-37,-6,0
"3195",96000.0934087,935.0042,181,188,4847,16,25,-45,2,29,0
"3196",96000.0946707,935.0055,173,4,-1317,-14,23,-37,38,35,0
"3197",96000.09591,935.0067,278,-10,-399,-27,4,-46,40,-11,0
"3198",96000.1572594,935.0681,-10,90,896,21,-31,-25,53,-40,0
"3199",96000.1587925,935.0696,253,12,-1910,35,-46,-48,66,-45,0
"3200",96000.1601439,935.071,189,30,2411,37,-38,-51,76,-42,0
"3201",96000.1617235,935.0725,27,33,-2648,28,-39,-27,52,-72,0
"3202",96000.1630038,935.0738,368,-105,1222,-2,-55,-32,69,-104,0
"3203",96000.1642592,935.0751,78,-65,28,-43,-51,-40,41,-165,0
"3204",96000.165771,935.0766,242,30,-3561,-56,-102,-64,23,-166,0
"3205",96000.1671328,935.078,252,121,1966,-87,-92,-85,17,-126,0
"3206",96000.1686597,935.0795,-200,86,-4509,-95,-69,-95,-30,-137,0
"3207",96000.1945214,935.1053,288,146,-1017,-63,-85,-102,-16,-152,0
"3208",96000.1960272,935.1069,248,112,-382,-48,-73,-91,-41,-162,0
"3209",96000.1973495,935.1082,384,-29,-6187,-26,-112,-85,-68,-191,0
"3210",96000.2213635,935.1322,269,-98,1141,-9,-100,-87,-42,-198,0
"3211",96000.2227369,935.1336,305,85,-3309,-31,-162,-116,-27,-139,0
"3212",96000.2242836,935.1351,449,62,-896,-19,-198,-130,-60,-90,0
"3213",96000.234148,935.145,178,101,2320,8,-188,-129,-61,-115,0
"3214",96000.2355382,935.1464,387,96,-1236,25,-196,-123,-63,-144,0
"3215",96000.2367941,935.1476,186,177,1960,16,-174,-116,-68,-151,0
"3216",96000.2383417,935.1492,0,129,-4393,-26,-182,-111,-70,-170,0
"3217",96000.2397601,935.1506,592,100,129,-74,-163,-83,-63,-189,0
"3218",96000.2411301,935.152,312,195,1282,-56,-138,-68,-59,-172,0
"3219",96000.2732935,935.1841,458,198,-1438,-31,-149,-47,-35,-154,0
"3220",96000.2747244,935.1855,331,215,2234,-21,-122,-1,19,-131,0
"3221",96000.2759989,935.1868,335,240,-4783,-22,-133,-25,6,-165,0
"3222",96000.2775533,935.1884,435,407,-2245,-21,-129,-25,0,-183,0
"3223",96000.2788113,935.1896,252,389,18,-49,-140,-10,-33,-160,0
"3224",96000.2800781,935.1909,362,323,-5480,-45,-169,1,-40,-184,0
"3225",96000.3370977,935.2479,85,251,1497,-45,-142,-22,-2,-210,0
"3226",96000.3385943,935.2494,-27,380,-2068,-26,-170,-24,-34,-217,0
"3227",96000.3400127,935.2508,163,496,-1611,0,-204,-18,-5,-219,0
"3228",96000.3415699,935.2524,-126,524,1596,20,-228,-6,6,-227,0
"3229",96000.34888,935.2597,373,469,-1107,37,-272,-8,8,-223,0
"3230",96000.3509981,935.2618,240,378,3960,65,-239,7,15,-196,0
"3231",96000.3524564,935.2633,96,410,-2486,61,-248,-23,13,-199,0
"3232",96000.3537293,935.2646,416,420,678,57,-239,-74,-23,-194,0
"3233",96000.3553294,935.2662,-119,335,133,83,-211,-77,-23,-167,0
"3234",96000.3770139,935.2878,227,281,-2266,87,-240,-86,-91,-188,0
"3235",96000.3783328,935.2892,-56,125,5553,107,-200,-102,-90,-197,0
"3236",96000.3796728,935.2905,-70,188,-707,76,-204,-121,-88,-192,0
"3237",96000.4094845,935.3203,347,194,2710,94,-198,-80,-94,-206,0
"3238",96000.4108487,935.3217,52,202,3849,99,-170,-72,-121,-154,0
"3239",96000.412162,935.323,-147,176,-1923,67,-197,-109,-135,-130,0
"3240",96000.4464029,935.3572,40,201,3612,68,-209,-109,-155,-135,0
"3241",96000.4478281,935.3587,176,306,-2391,58,-203,-102,-148,-119,0
"3242",96000.4491948,935.36,340,318,332,42,-196,-120,-128,-119,0
"3243",96000.4507285,935.3616,-367,235,1988,69,-182,-109,-123,-134,0
"3244",96000.4520356,935.3629,-58,224,-1782,113,-225,-117,-123,-123,0
"3245",96000.4533011,935.3641,-135,189,2828,81,-178,-134,-99,-144,0
"3246",96000.4792503,935.3901,-271,122,-751,65,-170,-169,-57,-143,0
"3247",96000.4806135,935.3914,73,41,893,83,-165,-164,-31,-150,0
"3248",96000.4818665,935.3927,-9,38,2435,100,-121,-158,-15,-129,0
"3249",96000.5118429,935.4227,239,-11,-938,96,-119,-176,-43,-109,0
"3250",96000.5133536,935.4242,191,-15,4935,50,-72,-171,-49,-107,0
"3251",96000.5147963,935.4256,163,-62,70,50,-91,-137,-48,-100,0
"3252",96000.5478539,935.4587,493,-20,685,45,-114,-117,-45,-107,0
"3253",96000.5494708,935.4603,294,-2,500,38,-68,-100,-22,-132,0
"3254",96000.5508298,935.4617,295,-147,-5187,54,-91,-82,-29,-162,0
"3255",96000.5522198,935.463,151,-21,156,31,-84,-88,-31,-162,0
"3256",96000.5534728,935.4643,110,-38,-1994,56,-76,-82,-41,-145,0
"3257",96000.5549383,935.4658,454,20,980,53,-67,-66,-62,-142,0
"3258",96000.583028,935.4939,145,25,2667,36,-26,-31,-102,-127,0
"3259",96000.5845178,935.4953,160,-170,-1779,21,-17,-25,-111,-143,0
"3260",96000.5858466,935.4967,-150,-236,1386,-10,-14,-41,-127,-143,0
"3261",96000.5875522,935.4984,-308,-248,-2595,-31,-4,-11,-130,-133,0
"3262",96000.5888157,935.4996,85,-225,1074,-37,7,-6,-123,-97,0
"3263",96000.5960842,935.5069,-235,-212,2331,-44,62,-15,-90,-71,0
"3264",96000.640174,935.551,69,-285,-882,-34,48,-19,-79,-49,0
"3265",96000.6417557,935.5526,303,-159,6205,-60,75,-28,-100,-44,0
"3266",96000.6430352,935.5539,228,-30,-1620,-85,75,-16,-146,-58,0
"3267",96000.6547353,935.5656,448,-68,673,-110,80,-21,-158,-42,0
"3268",96000.6561032,935.5669,120,22,2726,-83,67,23,-131,-11,0
"3269",96000.657602,935.5684,331,71,-3204,-69,14,31,-142,-12,0
"3270",96000.6591387,935.57,302,7,2379,-65,23,52,-130,16,0
"3271",96000.6604897,935.5713,43,-43,-905,-33,17,48,-132,20,0
"3272",96000.6617982,935.5726,318,-2,486,-11,-3,24,-135,26,0
"3273",96000.6897965,935.6006,90,207,770,-1,7,21,-165,4,0
"3274",96000.6910885,935.6019,433,61,-3028,5,-26,6,-211,-26,0
"3275",96000.692386,935.6032,230,17,2408,24,-10,10,-205,-53,0
"3276",96000.7426193,935.6534,166,-33,28,55,-45,-6,-162,10,0
"3277",96000.7440947,935.6549,257,65,958,95,-51,-12,-146,48,0
"3278",96000.745466,935.6563,-82,-42,739,86,-16,-10,-136,103,0
"3279",96000.8132925,935.7241,137,-170,-2195,88,-40,-36,-86,130,0
"3280",96000.8147272,935.7256,89,-165,3812,86,-29,-48,-71,145,0
"3281",96000.8159856,935.7268,-89,4,-3313,113,-24,-65,-63,145,0
"3282",96000.8173921,935.7282,274,-147,262,124,4,-31,-74,165,0
"3283",96000.8186812,935.7295,98,-124,-17,91,25,-31,-94,133,0
"3284",96000.8201042,935.7309,144,-56,-6706,70,-3,-57,-114,110,0
"3285",96000.8214732,935.7323,78,131,-964,39,-26,-88,-92,109,0
"3286",96000.8228123,935.7336,65,109,-4238,45,-68,-98,-77,48,0
"3287",96000.8242372,935.7351,389,-88,-2094,70,-117,-95,-75,47,0
"3288",96000.8257735,935.7366,64,-120,-1512,91,-106,-79,-54,23,0
"3289",96000.8271568,935.738,284,-95,-5526,79,-101,-60,-57,-9,0
"3290",96000.8285781,935.7394,189,11,405,111,-77,-28,-34,-5,0
"3291",96000.8543387,935.7652,89,-20,-3227,127,-103,-60,-15,-22,0
"3292",96000.855949,935.7668,376,-153,761,123,-124,-99,-10,-27,0
"3293",96000.8573096,935.7681,23,-97,-240,145,-73,-82,15,-35,0
"3294",96000.8587373,935.7696,199,-33,-4692,139,-49,-81,-2,-103,0
"3295",96000.8600388,935.7709,257,-21,2178,124,-10,-100,14,-120,0
"3296",96000.8613147,935.7721,8,48,-2457,117,-17,-90,13,-140,0
"3297",96000.9219798,935.8328,305,7,164,147,-38,-59,-15,-138,0
"3298",96000.9290918,935.8399,-23,-22,2664,160,-34,-69,-46,-126,0
"3299",96000.9307211,935.8415,103,11,-4042,180,-46,-51,-87,-120,0
"3300",96000.9342821,935.8451,116,75,1042,192,-46,-56,-72,-131,0
"3301",96000.9356117,935.8464,-96,45,-4033,182,-44,-87,-77,-150,0
"3302",96000.936886,935.8477,190,62,-2082,218,-54,-104,-76,-163,0
"3303",96000.9383454,935.8492,-105,71,267,213,-47,-104,-94,-196,0
"3304",96000.9397321,935.8506,44,57,-4120,234,-105,-159,-101,-192,0
"3305",96000.9410315,935.8519,192,58,3235,271,-94,-179,-116,-103,0
"3306",96000.9615633,935.8724,-96,23,-1079,261,-48,-174,-116,-87,0
"3307",96000.9628748,935.8737,261,61,1865,240,-78,-183,-85,-105,0
"3308",96000.964281,935.8751,-29,120,1490,231,-57,-185,-105,-71,0
"3309",96001.0181831,935.929,-13,85,-2486,208,-56,-151,-110,-35,0
"3310",96001.0195157,935.9303,-145,96,4560,217,-39,-106,-104,-21,0
"3311",96001.0208044,935.9316,-474,186,-1209,233,-6,-104,-95,-29,0
"3312",96001.0221659,935.933,-130,111,625,241,-8,-84,-76,-24,0
"3313",96001.0234101,935.9342,-117,97,530,241,15,-99,-46,-51,0
"3314",96001.0247352,935.9356,276,59,-3394,220,11,-122,-65,-82,0
"3315",96001.0282616,935.9391,158,66,3968,211,29,-172,-39,-88,0
"3316",96001.029695,935.9405,157,91,-50,214,35,-200,-38,-78,0
"3317",96001.0311832,935.942,576,53,1944,212,-1,-195,-21,-50,0
"3318",96001.0650924,935.9759,238,265,1435,225,22,-171,-17,-18,0
"3319",96001.0664153,935.9772,447,262,-3744,247,-20,-215,-33,-21,0
"3320",96001.0676661,935.9785,374,283,-479,265,-43,-186,-42,-24,0
"3321",96001.0690778,935.9799,164,374,-6081,261,-32,-174,-40,-57,0
"3322",96001.070336,935.9812,548,282,-2444,257,-17,-165,-46,-69,0
"3323",96001.07161,935.9824,251,145,-1381,234,15,-138,-66,-68,0
"3324",96001.118219,936.029,389,215,-4724,224,-9,-138,-100,-90,0
"3325",96001.1196589,936.0305,621,399,3104,227,18,-126,-114,-54,0
"3326",96001.1209408,936.0318,459,514,-1924,255,36,-114,-128,-27,0
"3327",96001.1243048,936.0351,849,434,1711,268,60,-99,-130,-15,0
"3328",96001.1256051,936.0364,388,208,1874,254,42,-124,-129,-37,0
"3329",96001.1270399,936.0379,411,148,-4088,260,30,-147,-132,-69,0
"3330",96001.1589066,936.0697,219,37,2062,245,42,-134,-92,-59,0
"3331",96001.1602224,936.071,-207,-118,-3588,240,34,-151,-129,-43,0
"3332",96001.1672827,936.0781,238,-148,-1625,252,46,-131,-142,-52,0
"3333",96001.1687578,936.0796,-96,-29,587,238,74,-127,-133,-84,0
"3334",96001.1701805,936.081,11,105,-3984,204,57,-138,-153,-117,0
"3335",96001.1715366,936.0824,-40,162,1358,213,96,-164,-162,-107,0
"3336",96001.2175873,936.1284,-267,77,-1131,216,95,-153,-132,-92,0
"3337",96001.2190087,936.1298,63,185,681,179,119,-135,-131,-65,0
"3338",96001.2202827,936.1311,-385,86,274,144,130,-142,-140,-49,0
"3339",96001.2217777,936.1326,-127,108,-3547,108,105,-174,-155,-29,0
"3340",96001.2230666,936.1339,-45,231,3310,103,109,-191,-127,-19,0
"3341",96001.2243031,936.1351,-245,321,-3365,119,82,-193,-81,8,0
"3342",96001.2563551,936.1672,80,383,-1370,129,104,-143,-46,1,0
"3343",96001.2577724,936.1686,-179,467,1117,130,127,-111,-30,-50,0
"3344",96001.2590484,936.1699,14,419,-4507,145,124,-117,-21,-67,0
"3345",96001.2604302,936.1713,141,297,1013,149,115,-122,-6,-64,0
"3346",96001.2616925,936.1725,-51,84,-4076,157,106,-127,-28,-86,0
"3347",96001.2630028,936.1738,368,162,-169,175,74,-97,-36,-80,0
"3348",96001.3155135,936.2263,98,264,3254,180,78,-101,-69,-35,0
"3349",96001.316957,936.2278,302,96,609,207,53,-126,-60,-22,0
"3350",96001.3183942,936.2292,209,160,5469,216,69,-106,-45,8,0
"3351",96001.3523183,936.2631,8,45,235,224,85,-105,-50,17,0
"3352",96001.353772,936.2646,101,102,1484,193,63,-88,-56,30,0
"3353",96001.3577653,936.2686,-73,49,2320,145,111,-82,-21,11,0
"3354",96001.3591607,936.27,138,73,-4245,125,115,-56,-19,5,0
"3355",96001.360639,936.2715,126,0,3146,87,118,-64,14,13,0
"3356",96001.3619902,936.2728,-5,90,-5,76,102,-65,45,31,0
"3357",96001.363292,936.2741,340,214,2441,74,91,-86,56,42,0
"3358",96001.3646072,936.2754,-177,173,3661,89,116,-91,45,50,0
"3359",96001.3659725,936.2768,-262,48,-4124,103,118,-115,25,94,0
"3360",96001.3877191,936.2985,-229,218,1954,115,127,-112,43,126,0
"3361",96001.3890753,936.2999,-237,239,142,126,116,-122,36,156,0
"3362",96001.390386,936.3012,194,210,-180,134,110,-114,66,167,0
"3363",96001.418183,936.329,-209,114,1774,104,107,-153,91,176,0
"3364",96001.4195644,936.3304,-36,66,-3983,102,80,-183,103,189,0
"3365",96001.4209966,936.3318,-265,107,-480,91,103,-156,126,163,0
"3366",96001.4608725,936.3717,-496,237,-4080,65,110,-139,124,121,0
"3367",96001.4683583,936.3792,-305,243,-2303,73,88,-92,125,92,0
"3368",96001.4698546,936.3807,-347,194,-2166,55,119,-79,144,72,0
"3369",96001.471262,936.3821,-63,179,-7163,45,77,-76,128,27,0
"3370",96001.4725289,936.3834,-121,210,-834,68,103,-73,118,-17,0
"3371",96001.4739724,936.3848,-300,168,-4286,63,89,-94,89,-53,0
"3372",96001.4938606,936.4047,140,166,-1097,25,31,-116,75,-34,0
"3373",96001.4954664,936.4063,-71,322,-83,54,32,-115,82,-21,0
"3374",96001.4969578,936.4078,375,195,-4281,79,35,-113,81,-73,0
"3375",96001.5310763,936.4419,248,30,3619,104,60,-109,105,-61,0
"3376",96001.5327606,936.4436,46,108,-1228,115,63,-127,103,-71,0
"3377",96001.5340443,936.4449,204,180,-1646,85,24,-126,140,-54,0
"3378",96001.5355939,936.4464,-375,77,369,89,38,-119,134,-71,0
"3379",96001.5368966,936.4477,-268,94,-4349,137,14,-83,118,-70,0
"3380",96001.5383159,936.4491,-243,36,1413,153,-3,-47,136,-51,0
"3381",96001.5945163,936.5053,-494,27,-2228,148,-27,-19,104,-41,0
"3382",96001.5962235,936.507,-302,65,-1494,119,-12,-13,136,-56,0
"3383",96001.5975583,936.5084,-305,28,-851,66,38,-18,183,-88,0
"3384",96001.5990812,936.5099,-59,-42,-4187,60,40,-51,161,-94,0
"3385",96001.600865,936.5117,-105,-78,2444,83,112,-76,173,-84,0
"3386",96001.6023574,936.5132,-104,-73,-1565,109,91,-80,158,-54,0
"3387",96001.6039663,936.5148,183,-99,-1566,107,46,-76,158,-33,0
"3388",96001.6053324,936.5162,-249,-79,-605,96,50,-75,151,-40,0
"3389",96001.6067263,936.5176,-55,-77,-5079,111,16,-82,140,-72,0
"3390",96001.6387295,936.5496,111,-92,3704,119,21,-83,141,-54,0
"3391",96001.6402403,936.5511,-309,-177,1223,89,-8,-85,176,-34,0
"3392",96001.6415812,936.5524,115,-291,3120,56,29,-108,178,-65,0
"3393",96001.6430072,936.5538,-255,-358,4348,58,99,-110,208,-51,0
"3394",96001.6443582,936.5552,-117,-292,-1145,86,71,-108,222,-47,0
"3395",96001.6456243,936.5564,-183,-219,3553,102,76,-93,224,-11,0
"3396",96001.7078718,936.6187,-295,-173,-120,96,69,-93,190,1,0
"3397",96001.7092404,936.6201,298,-133,2556,126,86,-83,175,30,0
"3398",96001.7105514,936.6214,76,-98,2621,111,92,-55,187,28,0
"3399",96001.7120908,936.6229,238,-155,-547,115,38,-84,168,25,0
"3400",96001.7133991,936.6242,-125,-129,4984,127,68,-123,149,-31,0
"3401",96001.7147013,936.6255,-324,-217,-1526,115,77,-141,137,-31,0
"3402",96001.7220455,936.6329,80,-266,-150,122,71,-145,91,-33,0
"3403",96001.7239688,936.6348,-278,-104,3054,156,81,-127,92,-30,0
"3404",96001.7257278,936.6366,-89,-128,-2531,152,41,-99,91,-81,0
"3405",96001.8070574,936.7179,-26,-30,3692,175,53,-69,104,-86,0
"3406",96001.80859,936.7194,266,-30,-195,210,16,-42,90,-48,0
"3407",96001.8099721,936.7208,580,110,1209,218,-7,-28,85,-59,0
"3408",96001.8113161,936.7221,151,164,4948,225,54,-11,73,-76,0
"3409",96001.8126982,936.7235,-75,123,1628,186,41,-41,38,-75,0
"3410",96001.8141162,936.7249,65,97,6030,133,56,-99,58,-88,0
"3411",96001.8156273,936.7265,-115,-25,3777,111,53,-81,78,-109,0
"3412",96001.8169769,936.7278,205,-139,7501,115,75,-89,72,-85,0
"3413",96001.8185203,936.7293,-31,0,9452,125,95,-100,68,-57,0
"3414",96001.8198802,936.7307,257,47,6716,138,105,-119,51,-42,0
"3415",96001.821184,936.732,83,21,11382,151,161,-148,41,-51,0
"3416",96001.8226316,936.7335,-52,-62,4190,151,164,-133,10,-66,0
"3417",96001.9105504,936.8214,160,-112,6674,140,131,-107,20,-75,0
"3418",96001.9120509,936.8229,-190,-44,9597,125,194,-104,19,-79,0
"3419",96001.9134603,936.8243,98,45,5112,125,155,-75,28,-54,0
"3420",96001.9148608,936.8257,136,75,10588,88,185,-63,8,-37,0
"3421",96001.9164102,936.8272,-100,26,5289,83,170,-54,-11,-57,0
"3422",96001.917783,936.8286,160,-53,6248,64,147,-56,5,-53,0
"3423",96001.9194019,936.8302,-68,28,8307,69,155,-79,-7,-63,0
"3424",96001.9207926,936.8316,-67,111,5135,96,173,-73,-11,-56,0
"3425",96001.922079,936.8329,-5,198,10735,68,199,-56,-31,-42,0
"3426",96001.9236035,936.8344,-80,264,3498,38,178,-59,-23,-66,0
"3427",96001.9249325,936.8358,233,187,4403,42,178,-76,3,-87,0
"3428",96001.9299247,936.8407,69,181,3941,72,210,-88,41,-41,0
"3429",96001.9496077,936.8604,386,199,-2775,104,185,-109,-1,-41,0
"3430",96001.95091,936.8617,446,261,3551,114,212,-118,-3,-53,0
"3431",96001.952574,936.8634,264,343,-3083,132,217,-134,-18,-22,0
"3432",96001.9539455,936.8648,740,360,-2823,101,217,-131,-43,-18,0
"3433",96001.9552375,936.8661,436,300,214,105,257,-91,-66,27,0
"3434",96001.9566155,936.8674,610,145,-5869,130,247,-99,-96,2,0
"3435",96002.0087455,936.9196,544,20,-75,144,277,-132,-102,-9,0
"3436",96002.0101679,936.921,87,-16,-4293,149,269,-103,-83,-23,0
"3437",96002.017833,936.9287,346,-73,-4016,149,242,-108,-95,-28,0
"3438",96002.0457328,936.9566,84,69,-724,136,267,-103,-99,-16,0
"3439",96002.0473469,936.9582,204,-162,-5135,147,239,-82,-116,13,0
"3440",96002.0488324,936.9597,161,-136,662,137,243,-82,-104,53,0
"3441",96002.0505184,936.9613,29,-207,-3396,91,243,-84,-76,84,0
"3442",96002.0520706,936.9629,459,-125,-3292,130,269,-49,-88,48,0
"3443",96002.0534859,936.9643,197,-92,-932,139,250,-24,-85,23,0
"3444",96002.0549231,936.9657,440,-88,-3850,142,207,-58,-83,24,0
"3445",96002.0562775,936.9671,466,-70,1838,162,223,-41,-75,43,0
"3446",96002.0576884,936.9685,178,18,-4059,142,208,4,-102,45,0
"3447",96002.1097981,937.0206,357,-81,-2575,147,188,24,-107,24,0
"3448",96002.1113394,937.0222,-13,-186,-644,134,243,44,-122,-7,0
"3449",96002.1128271,937.0237,203,-272,-4432,127,204,18,-145,-23,0
"3450",96002.148732,937.0596,374,-236,1792,113,191,8,-136,-1,0
"3451",96002.1502884,937.0611,232,-105,-1084,120,187,-3,-141,-4,0
"3452",96002.1516934,937.0625,540,-107,-2627,90,169,-4,-131,-40,0
"3453",96002.1531111,937.0639,221,-119,-197,105,185,1,-144,-59,0
"3454",96002.1544411,937.0653,186,-7,-4579,109,149,-3,-125,-68,0
"3455",96002.1557319,937.0666,305,47,-1067,117,114,30,-133,-64,0
"3456",96002.1572603,937.0681,184,99,-4908,118,93,39,-117,-92,0
"3457",96002.1586759,937.0695,229,-27,-2860,121,68,17,-114,-113,0
"3458",96002.1599752,937.0708,10,-29,242,140,34,10,-114,-102,0
"3459",96002.2226303,937.1335,63,-174,-4613,120,-20,27,-142,-72,0
"3460",96002.2241765,937.135,99,-195,3058,118,-2,13,-129,-98,0
"3461",96002.22556,937.1364,-191,-177,-1486,135,-24,34,-144,-87,0
"3462",96002.2269673,937.1378,132,-172,2094,153,-28,41,-149,-81,0
"3463",96002.2283941,937.1392,9,-209,7991,145,14,64,-141,-39,0
"3464",96002.229701,937.1405,273,-420,4855,119,-24,84,-167,-23,0
"3465",96002.2310994,937.1419,145,-435,11082,88,-29,102,-155,-33,0
"3466",96002.2324266,937.1433,15,-449,7345,95,-46,126,-134,-23,0
"3467",96002.2337833,937.1446,223,-479,5769,125,-104,105,-116,-47,0
"3468",96002.2918956,937.2027,-115,-251,6699,90,-107,116,-125,-84,0
"3469",96002.2934104,937.2042,56,-217,915,84,-112,93,-108,-105,0
"3470",96002.2949271,937.2058,41,-159,7653,127,-94,98,-110,-82,0
"3471",96002.3268834,937.2377,-109,-178,4877,110,-91,124,-96,-89,0
"3472",96002.3339575,937.2448,280,-148,5487,121,-104,120,-57,-81,0
"3473",96002.3354069,937.2462,-108,-165,7032,75,-93,139,-51,-62,0
"3474",96002.3369297,937.2478,294,-140,2576,53,-95,125,-74,-73,0
"3475",96002.338226,937.2491,408,26,8458,30,-90,143,-45,-75,0
"3476",96002.3397006,937.2505,-207,19,2634,15,-50,162,-27,-63,0
"3477",96002.3410873,937.2519,-104,-6,5012,20,-33,125,-10,-74,0
"3478",96002.3426209,937.2534,-260,82,9144,16,-7,108,26,-14,0
"3479",96002.3440376,937.2549,-82,-22,4287,6,-9,99,60,-27,0
"3480",96002.3698059,937.2806,-114,-4,8774,-34,35,101,95,-51,0
"3481",96002.3711177,937.2819,-169,132,2216,-52,60,88,66,-82,0
"3482",96002.3724209,937.2832,269,210,228,-48,58,103,59,-92,0
"3483",96002.3737601,937.2846,191,244,2607,-69,91,131,72,-78,0
"3484",96002.3751258,937.286,366,139,-2350,-46,87,94,121,-55,0
"3485",96002.3764932,937.2873,180,-14,3034,-8,78,82,130,-21,0
"3486",96002.4373552,937.3482,-353,-69,-277,14,85,112,117,14,0
"3487",96002.4398363,937.3507,-42,62,-875,5,74,127,88,-1,0
"3488",96002.4424147,937.3532,-176,-39,-902,9,109,157,83,-7,0
"3489",96002.4449335,937.3558,-106,-82,-6196,-1,125,144,64,-17,0
"3490",96002.4461617,937.357,-33,-110,930,-20,160,133,56,-29,0
"3491",96002.4475072,937.3583,-252,-165,-5496,-27,199,141,84,-42,0
"3492",96002.4490087,937.3598,4,-54,-6458,-43,205,120,112,-88,0
"3493",96002.4503263,937.3612,-152,-29,-1848,-27,208,110,89,-73,0
"3494",96002.4517952,937.3626,87,-102,-6149,-18,146,98,121,-69,0
"3495",96002.4771764,937.388,300,-185,-188,-10,140,66,114,-72,0
"3496",96002.4785761,937.3894,65,-232,-4186,5,134,92,107,-73,0
"3497",96002.4798493,937.3907,519,-179,-4737,3,111,79,85,-49,0
"3498",96002.4814041,937.3922,296,-153,-2825,-18,105,56,89,-78,0
"3499",96002.4826855,937.3935,392,-402,-8029,-14,91,37,87,-142,0
"3500",96002.4839853,937.3948,456,-382,-1438,-25,109,68,103,-192,0
"3501",96002.5460639,937.4569,329,-370,-4277,-42,77,28,73,-173,0
"3502",96002.5476269,937.4585,474,-276,-2033,-46,57,29,96,-173,0
"3503",96002.5489509,937.4598,-119,-252,-1174,-42,66,33,75,-164,0
"3504",96002.5504152,937.4612,165,-267,-4973,-67,64,53,39,-159,0
"3505",96002.5518618,937.4627,258,-364,2862,-56,84,52,70,-133,0
"3506",96002.5532881,937.4641,-26,-402,-496,-52,50,50,79,-53,0
"3507",96002.5604685,937.4713,245,-452,-102,-32,56,-17,76,-48,0
"3508",96002.5619981,937.4728,48,-485,3220,-63,73,-21,57,-46,0
"3509",96002.5633869,937.4742,78,-417,-4674,-41,26,-3,36,-29,0
"3510",96002.6356259,937.5465,409,-275,352,-46,31,28,54,-3,0
"3511",96002.6370344,937.5479,297,-185,-3799,-38,11,53,64,-21,0
"3512",96002.6385269,937.5494,616,-241,-3758,-15,-23,70,86,-36,0
"3513",96002.6742779,937.5851,376,-206,1173,-2,-14,100,66,-63,0
"3514",96002.6756175,937.5864,469,-244,-2868,14,-28,73,29,-83,0
"3515",96002.6768869,937.5877,446,-210,1703,9,-30,48,18,-110,0
"3516",96002.6782324,937.5891,211,-207,-329,10,-24,59,10,-99,0
"3517",96002.679462,937.5903,450,-206,2016,12,-12,72,36,-61,0
"3518",96002.6807856,937.5916,221,-171,3889,-1,1,58,42,-13,0
"3519",96002.6822395,937.5931,381,-248,-1348,25,51,59,28,27,0
"3520",96002.6838,937.5946,399,-226,4227,21,117,94,49,85,0
"3521",96002.6851924,937.596,289,-242,-2442,26,128,128,53,88,0
"3522",96002.6866757,937.5975,559,-228,-946,52,144,149,49,114,0
"3523",96002.6879737,937.5988,95,-257,3491,65,185,164,37,160,0
"3524",96002.6917074,937.6025,123,-325,-3541,47,156,105,35,178,0
"3525",96002.737911,937.6487,386,-364,3451,74,162,77,79,201,0
"3526",96002.7393573,937.6502,291,-314,728,93,153,44,86,228,0
"3527",96002.7406377,937.6515,501,-300,-1311,69,157,46,36,236,0
"3528",96002.7502664,937.6611,-2,-310,2006,44,161,48,15,226,0
"3529",96002.7516263,937.6625,-132,-331,-2220,26,120,26,-13,209,0
"3530",96002.7528807,937.6637,44,-126,1157,-4,102,16,-11,205,0
"3531",96002.7544363,937.6653,-234,-257,-1313,-10,103,39,17,212,0
"3532",96002.7556961,937.6665,383,-383,-2045,-44,105,29,-1,173,0
"3533",96002.7569721,937.6678,98,-447,-624,-32,152,53,-13,171,0
"3534",96002.7889665,937.6998,362,-280,-5753,-46,132,36,8,146,0
"3535",96002.7906425,937.7015,294,-145,869,-14,116,29,52,148,0
"3536",96002.7922424,937.7031,-97,-189,-3629,-30,67,17,42,144,0
"3537",96002.7937572,937.7046,224,-215,-2530,-22,66,-7,32,125,0
"3538",96002.7950731,937.7059,47,-211,631,-11,73,25,30,146,0
"3539",96002.7963366,937.7072,219,-247,-5014,54,42,28,26,109,0
"3540",96002.8506682,937.7615,212,-180,2831,94,54,7,9,86,0
"3541",96002.8521626,937.763,-90,-16,-779,128,50,-11,-1,54,0
"3542",96002.8539343,937.7648,348,57,-1606,122,65,-53,10,39,0
"3543",96002.8651377,937.776,153,35,1103,106,95,-74,5,32,0
"3544",96002.8666101,937.7774,347,26,-1951,117,61,-109,-5,21,0
"3545",96002.8689946,937.7798,131,7,3203,107,94,-116,18,33,0
"3546",96002.8704721,937.7813,-69,-68,249,71,56,-113,36,57,0
"3547",96002.8717619,937.7826,123,-72,-61,97,70,-133,17,72,0
"3548",96002.8730541,937.7839,-173,-84,-443,107,107,-82,48,57,0
"3549",96002.8938785,937.8047,73,-183,-6160,134,73,-75,58,51,0
"3550",96002.8951693,937.806,93,-201,868,134,74,-40,79,62,0
"3551",96002.8963887,937.8072,-34,-76,-2703,157,78,10,107,62,0
"3552",96002.9606269,937.8715,607,16,-2970,178,72,37,120,48,0
"3553",96002.9620856,937.8729,292,31,775,171,100,63,132,70,0
"3554",96002.9634712,937.8743,233,-78,-6087,182,64,53,133,63,0
"3555",96002.9649721,937.8758,392,-70,-1717,218,59,77,101,51,0
"3556",96002.9685729,937.8794,195,-25,-4191,197,46,76,110,53,0
"3557",96002.9698441,937.8807,461,-104,-3738,225,26,53,77,47,0
"3558",96002.9714767,937.8823,417,-92,1073,233,34,64,80,61,0
"3559",96002.9727969,937.8836,743,33,-5716,223,-26,30,54,62,0
"3560",96002.9741355,937.885,996,36,-1326,238,-36,10,41,28,0
"3561",96002.9980763,937.9089,618,-10,-4260,242,-14,44,28,16,0
"3562",96002.9993175,937.9101,1036,-80,-2249,193,-17,60,19,15,0
"3563",96003.0005455,937.9114,712,-38,2122,155,22,87,11,59,0
"3564",96003.0264855,937.9373,644,-199,-3130,177,3,91,-30,74,0
"3565",96003.0279992,937.9388,424,-161,3765,168,6,106,-46,80,0
"3566",96003.0294354,937.9403,-152,-76,-2239,176,1,119,-24,41,0
"3567",96003.0647358,937.9756,180,-141,-255,183,-12,108,-48,46,0
"3568",96003.066089,937.9769,-25,-87,4583,162,-11,107,9,90,0
"3569",96003.0673129,937.9781,104,-105,-1624,177,-21,111,-13,122,0
"3570",96003.0689737,937.9798,251,-109,3154,204,-42,129,10,88,0
"3571",96003.070257,937.9811,117,-50,-745,214,-58,109,12,63,0
"3572",96003.0717989,937.9826,495,23,-2901,215,-77,84,-31,74,0
"3573",96003.1057887,938.0166,227,17,635,185,-43,58,-29,48,0
"3574",96003.1072575,938.0181,492,65,-4069,194,-63,51,-37,22,0
"3575",96003.1086915,938.0195,596,141,248,172,-61,66,-51,44,0
"3576",96003.136539,938.0474,392,102,-3888,170,-79,58,-90,48,0
"3577",96003.1379337,938.0488,614,-6,-1142,155,-108,68,-75,19,0
"3578",96003.1391875,938.05,166,33,1669,191,-86,49,-86,-8,0
"3579",96003.1769196,938.0877,341,75,-3577,213,-136,44,-98,-17,0
"3580",96003.1784671,938.0893,411,61,3197,200,-112,32,-93,-15,0
"3581",96003.179899,938.0907,127,-71,-99,170,-104,8,-63,15,0
"3582",96003.1813188,938.0921,494,-83,-724,177,-125,-2,-60,44,0
"3583",96003.1825985,938.0934,115,-102,1525,150,-90,-13,-35,-5,0
"3584",96003.1838486,938.0947,266,-66,-3848,209,-120,-7,-50,-32,0
"3585",96003.1854151,938.0962,446,114,2278,229,-113,-12,-23,-36,0
"3586",96003.186868,938.0977,381,191,-1031,210,-84,-25,-50,-17,0
"3587",96003.1882393,938.0991,673,85,-1591,200,-99,-2,-52,12,0
"3588",96003.2864137,938.1972,466,-14,1213,150,-67,12,-34,40,0
"3589",96003.2877862,938.1986,529,6,-3724,113,-71,10,-84,7,0
"3590",96003.2890849,938.1999,297,100,1354,116,-63,34,-100,21,0
"3591",96003.3028469,938.2137,238,117,-1809,108,-44,41,-96,10,0
"3592",96003.3041559,938.215,696,159,-964,78,-40,49,-85,29,0
"3593",96003.3053858,938.2162,275,218,2518,41,-35,37,-38,27,0
"3594",96003.3069594,938.2178,271,294,-1384,38,-21,25,-71,37,0
"3595",96003.308269,938.2191,361,492,5102,56,-21,16,-78,29,0
"3596",96003.3094918,938.2203,41,376,1546,78,-1,29,-89,80,0
"3597",96003.3110231,938.2218,444,421,293,78,-30,28,-92,101,0
"3598",96003.3124129,938.2232,188,310,3461,110,8,29,-54,99,0
"3599",96003.3137381,938.2246,109,199,-5238,147,25,42,-37,108,0
"3600",96003.4017449,938.3126,88,220,323,186,75,45,-40,86,0
"3601",96003.4033001,938.3141,-195,215,-3362,146,83,34,-33,52,0
"3602",96003.4049387,938.3158,235,89,-2834,130,48,0,-63,60,0
"3603",96003.4064253,938.3172,-121,116,1761,108,77,-30,-36,39,0
"3604",96003.4078131,938.3186,-12,79,-3835,92,47,-47,-42,40,0
"3605",96003.4092371,938.3201,105,118,-758,101,4,-34,-11,4,0
"3606",96003.4107774,938.3216,-158,126,-1948,107,2,-50,10,-8,0
"3607",96003.4120328,938.3229,292,209,-3387,114,5,-51,42,-37,0
"3608",96003.413278,938.3241,-149,300,-526,123,8,-14,69,-66,0
"3609",96003.4170801,938.3279,134,215,-4537,152,-17,-33,76,-76,0
"3610",96003.4189261,938.3298,357,86,1525,172,2,-31,61,-76,0
"3611",96003.4203192,938.3311,151,187,-3976,143,2,21,57,-60,0
"3612",96003.4219068,938.3327,369,35,-1705,189,-10,10,88,-49,0
"3613",96003.423233,938.3341,-56,119,3185,197,36,14,109,14,0
"3614",96003.4244837,938.3353,143,62,-2171,176,15,6,135,39,0
"3615",96003.4822168,938.393,98,78,2989,133,35,20,151,95,0
"3616",96003.4837577,938.3946,-133,55,496,130,78,13,118,114,0
"3617",96003.4851918,938.396,433,-28,-1207,156,67,46,104,122,0
"3618",96003.4867773,938.3976,147,-53,2291,132,90,16,103,123,0
"3619",96003.4880442,938.3989,261,136,-2960,87,50,-19,110,147,0
"3620",96003.4893479,938.4002,482,111,2849,69,68,-45,67,179,0
"3621",96003.4908679,938.4017,175,68,545,68,88,-12,14,183,0
"3622",96003.4922316,938.4031,607,101,-635,42,96,-19,17,177,0
"3623",96003.4934787,938.4043,459,125,251,81,96,-2,40,159,0
"3624",96003.4949203,938.4057,492,-21,-4683,117,67,-13,12,145,0
"3625",96003.4965268,938.4074,616,-57,1040,129,66,-15,17,137,0
"3626",96003.4978676,938.4087,105,-10,-2335,102,94,-3,25,147,0
"3627",96003.5157321,938.4266,517,-21,-1668,97,98,1,38,108,0
"3628",96003.5170644,938.4279,330,31,1277,115,117,-3,62,100,0
"3629",96003.5183533,938.4292,320,-24,-4508,125,73,4,59,87,0
"3630",96003.5731489,938.484,330,-78,1413,109,124,7,47,87,0
"3631",96003.5745668,938.4854,71,94,-3104,88,100,19,16,63,0
"3632",96003.5758312,938.4867,375,42,-5448,74,58,21,-8,52,0
"3633",96003.5833592,938.4942,4,85,-1608,91,66,32,-68,48,0
"3634",96003.5847294,938.4956,107,135,-4822,102,-5,8,-47,62,0
"3635",96003.5860578,938.4969,359,150,1967,116,-8,40,-12,50,0
"3636",96003.6259841,938.5368,125,254,-491,114,13,40,-41,45,0
"3637",96003.6275647,938.5384,388,230,-883,139,4,33,-27,63,0
"3638",96003.6290843,938.5399,142,330,2893,137,48,80,-13,68,0
"3639",96003.6305512,938.5414,-166,202,-2206,154,29,81,4,83,0
"3640",96003.6320446,938.5429,-182,231,4120,129,32,66,8,100,0
"3641",96003.6334759,938.5443,-104,219,-1372,100,77,44,13,111,0
"3642",96003.6349298,938.5458,272,130,-2616,71,78,42,28,94,0
"3643",96003.6362081,938.547,-134,245,1255,87,59,51,43,114,0
"3644",96003.6374714,938.5483,118,304,-5687,83,0,9,35,82,0
"3645",96003.6794824,938.5903,368,256,-906,71,42,-24,14,63,0
"3646",96003.6809014,938.5917,96,266,-3558,37,32,-53,2,38,0
"3647",96003.6821498,938.593,325,166,-2887,34,30,-15,-4,27,0
"3648",96003.6926117,938.6034,-46,333,2451,42,57,8,17,41,0
"3649",96003.6938793,938.6047,467,288,-3978,31,54,54,-29,37,0
"3650",96003.6951163,938.6059,660,296,-883,15,47,41,-41,25,0
"3651",96003.7227954,938.6336,176,332,-4412,-6,46,41,-71,13,0
"3652",96003.7302271,938.6411,729,300,-2508,6,25,44,-67,-3,0
"3653",96003.7317457,938.6426,550,82,2508,35,21,58,-44,8,0
"3654",96003.7332357,938.6441,621,-66,-4486,80,-32,36,-78,27,0
"3655",96003.734509,938.6453,400,-80,645,58,-31,12,-84,27,0
"3656",96003.7358171,938.6466,-192,-128,-3313,58,-10,22,-116,58,0
"3657",96003.802855,938.7137,65,-62,-2989,60,-27,11,-140,86,0
"3658",96003.8042342,938.7151,-28,119,832,72,2,-10,-147,59,0
"3659",96003.8055147,938.7163,53,231,-3615,73,-55,-29,-128,35,0
"3660",96003.806919,938.7177,326,297,4478,97,-23,-38,-127,71,0
"3661",96003.8081451,938.719,-46,142,2204,76,-20,-38,-95,145,0
"3662",96003.8094352,938.7203,-160,-11,-1862,74,-50,-107,-111,146,0
"3663",96003.8108428,938.7217,-398,-9,1460,82,-62,-154,-138,117,0
"3664",96003.8121035,938.7229,-389,-31,-3942,89,-60,-166,-135,81,0
"3665",96003.813382,938.7242,-295,-129,930,107,-54,-180,-137,86,0
"3666",96003.8429069,938.7537,-601,72,-2126,141,-47,-167,-110,90,0
"3667",96003.8444371,938.7553,28,274,-3614,141,-54,-169,-101,82,0
"3668",96003.8457105,938.7565,-615,409,1768,185,-45,-153,-70,127,0
"3669",96003.9198072,938.8306,-14,348,-3183,207,-88,-131,-60,135,0
"3670",96003.9212076,938.832,249,318,3080,187,-91,-95,-21,142,0
"3671",96003.9224914,938.8333,-117,168,828,175,-75,-67,10,124,0
"3672",96003.9363458,938.8472,278,78,997,188,-100,-37,-23,76,0
"3673",96003.9378113,938.8486,-384,155,2672,192,-38,-46,5,56,0
"3674",96003.9393621,938.8502,-467,174,-5853,171,-26,-46,-26,63,0
"3675",96003.9408317,938.8517,-227,205,511,169,-10,-65,-13,65,0
"3676",96003.942206,938.853,-452,131,-1672,137,13,-50,12,51,0
"3677",96003.9434629,938.8543,-161,77,-2786,144,34,-89,-11,55,0
"3678",96003.9450731,938.8559,-350,183,2225,172,51,-44,21,19,0
"3679",96003.946559,938.8574,-282,344,-4207,147,62,-16,-6,24,0
"3680",96003.9478187,938.8586,-394,418,1335,148,49,-11,51,48,0
"3681",96003.9493007,938.8601,-806,325,-2770,170,31,-27,64,51,0
"3682",96003.9505612,938.8614,-87,152,-1926,192,30,-24,48,43,0
"3683",96003.9518541,938.8627,-556,31,494,197,63,-23,59,40,0
"3684",96004.0115357,938.9224,-640,-66,-6806,164,55,12,32,44,0
"3685",96004.012923,938.9237,-527,242,-1856,154,87,25,32,17,0
"3686",96004.0142022,938.925,-616,308,-4914,156,76,27,-16,2,0
"3687",96004.0217202,938.9325,-94,290,-5183,166,7,-6,-55,-19,0
"3688",96004.0233865,938.9342,-309,164,611,170,-22,12,-87,-45,0
"3689",96004.0249393,938.9358,-117,33,-5787,204,-37,36,-106,-42,0
"3690",96004.0264014,938.9372,-124,-31,-1149,193,-46,34,-124,-47,0
"3691",96004.0277667,938.9386,-452,-84,-4117,187,-43,38,-121,-104,0
"3692",96004.0290402,938.9399,-1,-154,-4660,186,-72,17,-110,-121,0
"3693",96004.0489198,938.9597,-131,-299,1495,185,-84,3,-32,-115,0
"3694",96004.0503458,938.9612,-235,-323,-3338,169,-109,-2,-23,-88,0
"3695",96004.0519041,938.9627,-65,-206,1452,136,-90,-23,-13,-96,0
"3696",96004.1179278,939.0288,-311,-33,446,133,-99,-33,-7,-87,0
"3697",96004.1195902,939.0304,79,17,-707,136,-95,-41,-1,-107,0
"3698",96004.1209877,939.0318,118,25,1038,143,-75,-27,8,-86,0
"3699",96004.1226976,939.0335,415,-13,-3670,143,-77,-44,-78,-107,0
"3700",96004.1239689,939.0348,468,-20,809,144,-41,-33,-85,-56,0
"3701",96004.1255874,939.0364,-10,-105,-2107,168,-33,-44,-81,-81,0
"3702",96004.1275479,939.0384,304,-202,-2599,156,-69,-45,-81,-121,0
"3703",96004.1291086,939.0399,232,-213,1615,167,-19,-70,-91,-107,0
"3704",96004.1305433,939.0414,192,-317,-4483,181,-80,-103,-114,-98,0
"3705",96004.2204749,939.1313,357,-286,-80,175,-83,-58,-97,-119,0
"3706",96004.221995,939.1328,39,-290,-2330,159,-87,-25,-115,-135,0
"3707",96004.2233761,939.1342,335,-331,-3031,156,-98,-30,-89,-130,0
"3708",96004.224878,939.1357,106,-304,2586,168,-59,-48,-76,-124,0
"3709",96004.2266286,939.1375,122,-382,-4329,161,-62,-67,-87,-120,0
"3710",96004.2280154,939.1388,332,-402,-762,168,-88,-49,-84,-137,0
"3711",96004.2297495,939.1406,-25,-351,-1199,145,-122,-37,-66,-145,0
"3712",96004.2311697,939.142,183,-250,-1622,149,-159,-36,-42,-138,0
"3713",96004.2326733,939.1435,-184,-202,1692,127,-139,-28,-16,-136,0
"3714",96004.23424,939.1451,-379,-119,-2194,130,-139,-12,7,-99,0
"3715",96004.2357006,939.1465,-108,-80,4051,126,-120,-27,4,-59,0
"3716",96004.2405658,939.1514,-262,23,-489,147,-75,-27,-6,-54,0
"3717",96004.2422,939.153,69,-4,-759,120,-97,-52,-18,-32,0
"3718",96004.2435092,939.1543,-323,133,3216,110,-124,-60,-10,-48,0
"3719",96004.2450376,939.1559,-244,19,-3006,131,-165,-53,-21,-19,0
"3720",96004.3121866,939.223,-105,25,2550,141,-193,-66,-30,18,0
"3721",96004.320096,939.2309,-450,72,1029,135,-179,-76,-40,63,0
"3722",96004.3220236,939.2328,142,177,922,118,-203,-89,-46,52,0
"3723",96004.3234759,939.2343,32,274,4698,118,-166,-112,-37,57,0
"3724",96004.3248048,939.2356,76,256,-641,116,-185,-123,-39,59,0
"3725",96004.3260885,939.2369,150,82,5467,88,-229,-142,-20,77,0
"3726",96004.3275655,939.2384,-65,58,3362,60,-241,-125,-16,85,0
"3727",96004.3288532,939.2397,328,175,1548,33,-248,-114,-5,76,0
"3728",96004.3302937,939.2411,176,160,4216,-5,-180,-150,-8,105,0
"3729",96004.3522404,939.2631,229,25,-3109,-33,-173,-144,-16,104,0
"3730",96004.3536813,939.2645,424,20,1586,-3,-132,-146,12,97,0
"3731",96004.3552453,939.2661,129,207,-2197,14,-112,-138,58,78,0
"3732",96004.3566126,939.2674,400,95,-843,57,-136,-130,94,55,0
"3733",96004.3578852,939.2687,313,83,5225,50,-110,-117,82,86,0
"3734",96004.3590858,939.2699,322,59,-1434,55,-93,-120,80,72,0
"3735",96004.4110146,939.3218,574,118,4696,57,-61,-129,114,67,0
"3736",96004.4124773,939.3233,321,132,2497,55,-46,-99,134,79,0
"3737",96004.4154495,939.3263,620,-48,-284,56,-54,-59,126,81,0
"3738",96004.4169122,939.3277,349,68,5364,57,-50,-28,159,90,0
"3739",96004.418376,939.3292,463,189,-498,51,-46,-50,143,57,0
"3740",96004.4198085,939.3306,466,241,4840,63,-21,-52,132,70,0
"3741",96004.447705,939.3585,120,319,4270,53,29,-53,111,79,0
"3742",96004.4490961,939.3599,561,240,2637,88,4,-60,117,111,0
"3743",96004.4503528,939.3612,355,284,4595,88,23,-72,98,92,0
"3744",96004.4516425,939.3625,327,253,-2259,62,2,-71,94,62,0
"3745",96004.4531096,939.3639,372,261,3217,73,-9,-66,62,56,0
"3746",96004.4543883,939.3652,350,154,2078,95,16,-76,81,65,0
"3747",96004.5080343,939.4189,671,103,1603,113,8,-75,83,81,0
"3748",96004.5094587,939.4203,157,74,6282,94,46,-2,107,100,0
"3749",96004.5106908,939.4215,111,156,-621,96,13,13,85,130,0
"3750",96004.5243644,939.4352,340,129,5652,115,14,-31,65,151,0
"3751",96004.5257418,939.4366,264,116,3682,122,48,6,52,156,0
"3752",96004.5269736,939.4378,616,94,2630,148,44,-9,40,175,0
"3753",96004.5284206,939.4392,515,183,6346,123,29,-6,41,179,0
"3754",96004.5296712,939.4405,627,235,1414,110,37,-12,25,199,0
"3755",96004.5308507,939.4417,806,240,3380,128,34,-3,15,197,0
"3756",96004.5592291,939.4701,604,103,2598,127,2,-1,27,195,0
"3757",96004.5663514,939.4772,1006,161,2597,126,-46,-32,53,195,0
"3758",96004.567897,939.4787,807,213,5677,99,-6,-10,62,267,0
"3759",96004.5897539,939.5006,886,167,1123,100,-12,13,55,302,0
"3760",96004.5911967,939.502,954,231,6842,95,16,27,59,349,0
"3761",96004.5924903,939.5033,564,295,2499,82,36,52,47,355,0
"3762",96004.6647445,939.5756,893,114,595,62,4,29,46,349,0
"3763",96004.6661306,939.577,612,135,4143,52,28,40,53,355,0
"3764",96004.6676286,939.5785,509,136,-3755,47,38,34,32,287,0
"3765",96004.6873731,939.5982,776,316,-121,56,96,58,53,276,0
"3766",96004.6887321,939.5996,626,202,-1829,60,70,49,82,247,0
"3767",96004.6901982,939.601,1049,42,-4243,63,28,5,80,248,0
"3768",96004.7442361,939.6551,759,138,667,48,39,-5,74,237,0
"3769",96004.7468638,939.6577,915,333,-4978,84,25,-41,82,208,0
"3770",96004.7481954,939.659,958,334,-807,97,12,-33,84,204,0
"3771",96004.7495778,939.6604,667,230,-867,61,-3,-50,87,175,0
"3772",96004.7508362,939.6617,986,174,-1165,72,-7,-69,104,150,0
"3773",96004.7521149,939.6629,763,133,3748,114,19,-61,124,105,0
"3774",96004.7535463,939.6644,849,-6,-71,154,-8,-10,123,93,0
"3775",96004.7548154,939.6656,1036,-40,4509,133,17,-18,123,107,0
"3776",96004.7561384,939.667,769,23,717,137,54,-13,102,83,0
"3777",96004.7575148,939.6683,1006,-52,443,145,71,-25,115,36,0
"3778",96004.7587839,939.6696,719,4,5008,149,112,-41,131,34,0
"3779",96004.7601848,939.671,761,-79,-1743,127,91,-57,146,36,0
"3780",96004.7650817,939.6759,715,-131,4176,139,128,-63,175,65,0
"3781",96004.7664454,939.6773,300,-155,1283,126,177,-102,161,61,0
"3782",96004.7678158,939.6786,746,-226,-2088,123,177,-110,152,31,0
"3783",96004.7896273,939.7005,280,-372,3302,135,202,-108,162,12,0
"3784",96004.7909821,939.7018,277,-361,-1983,116,192,-90,135,5,0
"3785",96004.7922437,939.7031,533,-273,1941,91,170,-81,129,6,0
"3786",96004.8140099,939.7248,185,-259,-1997,62,161,-59,120,-17,0
"3787",96004.8153772,939.7262,481,-277,-2441,37,142,-72,96,-62,0
"3788",96004.8168633,939.7277,154,-350,1806,32,98,-46,141,-56,0
"3789",96004.8365947,939.7474,229,-256,-3194,45,66,-38,146,-56,0
"3790",96004.8379173,939.7487,415,-215,1695,69,92,-27,148,-10,0
"3791",96004.8392079,939.75,140,-222,-3309,47,104,5,164,6,0
"3792",96004.8646098,939.7754,506,-318,-4793,29,97,-49,153,24,0
"3793",96004.8719557,939.7828,402,-259,3105,58,102,-39,160,13,0
"3794",96004.8734095,939.7842,313,-181,-2711,20,88,-52,170,24,0
"3795",96004.8749465,939.7858,291,-335,896,-9,112,-56,199,79,0
"3796",96004.8762302,939.7871,139,-217,441,-17,99,-55,210,97,0
"3797",96004.8777116,939.7885,536,-298,-686,-24,80,-101,183,98,0
"3798",96004.9055949,939.8164,316,-98,1747,-15,99,-124,188,62,0
"3799",96004.9071096,939.8179,385,-131,-3865,-23,69,-136,180,70,0
"3800",96004.9083932,939.8192,487,-272,1489,-39,68,-177,181,70,0
"3801",96004.9100615,939.8209,67,-270,-418,-52,91,-203,191,57,0
"3802",96004.9113776,939.8222,469,-352,-3528,-61,49,-230,160,17,0
"3803",96004.9127289,939.8236,36,-398,52,-91,64,-228,169,8,0
"3804",96004.9407614,939.8516,-197,-416,-6301,-102,10,-206,145,34,0
"3805",96004.9421334,939.853,-163,-457,-207,-74,-8,-213,178,37,0
"3806",96004.9433824,939.8542,-333,-501,-4586,-43,-29,-191,180,36,0
"3807",96004.9751324,939.886,31,-385,-5023,-34,-94,-166,171,43,0
"3808",96004.9765863,939.8874,-162,-280,-1106,-13,-60,-144,184,57,0
"3809",96004.9779401,939.8888,-71,-303,-5211,-12,-17,-129,166,31,0
"3810",96005.0040457,939.9149,46,-329,2038,-44,-8,-138,156,28,0
"3811",96005.0054157,939.9162,-335,-380,935,-32,8,-82,129,19,0
"3812",96005.0067527,939.9176,39,-369,-1007,-17,-3,-103,93,4,0
"3813",96005.0083884,939.9192,134,-129,2934,-4,38,-94,89,-5,0
"3814",96005.0096588,939.9205,327,24,-4041,22,5,-84,105,-18,0
"3815",96005.010909,939.9217,377,-47,124,81,-18,-70,110,-25,0
"3816",96005.0369144,939.9477,-7,-98,-1078,84,-44,-89,134,-14,0
"3817",96005.0383444,939.9492,434,-384,-345,91,-96,-85,90,39,0
"3818",96005.0396605,939.9505,120,-305,2058,101,-91,-92,62,74,0
"3819",96005.0695355,939.9804,222,-226,-4951,135,-88,-87,4,57,0
"3820",96005.0709053,939.9817,413,-253,845,124,-41,-45,-16,21,0
"3821",96005.0721627,939.983,206,-237,-2330,120,-50,-36,-48,-10,0
"3822",95720.1502423,655.0611,506,104,-1672,-131,33,-104,52,405,0
"3823",95720.1516761,655.0625,97,-12,-604,-101,66,-38,80,401,0
"3824",95720.1529518,655.0638,330,-212,-3422,-110,70,-23,56,397,0
"3825",95720.1545444,655.0654,162,-235,3074,-111,129,-7,72,385,0
"3826",95720.155947,655.0668,-46,-292,-785,-90,117,-18,28,365,0
"3827",95720.157286,655.0681,382,-281,-413,-78,103,-43,65,355,0
"3828",95720.1587752,655.0696,-109,-206,432,-102,77,13,100,341,0
"3829",95720.160093,655.0709,4,-192,-4721,-80,58,1,89,295,0
"3830",95720.1613474,655.0722,133,-20,-351,-87,104,17,107,260,0
"3831",95720.1898074,655.1006,124,58,-2145,-85,106,13,102,252,0
"3832",95720.1912895,655.1021,238,132,615,-49,49,26,72,264,0
"3833",95720.1926313,655.1035,-515,24,-1231,-81,65,10,68,253,0
"3834",95720.2515356,655.1624,-291,-149,-5572,-94,54,-27,61,229,0
"3835",95720.2529947,655.1638,-281,-192,-927,-91,82,-14,42,172,0
"3836",95720.2543259,655.1652,-401,-272,-4766,-66,59,5,34,183,0
"3837",95720.2556647,655.1665,75,-243,-1799,-42,41,20,51,190,0
"3838",95720.2569278,655.1678,-38,-77,-383,-53,79,35,82,188,0
"3839",95720.2582633,655.1691,257,-125,-4066,-52,59,15,83,210,0
"3840",95720.2598869,655.1707,33,-76,1652,-26,90,22,98,228,0
"3841",95720.2613485,655.1722,-193,-177,-4076,-35,81,40,77,205,0
"3842",95720.2662075,655.177,231,-117,-2785,-58,49,64,90,168,0
"3843",95720.2678933,655.1787,97,122,-939,-74,71,46,90,151,0
"3844",95720.2692685,655.1801,298,146,-4489,-48,31,41,62,109,0
"3845",95720.2704992,655.1813,39,195,461,-30,21,17,104,95,0
"3846",95720.3164924,655.2273,-141,78,-2182,-56,-4,33,94,94,0
"3847",95720.3178778,655.2287,232,78,1095,-57,-29,47,89,114,0
"3848",95720.3191164,655.2299,-343,109,1260,-79,2,56,124,138,0
"3849",95720.3531116,655.2639,-208,-33,-1983,-114,-20,60,158,149,0
"3850",95720.3544149,655.2652,132,29,1380,-103,-15,65,160,148,0
"3851",95720.3556792,655.2665,-346,-83,-3576,-72,-12,90,123,139,0
"3852",95720.3588729,655.2697,20,-127,-2508,-82,-44,106,90,98,0
"3853",95720.3650716,655.2759,-214,-192,-1089,-70,-3,102,81,79,0
"3854",95720.3666474,655.2775,86,-276,-4074,-69,23,94,90,44,0
"3855",95720.368119,655.2789,-74,-121,828,-72,48,113,88,21,0
"3856",95720.3694494,655.2803,-192,-73,-2150,-76,81,117,85,-1,0
"3857",95720.370778,655.2816,122,-73,-1698,-86,68,73,87,18,0
"3858",95720.3886224,655.2994,-274,-95,455,-65,87,68,113,33,0
"3859",95720.3899436,655.3008,-72,-82,-4547,-32,65,55,138,16,0
"3860",95720.3916894,655.3025,-133,23,98,-37,76,56,124,37,0
"3861",95720.4641927,655.375,-336,-41,-3130,-75,94,59,141,10,0
"3862",95720.4656588,655.3765,-80,62,-331,-57,55,83,149,27,0
"3863",95720.469038,655.3799,-249,37,1030,-48,72,112,146,31,0
"3864",95720.5090314,655.4199,163,2,-3387,-28,50,94,102,21,0
"3865",95720.5103686,655.4212,201,205,2224,-15,29,62,78,12,0
"3866",95720.511566,655.4224,57,94,-1157,-55,22,68,66,-7,0
"3867",95720.5130342,655.4239,221,124,37,-67,35,43,33,-3,0
"3868",95720.5142505,655.4251,-102,67,2400,-70,80,35,56,-59,0
"3869",95720.5156294,655.4265,180,208,-2453,-63,-4,38,50,-86,0
"3870",95720.5170398,655.4279,359,411,2718,-36,9,28,34,-57,0
"3871",95720.5183345,655.4292,93,230,-701,-49,9,37,9,-47,0
"3872",95720.5196212,655.4304,294,116,206,-24,-20,26,20,-83,0
"3873",95720.5210345,655.4319,-120,135,3171,-14,-26,16,76,-90,0
"3874",95720.5223063,655.4331,-29,185,-1394,6,-57,14,53,-40,0
"3875",95720.5236014,655.4344,117,366,1784,18,-36,2,33,5,0
"3876",95720.553751,655.4646,-178,234,-1003,15,-45,3,14,7,0
"3877",95720.5551797,655.466,240,146,1216,11,-26,-41,38,28,0
"3878",95720.5566679,655.4675,29,187,1781,-3,22,-48,71,6,0
"3879",95720.5845266,655.4954,121,36,-1913,-22,-25,-53,66,-36,0
"3880",95720.5858221,655.4966,169,155,2585,-42,-43,-49,39,-47,0
"3881",95720.5871546,655.498,121,159,-3294,-46,-27,-91,5,-55,0
"3882",95720.6049282,655.5158,429,140,-2598,-68,-24,-97,-24,-55,0
"3883",95720.6062099,655.517,177,172,-1050,-86,5,-77,-29,-67,0
"3884",95720.6075442,655.5184,261,15,-4534,-81,-20,-106,-30,-43,0
"3885",95720.6092176,655.52,156,91,2135,-96,13,-114,-14,-34,0
"3886",95720.6104926,655.5213,-63,98,-2139,-91,34,-127,-19,-61,0
"3887",95720.6118064,655.5226,122,94,-1638,-86,7,-118,-46,-87,0
"3888",95720.6486486,655.5595,33,159,98,-99,29,-89,-54,-117,0
"3889",95720.6563523,655.5672,27,141,-3634,-79,-33,-72,-45,-108,0
"3890",95720.6577625,655.5686,170,150,1907,-73,-26,-55,-60,-134,0
"3891",95720.6775242,655.5883,-107,19,-1019,-63,-9,-34,-65,-106,0
"3892",95720.6790945,655.5899,254,-120,481,-16,-46,-23,-74,-85,0
"3893",95720.6804721,655.5913,-241,-99,1433,11,-49,-45,-70,-77,0
"3894",95720.7108612,655.6217,-233,-145,-2776,39,-64,-77,-83,-85,0
"3895",95720.7123489,655.6232,-59,-3,2605,35,-30,-71,-61,-94,0
"3896",95720.7135944,655.6244,-120,-48,-1481,53,-40,-32,-42,-96,0
"3897",95720.7151062,655.6259,138,-89,1142,62,-11,-42,-58,-101,0
"3898",95720.7165933,655.6274,-451,-67,2691,75,32,-34,-85,-91,0
"3899",95720.7178548,655.6287,-176,-94,-4268,53,34,-45,-118,-82,0
"3900",95720.74563,655.6565,-267,-45,1347,52,8,-38,-108,-112,0
"3901",95720.7473051,655.6581,-606,-166,-447,57,-8,-41,-108,-93,0
"3902",95720.7486471,655.6595,-378,-140,-82,40,-42,-48,-139,-67,0
"3903",95720.7500713,655.6609,-759,-24,2098,59,-41,-50,-145,-80,0
"3904",95720.7513034,655.6621,-280,-56,-412,62,-45,-44,-159,-38,0
"3905",95720.7525664,655.6634,345,83,4537,87,-56,-10,-114,-38,0
"3906",95720.8128176,655.7236,284,120,-307,61,-66,-42,-105,-52,0
"3907",95720.8141431,655.725,622,177,-314,29,-74,-54,-140,-80,0
"3908",95720.8154706,655.7263,127,211,892,18,-68,-56,-166,-79,0
"3909",95720.816934,655.7278,291,190,-2460,-9,-108,-94,-194,-114,0
"3910",95720.8181905,655.729,364,291,1779,23,-49,-87,-165,-114,0
"3911",95720.8195221,655.7303,150,173,-1663,28,-15,-92,-135,-112,0
"3912",95720.8209427,655.7318,484,87,343,35,-35,-63,-129,-101,0
"3913",95720.8222657,655.7331,277,70,3679,47,-46,-43,-110,-89,0
"3914",95720.8237397,655.7346,213,-112,-1887,56,-105,-68,-128,-73,0
"3915",95720.8521105,655.7629,213,-149,2368,50,-117,-66,-148,-63,0
"3916",95720.8549701,655.7658,-86,-27,-56,13,-103,-88,-142,-80,0
"3917",95720.8574281,655.7683,302,24,938,14,-99,-98,-119,-81,0
"3918",95720.917375,655.8282,230,178,4418,33,-33,-107,-129,-55,0
"3919",95720.9189418,655.8298,580,21,884,31,-22,-126,-134,-26,0
"3920",95720.920699,655.8315,673,40,4983,32,4,-137,-96,-6,0
"3921",95720.9223458,655.8332,455,29,1982,28,24,-160,-53,3,0
"3922",95720.9238947,655.8347,537,176,2588,54,9,-177,-33,29,0
"3923",95720.9252369,655.8361,263,314,3788,32,32,-148,-24,62,0
"3924",95720.9312567,655.8421,491,458,492,2,5,-161,-21,34,0
"3925",95720.9325604,655.8434,585,653,6035,18,34,-164,-9,46,0
"3926",95720.9338417,655.8447,429,669,1980,11,-15,-126,3,32,0
"3927",95720.9578943,655.8687,872,649,3619,-19,-22,-97,0,33,0
"3928",95720.9593551,655.8702,634,689,6719,-12,-3,-59,-10,35,0
"3929",95720.9606532,655.8715,720,509,368,11,-30,-42,-14,32,0
"3930",95720.9884957,655.8993,723,402,6086,7,27,-44,2,46,0
"3931",95720.9900209,655.9008,441,208,2987,11,41,-87,22,79,0
"3932",95720.9913284,655.9022,820,363,1930,1,38,-67,38,104,0
"3933",95721.0372894,655.9481,485,645,4274,0,76,-43,64,111,0
"3934",95721.0386787,655.9495,651,452,955,-12,65,-19,80,120,0
"3935",95721.0399528,655.9508,894,539,4209,-7,64,-39,115,139,0
"3936",95721.053644,655.9645,613,537,698,-7,75,-39,92,171,0
"3937",95721.0551983,655.966,735,534,902,10,99,-47,53,176,0
"3938",95721.0567039,655.9675,178,512,2203,15,160,-44,18,212,0
"3939",95721.0581521,655.969,76,376,-443,16,146,-65,17,218,0
"3940",95721.0595105,655.9703,183,450,5229,12,164,-83,24,224,0
"3941",95721.0607495,655.9716,94,616,971,11,180,-68,22,235,0
"3942",95721.0621902,655.973,576,559,2222,24,194,-41,46,265,0
"3943",95721.0634206,655.9742,224,387,3581,19,192,-19,46,266,0
"3944",95721.064867,655.9757,398,320,-2163,51,192,-27,30,281,0
"3945",95721.0928821,656.0037,697,555,2489,51,182,-45,68,293,0
"3946",95721.0941972,656.005,400,506,211,44,221,-3,90,295,0
"3947",95721.0954217,656.0062,702,461,-243,37,246,-12,110,260,0
"3948",95721.1232379,656.0341,394,466,3657,55,266,13,126,259,0
"3949",95721.124619,656.0354,452,398,-514,58,232,-6,126,279,0
"3950",95721.1258447,656.0367,590,366,3325,39,224,-3,85,258,0
"3951",95721.1333609,656.0442,335,317,1391,57,234,34,88,266,0
"3952",95721.1346148,656.0454,649,295,1538,70,203,53,94,261,0
"3953",95721.1358517,656.0467,408,468,1268,83,231,71,91,254,0
"3954",95721.1636787,656.0745,144,178,-4041,94,185,69,74,215,0
"3955",95721.1649382,656.0758,392,747,2037,90,164,60,80,208,0
"3956",95721.166194,656.077,65,720,-366,107,174,74,83,231,0
"3957",95721.1980802,656.1089,252,799,-514,115,158,50,99,250,0
"3958",95721.199557,656.1104,-39,794,1668,99,203,27,108,233,0
"3959",95721.200903,656.1117,323,701,-3040,100,186,22,101,203,0
"3960",95721.2345199,656.1453,215,532,2895,59,175,19,74,261,0
"3961",95721.2359513,656.1468,-389,290,-1896,53,194,-2,63,266,0
"3962",95721.2372854,656.1481,-205,87,-2043,49,197,-6,79,246,0
"3963",95721.2387059,656.1495,-587,118,844,40,213,-26,44,226,0
"3964",95721.2401252,656.1509,-378,-63,-3228,17,192,-46,23,212,0
"3965",95721.2415195,656.1523,-247,-238,2297,51,160,-23,45,231,0
"3966",95721.2613437,656.1722,-748,-363,-499,86,152,-63,28,221,0
"3967",95721.2630294,656.1739,-99,-373,-301,111,104,-52,24,226,0
"3968",95721.2644432,656.1753,-426,-226,463,85,76,-44,19,213,0
"3969",95721.2963264,656.2072,-522,-367,-4788,75,25,-93,25,179,0
"3970",95721.2978392,656.2087,-370,-230,1542,56,5,-72,6,186,0
"3971",95721.2993182,656.2101,-632,-165,-1588,32,23,-66,-4,152,0
"3972",95721.341419,656.2522,-326,-180,-1747,-7,32,-42,-58,137,0
"3973",95721.343056,656.2539,-902,-78,1414,-11,52,-46,-84,103,0
"3974",95721.3446126,656.2554,-795,-228,-3186,16,66,-37,-100,93,0
"3975",95721.3460686,656.2569,-589,-254,2259,45,85,-26,-118,121,0
"3976",95721.3473104,656.2581,-1006,-234,-1473,41,60,-7,-120,110,0
"3977",95721.3485789,656.2594,-742,-191,-2632,35,45,-25,-112,59,0
"3978",95721.3501316,656.261,-654,12,1323,19,61,-12,-119,10,0
"3979",95721.3516157,656.2624,-609,-123,-3188,53,53,0,-115,-14,0
"3980",95721.3531499,656.264,-474,-187,-437,48,62,-22,-90,-12,0
"3981",95721.3831182,656.2939,-754,-189,-2617,61,79,8,-72,-5,0
"3982",95721.3843953,656.2952,-344,-174,-1568,56,71,-2,-21,-2,0
"3983",95721.3856249,656.2964,-511,-38,211,57,88,0,-41,26,0
"3984",95721.3869812,656.2978,-445,-10,-2568,58,26,6,-31,53,0
"3985",95721.3882676,656.2991,-205,166,2236,18,4,39,-12,96,0
"3986",95721.3895389,656.3004,-251,297,-2571,0,9,16,-36,59,0
"3987",95721.4410247,656.3518,30,200,-3027,-3,9,-11,-18,18,0
"3988",95721.4432485,656.3541,-241,344,1478,-23,43,9,16,-47,0
"3989",95721.4456587,656.3565,-125,367,-3657,-16,23,8,33,-73,0
"3990",95721.4479615,656.3588,195,414,3014,-19,40,4,51,-73,0
"3991",95721.4498449,656.3607,-266,375,-96,0,30,3,34,-60,0
"3992",95721.4510706,656.3619,115,339,-1171,16,-5,22,35,-51,0
"3993",95721.4769492,656.3878,-110,429,2598,24,57,1,18,-48,0
"3994",95721.4783607,656.3892,128,166,-1107,-3,47,-26,-11,-49,0
"3995",95721.479631,656.3905,198,182,1069,-32,50,-20,-6,-58,0
"3996",95721.5519571,656.4628,-110,186,-869,-50,14,3,5,-46,0
"3997",95721.5533955,656.4642,220,297,-698,-67,19,-14,3,-53,0
"3998",95721.5546146,656.4654,-34,367,3076,-55,36,6,13,-20,0
"3999",95721.5559784,656.4668,132,197,-335,-37,27,0,48,-10,0
"4000",95721.5572459,656.4681,380,315,4325,-9,17,-23,35,-3,0
"4001",95721.5586101,656.4694,368,294,1528,-32,39,-11,29,38,0
"4002",95721.5603387,656.4712,602,353,566,-18,92,14,9,35,0
"4003",95721.5618573,656.4727,240,405,4661,-2,126,8,24,42,0
"4004",95721.5633058,656.4741,-280,272,-765,-1,86,-15,51,55,0
"4005",95721.5648289,656.4757,-277,425,2778,-6,99,-29,54,62,0
"4006",95721.5660831,656.4769,-489,377,-315,-39,109,-35,29,62,0
"4007",95721.5673069,656.4781,-173,374,-801,-41,122,-54,35,76,0
"4008",95721.5872723,656.4981,-401,492,2973,-36,125,-38,79,61,0
"4009",95721.5885586,656.4994,-395,407,-1557,-64,129,-13,82,51,0
"4010",95721.5898259,656.5007,-211,508,2714,-66,111,-15,78,68,0
"4011",95721.6694393,656.5803,-597,435,825,-63,123,36,62,119,0
"4012",95721.670716,656.5815,-131,467,1326,-39,95,41,29,133,0
"4013",95721.6719854,656.5828,-373,525,3845,-77,127,11,33,162,0
"4014",95721.6840147,656.5948,-366,338,-1002,-93,109,-4,91,150,0
"4015",95721.6852907,656.5961,-297,440,3620,-109,144,13,107,141,0
"4016",95721.6866139,656.5974,-411,550,573,-109,175,22,93,193,0
"4017",95721.6879969,656.5988,74,452,-1144,-114,158,5,99,200,0
"4018",95721.6892761,656.6001,-250,528,3609,-84,143,1,81,208,0
"4019",95721.6905328,656.6014,-283,464,-2096,-103,113,39,66,206,0
"4020",95721.6920909,656.6029,-41,525,1643,-92,121,59,77,217,0
"4021",95721.6933986,656.6042,-324,339,-1769,-99,128,65,96,214,0
"4022",95721.6948192,656.6056,28,260,-3545,-118,78,75,100,175,0
"4023",95721.7266926,656.6375,-145,386,668,-123,64,62,150,170,0
"4024",95721.7280488,656.6389,-44,236,-3827,-118,28,17,122,199,0
"4025",95721.7292965,656.6401,9,241,347,-125,2,10,97,200,0
"4026",95721.7873263,656.6982,-286,263,-2270,-102,2,-14,77,202,0
"4027",95721.7886207,656.6994,146,105,-3380,-99,-24,-34,53,196,0
"4028",95721.7898528,656.7007,-238,239,424,-89,29,-46,37,209,0
"4029",95721.7913521,656.7022,-279,265,-2896,-73,29,-76,33,168,0
"4030",95721.7927211,656.7035,-7,451,1313,-50,59,-86,36,164,0
"4031",95721.7939853,656.7048,-422,419,-1781,-81,60,-101,78,162,0
"4032",95721.7997681,656.7106,-81,313,-1416,-98,33,-126,57,172,0
"4033",95721.8014093,656.7122,-245,232,1977,-64,58,-115,68,178,0
"4034",95721.8026908,656.7135,-240,83,-3712,-97,33,-142,86,184,0
"4035",95721.804127,656.715,-148,34,93,-143,54,-118,102,152,0
"4036",95721.8053596,656.7162,-696,51,-3271,-145,62,-105,56,141,0
"4037",95721.8066211,656.7174,-439,96,-3703,-148,47,-112,52,148,0
"4038",95721.834486,656.7453,-325,398,1389,-153,35,-116,107,177,0
"4039",95721.8358382,656.7467,-137,234,-2325,-152,24,-108,144,198,0
"4040",95721.8371447,656.748,-48,353,-138,-131,49,-87,152,194,0
"4041",95721.8589395,656.7698,-371,337,-1122,-99,74,-72,152,137,0
"4042",95721.8603995,656.7712,235,260,-2969,-95,93,-73,157,121,0
"4043",95721.8616603,656.7725,-6,389,232,-99,114,-37,195,105,0
"4044",95721.8937044,656.8045,372,269,-2944,-55,88,-70,166,95,0
"4045",95721.8950797,656.8059,567,149,1731,-63,101,-63,139,75,0
"4046",95721.8963352,656.8072,405,186,-1178,-118,147,-76,133,40,0
"4047",95721.8979608,656.8088,876,200,-928,-117,109,-103,106,81,0
"4048",95721.899199,656.81,937,170,3788,-117,136,-75,114,122,0
"4049",95721.9006044,656.8114,813,190,-2466,-106,120,-81,113,137,0
"4050",95721.9538705,656.8647,984,193,1080,-119,116,-62,175,131,0
"4051",95721.9554051,656.8662,598,198,-1670,-113,158,-47,195,134,0
"4052",95721.9567067,656.8675,944,92,-3649,-100,137,-56,179,160,0
"4053",95721.9684351,656.8793,654,199,315,-120,131,-56,167,162,0
"4054",95721.9698657,656.8807,455,219,-5188,-133,129,-33,106,133,0
"4055",95721.9722317,656.8831,759,270,-966,-107,95,-34,110,102,0
"4056",95721.9736581,656.8845,557,308,-2688,-156,86,-44,105,106,0
"4057",95721.9749932,656.8858,1125,313,-3586,-151,36,-49,106,98,0
"4058",95721.9762832,656.8871,883,324,-244,-155,44,-15,136,51,0
"4059",95722.0032407,656.9141,756,166,-4857,-185,0,-54,140,-5,0
"4060",95722.0053987,656.9162,592,192,-884,-187,45,-30,158,-2,0
"4061",95722.0074805,656.9183,316,121,-1432,-156,80,-3,177,-1,0
"4062",95722.0354088,656.9462,767,88,-2510,-111,87,-1,182,-20,0
"4063",95722.0369637,656.9478,696,135,1980,-85,138,28,148,-9,0
"4064",95722.0383226,656.9491,707,12,-2331,-76,123,16,101,-21,0
"4065",95722.0785243,656.9893,642,29,826,-81,141,49,52,-15,0
"4066",95722.0844976,656.9953,484,12,-1616,-103,158,73,35,-34,0
"4067",95722.0857835,656.9966,849,65,-2795,-96,109,75,23,-38,0
"4068",95722.0872865,656.9981,397,287,1416,-64,152,49,40,-44,0
"4069",95722.0896511,657.0005,379,187,-4467,-63,165,44,26,-105,0
"4070",95722.0911824,657.002,617,199,-11,-77,170,43,-10,-131,0
"4071",95722.1150412,657.0259,289,65,-489,-77,174,38,-16,-130,0
"4072",95722.1172661,657.0281,771,-6,-1554,-54,163,25,-14,-146,0
"4073",95722.1186055,657.0294,452,150,1727,-48,173,-8,-3,-158,0
"4074",95722.1201575,657.031,590,83,-2195,-28,145,-18,-32,-159,0
"4075",95722.1214722,657.0323,460,180,2615,3,157,-1,-17,-144,0
"4076",95722.1227448,657.0336,49,82,-97,-27,179,13,-44,-150,0
"4077",95722.1832156,657.094,378,-81,-2919,5,125,28,-35,-179,0
"4078",95722.1848789,657.0957,317,-103,570,42,152,45,-41,-177,0
"4079",95722.1862321,657.0971,174,-147,-5009,43,174,25,-66,-223,0
"4080",95722.1876807,657.0985,599,-26,-1081,51,171,19,-48,-208,0
"4081",95722.1891057,657.0999,132,-107,-349,27,168,14,-24,-230,0
"4082",95722.190465,657.1013,422,-101,-3034,31,148,7,32,-229,0
"4083",95722.1919529,657.1028,32,20,1865,48,178,3,41,-201,0
"4084",95722.1932498,657.1041,-238,10,-1386,37,140,-5,21,-192,0
"4085",95722.1946275,657.1055,-45,191,1795,35,139,-32,53,-196,0
"4086",95722.2258384,657.1367,-402,251,-103,12,176,-34,32,-202,0
"4087",95722.2284035,657.1392,-9,333,-1151,30,139,-41,12,-180,0
"4088",95722.2297219,657.1405,-131,438,2473,54,179,-15,8,-163,0
"4089",95722.2554935,657.1663,-83,228,-2619,64,196,-38,-58,-154,0
"4090",95722.2568812,657.1677,283,145,1769,59,152,-43,-70,-132,0
"4091",95722.2581803,657.169,-12,65,905,27,150,-48,-20,-86,0
"4092",95722.2882076,657.199,413,86,112,63,125,-36,-26,-111,0
"4093",95722.2895553,657.2004,547,207,4444,114,128,-17,-15,-77,0
"4094",95722.2908403,657.2017,656,179,-1052,112,125,-54,-24,-65,0
"4095",95722.3354754,657.2463,667,253,3725,88,112,-21,-43,-41,0
"4096",95722.3369131,657.2477,270,271,1847,108,146,-14,-39,2,0
"4097",95722.3383869,657.2492,372,59,-1772,157,164,-30,-34,7,0
"4098",95722.3787482,657.2896,113,89,2284,135,187,-14,-36,44,0
"4099",95722.3801016,657.2909,219,-45,-2411,114,141,-42,-15,42,0
"4100",95722.3813655,657.2922,619,16,-8,140,128,-67,-9,0,0
"4101",95722.3828725,657.2937,256,-39,-1532,154,144,-75,-14,-12,0
"4102",95722.3885728,657.2994,711,-211,-3023,158,109,-67,6,-7,0
"4103",95722.3898527,657.3007,657,-14,-1246,134,75,-65,16,-14,0
"4104",95722.3913111,657.3021,577,-222,-6273,116,22,-34,2,-52,0
"4105",95722.3927018,657.3035,696,-268,-2208,95,5,-38,31,-55,0
"4106",95722.393996,657.3048,417,-208,-2086,66,10,-27,39,-60,0
"4107",95722.3954939,657.3063,741,-358,-3266,41,-13,-55,0,-50,0
"4108",95722.3968262,657.3077,577,-275,908,8,10,-7,-33,-39,0
"4109",95722.3982143,657.309,696,-319,-3472,14,23,20,-56,-22,0
"4110",95722.458107,657.3689,960,-214,1602,36,12,12,-66,9,0
"4111",95722.4595608,657.3704,623,-76,390,74,59,19,-90,30,0
"4112",95722.4609518,657.3718,815,-111,-2191,84,65,-22,-103,47,0
"4113",95722.4624268,657.3733,598,-124,3272,44,72,-13,-122,60,0
"4114",95722.4637044,657.3745,674,-259,-1994,14,42,-48,-118,18,0
"4115",95722.4651465,657.376,748,-304,1984,-17,44,-78,-158,-9,0
"4116",95722.4665848,657.3774,148,-256,-264,-23,52,-63,-158,-24,0
"4117",95722.4679552,657.3788,624,-211,-3207,-3,6,-63,-156,-57,0
"4118",95722.4692016,657.38,386,-137,1180,17,-14,-34,-123,-31,0
"4119",95722.4730327,657.3839,108,-172,-2654,51,-31,-65,-109,-60,0
"4120",95722.4743721,657.3852,364,-93,1926,44,4,-95,-90,-36,0
"4121",95722.4756705,657.3865,-296,107,-1083,-4,50,-73,-114,-92,0
"4122",95722.5224074,657.4332,-69,-44,-3528,0,28,-79,-93,-115,0
"4123",95722.5238392,657.4347,-291,31,641,27,65,-52,-88,-110,0
"4124",95722.5251629,657.436,-302,36,-3540,52,17,-5,-105,-48,0
"4125",95722.5569867,657.4678,220,121,-967,72,-12,7,-83,-35,0
"4126",95722.5583001,657.4691,-716,-110,-397,61,14,27,-59,-45,0
"4127",95722.5596935,657.4705,-505,-286,-3154,62,-5,17,-43,-44,0
"4128",95722.5611225,657.4719,-288,-210,262,37,-3,8,-54,-40,0
"4129",95722.5625806,657.4734,-628,-267,-3567,61,-34,-15,-60,-62,0
"4130",95722.5640629,657.4749,-418,-183,-748,76,-69,-2,-49,-65,0
"4131",95722.5655772,657.4764,-660,-41,-2155,65,-88,-6,-67,-59,0
"4132",95722.566868,657.4777,-225,-178,-3273,51,-77,-6,-78,-61,0
"4133",95722.5681693,657.479,-139,-49,1918,81,-40,-21,-50,-42,0
"4134",95722.5939745,657.5048,-373,-156,-2545,134,-40,-40,-32,-53,0
"4135",95722.5953029,657.5061,-30,-96,936,140,-31,-37,-16,-51,0
"4136",95722.5965529,657.5074,-183,-2,-1661,135,-19,-64,-31,-68,0
"4137",95722.6549428,657.5658,22,-112,-4121,150,-34,-37,7,-73,0
"4138",95722.6564171,657.5672,-118,-4,1338,158,-53,-13,62,-76,0
"4139",95722.6576714,657.5685,-193,-200,-3632,153,-68,-26,57,-128,0
"4140",95722.6634118,657.5742,60,-250,252,187,-62,-11,49,-138,0
"4141",95722.6646903,657.5755,-383,-505,123,170,-61,26,36,-119,0
"4142",95722.666049,657.5769,-255,-753,-4319,155,-105,14,9,-127,0
"4143",95722.6674281,657.5783,-387,-702,302,155,-34,9,-31,-109,0
"4144",95722.6688082,657.5796,-604,-776,-3182,135,-45,-41,-39,-146,0
"4145",95722.6700937,657.5809,-343,-575,-302,138,-50,-26,-47,-145,0
"4146",95722.697947,657.6088,-587,-335,-153,165,-82,-1,-69,-140,0
"4147",95722.6993799,657.6102,-285,-312,-1350,164,-106,-36,-106,-133,0
"4148",95722.7008606,657.6117,-227,-197,1765,175,-75,-34,-77,-87,0
"4149",95722.7328008,657.6436,-121,-140,-2585,153,-66,-55,-68,-47,0
"4150",95722.7342881,657.6451,78,-189,1356,135,-68,-33,-45,-59,0
"4151",95722.73594,657.6468,-244,-122,-1238,118,-62,-10,-51,-80,0
"4152",95722.766015,657.6768,35,-111,-3851,134,-37,-14,-60,-79,0
"4153",95722.7675358,657.6784,-204,25,1986,146,-30,-17,-56,-54,0
"4154",95722.7691536,657.68,-261,-6,-2858,115,-71,-26,-90,-66,0
"4155",95722.7707627,657.6816,174,-87,815,102,-92,-10,-86,-79,0
"4156",95722.7722114,657.683,-517,12,660,90,-86,30,-67,-66,0
"4157",95722.7736606,657.6845,12,-58,-1953,95,-68,47,-78,-82,0
"4158",95722.8016845,657.7125,-113,2,3325,81,-20,52,-57,-60,0
"4159",95722.8031977,657.714,-364,-75,-1625,47,-14,58,-60,-84,0
"4160",95722.8045851,657.7154,-80,-54,1489,29,-26,66,-60,-89,0
"4161",95722.8061503,657.717,-456,-34,110,-31,-65,83,-46,-117,0
"4162",95722.8075675,657.7184,-116,-142,-3162,-40,-115,92,-44,-156,0
"4163",95722.8090173,657.7198,-331,62,735,-18,-41,78,-68,-150,0
"4164",95722.8850455,657.7959,-616,-82,-2560,0,-38,106,-70,-134,0
"4165",95722.8865163,657.7973,-390,40,1157,-2,-43,84,-78,-144,0
"4166",95722.887862,657.7987,-619,78,1362,10,-54,81,-75,-128,0
"4167",95722.8893364,657.8002,-426,152,-1099,23,-85,63,-76,-115,0
"4168",95722.8906119,657.8014,-976,244,4245,17,-90,61,-58,-121,0
"4169",95722.8920146,657.8028,-643,122,-1382,23,-128,45,-21,-92,0
"4170",95722.8935882,657.8044,-175,97,923,21,-120,2,-9,-104,0
"4171",95722.8992413,657.8101,-312,-6,2140,53,-87,-9,30,-92,0
"4172",95722.9057458,657.8166,-22,-118,-528,54,-142,1,44,-100,0
"4173",95722.9236557,657.8345,-346,-61,3927,85,-101,-8,28,-61,0
"4174",95722.9249996,657.8358,-445,-200,-2562,98,-77,0,19,-68,0
"4175",95722.9265816,657.8374,-112,-213,-1073,112,-90,0,43,-65,0
"4176",95722.9484554,657.8593,-675,-234,707,98,-95,-10,47,-45,0
"4177",95722.9499678,657.8608,-355,-421,-1997,67,-115,-7,38,-5,0
"4178",95722.9512887,657.8621,-518,-420,1043,54,-76,-14,71,30,0
"4179",95723.0154213,657.9262,-649,-471,-3192,30,-57,-29,77,64,0
"4180",95723.0167576,657.9276,-25,-322,495,57,-45,-7,78,71,0
"4181",95723.0184244,657.9292,-242,-77,1099,49,-62,-20,53,61,0
"4182",95723.0201749,657.931,-121,-48,-1753,32,-81,-19,51,63,0
"4183",95723.0215931,657.9324,-105,122,1986,14,-34,-15,43,74,0
"4184",95723.0229523,657.9338,-260,-65,-3338,19,-15,-1,31,83,0
"4185",95723.0245084,657.9353,73,18,-1251,39,-12,-20,49,93,0
"4186",95723.026327,657.9372,-122,34,-2,45,0,-44,49,120,0
"4187",95723.0275852,657.9384,155,-46,-3176,56,12,-63,40,131,0
"4188",95723.0555606,657.9664,-8,69,563,83,15,-74,25,162,0
"4189",95723.0569219,657.9677,-158,50,-4148,93,6,-58,6,137,0
"4190",95723.0582594,657.9691,151,265,-1390,104,-8,-69,-4,149,0
"4191",95723.1201604,658.031,-184,225,-28,104,-27,-86,28,167,0
"4192",95723.1216664,658.0325,-63,38,-3781,81,-70,-104,21,177,0
"4193",95723.1231551,658.034,42,22,1192,87,-66,-105,24,216,0
"4194",95723.1247808,658.0356,-383,-90,-1843,85,-67,-143,30,237,0
"4195",95723.126096,658.0369,-103,-55,1325,75,-67,-160,47,243,0
"4196",95723.1275544,658.0384,-337,-14,1652,66,-68,-172,62,271,0
"4197",95723.1290579,658.0399,-139,-114,-2615,58,-119,-169,59,270,0
"4198",95723.1304172,658.0412,-224,-31,1767,24,-107,-132,26,281,0
"4199",95723.1318863,658.0427,-282,-67,-2677,0,-108,-116,33,283,0
"4200",95723.1332253,658.044,141,-68,911,22,-110,-99,54,262,0
"4201",95723.1347171,658.0455,-63,-167,1633,45,-105,-76,89,275,0
"4202",95723.1360186,658.0468,255,-221,-1584,57,-134,-65,74,288,0
"4203",95723.2040998,658.1149,96,-136,2916,103,-77,-37,66,315,0
"4204",95723.206313,658.1171,-188,-226,-3673,77,-96,-6,54,314,0
"4205",95723.2076532,658.1185,158,-225,-1979,84,-92,-18,59,332,0
"4206",95723.2090154,658.1198,-177,-145,-2145,31,-88,-38,44,319,0
"4207",95723.2146714,658.1255,34,-228,-3785,29,-108,-78,13,279,0
"4208",95723.2160731,658.1269,99,-83,832,80,-101,-62,4,250,0
"4209",95723.2175727,658.1284,-155,-57,-3245,72,-99,-64,-2,222,0
"4210",95723.2189687,658.1298,260,164,-390,111,-102,-69,4,210,0
"4211",95723.220224,658.131,-179,166,-347,108,-43,-51,28,191,0
"4212",95723.2216479,658.1325,236,66,-2123,96,-32,-47,21,179,0
"4213",95723.2229532,658.1338,112,131,3039,61,-20,-13,-3,195,0
"4214",95723.2242154,658.135,-113,119,-2212,74,-36,-42,1,214,0
"4215",95723.3043149,658.2151,336,77,-1084,75,-28,-34,56,192,0
"4216",95723.3057507,658.2166,-139,23,-1100,98,-19,-9,89,163,0
"4217",95723.3070805,658.2179,101,31,-4943,86,-30,-11,74,134,0
"4218",95723.3085988,658.2194,278,210,2207,92,-46,11,83,130,0
"4219",95723.309903,658.2207,106,303,-1868,115,-54,41,99,141,0
"4220",95723.3113198,658.2221,452,309,807,122,-90,47,113,167,0
"4221",95723.3127389,658.2236,263,263,975,124,-76,14,112,134,0
"4222",95723.3142276,658.2251,676,137,-1937,128,-85,2,110,128,0
"4223",95723.31579,658.2266,576,239,1151,128,-60,18,91,102,0
"4224",95723.3172027,658.228,300,87,-2774,110,-89,21,79,66,0
"4225",95723.3184548,658.2293,410,82,34,137,-98,1,42,43,0
"4226",95723.3244397,658.2353,-150,85,350,162,-72,-17,63,26,0
"4227",95723.3502609,658.2611,-153,-97,-2096,190,-108,-31,72,7,0
"4228",95723.351625,658.2624,-64,18,2215,157,-92,-64,70,58,0
"4229",95723.3531426,658.264,-337,195,-3118,143,-86,-67,30,68,0
"4230",95723.4011226,658.3119,68,236,-1587,107,-90,-72,20,58,0
"4231",95723.4024533,658.3133,-423,224,-1558,101,-76,-48,10,83,0
"4232",95723.4037149,658.3145,-69,198,-4291,92,-120,-35,4,76,0
"4233",95723.4050589,658.3159,-101,420,1384,123,-90,-28,15,46,0
"4234",95723.4062865,658.3171,-229,314,-2432,140,-73,-22,54,33,0
"4235",95723.4075192,658.3183,222,296,-1743,112,-110,4,52,46,0
"4236",95723.4111466,658.322,82,451,-152,91,-100,8,21,19,0
"4237",95723.4124998,658.3233,195,323,-3372,74,-119,-15,9,18,0
"4238",95723.4137735,658.3246,159,537,1242,43,-115,-26,7,34,0
"4239",95723.4385063,658.3493,-191,466,-1566,26,-154,-13,-12,59,0
"4240",95723.4399303,658.3508,125,333,914,13,-171,-43,5,90,0
"4241",95723.441205,658.352,-213,243,2101,25,-172,-44,51,126,0
"4242",95723.5095857,658.4204,-401,1,-2079,46,-193,-39,53,126,0
"4243",95723.5111416,658.422,-141,89,1187,82,-193,-6,46,135,0
"4244",95723.5124749,658.4233,-65,53,-3917,80,-165,3,85,89,0
"4245",95723.5140482,658.4249,213,-9,-212,68,-124,-1,68,71,0
"4246",95723.5153839,658.4262,22,132,1673,88,-71,33,71,89,0
"4247",95723.5166839,658.4275,153,144,-2262,102,-110,46,55,89,0
"4248",95723.5181414,658.429,-128,313,1365,105,-83,35,92,96,0
"4249",95723.5194521,658.4303,-490,313,-1984,79,-101,41,65,131,0
"4250",95723.5208301,658.4317,-115,352,394,32,-72,57,38,79,0
"4251",95723.5406901,658.4515,-294,321,2291,27,-33,75,23,65,0
"4252",95723.5420946,658.4529,-270,218,-1342,25,-3,60,14,60,0
"4253",95723.5433771,658.4542,-368,324,2339,29,2,47,-7,63,0
"4254",95723.5712343,658.4821,-357,123,-884,0,22,40,-12,46,0
"4255",95723.5726404,658.4835,102,302,-89,-41,47,42,28,52,0
"4256",95723.5738828,658.4847,-333,254,538,-14,79,53,18,76,0
"4257",95723.620701,658.5315,-81,65,-2850,-31,91,24,-2,74,0
"4258",95723.6220958,658.5329,-170,131,1058,-32,114,26,9,101,0
"4259",95723.6233715,658.5342,-218,96,-4281,-15,89,33,-10,94,0
"4260",95723.6390281,658.5499,165,147,-1486,-10,88,66,-4,104,0
"4261",95723.6402913,658.5511,-121,135,-57,6,129,81,14,78,0
"4262",95723.6415353,658.5524,161,44,-5632,-3,101,76,28,46,0
"4263",95723.643031,658.5539,32,139,-1115,22,99,78,9,27,0
"4264",95723.6442865,658.5551,-13,7,-4028,45,104,79,0,21,0
"4265",95723.6457256,658.5566,345,-131,-1507,57,91,88,-13,26,0
"4266",95723.6756945,658.5865,-259,-5,265,67,84,93,-37,40,0
"4267",95723.6775419,658.5884,19,128,-4238,59,28,81,-54,25,0
"4268",95723.6799745,658.5908,52,215,-549,89,57,86,-21,25,0
"4269",95723.7099058,658.6207,-205,87,-4398,58,61,68,-17,41,0
"4270",95723.7113519,658.6222,262,83,-502,45,13,53,-17,40,0
"4271",95723.7126171,658.6234,-104,188,1943,95,4,32,-40,45,0
"4272",95723.7140396,658.6249,-50,1,-2831,100,11,42,-13,56,0
"4273",95723.7154154,658.6262,104,90,812,100,26,50,-23,50,0
"4274",95723.7167597,658.6276,-7,52,-3784,88,54,33,-27,45,0
"4275",95723.7202668,658.6311,488,86,-1522,86,46,44,-34,39,0
"4276",95723.7215583,658.6324,66,201,1519,70,89,47,-36,58,0
"4277",95723.72283,658.6337,275,75,-2031,98,63,36,10,37,0
"4278",95723.8188359,658.7297,29,105,2374,81,76,35,7,100,0
"4279",95723.8242688,658.7351,-18,118,-1443,118,93,53,-13,125,0
"4280",95723.8254943,658.7363,508,236,-460,71,113,28,-42,127,0
"4281",95723.8268491,658.7377,182,297,1488,101,116,11,-40,129,0
"4282",95723.8282806,658.7391,244,137,-1999,87,81,9,-43,136,0
"4283",95723.8295084,658.7403,319,77,3532,86,97,8,-56,140,0
"4284",95723.8309178,658.7417,35,37,-529,88,123,21,-68,170,0
"4285",95723.8322613,658.7431,419,24,248,52,106,21,-83,158,0
"4286",95723.8335446,658.7444,133,88,2027,36,128,39,-103,147,0
"4287",95723.8349582,658.7458,286,90,-779,13,90,56,-103,144,0
"4288",95723.8363893,658.7472,279,123,4050,0,96,66,-97,178,0
"4289",95723.8376496,658.7485,160,101,-187,62,83,60,-81,146,0
"4290",95723.8917652,658.8026,489,223,-161,57,73,12,-67,129,0
"4291",95723.8932152,658.804,359,208,1315,67,76,-28,-55,100,0
"4292",95723.8946673,658.8055,474,-143,-2876,60,33,-47,-35,32,0
"4293",95723.9113005,658.8221,596,-76,3777,68,25,-61,21,31,0
"4294",95723.9125568,658.8234,440,-111,614,89,21,-42,7,37,0
"4295",95723.9138946,658.8247,647,-62,585,97,-11,-7,-15,94,0
"4296",95723.9151876,658.826,52,16,1995,64,23,-2,-15,116,0
"4297",95723.9163869,658.8272,107,-63,-317,88,-13,-37,-8,131,0
"4298",95723.9176623,658.8285,118,55,3391,67,6,-38,27,162,0
"4299",95723.9189263,658.8298,-2,202,-1514,43,16,-30,11,160,0
"4300",95723.9203115,658.8311,372,286,-828,43,4,-30,-8,124,0
"4301",95723.9216115,658.8324,-30,276,-340,47,15,-36,6,90,0
"4302",95723.9535632,658.8644,265,241,-4188,53,-2,-5,-26,28,0
"4303",95723.9549275,658.8658,563,352,2795,87,-13,22,-24,36,0
"4304",95723.9562091,658.867,36,407,-19,61,-12,19,-36,52,0
"4305",95724.0184788,658.9293,148,481,1586,75,11,0,-43,56,0
"4306",95724.0198781,658.9307,-48,419,3928,80,20,-36,-39,57,0
"4307",95724.0213007,658.9321,57,247,-1771,41,19,-91,-58,19,0
"4308",95724.0228102,658.9336,78,341,4549,42,7,-56,-47,59,0
"4309",95724.024195,658.935,-134,469,1234,52,-20,-2,-54,45,0
"4310",95724.025645,658.9365,250,358,2120,47,8,13,-63,40,0
"4311",95724.0313308,658.9422,-5,407,2229,16,48,16,-98,22,0
"4312",95724.0326797,658.9435,138,222,-2872,15,-2,-2,-124,10,0
"4313",95724.0340139,658.9448,252,172,2109,22,16,-6,-126,18,0
"4314",95724.035469,658.9463,232,161,-509,-5,28,7,-127,3,0
"4315",95724.0367489,658.9476,648,165,1236,-22,-8,22,-85,-2,0
"4316",95724.0427819,658.9536,131,207,2142,-25,13,26,-63,5,0
"4317",95724.0586048,658.9694,328,173,-2372,-17,-3,29,-68,5,0
"4318",95724.0599844,658.9708,461,175,2326,28,30,6,-73,33,0
"4319",95724.0612882,658.9721,150,233,-2836,25,104,-35,-74,17,0
"4320",95724.1250852,659.0359,564,477,-364,38,131,-48,-54,-5,0
"4321",95724.1265522,659.0374,289,461,3028,29,132,-25,-77,-8,0
"4322",95724.1281539,659.039,283,470,-3889,11,98,-22,-103,10,0
"4323",95724.1298589,659.0407,428,564,1003,-17,123,-18,-97,46,0
"4324",95724.1313098,659.0421,300,429,-515,-44,133,-58,-86,38,0
"4325",95724.1325585,659.0434,561,346,-329,-50,114,-73,-66,54,0
"4326",95724.1341506,659.045,-247,252,2376,-42,141,-62,-46,103,0
"4327",95724.1354859,659.0463,-400,90,-3064,-37,133,-63,-91,70,0
"4328",95724.1369606,659.0478,161,143,1131,-37,157,-68,-103,19,0
"4329",95724.1669678,659.0778,102,123,-993,-24,136,-57,-108,3,0
"4330",95724.1685583,659.0794,524,79,1519,0,112,-66,-84,8,0
"4331",95724.1706308,659.0815,16,108,3472,-6,106,-51,-85,50,0
"4332",95724.2168075,659.1276,219,121,-581,-24,83,-15,-80,50,0
"4333",95724.2182106,659.129,271,357,5186,-46,61,5,-59,63,0
"4334",95724.2194921,659.1303,-130,455,827,-44,59,11,-66,92,0
"4335",95724.2516211,659.1624,411,429,-377,-42,37,-20,-31,72,0
"4336",95724.2529723,659.1638,184,629,679,-13,92,-3,-7,42,0
"4337",95724.254227,659.1651,208,433,-4344,1,72,28,-32,-27,0
"4338",95724.2556903,659.1665,366,345,101,-43,107,50,-62,-87,0
"4339",95724.2569635,659.1678,-11,179,-2320,-24,129,79,-111,-102,0
"4340",95724.2582526,659.1691,272,174,-3489,-11,107,49,-117,-120,0
"4341",95724.2597429,659.1706,-190,205,1030,-22,108,19,-89,-113,0
"4342",95724.2610025,659.1718,-118,135,-2221,-29,95,-3,-90,-88,0
"4343",95724.2675755,659.1784,-50,122,2325,-14,124,12,-97,-63,0
"4344",95724.2853329,659.1962,-332,1,-939,43,161,26,-105,-29,0
"4345",95724.2866665,659.1975,327,103,-942,22,171,-17,-112,-9,0
"4346",95724.2879178,659.1987,6,114,1158,8,185,-42,-131,7,0
"4347",95724.3524891,659.2633,146,-139,-3098,0,168,-45,-136,24,0
"4348",95724.3542143,659.265,269,15,1567,-25,159,-73,-128,14,0
"4349",95724.3556034,659.2664,211,148,-1383,-24,147,-51,-126,-7,0
"4350",95724.3570391,659.2679,496,343,-1298,-3,158,-55,-138,-10,0
"4351",95724.3582845,659.2691,163,432,91,-9,194,-12,-85,26,0
"4352",95724.3641875,659.275,405,330,-4823,9,209,-13,-39,64,0
"4353",95724.3656371,659.2765,641,351,1498,-7,223,-51,-29,71,0
"4354",95724.3690077,659.2798,189,193,-2463,-30,206,-62,-35,60,0
"4355",95724.3703417,659.2812,436,70,-2348,-15,168,-76,-43,65,0
"4356",95724.3902052,659.301,270,161,-173,6,180,-41,1,48,0
"4357",95724.3916314,659.3025,389,90,-4151,-9,135,-23,1,5,0
"4358",95724.3929224,659.3037,425,146,-571,-18,142,-5,11,-26,0
"4359",95724.4286673,659.3395,-153,40,-2200,-38,165,-10,44,-41,0
"4360",95724.4300931,659.3409,-94,-28,-1057,-27,173,-17,52,-44,0
"4361",95724.4314247,659.3422,-102,-41,2320,-34,158,5,65,-59,0
"4362",95724.432795,659.3436,22,63,-3144,-39,129,-18,102,-44,0
"4363",95724.4340245,659.3448,142,239,3475,21,143,-23,108,-36,0
"4364",95724.4352223,659.346,-15,233,-1223,-5,116,-41,101,-47,0
"4365",95724.4652689,659.3761,534,254,-649,-33,108,-79,83,-10,0
"4366",95724.4667774,659.3776,41,202,1718,-33,116,-58,99,60,0
"4367",95724.4680527,659.3789,65,171,-3279,-19,108,-39,71,67,0
"4368",95724.4695407,659.3804,377,268,1106,-1,117,-5,85,58,0
"4369",95724.4708946,659.3817,210,165,-994,2,90,3,79,49,0
"4370",95724.4723333,659.3832,636,52,-2948,12,65,-9,103,31,0
"4371",95724.5042906,659.4151,414,45,738,55,77,28,78,23,0
"4372",95724.5057027,659.4165,454,-212,-3367,77,36,12,78,60,0
"4373",95724.507469,659.4183,355,-80,-353,70,25,30,94,62,0
"4374",95724.544292,659.4551,197,21,-1818,74,25,60,84,28,0
"4375",95724.5465692,659.4574,444,72,-1153,60,-31,78,66,10,0
"4376",95724.5486452,659.4595,361,140,271,35,-31,29,42,-2,0
"4377",95724.5505341,659.4614,357,150,-4271,39,-36,-8,46,28,0
"4378",95724.5518501,659.4627,505,309,128,41,-21,-14,9,5,0
"4379",95724.5530446,659.4639,-102,271,-2721,13,-3,29,-9,-19,0
"4380",95724.5847334,659.4956,431,254,-1934,10,-34,44,10,-9,0
"4381",95724.5861276,659.497,234,361,1789,16,-1,81,-1,51,0
"4382",95724.5874195,659.4982,303,317,-2461,17,-35,75,-6,73,0
"4383",95724.6353872,659.5462,504,332,3171,-1,-9,57,6,104,0
"4384",95724.636839,659.5477,233,363,604,-43,-11,101,26,103,0
"4385",95724.6382689,659.5491,516,249,-134,-36,-18,127,4,104,0
"4386",95724.6438895,659.5547,197,199,2223,-25,14,139,19,60,0
"4387",95724.6453652,659.5562,-10,132,-1572,-51,-13,158,-5,58,0
"4388",95724.6471044,659.5579,410,328,2002,-35,10,197,27,81,0
"4389",95724.6528781,659.5637,175,253,1400,-49,21,199,38,70,0
"4390",95724.6541378,659.565,465,266,1165,-76,-6,182,54,92,0
"4391",95724.6553658,659.5662,448,379,1884,-67,22,191,39,99,0
"4392",95724.656879,659.5677,284,341,-3065,-35,41,176,-15,128,0
"4393",95724.65827,659.5691,384,273,378,-14,56,185,-43,156,0
"4394",95724.6595315,659.5704,7,175,-2711,-10,62,132,-53,143,0
"4395",95724.6856307,659.5965,307,124,-546,-8,60,117,-45,107,0
"4396",95724.6871147,659.5979,168,176,1856,10,96,117,-6,107,0
"4397",95724.688424,659.5992,118,-6,-4286,19,87,113,-10,46,0
"4398",95724.7505023,659.6613,165,107,1155,17,149,134,-6,-13,0
"4399",95724.752036,659.6629,-236,170,453,35,191,119,15,3,0
"4400",95724.753484,659.6643,140,155,-1304,73,139,108,39,-8,0
"4401",95724.756945,659.6678,-177,190,1804,78,126,108,66,-11,0
"4402",95724.7583663,659.6692,-15,122,-3508,50,100,81,54,-8,0
"4403",95724.7596832,659.6705,167,155,-49,2,39,116,30,-19,0
"4404",95724.7610558,659.6719,-8,195,-1709,6,13,116,16,-26,0
"4405",95724.7624309,659.6733,204,247,-2662,16,-47,84,24,-37,0
"4406",95724.7637321,659.6746,42,286,1520,56,-54,98,7,-25,0
"4407",95724.7935658,659.7044,90,15,-2053,12,-60,126,-26,-21,0
"4408",95724.7949418,659.7058,478,240,2385,2,-43,122,-40,-7,0
"4409",95724.7962049,659.707,-63,223,-842,21,-29,129,-53,-3,0
"4410",95724.8200074,659.7308,200,93,-924,38,-57,96,-91,-44,0
"4411",95724.8215116,659.7323,120,160,3381,41,-26,96,-76,-47,0
"4412",95724.8227936,659.7336,65,122,-3694,63,-35,96,-79,-23,0
"4413",95724.8484615,659.7593,-13,188,2085,64,-25,64,-98,-65,0
"4414",95724.8498435,659.7607,-201,89,1687,77,-17,55,-97,-32,0
"4415",95724.8510763,659.7619,-1,68,508,72,-25,24,-53,-14,0
"4416",95724.8526786,659.7635,-418,176,3253,70,-4,27,-31,-4,0
"4417",95724.8540188,659.7648,-179,163,-1475,105,24,52,-24,-17,0
"4418",95724.8579095,659.7687,52,165,2156,93,20,22,-29,-14,0
"4419",95724.8833998,659.7942,-540,97,833,62,31,2,-50,-48,0
"4420",95724.8847442,659.7956,-259,66,118,77,16,-58,-70,-75,0
"4421",95724.8859839,659.7968,-463,201,2578,62,21,-50,-78,-57,0
"4422",95724.9159719,659.8268,-373,163,-452,93,-16,-67,-80,-54,0
"4423",95724.9173749,659.8282,-45,247,5035,114,-27,-78,-76,-51,0
"4424",95724.9187428,659.8296,-526,322,1692,109,-38,-114,-111,-45,0
"4425",95724.9712401,659.8821,-75,183,557,154,-81,-124,-101,-40,0
"4426",95724.9726577,659.8835,-307,269,3061,138,-83,-163,-65,-44,0
"4427",95724.9740286,659.8849,79,158,-3261,119,-107,-179,-87,-53,0
"4428",95724.9856811,659.8965,270,25,1145,115,-136,-186,-118,-90,0
"4429",95724.9869474,659.8978,77,46,-509,92,-112,-220,-160,-141,0
"4430",95724.9882342,659.8991,323,1,-1368,89,-114,-190,-152,-141,0
"4431",95724.9896801,659.9005,85,168,3804,109,-71,-205,-130,-156,0
"4432",95724.9911193,659.9019,-123,83,-1561,125,-90,-202,-122,-162,0
"4433",95724.9923668,659.9032,86,215,1313,144,-83,-185,-136,-184,0
"4434",95724.9938342,659.9047,27,128,128,134,-91,-203,-124,-190,0
"4435",95724.9951868,659.906,481,37,-903,133,-155,-223,-122,-194,0
"4436",95724.9964494,659.9073,248,146,1791,99,-130,-212,-129,-177,0
"4437",95725.0478454,659.9587,128,41,-3856,70,-123,-239,-169,-213,0
"4438",95725.0493149,659.9601,543,60,1613,57,-100,-230,-177,-211,0
"4439",95725.0506189,659.9614,198,-31,60,59,-142,-214,-175,-225,0
"4440",95725.0724052,659.9832,24,3,-1283,53,-163,-214,-157,-226,0
"4441",95725.0738729,659.9847,-129,212,1538,54,-118,-204,-134,-217,0
"4442",95725.0752499,659.9861,131,106,-3662,53,-128,-220,-132,-239,0
"4443",95725.076761,659.9876,152,133,2282,57,-166,-209,-97,-223,0
"4444",95725.0782359,659.9891,-360,279,199,21,-170,-223,-110,-202,0
"4445",95725.0796005,659.9904,156,343,-1815,36,-184,-239,-144,-209,0
"4446",95725.1095923,660.0204,-135,430,3611,47,-149,-219,-128,-212,0
"4447",95725.111127,660.022,126,353,-559,37,-164,-235,-113,-220,0
"4448",95725.1123929,660.0232,407,397,1757,40,-168,-226,-81,-178,0
"4449",95725.1138419,660.0247,12,223,1932,55,-185,-211,-59,-186,0
"4450",95725.1152731,660.0261,13,-48,-31,37,-200,-220,-52,-167,0
"4451",95725.116568,660.0274,-74,-48,4119,88,-176,-203,-32,-152,0
"4452",95725.1727564,660.0836,125,-50,-2123,98,-176,-205,-23,-145,0
"4453",95725.17451,660.0853,411,70,2351,87,-162,-169,-41,-136,0
"4454",95725.1759383,660.0868,17,-5,930,110,-129,-168,-55,-129,0
"4455",95725.1797384,660.0906,186,-159,-1140,139,-129,-193,-101,-137,0
"4456",95725.1809897,660.0918,-2,-151,2611,128,-71,-185,-96,-116,0
"4457",95725.1824396,660.0933,-54,-129,-3337,146,-69,-153,-89,-117,0
"4458",95725.2148727,660.1257,140,38,1661,127,-74,-108,-64,-128,0
"4459",95725.2167988,660.1276,-99,40,-263,112,-51,-65,-48,-122,0
"4460",95725.2180894,660.1289,265,31,-1765,78,-59,-56,-35,-102,0
"4461",95725.2800646,660.1909,294,93,3271,45,-21,-41,-30,-84,0
"4462",95725.2814334,660.1923,449,21,-1421,64,4,-17,-15,-60,0
"4463",95725.2828677,660.1937,691,154,28,53,12,-35,-14,-81,0
"4464",95725.2844372,660.1953,373,64,-2003,42,22,-66,0,-47,0
"4465",95725.2857821,660.1966,903,16,-2349,48,11,-71,-26,-17,0
"4466",95725.2871471,660.198,579,106,665,32,13,-32,-19,-26,0
"4467",95725.2886509,660.1995,441,-87,-3680,7,33,-38,-58,-10,0
"4468",95725.289903,660.2007,616,82,-172,-3,63,-57,-58,-30,0
"4469",95725.2912233,660.202,162,9,917,4,81,-84,-97,-25,0
"4470",95725.2926059,660.2034,607,-6,1355,26,81,-71,-128,-16,0
"4471",95725.2974199,660.2082,410,93,6110,30,104,-99,-131,13,0
"4472",95725.2987381,660.2096,419,-4,2352,7,78,-113,-164,-9,0
"4473",95725.3468775,660.2577,503,45,6935,-23,71,-133,-147,51,0
"4474",95725.3484863,660.2593,182,-112,5450,-49,62,-128,-102,86,0
"4475",95725.3497921,660.2606,518,-161,2001,-11,29,-126,-82,121,0
"4476",95725.3820457,660.2929,423,-15,5124,-30,54,-103,-96,191,0
"4477",95725.3834239,660.2942,229,16,-382,0,35,-88,-117,196,0
"4478",95725.384815,660.2956,606,194,2820,-13,40,-99,-126,197,0
"4479",95725.3862555,660.2971,444,284,2824,-79,31,-96,-115,182,0
"4480",95725.3875395,660.2984,627,103,1588,-106,25,-101,-130,195,0
"4481",95725.3890001,660.2998,560,227,4811,-99,32,-60,-132,188,0
"4482",95725.3908772,660.3017,450,141,793,-75,55,-42,-109,192,0
"4483",95725.3922637,660.3031,432,173,5336,-55,28,-52,-93,223,0
"4484",95725.3937288,660.3046,-222,174,2197,-55,32,-40,-142,204,0
"4485",95725.4215524,660.3324,537,76,1937,-52,-50,-54,-157,209,0
"4486",95725.4231042,660.3339,243,79,7289,-22,-39,-38,-103,226,0
"4487",95725.4245775,660.3354,142,36,1291,-31,-89,-31,-114,228,0
"4488",95725.4260142,660.3368,342,126,3937,-22,-98,-51,-101,223,0
"4489",95725.4273193,660.3381,243,60,-6,-18,-88,-74,-137,191,0
"4490",95725.4285495,660.3394,350,-50,-3655,-8,-90,-88,-125,174,0
"4491",95725.5045697,660.4154,84,-17,1825,12,-53,-79,-93,210,0
"4492",95725.506068,660.4169,108,-55,-3794,16,-46,-85,-117,197,0
"4493",95725.5116976,660.4225,210,150,-1104,30,-34,-85,-123,182,0
"4494",95725.5214189,660.4322,36,108,-466,35,6,-78,-143,183,0
"4495",95725.5227073,660.4335,524,131,-2243,50,-9,-69,-155,190,0
"4496",95725.5239958,660.4348,279,224,2202,40,13,-51,-148,200,0
"4497",95725.5255068,660.4363,377,190,-3068,31,52,-59,-135,196,0
"4498",95725.5269671,660.4378,507,357,290,-8,91,-21,-127,173,0
"4499",95725.5283497,660.4392,194,290,-657,-30,90,-43,-92,176,0
"4500",95725.5297935,660.4406,440,208,-3415,-11,51,-54,-113,142,0
"4501",95725.5310417,660.4419,136,359,-744,-25,56,-94,-64,146,0
"4502",95725.5324334,660.4433,-29,251,-7308,-50,32,-75,-59,118,0
"4503",95725.612457,660.5233,312,149,-1994,-53,55,-83,-78,148,0
"4504",95725.6139659,660.5248,-206,145,-1124,-40,50,-74,-73,167,0
"4505",95725.6154431,660.5263,252,6,-3742,2,16,-70,-110,175,0
"4506",95725.6313065,660.5421,34,4,1057,16,43,-62,-101,188,0
"4507",95725.6325848,660.5434,-181,-56,-4616,61,25,-82,-104,202,0
"4508",95725.6338071,660.5446,247,1,-2931,85,16,-76,-96,200,0
"4509",95725.6355193,660.5463,-171,75,-2015,103,23,-116,-141,166,0
"4510",95725.6370455,660.5479,273,65,-4138,128,43,-123,-175,152,0
"4511",95725.6386692,660.5495,-382,203,-1492,107,61,-134,-169,151,0
"4512",95725.640215,660.551,-684,174,-6174,135,35,-169,-163,132,0
"4513",95725.6414952,660.5523,-393,296,-3371,122,24,-146,-130,132,0
"4514",95725.6458047,660.5566,-292,438,-4661,117,21,-124,-122,114,0
"4515",95725.6472671,660.5581,338,361,-5112,158,-37,-134,-119,97,0
"4516",95725.6485743,660.5594,244,445,516,135,-57,-116,-95,97,0
"4517",95725.6498929,660.5607,5,474,-5181,123,-56,-139,-99,92,0
"4518",95725.6960724,660.6069,197,559,-2029,136,-65,-141,-71,102,0
"4519",95725.6975698,660.6084,59,427,-2455,119,-37,-119,-68,81,0
"4520",95725.6988463,660.6097,455,355,-3992,84,-87,-136,-45,80,0
"4521",95725.7063126,660.6171,297,325,1591,103,-62,-60,-9,58,0
"4522",95725.7076169,660.6184,105,94,-2309,137,-40,-68,-6,55,0
"4523",95725.7089012,660.6197,370,195,537,135,-30,-50,4,43,0
"4524",95725.7104884,660.6213,91,100,884,178,17,-65,15,40,0
"4525",95725.7117708,660.6226,217,-86,-1930,178,22,-90,-3,61,0
"4526",95725.7131498,660.624,44,-10,2196,214,75,-96,-16,89,0
"4527",95725.739596,660.6504,-38,-10,223,205,53,-123,-31,114,0
"4528",95725.7452321,660.6561,136,104,3665,219,41,-128,-49,132,0
"4529",95725.7465115,660.6573,-598,212,2392,213,50,-109,-46,153,0
"4530",95725.7964098,660.7072,121,113,159,206,29,-112,-56,185,0
"4531",95725.7978613,660.7087,4,237,6920,206,33,-92,-57,201,0
"4532",95725.799274,660.7101,-992,322,1344,188,8,-94,-37,213,0
"4533",95725.8149969,660.7258,-1249,378,5399,154,42,-88,-36,223,0
"4534",95725.8162609,660.7271,-1526,353,4677,134,33,-95,-63,238,0
"4535",95725.817581,660.7284,-1280,174,-106,122,-4,-99,-104,258,0
"4536",95725.8190885,660.7299,-1341,138,4471,142,-12,-89,-103,273,0
"4537",95725.8205554,660.7314,-1296,130,460,107,0,-69,-79,235,0
"4538",95725.8219111,660.7327,-948,136,3987,96,-1,-21,-93,212,0
"4539",95725.8520089,660.7628,-1486,150,3597,92,23,-8,-71,216,0
"4540",95725.8534983,660.7643,-1550,87,2426,93,-42,-43,-65,246,0
"4541",95725.854811,660.7656,-1780,237,5511,114,-42,-30,-22,245,0
"4542",95725.856254,660.7671,-1931,24,-72,102,-42,-14,-29,228,0
"4543",95725.8576278,660.7685,-1714,92,2958,65,-11,-37,-35,227,0
"4544",95725.8589784,660.7698,-1528,161,1161,67,3,-12,-21,250,0
"4545",95725.9100303,660.8209,-1170,30,-1726,28,21,-18,0,245,0
"4546",95725.9114593,660.8223,-1592,130,1072,8,29,-14,35,253,0
"4547",95725.9127474,660.8236,-1465,224,-3339,-31,17,-8,32,285,0
"4548",95725.922288,660.8331,-1370,360,1001,-52,4,16,29,292,0
"4549",95725.9235796,660.8344,-1412,382,1879,-48,24,34,-5,312,0
"4550",95725.9248478,660.8357,-953,257,-1614,-14,23,20,-7,337,0
"4551",95725.954714,660.8655,-1069,280,3104,-41,42,7,23,339,0
"4552",95725.9561446,660.867,-1106,183,-2816,-63,32,1,16,322,0
"4553",95725.9574232,660.8682,1,79,-511,-62,77,7,24,310,0
"4554",95725.9588431,660.8697,-295,38,7,-21,81,-7,5,340,0
"4555",95725.9600872,660.8709,48,67,-3523,11,83,-5,-2,333,0
"4556",95725.9667846,660.8776,-19,219,504,-21,92,-22,7,308,0
"4557",95725.9906154,660.9014,12,188,-2934,-4,87,-32,22,318,0
"4558",95725.9921325,660.903,342,85,321,35,93,-74,45,309,0
"4559",95725.9935164,660.9043,-228,18,-1040,47,111,-100,55,323,0
"4560",95726.0314555,660.9423,73,-127,-3068,48,104,-124,33,294,0
"4561",95726.0329251,660.9437,161,10,1933,47,116,-99,9,311,0
"4562",95726.0342949,660.9451,143,-53,-3403,14,118,-80,12,302,0
"4563",95726.0682857,660.9791,392,158,-357,-5,145,-71,36,318,0
"4564",95726.0740754,660.9849,-105,262,-102,-22,179,-74,71,309,0
"4565",95726.0753438,660.9862,-662,126,-3733,-28,167,-89,54,309,0
"4566",95726.0769293,660.9878,-921,221,1818,6,216,-94,82,356,0
"4567",95726.0781787,660.989,-1276,233,-4998,61,224,-92,95,353,0
"4568",95726.0793996,660.9902,-477,218,-3445,62,215,-78,96,358,0
"4569",95726.1613705,661.0722,-44,147,-1377,92,240,-11,105,345,0
"4570",95726.1629001,661.0737,497,127,-3224,76,228,1,156,330,0
"4571",95726.1642198,661.075,501,365,1205,62,256,6,192,373,0
"4572",95726.1676987,661.0785,326,346,-3526,72,215,3,195,349,0
"4573",95726.1689846,661.0798,909,327,1192,56,202,-2,189,355,0
"4574",95726.1702419,661.0811,585,182,-153,69,235,12,171,321,0
"4575",95726.1716777,661.0825,377,18,-4754,47,239,33,126,299,0
"4576",95726.1730777,661.0839,54,120,1266,25,236,52,124,253,0
"4577",95726.1743542,661.0852,271,-57,-2655,46,219,66,110,256,0
"4578",95726.182232,661.0931,593,-165,1309,56,204,57,81,203,0
"4579",95726.1845325,661.0954,368,-43,78,34,211,61,60,154,0
"4580",95726.1859124,661.0967,750,-50,-3981,24,194,61,27,147,0
"4581",95726.2017502,661.1126,788,-65,495,13,203,49,-3,147,0
"4582",95726.2032512,661.1141,526,-78,-3393,3,181,70,-5,129,0
"4583",95726.2045984,661.1154,996,-115,381,13,161,50,6,131,0
"4584",95726.2364461,661.1473,423,-109,813,22,176,38,25,155,0
"4585",95726.237755,661.1486,375,-210,-2772,12,160,19,6,136,0
"4586",95726.2390283,661.1499,478,5,1366,21,168,23,23,115,0
"4587",95726.2405154,661.1513,601,9,-3569,13,162,43,53,91,0
"4588",95726.2418094,661.1526,1131,29,588,4,125,39,81,74,0
"4589",95726.2430732,661.1539,622,25,1187,-9,147,46,91,83,0
"4590",95726.2445069,661.1553,855,-38,-2807,12,138,63,44,97,0
"4591",95726.2461187,661.1569,732,76,2362,31,164,104,28,76,0
"4592",95726.2474765,661.1583,488,48,-3053,29,174,89,0,34,0
"4593",95726.281445,661.1923,541,-63,506,60,157,105,0,54,0
"4594",95726.2828344,661.1937,8,-29,1305,68,168,119,5,75,0
"4595",95726.2841995,661.195,500,-71,-3042,45,149,104,-19,62,0
"4596",95726.3440691,661.2549,388,65,1487,10,172,65,6,54,0
"4597",95726.3454981,661.2563,33,-59,-1992,-15,182,44,15,74,0
"4598",95726.3469088,661.2577,302,-81,-1278,5,174,33,17,86,0
"4599",95726.3484139,661.2592,202,-88,1490,25,167,46,16,105,0
"4600",95726.354034,661.2649,325,-65,-3102,18,165,39,-7,111,0
"4601",95726.3553613,661.2662,71,18,821,-30,199,31,9,126,0
"4602",95726.356712,661.2675,-183,-77,-3153,-15,178,11,24,100,0
"4603",95726.3580068,661.2688,207,17,-593,-34,161,-6,15,102,0
"4604",95726.3592065,661.27,-146,127,-103,-19,163,18,-12,125,0
"4605",95726.3606873,661.2715,-92,-149,-4074,9,153,41,-53,122,0
"4606",95726.3620415,661.2729,0,-120,1398,-36,187,68,-79,113,0
"4607",95726.3632721,661.2741,-95,-200,-3064,-61,200,79,-81,126,0
"4608",95726.4125532,661.3234,322,-112,-240,-44,179,47,-67,141,0
"4609",95726.4141064,661.3249,1,130,-82,-28,252,48,-61,120,0
"4610",95726.415436,661.3263,384,79,-3866,-45,233,55,-45,150,0
"4611",95726.4494785,661.3603,488,237,1265,-21,224,41,-29,150,0
"4612",95726.4508669,661.3617,104,186,-3897,-13,201,25,-38,158,0
"4613",95726.4524122,661.3632,136,163,-2797,8,164,54,-18,114,0
"4614",95726.4538782,661.3647,-742,98,-1776,-12,153,52,10,119,0
"4615",95726.4552553,661.3661,-257,45,-4401,-16,97,25,15,97,0
"4616",95726.4566151,661.3674,-142,90,764,-28,90,22,48,147,0
"4617",95726.4580375,661.3689,-329,-41,-1964,-8,142,56,60,172,0
"4618",95726.4593847,661.3702,302,-139,334,1,169,69,35,167,0
"4619",95726.4606486,661.3715,71,-28,386,-19,185,78,25,125,0
"4620",95726.4863979,661.3972,431,120,-3052,-10,176,66,16,180,0
"4621",95726.4876922,661.3985,559,238,1098,-32,190,102,26,186,0
"4622",95726.4890077,661.3998,182,126,-2905,-43,201,87,-2,176,0
"4623",95726.5087709,661.4196,604,55,-1938,-91,181,45,-3,167,0
"4624",95726.5101052,661.4209,298,-37,256,-72,227,58,15,134,0
"4625",95726.5113984,661.4222,478,-138,-5067,-87,189,43,25,132,0
"4626",95726.5411312,661.452,412,9,-129,-112,242,37,64,154,0
"4627",95726.5425273,661.4534,73,-132,-4217,-103,220,50,53,123,0
"4628",95726.5437922,661.4546,293,-132,-2457,-64,213,34,57,130,0
"4629",95726.5451501,661.456,-95,-65,-1069,-66,207,-20,54,152,0
"4630",95726.5463595,661.4572,157,15,-5435,-71,194,-33,47,152,0
"4631",95726.5476143,661.4584,219,233,-815,-41,221,-44,75,149,0
"4632",95726.5959969,661.5068,-2,202,-3102,-32,241,-52,65,142,0
"4633",95726.5973749,661.5082,296,323,-1950,-25,240,-14,79,143,0
"4634",95726.5986677,661.5095,2,187,-831,-23,292,-15,124,129,0
"4635",95726.6001619,661.511,139,-39,-3402,-51,241,-29,101,163,0
"4636",95726.6062546,661.5171,183,110,1819,-50,222,-17,120,176,0
"4637",95726.6075792,661.5184,-244,152,-4060,-26,191,-28,110,185,0
"4638",95726.6173082,661.5281,44,110,-2099,-48,193,-18,111,163,0
"4639",95726.6186459,661.5295,-136,64,-83,-58,179,12,111,123,0
"4640",95726.6200881,661.5309,64,137,-3961,-80,138,13,105,104,0
"4641",95726.648115,661.5589,217,344,160,-78,155,-15,108,128,0
"4642",95726.6495212,661.5603,-304,185,-2488,-71,139,-8,101,148,0
"4643",95726.6511037,661.5619,33,131,-2956,-68,105,2,130,119,0
"4644",95726.7110254,661.6219,-416,160,-1953,-60,97,-4,165,132,0
"4645",95726.7124372,661.6233,-402,208,-5786,-36,46,-34,159,92,0
"4646",95726.7136807,661.6245,207,322,-604,-53,57,-69,152,38,0
"4647",95726.715071,661.6259,116,191,-3428,-50,45,-68,177,38,0
"4648",95726.7164822,661.6273,549,105,334,-39,26,-116,179,36,0
"4649",95726.7177345,661.6286,92,229,1601,-42,45,-109,206,43,0
"4650",95726.7191813,661.63,172,74,-1680,-45,16,-139,196,44,0
"4651",95726.7205131,661.6313,531,170,3320,-38,27,-139,193,83,0
"4652",95726.7218714,661.6327,490,66,-1707,-35,14,-139,192,103,0
"4653",95726.7531681,661.664,763,137,-1883,-34,-3,-148,168,71,0
"4654",95726.7544452,661.6653,370,255,546,-46,5,-182,168,62,0
"4655",95726.7557578,661.6666,510,104,-3090,-60,28,-223,165,72,0
"4656",95726.7876053,661.6984,522,171,1922,-57,3,-208,173,80,0
"4657",95726.7892541,661.7001,231,-65,-2083,-84,-2,-178,172,87,0
"4658",95726.7913993,661.7022,555,-133,-1588,-61,-25,-166,184,81,0
"4659",95726.7937515,661.7046,303,-65,-165,-44,3,-158,155,98,0
"4660",95726.7956311,661.7065,582,-215,-3925,-19,-19,-158,159,117,0
"4661",95726.797525,661.7083,414,-217,632,-9,-21,-148,170,111,0
"4662",95726.8401129,661.7509,118,-225,-3047,-31,-3,-131,198,110,0
"4663",95726.8430346,661.7539,649,-106,-2261,-15,-2,-87,178,89,0
"4664",95726.8443792,661.7552,310,12,-474,-11,10,-56,162,93,0
"4665",95726.8460403,661.7569,377,-111,-4812,5,-14,-52,126,60,0
"4666",95726.8473067,661.7581,570,-16,180,52,15,-37,151,38,0
"4667",95726.8487602,661.7596,379,46,-5028,57,27,-37,157,27,0
"4668",95726.8785452,661.7894,730,-125,-1771,87,-19,-24,194,56,0
"4669",95726.8798834,661.7907,334,-64,-447,107,-21,-5,176,63,0
"4670",95726.881468,661.7923,402,-358,-5370,98,-56,-43,157,34,0
"4671",95726.9178832,661.8287,288,-282,894,95,-66,-21,144,30,0
"4672",95726.9192904,661.8301,-74,-229,-1142,122,-45,-13,143,33,0
"4673",95726.9205315,661.8314,314,-186,-1271,139,-52,-5,178,49,0
"4674",95726.9605377,661.8714,69,-108,292,145,-38,4,177,31,0
"4675",95726.9620219,661.8728,251,-262,-3305,155,-67,35,169,10,0
"4676",95726.9635094,661.8743,282,-141,2252,155,-49,22,146,24,0
"4677",95726.9649645,661.8758,52,-58,-1954,162,-35,5,133,16,0
"4678",95726.9662056,661.877,509,11,-1758,131,-18,-26,103,16,0
"4679",95726.9674595,661.8783,117,-52,994,123,43,-25,127,20,0
"4680",95726.9689725,661.8798,174,-154,-2587,121,-7,-17,137,38,0
"4681",95726.9703951,661.8812,141,-101,1255,127,54,-2,126,39,0
"4682",95726.9717227,661.8825,0,-142,-3043,122,59,5,110,32,0
"4683",95727.0056417,661.9165,454,-49,-1937,121,42,-4,92,42,0
"4684",95727.0072089,661.918,203,-118,410,117,67,17,67,40,0
"4685",95727.0091077,661.9199,281,-133,-4453,105,15,40,44,35,0
"4686",95727.0108535,661.9217,250,-3,1470,68,13,53,25,13,0
"4687",95727.012297,661.9231,-42,44,-1461,60,17,63,0,4,0
"4688",95727.0135701,661.9244,254,51,-1627,89,-46,68,18,22,0
"4689",95727.0265517,661.9374,67,73,1215,76,-12,32,22,29,0
"4690",95727.0280504,661.9389,251,81,-1775,92,-58,25,-2,24,0
"4691",95727.0294784,661.9403,409,95,3411,103,-41,18,15,34,0
"4692",95727.0595213,661.9703,59,53,-1369,104,-81,9,36,9,0
"4693",95727.0608099,661.9716,428,71,-1439,82,-95,-1,47,2,0
"4694",95727.0620013,661.9728,232,185,1375,52,-83,18,51,9,0
"4695",95727.0960309,662.0069,385,278,-3028,47,-87,43,46,-11,0
"4696",95727.0973513,662.0082,447,366,1325,35,-90,42,44,7,0
"4697",95727.0986248,662.0094,111,264,-4168,59,-89,57,50,-26,0
"4698",95727.1001288,662.011,415,158,-1834,69,-103,97,35,-60,0
"4699",95727.1013611,662.0122,80,249,2082,85,-69,113,28,-57,0
"4700",95727.1026305,662.0135,290,144,-3625,104,-100,101,73,-49,0
"4701",95727.132577,662.0434,541,367,871,147,-81,88,111,-32,0
"4702",95727.1338734,662.0447,447,252,-2061,148,-80,96,117,-64,0
"4703",95727.1351246,662.0459,644,193,-1345,155,-60,82,118,-57,0
"4704",95727.1694263,662.0803,407,129,2232,145,-41,93,128,-56,0
"4705",95727.1711605,662.082,630,105,-4004,157,-79,128,125,-54,0
"4706",95727.1725335,662.0834,513,83,-633,144,-60,120,113,-21,0
"4707",95727.1790177,662.0898,271,-89,-2027,144,-35,129,98,8,0
"4708",95727.1803351,662.0912,619,-96,-1055,116,-36,133,107,24,0
"4709",95727.1816114,662.0924,341,-65,88,119,6,132,83,43,0
"4710",95727.2055097,662.1163,420,-210,-1553,107,-41,104,56,66,0
"4711",95727.2069409,662.1178,161,-210,3904,142,-50,105,76,74,0
"4712",95727.2082349,662.1191,-194,-260,350,145,-91,123,101,98,0
"4713",95727.2382803,662.1491,361,-168,1692,126,-87,86,97,107,0
"4714",95727.2396953,662.1505,-20,-49,4694,119,-60,82,61,120,0
"4715",95727.240908,662.1517,197,-4,-1540,104,-42,48,40,161,0
"4716",95727.242298,662.1531,466,223,1305,95,-25,82,36,175,0
"4717",95727.2437189,662.1545,297,213,-1009,67,-43,103,44,208,0
"4718",95727.2453049,662.1561,725,184,-2109,64,-64,98,59,219,0
"4719",95727.2732598,662.1841,455,29,1651,52,-27,86,54,241,0
"4720",95727.2745779,662.1854,598,-160,-1777,49,-70,90,59,278,0
"4721",95727.2759135,662.1867,713,6,256,93,-86,69,63,256,0
"4722",95727.3078225,662.2186,310,58,-3129,105,-123,41,79,226,0
"4723",95727.3093196,662.2201,651,-70,-1176,128,-149,22,112,198,0
"4724",95727.3108038,662.2216,352,-60,322,126,-107,12,115,182,0
"4725",95727.328537,662.2394,471,-143,-4244,74,-111,-33,110,184,0
"4726",95727.3298166,662.2406,660,87,973,91,-57,-27,107,196,0
"4727",95727.3311042,662.2419,335,100,-3726,81,-53,-23,113,212,0
"4728",95727.3449166,662.2557,668,-44,-3471,76,-61,-52,106,175,0
"4729",95727.3465421,662.2574,393,50,1519,99,-33,-76,105,172,0
"4730",95727.3479407,662.2588,557,-117,-3065,103,-40,-63,96,121,0
"4731",95727.3777211,662.2885,600,107,1254,116,-57,-68,141,89,0
"4732",95727.3790294,662.2899,413,-44,-950,124,-67,-62,138,114,0
"4733",95727.3802826,662.2911,665,-65,-1841,109,-120,-83,116,90,0
"4734",95727.4303639,662.3412,364,-27,1251,95,-104,-80,112,104,0
"4735",95727.4318971,662.3427,535,-68,-2505,70,-151,-93,76,100,0
"4736",95727.4331521,662.344,644,63,2212,53,-143,-78,82,94,0
"4737",95727.439828,662.3507,246,-36,31,77,-134,-70,96,113,0
"4738",95727.4414025,662.3522,722,76,50,85,-113,-74,106,137,0
"4739",95727.442828,662.3537,547,180,1039,59,-82,-79,94,151,0
"4740",95727.4444536,662.3553,455,-18,-3659,47,-99,-91,85,110,0
"4741",95727.4460008,662.3568,432,-74,-237,23,-108,-141,70,59,0
"4742",95727.4472727,662.3581,44,-40,-3344,37,-86,-155,97,54,0
"4743",95727.4766722,662.3875,377,22,-1001,77,-81,-127,133,45,0
"4744",95727.4779821,662.3888,70,209,2224,87,-27,-80,90,58,0
"4745",95727.4793642,662.3902,328,88,-3028,86,-29,-106,81,3,0
"4746",95727.5071776,662.418,503,174,2403,67,26,-109,98,-9,0
"4747",95727.5086374,662.4195,188,102,-256,55,20,-77,95,8,0
"4748",95727.5100304,662.4209,702,-32,-920,71,32,-67,95,45,0
"4749",95727.5115309,662.4224,281,57,547,45,47,-62,113,39,0
"4750",95727.5128056,662.4236,370,-90,-2892,38,19,-58,131,47,0
"4751",95727.5141083,662.4249,673,-31,686,59,-20,-52,91,63,0
"4752",95727.5431566,662.454,145,-132,-3022,48,1,-69,71,63,0
"4753",95727.5445149,662.4553,408,-197,-3061,74,-4,-69,84,17,0
"4754",95727.5457957,662.4566,77,-179,-932,72,-13,-64,100,-25,0
"4755",95727.5776309,662.4885,264,-205,-4795,82,-46,-58,118,-74,0
"4756",95727.5791598,662.49,588,-54,803,64,-19,-34,140,-95,0
"4757",95727.5806313,662.4915,175,-146,-2697,74,-58,-33,142,-89,0
"4758",95727.5821694,662.493,504,-131,-3435,52,-106,-68,112,-93,0
"4759",95727.5834767,662.4943,213,-32,1613,63,-86,-86,99,-78,0
"4760",95727.5847414,662.4956,207,-59,-4240,46,-127,-94,85,-62,0
"4761",95727.6199136,662.5307,681,85,-715,44,-100,-37,109,-92,0
"4762",95727.6212607,662.5321,508,125,-3979,9,-67,-46,111,-107,0
"4763",95727.6227006,662.5335,960,159,-3213,5,-94,-49,128,-152,0
"4764",95727.6262639,662.5371,626,259,2188,36,-50,-38,110,-137,0
"4765",95727.6274935,662.5383,597,166,-2150,22,-84,-26,88,-140,0
"4766",95727.6287976,662.5396,519,172,-143,-8,-79,22,59,-88,0
"4767",95727.6769854,662.5878,274,144,-1818,6,-77,54,57,-107,0
"4768",95727.6784916,662.5893,768,183,-1969,31,-105,38,58,-126,0
"4769",95727.6803877,662.5912,334,304,253,32,-82,48,45,-101,0
"4770",95727.6858289,662.5967,391,194,-4107,-9,-97,25,-4,-106,0
"4771",95727.6871993,662.598,701,223,1510,-24,-86,10,-33,-103,0
"4772",95727.6885548,662.5994,199,188,-2065,-2,-127,1,-44,-115,0
"4773",95727.7182808,662.6291,590,200,-3008,-25,-155,-61,-28,-155,0
"4774",95727.7195871,662.6304,-21,196,1427,-31,-142,-81,-5,-159,0
"4775",95727.7216367,662.6325,-142,71,-5224,-19,-138,-100,-50,-168,0
"4776",95727.7229755,662.6338,20,138,391,-50,-89,-94,-53,-158,0
"4777",95727.7242454,662.6351,-641,4,-541,-77,-110,-137,-56,-135,0
"4778",95727.7300054,662.6408,-228,-41,-1030,-105,-124,-159,-53,-90,0
"4779",95727.7640857,662.6749,-361,138,2617,-79,-115,-176,-50,-68,0
"4780",95727.7663782,662.6772,-141,90,-3151,-88,-107,-186,-9,-86,0
"4781",95727.7677066,662.6785,-295,59,-178,-84,-105,-197,-17,-92,0
"4782",95727.7691373,662.68,-512,130,-1893,-73,-54,-206,-16,-94,0
"4783",95727.7703711,662.6812,-85,133,-2663,-77,-47,-187,-41,-123,0
"4784",95727.7716871,662.6825,-206,245,761,-95,-7,-165,-62,-80,0
"4785",95727.8016038,662.7124,-186,136,-3058,-87,-46,-162,-71,-93,0
"4786",95727.8030207,662.7138,63,183,671,-85,-31,-141,-29,-114,0
"4787",95727.8043146,662.7151,-214,108,-2125,-78,-48,-99,-18,-130,0
"4788",95727.8363306,662.7472,147,-4,-643,-55,-59,-70,-12,-104,0
"4789",95727.8377555,662.7486,6,48,2702,-67,-43,-74,11,-53,0
"4790",95727.8391451,662.75,220,-87,-2113,-77,-87,-97,40,-38,0
"4791",95727.8406123,662.7514,522,-41,1198,-85,-93,-81,40,-58,0
"4792",95727.8419738,662.7528,7,37,-19,-65,-41,-51,22,-66,0
"4793",95727.8433909,662.7542,590,55,-470,-87,-60,-70,10,-55,0
"4794",95727.877347,662.7882,460,114,1714,-75,-21,-33,35,-37,0
"4795",95727.8786442,662.7895,225,-102,-3395,-58,-47,3,69,-69,0
"4796",95727.8800183,662.7908,260,-64,1381,-58,-31,32,96,-83,0
"4797",95727.9079014,662.8187,-134,-87,-189,-56,27,62,109,-76,0
"4798",95727.9093349,662.8202,288,-211,97,-42,-6,66,85,-76,0
"4799",95727.9105732,662.8214,240,-39,2742,-12,44,94,82,-69,0
"4800",95727.9120789,662.8229,350,-161,-3367,-4,15,107,63,-98,0
"4801",95727.9133514,662.8242,582,-362,1192,-34,3,127,56,-103,0
"4802",95727.9146157,662.8254,270,-447,-1752,-45,8,109,50,-106,0
"4803",95727.9425493,662.8534,573,-377,-1045,-49,17,78,16,-105,0
"4804",95727.9439534,662.8548,580,-88,3104,-24,56,79,23,-64,0
"4805",95727.9452773,662.8561,806,-26,-2671,-58,40,39,8,-83,0
"4806",95727.9788888,662.8897,799,132,2477,-62,57,33,14,-90,0
"4807",95727.9804207,662.8912,11,225,-987,-70,50,6,8,-77,0
"4808",95727.9816673,662.8925,372,227,-2076,-68,-7,19,-10,-85,0
"4809",95727.9851578,662.896,364,261,2132,-36,1,-19,39,-55,0
"4810",95727.9864494,662.8973,399,177,-1684,-58,16,-7,41,-40,0
"4811",95727.9877058,662.8985,612,279,1373,-43,17,-35,32,1,0
"4812",95728.0198114,662.9306,350,191,272,-20,53,-70,44,7,0
"4813",95728.0211938,662.932,787,169,-1265,-57,46,-70,56,-5,0
"4814",95728.0267347,662.9376,466,144,523,-84,74,-42,59,-20,0
"4815",95728.0505922,662.9614,318,98,-3144,-72,43,-26,80,-29,0
"4816",95728.0520378,662.9629,755,162,1880,-76,29,-18,56,-49,0
"4817",95728.0532843,662.9641,383,281,-1466,-62,59,12,38,-61,0
"4818",95728.0954384,663.0063,599,253,-1680,-44,81,34,65,-77,0
"4819",95728.0967957,663.0076,478,352,1631,-49,84,60,64,-75,0
"4820",95728.0981174,663.0089,507,443,-3104,-60,46,72,32,-36,0
"4821",95728.0996176,663.0104,603,472,800,-33,31,104,53,17,0
"4822",95728.1009387,663.0118,122,584,-691,-40,57,120,24,11,0
"4823",95728.1022651,663.0131,709,451,-1206,-38,77,113,28,-9,0
"4824",95728.1324058,663.0432,580,512,3633,-31,127,122,0,26,0
"4825",95728.1338684,663.0447,575,297,-482,-20,126,103,6,59,0
"4826",95728.1354566,663.0463,724,501,2621,-14,75,125,-2,99,0
"4827",95728.1367916,663.0476,352,362,1208,16,70,118,7,136,0
"4828",95728.138224,663.049,694,1,-968,2,18,61,-7,132,0
"4829",95728.1396092,663.0504,592,30,1326,-13,44,64,31,120,0
"4830",95728.1916682,663.1025,516,-190,-4007,-24,52,54,7,97,0
"4831",95728.1932489,663.1041,633,-104,740,-26,26,68,9,85,0
"4832",95728.1946047,663.1054,102,-55,-2425,-43,15,72,8,80,0
"4833",95728.1960591,663.1069,569,-125,-2353,-35,21,80,9,46,0
"4834",95728.1990673,663.1099,553,21,2068,-39,26,72,41,52,0
"4835",95728.2003541,663.1112,629,83,-3596,-23,16,20,21,42,0
"4836",95728.2286139,663.1394,927,229,658,-3,41,-8,31,73,0
"4837",95728.2300777,663.1409,487,222,356,29,66,-13,65,88,0
"4838",95728.2313484,663.1422,867,28,-1903,70,52,-43,52,65,0
"4839",95728.232733,663.1436,445,-57,2434,50,80,-8,34,79,0
"4840",95728.2341277,663.145,312,-176,-3201,22,60,-14,11,74,0
"4841",95728.2354189,663.1462,427,-159,-727,2,56,-21,27,67,0
"4842",95728.2668362,663.1777,333,134,-66,-9,61,-54,17,33,0
"4843",95728.2682997,663.1791,657,129,-1357,12,48,-77,15,-2,0
"4844",95728.2695859,663.1804,372,135,922,7,54,-85,17,23,0
"4845",95728.3012814,663.2121,205,-26,-4470,5,57,-79,12,39,0
"4846",95728.3027871,663.2136,428,-34,538,-5,48,-73,21,18,0
"4847",95728.3040446,663.2149,-122,-31,-431,-11,39,-80,30,48,0
"4848",95728.3055483,663.2164,314,64,-1977,4,-5,-77,29,64,0
"4849",95728.3069118,663.2177,102,124,2655,-2,-2,-66,-7,92,0
"4850",95728.3082332,663.2191,-14,17,-3699,12,-30,-92,-17,82,0
"4851",95728.3458511,663.2567,307,175,810,-19,-2,-95,6,55,0
"4852",95728.3471765,663.258,94,98,999,-25,18,-77,24,19,0
"4853",95728.348401,663.2592,131,63,-874,-17,9,-105,66,19,0
"4854",95728.3761876,663.287,-258,58,4694,-8,20,-118,47,25,0
"4855",95728.377591,663.2884,-44,-37,544,-14,-1,-95,70,67,0
"4856",95728.3790642,663.2899,425,76,4005,-28,7,-104,105,111,0
"4857",95728.3929297,663.3038,87,54,1930,-3,26,-127,106,113,0
"4858",95728.3942912,663.3051,97,-37,-1693,32,18,-131,55,109,0
"4859",95728.3955431,663.3064,-164,120,2396,59,31,-117,36,121,0
"4860",95728.3970235,663.3078,-4,64,-1217,48,53,-132,40,118,0
"4861",95728.3983031,663.3091,396,9,1052,31,43,-154,65,109,0
"4862",95728.3998571,663.3107,168,-66,-1073,6,109,-141,90,117,0
"4863",95728.4318741,663.3427,395,-107,-1890,-15,94,-140,123,93,0
"4864",95728.4332532,663.3441,291,37,1389,15,95,-131,122,99,0
"4865",95728.4345449,663.3454,94,-185,-3613,28,50,-143,96,106,0
"4866",95728.4785468,663.3894,426,-26,111,49,34,-166,107,71,0
"4867",95728.4799569,663.3908,186,113,-1002,41,17,-134,120,60,0
"4868",95728.4814995,663.3923,429,-5,-4120,27,-20,-117,100,43,0
"4869",95728.5134636,663.4243,162,73,946,11,5,-118,78,17,0
"4870",95728.514814,663.4256,25,-89,-3032,25,2,-101,65,-1,0
"4871",95728.5163598,663.4272,337,-62,188,8,31,-101,64,-33,0
"4872",95728.5179105,663.4287,-75,-36,966,-4,84,-94,56,-28,0
"4873",95728.5192696,663.4301,37,-137,-2103,-10,77,-75,48,-43,0
"4874",95728.5208247,663.4316,47,42,1491,-10,113,-42,10,-32,0
"4875",95728.5222529,663.4331,258,136,-3774,6,135,-60,-3,-16,0
"4876",95728.5267393,663.4376,577,202,1161,12,164,-83,23,-55,0
"4877",95728.5281754,663.439,139,175,573,11,182,-82,43,-98,0
"4878",95728.5520722,663.4629,99,87,-2128,8,150,-88,-4,-92,0
"4879",95728.5534186,663.4642,-196,-99,3339,5,149,-66,12,-80,0
"4880",95728.5547354,663.4656,-265,-163,-3652,8,126,-39,-4,-69,0
"4881",95728.5887246,663.4995,97,-59,1454,22,122,-86,-47,-51,0
"4882",95728.5901009,663.5009,-201,97,2629,19,102,-99,-58,-17,0
"4883",95728.5915611,663.5024,459,-24,-1064,33,51,-73,-79,-49,0
"4884",95728.5931166,663.5039,348,40,4119,56,76,-3,-68,-29,0
"4885",95728.5944738,663.5053,173,-26,-2666,69,61,-5,-91,-51,0
"4886",95728.5957581,663.5066,408,26,409,62,58,-4,-64,-89,0
"4887",95728.6301515,663.541,50,34,-823,60,71,-17,-49,-121,0
"4888",95728.6315738,663.5424,148,-80,-2610,19,18,-12,-83,-137,0
"4889",95728.6329137,663.5437,111,-73,854,44,58,-19,-94,-204,0
"4890",95728.634439,663.5453,-88,-267,-2927,53,52,-37,-78,-206,0
"4891",95728.6360102,663.5468,277,-240,116,53,23,-39,-51,-174,0
"4892",95728.6374819,663.5483,-59,-332,-553,50,40,11,-69,-155,0
"4893",95728.6613668,663.5722,-37,-363,-1847,65,25,19,-53,-141,0
"4894",95728.6627013,663.5735,-223,-324,1465,77,55,27,-63,-91,0
"4895",95728.6642416,663.5751,-318,-366,-2491,91,44,8,-65,-61,0
"4896",95728.6931849,663.604,60,-291,514,114,41,-11,-92,-78,0
"4897",95728.6946467,663.6055,-140,-197,-391,117,54,-20,-112,-119,0
"4898",95728.696079,663.6069,142,-187,-2085,94,2,16,-121,-158,0
"4899",95728.7240303,663.6349,84,-106,2510,99,28,14,-75,-149,0
"4900",95728.7254486,663.6363,-154,-302,-2056,101,25,18,-72,-162,0
"4901",95728.726947,663.6378,48,-217,539,116,-13,20,-111,-174,0
"4902",95728.7326896,663.6435,-291,-118,438,119,-1,9,-137,-128,0
"4903",95728.7342004,663.645,179,-87,-915,136,-14,-4,-158,-140,0
"4904",95728.7355413,663.6464,156,10,3035,127,28,-38,-143,-123,0
"4905",95728.7938441,663.7047,158,-141,-1954,107,35,-39,-99,-144,0
"4906",95728.7953378,663.7062,304,-149,1953,103,15,-53,-72,-109,0
"4907",95728.7967682,663.7076,-82,-96,-949,88,37,-35,-40,-102,0
"4908",95728.8105627,663.7214,239,-52,-2753,64,40,-74,-44,-112,0
"4909",95728.8121314,663.723,17,14,3786,64,58,-84,-89,-94,0
"4910",95728.8135848,663.7244,-206,-103,-2608,85,57,-101,-86,-96,0
"4911",95728.8151899,663.726,260,-144,-480,75,26,-107,-65,-126,0
"4912",95728.8168624,663.7277,-115,-108,-361,87,27,-98,-27,-106,0
"4913",95728.81826,663.7291,7,-197,-2948,105,21,-135,-14,-110,0
"4914",95728.8459321,663.7568,-130,-158,2424,144,36,-134,-24,-109,0
"4915",95728.8473949,663.7582,-128,-36,-2830,98,36,-94,-6,-109,0
"4916",95728.8487134,663.7595,-6,-202,-1628,75,44,-79,16,-90,0
"4917",95728.8501354,663.761,-437,-257,-1424,63,55,-45,1,-100,0
"4918",95728.8516009,663.7624,-167,-233,-4730,86,12,-27,-10,-153,0
"4919",95728.8530729,663.7639,-137,9,611,92,25,-36,-8,-162,0
"4920",95728.8850543,663.7959,53,-90,-2091,90,-2,-46,-8,-122,0
"4921",95728.8863786,663.7972,481,13,783,98,-38,-89,-16,-114,0
"4922",95728.8920788,663.8029,209,99,-1128,66,-21,-111,-72,-119,0
"4923",95728.9200436,663.8309,478,47,-2440,68,-56,-109,-63,-106,0
"4924",95728.9214229,663.8322,488,366,1725,91,-45,-137,-74,-92,0
"4925",95728.9227122,663.8335,189,219,-3885,98,-22,-110,-88,-106,0
"4926",95728.9241211,663.8349,363,-19,826,83,-25,-133,-107,-92,0
"4927",95728.9253546,663.8362,-332,-188,1211,84,8,-155,-85,-109,0
"4928",95728.9265968,663.8374,-215,-263,-3199,75,-23,-145,-68,-114,0
"4929",95728.9567362,663.8676,-354,-196,1840,58,2,-130,-69,-83,0
"4930",95728.9581805,663.869,-369,-154,-2904,57,-24,-136,-63,-59,0
"4931",95728.9594282,663.8703,-210,-50,-1079,65,-34,-144,-62,-54,0
"4932",95728.9889843,663.8998,-506,30,640,79,-23,-156,-77,-9,0
"4933",95728.9903565,663.9012,-53,109,-662,135,-71,-142,-114,30,0
"4934",95728.9917154,663.9025,-292,271,2335,125,-52,-133,-90,65,0
"4935",95729.0195685,663.9304,-473,42,-2780,128,-61,-118,-69,66,0
"4936",95729.0210165,663.9318,-113,143,828,126,-98,-88,-62,75,0
"4937",95729.0222631,663.9331,-588,-71,1087,115,-58,-65,-50,127,0
"4938",95729.0276922,663.9385,-426,-204,-1506,106,-62,-38,-48,144,0
"4939",95729.0290067,663.9398,-540,-5,2460,123,-32,-9,-5,145,0
"4940",95729.0303908,663.9412,-679,-126,-1802,128,-15,-1,1,96,0
"4941",95729.058393,663.9692,-368,21,653,121,-2,-17,-19,100,0
"4942",95729.0597454,663.9706,-733,40,1707,82,35,6,19,76,0
"4943",95729.0610305,663.9719,-430,-78,-2902,76,34,4,-1,83,0
"4944",95729.0623416,663.9732,-268,141,2860,109,44,-17,32,69,0
"4945",95729.063539,663.9744,-568,62,-2244,63,40,-18,15,56,0
"4946",95729.0649753,663.9758,-320,-29,995,40,53,-41,19,64,0
"4947",95729.0993086,664.0101,-574,71,1005,67,59,-65,13,23,0
"4948",95729.1007271,664.0116,-249,97,-2623,48,24,-62,-9,-13,0
"4949",95729.102202,664.013,-199,318,2430,74,18,-27,22,-56,0
"4950",95729.1582347,664.0691,-434,340,-540,97,12,8,13,-45,0
"4951",95729.1597299,664.0706,-68,292,1617,92,-1,9,-1,-9,0
"4952",95729.1610973,664.0719,-266,360,-73,114,-1,-10,0,-21,0
"4953",95729.168719,664.0795,-87,67,-2596,119,-24,11,-11,-5,0
"4954",95729.1699654,664.0808,-191,165,2329,90,21,16,-42,-5,0
"4955",95729.1713114,664.0821,-225,191,-3275,128,-27,29,-80,-22,0
"4956",95729.1726693,664.0835,374,65,1552,144,-32,-2,-43,-22,0
"4957",95729.1785097,664.0893,-321,122,3689,138,3,15,-41,-4,0
"4958",95729.1799697,664.0908,-267,138,-1485,164,-32,24,-56,37,0
"4959",95729.2101876,664.121,-385,294,2088,134,10,40,-77,36,0
"4960",95729.211725,664.1225,-524,151,-1737,101,-1,45,-79,78,0
"4961",95729.2130608,664.1239,-205,192,-557,113,-43,48,-78,76,0
"4962",95729.2146759,664.1255,-443,199,774,55,-61,77,-53,46,0
"4963",95729.2160483,664.1269,-192,83,-2881,72,-96,78,-58,25,0
"4964",95729.2177081,664.1285,-202,72,3442,77,-62,100,-39,44,0
"4965",95729.2578642,664.1687,-385,-16,-1368,29,-64,77,-29,29,0
"4966",95729.2593619,664.1702,-119,-166,193,-13,-78,59,-27,-7,0
"4967",95729.2607074,664.1715,-431,-219,1656,-26,-56,34,2,-39,0
"4968",95729.2922775,664.2031,-31,-197,-1331,-28,-92,30,9,-51,0
"4969",95729.2938817,664.2047,-65,57,3259,-52,-87,12,-18,-69,0
"4970",95729.295299,664.2061,-66,-66,-925,-44,-87,-9,-41,-80,0
"4971",95729.2968398,664.2077,318,128,3112,-20,-114,-16,-58,-60,0
"4972",95729.2981578,664.209,-273,36,4846,-30,-72,-5,-31,-11,0
"4973",95729.2994172,664.2102,-57,-118,-1102,-20,-122,-11,-30,-16,0
"4974",95729.3334213,664.2442,-102,-139,4763,-34,-106,0,-26,5,0
"4975",95729.3349503,664.2458,-211,-117,1262,-12,-94,-22,-15,-15,0
"4976",95729.3363323,664.2472,348,-24,1678,-13,-88,-23,22,-13,0
"4977",95729.337848,664.2487,-76,-14,1691,-18,-86,-39,26,-25,0
"4978",95729.3390871,664.2499,79,-304,-636,-30,-115,-30,1,-15,0
"4979",95729.3403069,664.2511,-146,-216,3550,-42,-129,-76,-40,-37,0
"4980",95729.363986,664.2748,-331,-259,-211,-42,-141,-107,-43,-64,0
"4981",95729.3652909,664.2761,193,-252,944,-72,-148,-137,-40,-69,0
"4982",95729.3665545,664.2774,116,-249,2084,-87,-86,-142,-40,-57,0
"4983",95729.3720338,664.2829,182,-309,-1036,-95,-79,-154,-29,-61,0
"4984",95729.3732995,664.2841,182,-48,5111,-72,-56,-148,-2,-37,0
"4985",95729.3745687,664.2854,-36,-134,340,-75,-88,-128,8,-10,0
"4986",95729.4085713,664.3194,302,-150,2288,-71,-75,-106,16,-17,0
"4987",95729.4108845,664.3217,-76,-9,1071,-96,-34,-85,-11,-29,0
"4988",95729.4130207,664.3238,228,-126,-2852,-79,-14,-114,-31,-15,0
"4989",95729.4394866,664.3503,134,76,2959,-78,6,-101,-35,-29,0
"4990",95729.4408651,664.3517,45,16,-574,-116,30,-129,-49,9,0
"4991",95729.4424077,664.3532,257,-6,-347,-107,52,-156,-42,-2,0
"4992",95729.4707384,664.3816,-106,-23,1730,-97,80,-121,-25,-25,0
"4993",95729.4722116,664.383,220,-187,-2765,-65,84,-103,-46,-48,0
"4994",95729.4734606,664.3843,226,-277,2088,-40,86,-78,-73,-24,0
"4995",95729.4749284,664.3858,-79,-393,-3232,-11,68,-105,-87,-41,0
"4996",95729.4762616,664.3871,241,-503,12,-19,44,-138,-65,-60,0
"4997",95729.4775401,664.3884,-20,-326,1431,6,68,-131,-36,-73,0
"4998",95729.5072322,664.4181,268,-338,-1597,4,75,-156,-47,-97,0
"4999",95729.5084882,664.4193,379,-244,5226,38,112,-148,-29,-94,0
"5000",95729.509728,664.4206,48,-200,605,102,78,-125,-44,-74,0
"5001",95729.5395965,664.4504,506,-330,1511,99,69,-116,-53,-60,0
"5002",95729.5410475,664.4519,274,-147,1041,118,61,-86,-24,-7,0
"5003",95729.5425314,664.4534,307,-124,-4136,114,27,-53,-9,-9,0
"5004",95729.5470186,664.4578,179,-143,1052,108,45,-49,4,-32,0
"5005",95729.5483151,664.4591,67,-295,-1430,81,54,-33,12,-75,0
"5006",95729.5496277,664.4605,475,-125,-596,57,43,-2,6,-82,0
"5007",95729.5774735,664.4883,333,-99,890,65,71,12,31,-109,0
"5008",95729.5787541,664.4896,595,-128,-3917,75,36,-17,57,-145,0
"5009",95729.5799795,664.4908,445,-120,1251,79,74,-41,58,-179,0
"5010",95729.6300399,664.5409,30,-37,-1858,77,81,-38,80,-175,0
"5011",95729.6316104,664.5424,400,-108,422,97,86,-45,88,-200,0
"5012",95729.6331524,664.544,-18,-183,1619,90,119,-37,45,-194,0
"5013",95729.6347714,664.5456,127,-412,-1290,82,128,-46,13,-171,0
"5014",95729.6360136,664.5468,136,-367,4224,65,105,-80,45,-171,0
"5015",95729.637289,664.5481,-84,-370,-1277,65,106,-74,54,-168,0
"5016",95729.6651018,664.5759,197,-372,1002,72,91,-93,15,-168,0
"5017",95729.6666313,664.5775,-175,-231,1136,56,128,-84,-4,-162,0
"5018",95729.667854,664.5787,-136,-372,-3698,34,84,-66,7,-179,0
"5019",95729.6692711,664.5801,1,-162,1249,12,93,-57,49,-181,0
"5020",95729.6706492,664.5815,-161,-162,-1742,6,75,-68,27,-180,0
"5021",95729.6719239,664.5827,242,-193,1683,-8,53,-89,46,-173,0
"5022",95729.70433,664.6152,-50,-111,2926,0,117,-69,75,-155,0
"5023",95729.7060006,664.6168,64,-188,-2434,4,116,-70,60,-133,0
"5024",95729.7078773,664.6187,122,-219,3570,8,143,-95,28,-94,0
"5025",95729.737676,664.6485,-315,-222,-782,42,148,-125,26,-80,0
"5026",95729.7391131,664.6499,-23,-167,1481,38,123,-138,10,-78,0
"5027",95729.7450117,664.6558,45,-50,2924,17,102,-104,2,-90,0
"5028",95729.7464795,664.6573,113,-60,-12,12,84,-90,23,-82,0
"5029",95729.7477372,664.6586,-240,-57,4402,34,82,-75,61,-38,0
"5030",95729.7489687,664.6598,-566,-130,-1255,53,42,-59,59,-27,0
"5031",95729.7729158,664.6837,-130,126,-134,85,61,-4,46,-78,0
"5032",95729.77438,664.6852,-400,21,1302,80,93,-2,47,-83,0
"5033",95729.7755999,664.6864,-99,10,-3416,80,55,-7,49,-79,0
"5034",95729.8014843,664.7123,-147,13,2737,69,50,3,44,-62,0
"5035",95729.8029136,664.7137,-430,-229,-1497,65,78,23,-3,-91,0
"5036",95729.804377,664.7152,192,-287,-1675,80,97,4,-12,-77,0
"5037",95729.8403806,664.7512,198,-85,458,97,105,9,-25,-48,0
"5038",95729.8419006,664.7527,407,-303,-2870,90,99,-17,-34,-36,0
"5039",95729.8432905,664.7541,316,-127,508,80,128,2,-43,-65,0
"5040",95729.844736,664.7556,51,-155,-1829,85,121,41,-46,-75,0
"5041",95729.8460388,664.7569,583,-143,-799,84,111,20,-35,-66,0
"5042",95729.8474149,664.7582,419,-67,-595,68,132,5,-54,-78,0
"5043",95729.8953032,664.8061,20,18,-4427,63,116,-13,-96,-66,0
"5044",95729.8967676,664.8076,122,-18,866,72,128,-49,-89,-70,0
"5045",95729.898159,664.809,31,-108,-3222,67,142,-32,-83,-68,0
"5046",95729.8996627,664.8105,493,-100,-677,61,93,-4,-69,-28,0
"5047",95729.9009424,664.8118,57,-77,1989,35,114,34,-62,18,0
"5048",95729.9022549,664.8131,144,-73,-2190,18,64,12,-80,46,0
"5049",95729.9341949,664.845,223,61,4749,8,48,-8,-93,52,0
"5050",95729.9355943,664.8464,12,19,1133,-5,48,-32,-100,67,0
"5051",95729.9368715,664.8477,532,-99,-19,-7,77,-38,-74,63,0
"5052",95729.9383609,664.8492,366,166,3548,-14,122,-57,-66,75,0
"5053",95729.9396013,664.8504,232,184,-1398,19,102,-67,-82,87,0
"5054",95729.9410197,664.8518,232,123,3494,39,117,-89,-60,116,0
"5055",95729.9892533,664.9001,-9,182,-1875,42,110,-95,-73,120,0
"5056",95729.990681,664.9015,376,37,-176,51,69,-106,-92,87,0
"5057",95729.9920313,664.9029,-4,-79,1015,58,101,-93,-63,104,0
"5058",95729.9963843,664.9072,229,-49,-1690,95,78,-77,-71,97,0
"5059",95729.997713,664.9085,231,142,2360,123,92,-65,-61,122,0
"5060",95729.9990883,664.9099,-62,111,-2840,133,84,-52,-53,125,0
"5061",95730.0289894,664.9398,-115,112,-393,150,66,-30,-51,127,0
"5062",95730.0305664,664.9414,-798,59,2114,163,79,-20,-15,146,0
"5063",95730.0363671,664.9472,-820,-112,-3515,160,43,-17,-5,149,0
"5064",95730.0378566,664.9487,-839,41,1748,158,51,-60,21,140,0
"5065",95730.0391503,664.95,-1069,46,-120,160,87,-64,14,146,0
"5066",95730.0403632,664.9512,-803,26,-579,137,78,-73,-8,127,0
"5067",95730.0661524,664.977,-1137,135,1171,137,92,-66,0,124,0
"5068",95730.0676546,664.9785,-978,71,-4252,129,55,-39,-37,89,0
"5069",95730.0689016,664.9797,-685,169,47,134,83,-25,-65,77,0
"5070",95730.0726,664.9834,-870,82,-4545,157,58,-18,-107,41,0
"5071",95730.0739635,664.9848,-484,74,-3744,119,50,-18,-112,13,0
"5072",95730.075306,664.9861,-770,73,203,150,111,-25,-67,18,0
